
========== RTKRCV 启动 ==========
时间: 2025-11-16T10:35:29.751Z
配置文件: 6525703.conf
进程 PID: 3596870
================================


[TCP数据流] 2025/11/16 18:35:34 - 浮点解 (22颗卫星)
  ECEF: X=-1963378.4004 Y=5400040.6594 Z=2759898.1550
  LLH:  Lat=25.806661903° Lon=109.980550528° H=237.7748m
  原始数据:
2025/11/16 10:35:52.000   25.806661903  109.980550528   237.7748   2  22   1.0021   0.8191   2.4577   0.5481  -0.6852  -0.9076   0.00    0.0 6525703

[TCP数据流] 2025/11/16 18:35:35 - 浮点解 (22颗卫星)
  ECEF: X=-1963378.2190 Y=5400038.9706 Z=2759898.1667
  LLH:  Lat=25.806668478° Lon=109.980554583° H=236.2952m
  原始数据:
2025/11/16 10:35:53.000   25.806668478  109.980554583   236.2952   2  22   0.7206   0.5836   1.7345   0.3904  -0.4542  -0.6431   1.00    0.0 6525703

[TCP数据流] 2025/11/16 18:35:36 - 浮点解 (22颗卫星)
  ECEF: X=-1963378.3799 Y=5400038.9709 Z=2759898.2951
  LLH:  Lat=25.806669304° Lon=109.980556089° H=236.4009m
  原始数据:
2025/11/16 10:35:54.000   25.806669304  109.980556089   236.4009   2  22   0.5908   0.4768   1.4116   0.3186  -0.3610  -0.5254   1.00    0.0 6525703

[TCP数据流] 2025/11/16 18:35:37 - 浮点解 (22颗卫星)
  ECEF: X=-1963378.4268 Y=5400039.2628 Z=2759898.4427
  LLH:  Lat=25.806669363° Lon=109.980555534° H=236.7265m
  原始数据:
2025/11/16 10:35:55.000   25.806669363  109.980555534   236.7265   2  22   0.5131   0.4142   1.2227   0.2767  -0.3098  -0.4553   2.00    0.0 6525703

[TCP数据流] 2025/11/16 18:35:38 - 浮点解 (16颗卫星)
  ECEF: X=-1963378.6008 Y=5400040.1095 Z=2759898.3677
  LLH:  Lat=25.806665393° Lon=109.980554280° H=237.4638m
  原始数据:
2025/11/16 10:35:56.000   25.806665393  109.980554280   237.4638   2  16   0.4786   0.3816   1.1110   0.2622  -0.2860  -0.4147   3.00    0.0 6525703

[TCP数据流] 2025/11/16 18:35:39 - 浮点解 (22颗卫星)
  ECEF: X=-1963378.6604 Y=5400040.2906 Z=2759898.4153
  LLH:  Lat=25.806665031° Lon=109.980554221° H=237.6561m
  原始数据:
2025/11/16 10:35:57.000   25.806665031  109.980554221   237.6561   2  22   0.4340   0.3471   1.0108   0.2372  -0.2584  -0.3773   4.00    0.0 6525703

[TCP数据流] 2025/11/16 18:35:40 - 浮点解 (22颗卫星)
  ECEF: X=-1963378.6280 Y=5400040.3081 Z=2759898.2938
  LLH:  Lat=25.806664023° Lon=109.980553858° H=237.6080m
  原始数据:
2025/11/16 10:35:58.000   25.806664023  109.980553858   237.6080   2  22   0.3999   0.3205   0.9335   0.2181  -0.2374  -0.3485   5.00    0.0 6525703

[TCP数据流] 2025/11/16 18:35:41 - 浮点解 (22颗卫星)
  ECEF: X=-1963378.6176 Y=5400040.3290 Z=2759898.2297
  LLH:  Lat=25.806663438° Lon=109.980553689° H=237.5946m
  原始数据:
2025/11/16 10:35:59.000   25.806663438  109.980553689   237.5946   2  22   0.3727   0.2993   0.8715   0.2030  -0.2208  -0.3253   6.00    0.0 6525703

[TCP数据流] 2025/11/16 18:35:42 - 浮点解 (22颗卫星)
  ECEF: X=-1963378.5690 Y=5400040.5846 Z=2759898.0983
  LLH:  Lat=25.806661492° Lon=109.980552363° H=237.7387m
  原始数据:
2025/11/16 10:36:00.000   25.806661492  109.980552363   237.7387   2  22   0.3503   0.2816   0.8202   0.1905  -0.2069  -0.3061   7.00    0.0 6525703

[TCP数据流] 2025/11/16 18:35:43 - 浮点解 (22颗卫星)
  ECEF: X=-1963378.5986 Y=5400040.8025 Z=2759898.0261
  LLH:  Lat=25.806660061° Lon=109.980551898° H=237.9008m
  原始数据:
2025/11/16 10:36:01.000   25.806660061  109.980551898   237.9008   2  22   0.3314   0.2667   0.7769   0.1800  -0.1953  -0.2899   8.00    0.0 6525703

[TCP数据流] 2025/11/16 18:35:44 - 浮点解 (22颗卫星)
  ECEF: X=-1963378.6673 Y=5400041.0772 Z=2759898.0307
  LLH:  Lat=25.806658992° Lon=109.980551606° H=238.1563m
  原始数据:
2025/11/16 10:36:02.000   25.806658992  109.980551606   238.1563   2  22   0.3152   0.2538   0.7399   0.1709  -0.1855  -0.2760   9.00    0.0 6525703

[TCP数据流] 2025/11/16 18:35:45 - 浮点解 (22颗卫星)
  ECEF: X=-1963378.6471 Y=5400041.1361 Z=2759897.9447
  LLH:  Lat=25.806658102° Lon=109.980551216° H=238.1625m
  原始数据:
2025/11/16 10:36:03.000   25.806658102  109.980551216   238.1625   2  22   0.3012   0.2428   0.7078   0.1633  -0.1772  -0.2640  10.00    0.0 6525703

[TCP数据流] 2025/11/16 18:35:46 - 浮点解 (22颗卫星)
  ECEF: X=-1963378.6756 Y=5400041.2564 Z=2759897.9388
  LLH:  Lat=25.806657572° Lon=109.980551073° H=238.2705m
  原始数据:
2025/11/16 10:36:04.000   25.806657572  109.980551073   238.2705   2  22   0.2890   0.2332   0.6796   0.1565  -0.1700  -0.2534  11.00    0.0 6525703

[TCP数据流] 2025/11/16 18:35:47 - 浮点解 (22颗卫星)
  ECEF: X=-1963378.6693 Y=5400041.3313 Z=2759897.8743
  LLH:  Lat=25.806656780° Lon=109.980550759° H=238.3038m
  原始数据:
2025/11/16 10:36:05.000   25.806656780  109.980550759   238.3038   2  22   0.2781   0.2245   0.6543   0.1505  -0.1634  -0.2439  12.00    0.0 6525703

[TCP数据流] 2025/11/16 18:35:48 - 浮点解 (22颗卫星)
  ECEF: X=-1963378.6601 Y=5400041.2902 Z=2759897.8171
  LLH:  Lat=25.806656479° Lon=109.980550813° H=238.2413m
  原始数据:
2025/11/16 10:36:06.000   25.806656479  109.980550813   238.2413   2  22   0.2683   0.2167   0.6326   0.1449  -0.1571  -0.2361  13.00    0.0 6525703

[TCP数据流] 2025/11/16 18:35:49 - 浮点解 (22颗卫星)
  ECEF: X=-1963378.6889 Y=5400041.4161 Z=2759897.8120
  LLH:  Lat=25.806655934° Lon=109.980550653° H=238.3545m
  原始数据:
2025/11/16 10:36:07.000   25.806655934  109.980550653   238.3545   2  22   0.2596   0.2097   0.6130   0.1400  -0.1517  -0.2290  14.00    0.0 6525703

[TCP数据流] 2025/11/16 18:35:50 - 浮点解 (22颗卫星)
  ECEF: X=-1963378.7275 Y=5400041.5762 Z=2759897.8199
  LLH:  Lat=25.806655355° Lon=109.980550470° H=238.5053m
  原始数据:
2025/11/16 10:36:08.000   25.806655355  109.980550470   238.5053   2  22   0.2516   0.2033   0.5950   0.1355  -0.1466  -0.2225  15.00    0.0 6525703

[TCP数据流] 2025/11/16 18:35:51 - 浮点解 (22颗卫星)
  ECEF: X=-1963378.7049 Y=5400041.6845 Z=2759897.7770
  LLH:  Lat=25.806654637° Lon=109.980549889° H=238.5713m
  原始数据:
2025/11/16 10:36:09.000   25.806654637  109.980549889   238.5713   2  22   0.2444   0.1976   0.5785   0.1315  -0.1421  -0.2166  16.00    0.0 6525703

[TCP数据流] 2025/11/16 18:35:52 - 浮点解 (22颗卫星)
  ECEF: X=-1963378.6877 Y=5400041.4714 Z=2759897.8117
  LLH:  Lat=25.806655729° Lon=109.980550454° H=238.4008m
  原始数据:
2025/11/16 10:36:10.000   25.806655729  109.980550454   238.4008   2  22   0.2386   0.1925   0.5639   0.1286  -0.1394  -0.2124  17.00    0.0 6525703

[TCP数据流] 2025/11/16 18:35:53 - 浮点解 (22颗卫星)
  ECEF: X=-1963378.6674 Y=5400041.3093 Z=2759897.8421
  LLH:  Lat=25.806656602° Lon=109.980550816° H=238.2706m
  原始数据:
2025/11/16 10:36:11.000   25.806656602  109.980550816   238.2706   2  22   0.2331   0.1877   0.5504   0.1260  -0.1369  -0.2085  18.00    0.0 6525703

[TCP数据流] 2025/11/16 18:35:54 - 浮点解 (22颗卫星)
  ECEF: X=-1963378.6282 Y=5400041.0969 Z=2759897.8515
  LLH:  Lat=25.806657515° Lon=109.980551172° H=238.0829m
  原始数据:
2025/11/16 10:36:12.000   25.806657515  109.980551172   238.0829   2  22   0.2281   0.1833   0.5377   0.1235  -0.1345  -0.2047  19.00    0.0 6525703

[TCP数据流] 2025/11/16 18:35:55 - 浮点解 (22颗卫星)
  ECEF: X=-1963378.5887 Y=5400040.8571 Z=2759897.8353
  LLH:  Lat=25.806658322° Lon=109.980551619° H=237.8608m
  原始数据:
2025/11/16 10:36:13.000   25.806658322  109.980551619   237.8608   2  22   0.2233   0.1792   0.5260   0.1210  -0.1322  -0.2011  20.00    0.0 6525703

[TCP数据流] 2025/11/16 18:35:56 - 浮点解 (22颗卫星)
  ECEF: X=-1963378.5752 Y=5400040.6990 Z=2759897.8673
  LLH:  Lat=25.806659184° Lon=109.980552031° H=237.7368m
  原始数据:
2025/11/16 10:36:14.000   25.806659184  109.980552031   237.7368   2  22   0.2188   0.1753   0.5149   0.1187  -0.1300  -0.1977  21.00    0.0 6525703

[TCP数据流] 2025/11/16 18:35:57 - 浮点解 (22颗卫星)
  ECEF: X=-1963378.5707 Y=5400040.5276 Z=2759897.8786
  LLH:  Lat=25.806659915° Lon=109.980552573° H=237.5953m
  原始数据:
2025/11/16 10:36:15.000   25.806659915  109.980552573   237.5953   2  22   0.2146   0.1718   0.5046   0.1166  -0.1279  -0.1945  22.00    0.0 6525703

[TCP数据流] 2025/11/16 18:35:58 - 浮点解 (22颗卫星)
  ECEF: X=-1963378.5790 Y=5400040.4026 Z=2759897.8891
  LLH:  Lat=25.806660451° Lon=109.980553077° H=237.4967m
  原始数据:
2025/11/16 10:36:16.000   25.806660451  109.980553077   237.4967   2  22   0.2106   0.1684   0.4944   0.1147  -0.1261  -0.1911  23.00    0.0 6525703

[TCP数据流] 2025/11/16 18:35:59 - 浮点解 (22颗卫星)
  ECEF: X=-1963378.5551 Y=5400039.9625 Z=2759898.0135
  LLH:  Lat=25.806663119° Lon=109.980554352° H=237.1712m
  原始数据:
2025/11/16 10:36:17.000   25.806663119  109.980554352   237.1712   2  22   0.2041   0.1647   0.4838   0.1110  -0.1227  -0.1853   0.00    0.0 6525703

[TCP数据流] 2025/11/16 18:36:00 - 浮点解 (22颗卫星)
  ECEF: X=-1963378.5126 Y=5400039.6162 Z=2759898.0914
  LLH:  Lat=25.806665088° Lon=109.980555134° H=236.8990m
  原始数据:
2025/11/16 10:36:18.000   25.806665088  109.980555134   236.8990   2  22   0.1987   0.1614   0.4743   0.1079  -0.1199  -0.1806   1.00    2.1 6525703

[TCP数据流] 2025/11/16 18:36:01 - 浮点解 (22颗卫星)
  ECEF: X=-1963378.4859 Y=5400039.3997 Z=2759898.1616
  LLH:  Lat=25.806666494° Lon=109.980555622° H=236.7382m
  原始数据:
2025/11/16 10:36:19.000   25.806666494  109.980555622   236.7382   2  22   0.1942   0.1584   0.4655   0.1053  -0.1175  -0.1767   2.00    1.1 6525703

[TCP数据流] 2025/11/16 18:36:02 - 浮点解 (22颗卫星)
  ECEF: X=-1963378.4630 Y=5400039.1880 Z=2759898.2119
  LLH:  Lat=25.806667715° Lon=109.980556128° H=236.5739m
  原始数据:
2025/11/16 10:36:20.000   25.806667715  109.980556128   236.5739   2  22   0.1902   0.1555   0.4574   0.1031  -0.1153  -0.1734   3.00    1.6 6525703

[TCP数据流] 2025/11/16 18:36:03 - 浮点解 (22颗卫星)
  ECEF: X=-1963378.4458 Y=5400039.0121 Z=2759898.2298
  LLH:  Lat=25.806668533° Lon=109.980556566° H=236.4276m
  原始数据:
2025/11/16 10:36:21.000   25.806668533  109.980556566   236.4276   2  22   0.1867   0.1529   0.4499   0.1012  -0.1134  -0.1705   4.00    1.2 6525703

[TCP数据流] 2025/11/16 18:36:04 - 浮点解 (22颗卫星)
  ECEF: X=-1963378.4240 Y=5400038.8293 Z=2759898.2382
  LLH:  Lat=25.806669306° Lon=109.980556985° H=236.2699m
  原始数据:
2025/11/16 10:36:22.000   25.806669306  109.980556985   236.2699   2  22   0.1835   0.1504   0.4428   0.0994  -0.1117  -0.1679   5.00    1.1 6525703

[TCP数据流] 2025/11/16 18:36:05 - 浮点解 (22颗卫星)
  ECEF: X=-1963378.4024 Y=5400038.6759 Z=2759898.2558
  LLH:  Lat=25.806670044° Lon=109.980557305° H=236.1411m
  原始数据:
2025/11/16 10:36:23.000   25.806670044  109.980557305   236.1411   2  22   0.1806   0.1480   0.4361   0.0979  -0.1100  -0.1655   6.00    1.0 6525703

[TCP数据流] 2025/11/16 18:36:06 - 浮点解 (22颗卫星)
  ECEF: X=-1963378.3693 Y=5400038.5224 Z=2759898.2581
  LLH:  Lat=25.806670674° Lon=109.980557518° H=236.0020m
  原始数据:
2025/11/16 10:36:24.000   25.806670674  109.980557518   236.0020   2  22   0.1778   0.1458   0.4298   0.0964  -0.1085  -0.1634   7.00    1.0 6525703

[TCP数据流] 2025/11/16 18:36:07 - 浮点解 (22颗卫星)
  ECEF: X=-1963378.3389 Y=5400038.4265 Z=2759898.2629
  LLH:  Lat=25.806671108° Lon=109.980557560° H=235.9137m
  原始数据:
2025/11/16 10:36:25.000   25.806671108  109.980557560   235.9137   2  22   0.1752   0.1436   0.4235   0.0950  -0.1069  -0.1611   8.00    1.1 6525703

[TCP数据流] 2025/11/16 18:36:08 - 浮点解 (22颗卫星)
  ECEF: X=-1963378.3361 Y=5400038.3870 Z=2759898.2770
  LLH:  Lat=25.806671372° Lon=109.980557668° H=235.8855m
  原始数据:
2025/11/16 10:36:26.000   25.806671372  109.980557668   235.8855   2  22   0.1728   0.1416   0.4176   0.0936  -0.1053  -0.1591   9.00    1.6 6525703

[TCP数据流] 2025/11/16 18:36:09 - 浮点解 (22颗卫星)
  ECEF: X=-1963378.3177 Y=5400038.3174 Z=2759898.2764
  LLH:  Lat=25.806671649° Lon=109.980557733° H=235.8207m
  原始数据:
2025/11/16 10:36:27.000   25.806671649  109.980557733   235.8207   2  22   0.1704   0.1396   0.4119   0.0923  -0.1038  -0.1571  10.00    1.1 6525703

[TCP数据流] 2025/11/16 18:36:10 - 浮点解 (22颗卫星)
  ECEF: X=-1963378.3045 Y=5400038.2330 Z=2759898.2883
  LLH:  Lat=25.806672075° Lon=109.980557897° H=235.7504m
  原始数据:
2025/11/16 10:36:28.000   25.806672075  109.980557897   235.7504   2  22   0.1683   0.1378   0.4066   0.0912  -0.1026  -0.1554  11.00    1.0 6525703

[TCP数据流] 2025/11/16 18:36:11 - 浮点解 (22颗卫星)
  ECEF: X=-1963378.2904 Y=5400038.1418 Z=2759898.3030
  LLH:  Lat=25.806672551° Lon=109.980558076° H=235.6753m
  原始数据:
2025/11/16 10:36:29.000   25.806672551  109.980558076   235.6753   2  22   0.1662   0.1359   0.4014   0.0900  -0.1013  -0.1536  12.00    1.2 6525703

[TCP数据流] 2025/11/16 18:36:12 - 浮点解 (22颗卫星)
  ECEF: X=-1963378.2773 Y=5400038.0404 Z=2759898.3189
  LLH:  Lat=25.806673072° Lon=109.980558298° H=235.5924m
  原始数据:
2025/11/16 10:36:30.000   25.806673072  109.980558298   235.5924   2  22   0.1641   0.1342   0.3964   0.0888  -0.1000  -0.1518  13.00    1.1 6525703

[TCP数据流] 2025/11/16 18:36:13 - 浮点解 (22颗卫星)
  ECEF: X=-1963378.2467 Y=5400037.9460 Z=2759898.3254
  LLH:  Lat=25.806673514° Lon=109.980558333° H=235.5059m
  原始数据:
2025/11/16 10:36:31.000   25.806673514  109.980558333   235.5059   2  22   0.1622   0.1325   0.3916   0.0877  -0.0987  -0.1502  14.00    1.0 6525703

[TCP数据流] 2025/11/16 18:36:14 - 浮点解 (22颗卫星)
  ECEF: X=-1963378.2292 Y=5400037.8196 Z=2759898.3303
  LLH:  Lat=25.806674044° Lon=109.980558600° H=235.3958m
  原始数据:
2025/11/16 10:36:32.000   25.806674044  109.980558600   235.3958   2  22   0.1603   0.1309   0.3869   0.0867  -0.0975  -0.1486  15.00    1.2 6525703

[TCP数据流] 2025/11/16 18:36:15 - 浮点解 (22颗卫星)
  ECEF: X=-1963378.1965 Y=5400037.7194 Z=2759898.3159
  LLH:  Lat=25.806674341° Lon=109.980558635° H=235.2947m
  原始数据:
2025/11/16 10:36:33.000   25.806674341  109.980558635   235.2947   2  22   0.1585   0.1293   0.3824   0.0857  -0.0964  -0.1471  16.00    1.1 6525703

[TCP数据流] 2025/11/16 18:36:16 - 浮点解 (22颗卫星)
  ECEF: X=-1963378.1539 Y=5400037.5804 Z=2759898.2907
  LLH:  Lat=25.806674707° Lon=109.980558709° H=235.1530m
  原始数据:
2025/11/16 10:36:34.000   25.806674707  109.980558709   235.1530   2  22   0.1568   0.1278   0.3781   0.0848  -0.0953  -0.1456  17.00    1.2 6525703

[TCP数据流] 2025/11/16 18:36:17 - 浮点解 (22颗卫星)
  ECEF: X=-1963378.1383 Y=5400037.4870 Z=2759898.2936
  LLH:  Lat=25.806675097° Lon=109.980558881° H=235.0704m
  原始数据:
2025/11/16 10:36:35.000   25.806675097  109.980558881   235.0704   2  22   0.1551   0.1264   0.3740   0.0838  -0.0942  -0.1441  18.00    1.1 6525703

[TCP数据流] 2025/11/16 18:36:18 - 浮点解 (22颗卫星)
  ECEF: X=-1963378.1164 Y=5400037.4032 Z=2759898.2856
  LLH:  Lat=25.806675370° Lon=109.980558962° H=234.9893m
  原始数据:
2025/11/16 10:36:36.000   25.806675370  109.980558962   234.9893   2  22   0.1535   0.1250   0.3699   0.0830  -0.0932  -0.1428  19.00    1.1 6525703

[TCP数据流] 2025/11/16 18:36:19 - 浮点解 (22颗卫星)
  ECEF: X=-1963378.0924 Y=5400037.3526 Z=2759898.2920
  LLH:  Lat=25.806675641° Lon=109.980558909° H=234.9419m
  原始数据:
2025/11/16 10:36:37.000   25.806675641  109.980558909   234.9419   2  22   0.1519   0.1236   0.3660   0.0821  -0.0922  -0.1415  20.00    1.0 6525703

[TCP数据流] 2025/11/16 18:36:20 - 浮点解 (22颗卫星)
  ECEF: X=-1963378.0597 Y=5400037.2341 Z=2759898.2802
  LLH:  Lat=25.806676027° Lon=109.980559007° H=234.8264m
  原始数据:
2025/11/16 10:36:38.000   25.806676027  109.980559007   234.8264   2  22   0.1504   0.1223   0.3623   0.0813  -0.0912  -0.1402  21.00    1.0 6525703

[TCP数据流] 2025/11/16 18:36:21 - 浮点解 (22颗卫星)
  ECEF: X=-1963378.0244 Y=5400037.1089 Z=2759898.2569
  LLH:  Lat=25.806676347° Lon=109.980559102° H=234.6995m
  原始数据:
2025/11/16 10:36:39.000   25.806676347  109.980559102   234.6995   2  22   0.1490   0.1210   0.3586   0.0805  -0.0903  -0.1390  22.00    1.3 6525703

[TCP数据流] 2025/11/16 18:36:22 - 浮点解 (22颗卫星)
  ECEF: X=-1963377.9973 Y=5400037.0078 Z=2759898.2536
  LLH:  Lat=25.806676730° Lon=109.980559193° H=234.6042m
  原始数据:
2025/11/16 10:36:40.000   25.806676730  109.980559193   234.6042   2  22   0.1476   0.1198   0.3551   0.0797  -0.0894  -0.1378  23.00    1.1 6525703

[TCP数据流] 2025/11/16 18:36:23 - 浮点解 (22颗卫星)
  ECEF: X=-1963377.9562 Y=5400036.9093 Z=2759898.2378
  LLH:  Lat=25.806677021° Lon=109.980559143° H=234.5013m
  原始数据:
2025/11/16 10:36:41.000   25.806677021  109.980559143   234.5013   2  22   0.1462   0.1186   0.3516   0.0790  -0.0886  -0.1366  24.00    1.1 6525703

[TCP数据流] 2025/11/16 18:36:24 - 浮点解 (22颗卫星)
  ECEF: X=-1963377.9240 Y=5400036.7816 Z=2759898.2371
  LLH:  Lat=25.806677530° Lon=109.980559276° H=234.3831m
  原始数据:
2025/11/16 10:36:42.000   25.806677530  109.980559276   234.3831   2  22   0.1449   0.1174   0.3483   0.0782  -0.0877  -0.1354  25.00    1.3 6525703

[TCP数据流] 2025/11/16 18:36:25 - 浮点解 (22颗卫星)
  ECEF: X=-1963377.8929 Y=5400036.6803 Z=2759898.2385
  LLH:  Lat=25.806677957° Lon=109.980559330° H=234.2884m
  原始数据:
2025/11/16 10:36:43.000   25.806677957  109.980559330   234.2884   2  22   0.1436   0.1163   0.3450   0.0775  -0.0869  -0.1343  26.00    1.2 6525703

[TCP数据流] 2025/11/16 18:36:26 - 浮点解 (22颗卫星)
  ECEF: X=-1963377.8543 Y=5400036.5572 Z=2759898.2180
  LLH:  Lat=25.806678297° Lon=109.980559388° H=234.1634m
  原始数据:
2025/11/16 10:36:44.000   25.806678297  109.980559388   234.1634   2  22   0.1423   0.1152   0.3419   0.0769  -0.0861  -0.1333  27.00    1.1 6525703

[TCP数据流] 2025/11/16 18:36:27 - 浮点解 (22颗卫星)
  ECEF: X=-1963377.8310 Y=5400036.4457 Z=2759898.2134
  LLH:  Lat=25.806678703° Lon=109.980559549° H=234.0600m
  原始数据:
2025/11/16 10:36:45.000   25.806678703  109.980559549   234.0600   2  22   0.1411   0.1142   0.3388   0.0762  -0.0854  -0.1322  28.00    1.1 6525703

[TCP数据流] 2025/11/16 18:36:28 - 浮点解 (22颗卫星)
  ECEF: X=-1963377.8203 Y=5400036.3544 Z=2759898.2175
  LLH:  Lat=25.806679088° Lon=109.980559760° H=233.9812m
  原始数据:
2025/11/16 10:36:46.000   25.806679088  109.980559760   233.9812   2  22   0.1399   0.1131   0.3358   0.0755  -0.0847  -0.1312  29.00    1.0 6525703

[TCP数据流] 2025/11/16 18:36:29 - 浮点解 (22颗卫星)
  ECEF: X=-1963377.8125 Y=5400036.2408 Z=2759898.2227
  LLH:  Lat=25.806679560° Lon=109.980560074° H=233.8849m
  原始数据:
2025/11/16 10:36:47.000   25.806679560  109.980560074   233.8849   2  22   0.1387   0.1121   0.3329   0.0748  -0.0840  -0.1302  30.00    1.1 6525703

[TCP数据流] 2025/11/16 18:36:35 - 浮点解 (22颗卫星)
  ECEF: X=-1963377.7768 Y=5400035.9444 Z=2759898.3303
  LLH:  Lat=25.806681577° Lon=109.980560750° H=233.6700m
  原始数据:
2025/11/16 10:36:53.000   25.806681577  109.980560750   233.6700   2  22   0.1347   0.1107   0.3277   0.0725  -0.0821  -0.1259   1.00    1.0 6525703

[TCP数据流] 2025/11/16 18:36:36 - 浮点解 (22颗卫星)
  ECEF: X=-1963377.7604 Y=5400035.7348 Z=2759898.4253
  LLH:  Lat=25.806683145° Lon=109.980561310° H=233.5290m
  原始数据:
2025/11/16 10:36:54.000   25.806683145  109.980561310   233.5290   2  22   0.1312   0.1094   0.3230   0.0704  -0.0805  -0.1223   1.00    1.0 6525703

[TCP数据流] 2025/11/16 18:36:37 - 浮点解 (22颗卫星)
  ECEF: X=-1963377.7361 Y=5400035.5169 Z=2759898.4860
  LLH:  Lat=25.806684475° Lon=109.980561825° H=233.3636m
  原始数据:
2025/11/16 10:36:55.000   25.806684475  109.980561825   233.3636   2  22   0.1282   0.1082   0.3186   0.0686  -0.0791  -0.1192   1.00    1.0 6525703

[TCP数据流] 2025/11/16 18:36:38 - 浮点解 (22颗卫星)
  ECEF: X=-1963377.7025 Y=5400035.3096 Z=2759898.5393
  LLH:  Lat=25.806685719° Lon=109.980562216° H=233.2011m
  原始数据:
2025/11/16 10:36:56.000   25.806685719  109.980562216   233.2011   2  22   0.1254   0.1070   0.3146   0.0670  -0.0779  -0.1163   1.00    1.0 6525703

[TCP数据流] 2025/11/16 18:36:40 - 浮点解 (22颗卫星)
  ECEF: X=-1963377.6827 Y=5400035.1853 Z=2759898.5877
  LLH:  Lat=25.806686598° Lon=109.980562454° H=233.1109m
  原始数据:
2025/11/16 10:36:58.000   25.806686598  109.980562454   233.1109   2  22   0.1231   0.1059   0.3108   0.0657  -0.0769  -0.1139   2.00    1.0 6525703

[TCP数据流] 2025/11/16 18:36:41 - 浮点解 (22颗卫星)
  ECEF: X=-1963377.6624 Y=5400035.0813 Z=2759898.6131
  LLH:  Lat=25.806687216° Lon=109.980562618° H=233.0277m
  原始数据:
2025/11/16 10:36:59.000   25.806687216  109.980562618   233.0277   2  22   0.1211   0.1049   0.3075   0.0646  -0.0760  -0.1120   3.00    1.0 6525703

[TCP数据流] 2025/11/16 18:36:42 - 浮点解 (22颗卫星)
  ECEF: X=-1963377.6586 Y=5400035.0062 Z=2759898.6408
  LLH:  Lat=25.806687723° Lon=109.980562839° H=232.9750m
  原始数据:
2025/11/16 10:37:00.000   25.806687723  109.980562839   232.9750   2  22   0.1195   0.1040   0.3044   0.0636  -0.0753  -0.1104   4.00    1.1 6525703

[TCP数据流] 2025/11/16 18:36:43 - 浮点解 (22颗卫星)
  ECEF: X=-1963377.6455 Y=5400034.9194 Z=2759898.6490
  LLH:  Lat=25.806688128° Lon=109.980563012° H=232.9012m
  原始数据:
2025/11/16 10:37:01.000   25.806688128  109.980563012   232.9012   2  22   0.1181   0.1031   0.3017   0.0629  -0.0746  -0.1092   5.00    1.2 6525703

[TCP数据流] 2025/11/16 18:36:45 - 浮点解 (22颗卫星)
  ECEF: X=-1963377.6405 Y=5400034.8539 Z=2759898.6551
  LLH:  Lat=25.806688426° Lon=109.980563188° H=232.8468m
  原始数据:
2025/11/16 10:37:03.000   25.806688426  109.980563188   232.8468   2  22   0.1169   0.1023   0.2991   0.0622  -0.0741  -0.1082   7.00    1.0 6525703

[TCP数据流] 2025/11/16 18:36:46 - 浮点解 (22颗卫星)
  ECEF: X=-1963377.6325 Y=5400034.8245 Z=2759898.6726
  LLH:  Lat=25.806688688° Lon=109.980563213° H=232.8271m
  原始数据:
2025/11/16 10:37:04.000   25.806688688  109.980563213   232.8271   2  22   0.1159   0.1015   0.2967   0.0616  -0.0735  -0.1073   8.00    2.1 6525703

[TCP数据流] 2025/11/16 18:36:47 - 浮点解 (22颗卫星)
  ECEF: X=-1963377.6345 Y=5400034.7882 Z=2759898.6866
  LLH:  Lat=25.806688933° Lon=109.980563356° H=232.8031m
  原始数据:
2025/11/16 10:37:05.000   25.806688933  109.980563356   232.8031   2  22   0.1149   0.1007   0.2944   0.0611  -0.0730  -0.1065   9.00    2.1 6525703

[TCP数据流] 2025/11/16 18:36:48 - 浮点解 (22颗卫星)
  ECEF: X=-1963377.6368 Y=5400034.7659 Z=2759898.6957
  LLH:  Lat=25.806689086° Lon=109.980563453° H=232.7889m
  原始数据:
2025/11/16 10:37:06.000   25.806689086  109.980563453   232.7889   2  22   0.1140   0.0999   0.2921   0.0606  -0.0725  -0.1057  10.00    1.5 6525703

[TCP数据流] 2025/11/16 18:36:49 - 浮点解 (22颗卫星)
  ECEF: X=-1963377.6393 Y=5400034.7344 Z=2759898.6979
  LLH:  Lat=25.806689217° Lon=109.980563584° H=232.7640m
  原始数据:
2025/11/16 10:37:07.000   25.806689217  109.980563584   232.7640   2  22   0.1131   0.0992   0.2900   0.0601  -0.0720  -0.1050  11.00    2.9 6525703

[TCP数据流] 2025/11/16 18:36:50 - 浮点解 (22颗卫星)
  ECEF: X=-1963377.6465 Y=5400034.7167 Z=2759898.7058
  LLH:  Lat=25.806689337° Lon=109.980563712° H=232.7547m
  原始数据:
2025/11/16 10:37:08.000   25.806689337  109.980563712   232.7547   2  22   0.1123   0.0984   0.2879   0.0596  -0.0715  -0.1043  12.00    2.2 6525703

[TCP数据流] 2025/11/16 18:36:51 - 浮点解 (22颗卫星)
  ECEF: X=-1963377.6445 Y=5400034.6893 Z=2759898.7040
  LLH:  Lat=25.806689426° Lon=109.980563786° H=232.7301m
  原始数据:
2025/11/16 10:37:09.000   25.806689426  109.980563786   232.7301   2  22   0.1116   0.0977   0.2859   0.0592  -0.0710  -0.1037  13.00    2.9 6525703

[TCP数据流] 2025/11/16 18:36:53 - 浮点解 (22颗卫星)
  ECEF: X=-1963377.6306 Y=5400034.6684 Z=2759898.6989
  LLH:  Lat=25.806689480° Lon=109.980563727° H=232.7059m
  原始数据:
2025/11/16 10:37:11.000   25.806689480  109.980563727   232.7059   2  22   0.1108   0.0971   0.2839   0.0588  -0.0706  -0.1031  15.00    2.8 6525703

[TCP数据流] 2025/11/16 18:36:54 - 浮点解 (13颗卫星)
  ECEF: X=-1963377.6183 Y=5400034.6464 Z=2759898.6896
  LLH:  Lat=25.806689502° Lon=109.980563687° H=232.6795m
  原始数据:
2025/11/16 10:37:12.000   25.806689502  109.980563687   232.6795   2  13   0.1105   0.0966   0.2825   0.0587  -0.0704  -0.1027  16.00    1.6 6525703

[TCP数据流] 2025/11/16 18:36:55 - 浮点解 (16颗卫星)
  ECEF: X=-1963377.6086 Y=5400034.6402 Z=2759898.6877
  LLH:  Lat=25.806689523° Lon=109.980563617° H=232.6704m
  原始数据:
2025/11/16 10:37:13.000   25.806689523  109.980563617   232.6704   2  16   0.1101   0.0961   0.2809   0.0585  -0.0702  -0.1023  17.00    1.6 6525703

[TCP数据流] 2025/11/16 18:36:56 - 浮点解 (16颗卫星)
  ECEF: X=-1963377.5939 Y=5400034.6295 Z=2759898.6724
  LLH:  Lat=25.806689458° Lon=109.980563516° H=232.6502m
  原始数据:
2025/11/16 10:37:14.000   25.806689458  109.980563516   232.6502   2  16   0.1097   0.0956   0.2794   0.0584  -0.0699  -0.1018  18.00    1.7 6525703

[TCP数据流] 2025/11/16 18:36:57 - 浮点解 (22颗卫星)
  ECEF: X=-1963377.5888 Y=5400034.5849 Z=2759898.6598
  LLH:  Lat=25.806689527° Lon=109.980563620° H=232.6054m
  原始数据:
2025/11/16 10:37:15.000   25.806689527  109.980563620   232.6054   2  22   0.1090   0.0950   0.2776   0.0580  -0.0695  -0.1013  19.00    2.9 6525703

[TCP数据流] 2025/11/16 18:36:58 - 浮点解 (22颗卫星)
  ECEF: X=-1963377.5845 Y=5400034.5658 Z=2759898.6558
  LLH:  Lat=25.806689571° Lon=109.980563645° H=232.5862m
  原始数据:
2025/11/16 10:37:16.000   25.806689571  109.980563645   232.5862   2  22   0.1084   0.0944   0.2758   0.0577  -0.0690  -0.1008  20.00    3.0 6525703

[TCP数据流] 2025/11/16 18:36:59 - 浮点解 (19颗卫星)
  ECEF: X=-1963377.5707 Y=5400034.5449 Z=2759898.6406
  LLH:  Lat=25.806689543° Lon=109.980563587° H=232.5576m
  原始数据:
2025/11/16 10:37:17.000   25.806689543  109.980563587   232.5576   2  19   0.1079   0.0938   0.2742   0.0574  -0.0687  -0.1003  21.00    1.5 6525703

[TCP数据流] 2025/11/16 18:37:00 - 浮点解 (22颗卫星)
  ECEF: X=-1963377.5724 Y=5400034.5336 Z=2759898.6367
  LLH:  Lat=25.806689551° Lon=109.980563641° H=232.5469m
  原始数据:
2025/11/16 10:37:18.000   25.806689551  109.980563641   232.5469   2  22   0.1073   0.0933   0.2726   0.0571  -0.0683  -0.0999  22.00    1.1 6525703

[TCP数据流] 2025/11/16 18:37:01 - 浮点解 (22颗卫星)
  ECEF: X=-1963377.5695 Y=5400034.5154 Z=2759898.6225
  LLH:  Lat=25.806689507° Lon=109.980563676° H=232.5244m
  原始数据:
2025/11/16 10:37:19.000   25.806689507  109.980563676   232.5244   2  22   0.1068   0.0927   0.2709   0.0568  -0.0679  -0.0994  23.00    1.1 6525703

[TCP数据流] 2025/11/16 18:37:02 - 浮点解 (22颗卫星)
  ECEF: X=-1963377.5594 Y=5400034.4911 Z=2759898.6063
  LLH:  Lat=25.806689478° Lon=109.980563664° H=232.4937m
  原始数据:
2025/11/16 10:37:20.000   25.806689478  109.980563664   232.4937   2  22   0.1062   0.0921   0.2693   0.0565  -0.0675  -0.0989  24.00    1.1 6525703

[TCP数据流] 2025/11/16 18:41:29 - 浮点解 (21颗卫星)
  ECEF: X=-1963377.1311 Y=5400033.2264 Z=2759898.6163
  LLH:  Lat=25.806694805° Lon=109.980563960° H=231.2963m
  原始数据:
2025/11/16 10:41:47.000   25.806694805  109.980563960   231.2963   2  21   0.0414   0.0792   0.1672   0.0172  -0.0652  -0.0178  10.00    2.5 6525703

[TCP数据流] 2025/11/16 18:41:30 - 浮点解 (22颗卫星)
  ECEF: X=-1963377.1243 Y=5400033.2063 Z=2759898.5979
  LLH:  Lat=25.806694739° Lon=109.980563964° H=231.2692m
  原始数据:
2025/11/16 10:41:48.000   25.806694739  109.980563964   231.2692   2  22   0.0409   0.0786   0.1657   0.0168  -0.0650  -0.0176  11.00    2.2 6525703

[TCP数据流] 2025/11/16 18:41:31 - 浮点解 (22颗卫星)
  ECEF: X=-1963377.1215 Y=5400033.1946 Z=2759898.5840
  LLH:  Lat=25.806694673° Lon=109.980563978° H=231.2523m
  原始数据:
2025/11/16 10:41:49.000   25.806694673  109.980563978   231.2523   2  22   0.0405   0.0782   0.1644   0.0166  -0.0649  -0.0174  12.00    2.0 6525703

[TCP数据流] 2025/11/16 18:41:32 - 浮点解 (18颗卫星)
  ECEF: X=-1963377.1142 Y=5400033.1749 Z=2759898.5685
  LLH:  Lat=25.806694629° Lon=109.980563977° H=231.2267m
  原始数据:
2025/11/16 10:41:50.000   25.806694629  109.980563977   231.2267   2  18   0.0404   0.0778   0.1635   0.0164  -0.0647  -0.0183  13.00    2.2 6525703

[TCP数据流] 2025/11/16 18:41:33 - 浮点解 (18颗卫星)
  ECEF: X=-1963377.1045 Y=5400033.1634 Z=2759898.5560
  LLH:  Lat=25.806694583° Lon=109.980563925° H=231.2085m
  原始数据:
2025/11/16 10:41:51.000   25.806694583  109.980563925   231.2085   2  18   0.0403   0.0774   0.1627   0.0162  -0.0646  -0.0190  14.00    2.3 6525703

[TCP数据流] 2025/11/16 18:41:34 - 浮点解 (18颗卫星)
  ECEF: X=-1963377.1001 Y=5400033.1474 Z=2759898.5419
  LLH:  Lat=25.806694534° Lon=109.980563938° H=231.1875m
  原始数据:
2025/11/16 10:41:52.000   25.806694534  109.980563938   231.1875   2  18   0.0402   0.0770   0.1619   0.0161  -0.0644  -0.0196  15.00    1.6 6525703

[TCP数据流] 2025/11/16 18:41:35 - 浮点解 (18颗卫星)
  ECEF: X=-1963377.0974 Y=5400033.1633 Z=2759898.5475
  LLH:  Lat=25.806694524° Lon=109.980563859° H=231.2025m
  原始数据:
2025/11/16 10:41:53.000   25.806694524  109.980563859   231.2025   2  18   0.0398   0.0763   0.1589   0.0150  -0.0651  -0.0223   1.00    1.0 6525703

[TCP数据流] 2025/11/16 18:41:36 - 浮点解 (18颗卫星)
  ECEF: X=-1963377.0963 Y=5400033.1769 Z=2759898.5532
  LLH:  Lat=25.806694522° Lon=109.980563802° H=231.2162m
  原始数据:
2025/11/16 10:41:54.000   25.806694522  109.980563802   231.2162   2  18   0.0394   0.0758   0.1563   0.0140  -0.0657  -0.0242   1.00    1.0 6525703

[TCP数据流] 2025/11/16 18:41:37 - 浮点解 (21颗卫星)
  ECEF: X=-1963377.0856 Y=5400033.1356 Z=2759898.5556
  LLH:  Lat=25.806694708° Lon=109.980563843° H=231.1790m
  原始数据:
2025/11/16 10:41:55.000   25.806694708  109.980563843   231.1790   2  21   0.0373   0.0752   0.1524   0.0125  -0.0657  -0.0200   2.00    1.4 6525703

[TCP数据流] 2025/11/16 18:41:38 - 浮点解 (21颗卫星)
  ECEF: X=-1963377.0776 Y=5400033.1167 Z=2759898.5499
  LLH:  Lat=25.806694742° Lon=109.980563832° H=231.1581m
  原始数据:
2025/11/16 10:41:56.000   25.806694742  109.980563832   231.1581   2  21   0.0359   0.0746   0.1496   0.0113  -0.0657  -0.0172   3.00    2.2 6525703

[TCP数据流] 2025/11/16 18:41:39 - 浮点解 (21颗卫星)
  ECEF: X=-1963377.0714 Y=5400033.1131 Z=2759898.5488
  LLH:  Lat=25.806694755° Lon=109.980563786° H=231.1526m
  原始数据:
2025/11/16 10:41:57.000   25.806694755  109.980563786   231.1526   2  21   0.0350   0.0742   0.1474   0.0105  -0.0657  -0.0153   4.00    2.2 6525703

[TCP数据流] 2025/11/16 18:41:40 - 浮点解 (21颗卫星)
  ECEF: X=-1963377.0716 Y=5400033.1099 Z=2759898.5464
  LLH:  Lat=25.806694747° Lon=109.980563799° H=231.1490m
  原始数据:
2025/11/16 10:41:58.000   25.806694747  109.980563799   231.1490   2  21   0.0342   0.0737   0.1456   0.0099  -0.0655  -0.0139   5.00    1.5 6525703

[TCP数据流] 2025/11/16 18:41:41 - 浮点解 (21颗卫星)
  ECEF: X=-1963377.0678 Y=5400033.0995 Z=2759898.5371
  LLH:  Lat=25.806694715° Lon=109.980563799° H=231.1350m
  原始数据:
2025/11/16 10:41:59.000   25.806694715  109.980563799   231.1350   2  21   0.0337   0.0733   0.1442   0.0094  -0.0654  -0.0130   6.00    2.1 6525703

[TCP数据流] 2025/11/16 18:41:42 - 浮点解 (21颗卫星)
  ECEF: X=-1963377.0669 Y=5400033.0987 Z=2759898.5323
  LLH:  Lat=25.806694680° Lon=109.980563793° H=231.1319m
  原始数据:
2025/11/16 10:42:00.000   25.806694680  109.980563793   231.1319   2  21   0.0333   0.0729   0.1430   0.0091  -0.0652  -0.0124   7.00    1.8 6525703

[TCP数据流] 2025/11/16 18:41:43 - 浮点解 (18颗卫星)
  ECEF: X=-1963377.0626 Y=5400033.0978 Z=2759898.5275
  LLH:  Lat=25.806694650° Lon=109.980563756° H=231.1277m
  原始数据:
2025/11/16 10:42:01.000   25.806694650  109.980563756   231.1277   2  18   0.0332   0.0726   0.1423   0.0089  -0.0650  -0.0133   8.00    2.0 6525703

[TCP数据流] 2025/11/16 18:41:44 - 浮点解 (18颗卫星)
  ECEF: X=-1963377.0569 Y=5400033.0993 Z=2759898.5231
  LLH:  Lat=25.806694617° Lon=109.980563697° H=231.1253m
  原始数据:
2025/11/16 10:42:02.000   25.806694617  109.980563697   231.1253   2  18   0.0331   0.0722   0.1416   0.0088  -0.0649  -0.0139   9.00    2.5 6525703

[TCP数据流] 2025/11/16 18:41:45 - 浮点解 (21颗卫星)
  ECEF: X=-1963377.0555 Y=5400033.0939 Z=2759898.5147
  LLH:  Lat=25.806694570° Lon=109.980563703° H=231.1167m
  原始数据:
2025/11/16 10:42:03.000   25.806694570  109.980563703   231.1167   2  21   0.0329   0.0719   0.1408   0.0086  -0.0646  -0.0137  10.00    1.3 6525703

[TCP数据流] 2025/11/16 18:41:46 - 浮点解 (18颗卫星)
  ECEF: X=-1963377.0491 Y=5400033.0909 Z=2759898.5087
  LLH:  Lat=25.806694541° Lon=109.980563653° H=231.1095m
  原始数据:
2025/11/16 10:42:04.000   25.806694541  109.980563653   231.1095   2  18   0.0328   0.0715   0.1402   0.0086  -0.0644  -0.0142  11.00    1.9 6525703

[TCP数据流] 2025/11/16 18:41:47 - 浮点解 (22颗卫星)
  ECEF: X=-1963377.0468 Y=5400033.0877 Z=2759898.5009
  LLH:  Lat=25.806694493° Lon=109.980563642° H=231.1027m
  原始数据:
2025/11/16 10:42:05.000   25.806694493  109.980563642   231.1027   2  22   0.0327   0.0712   0.1396   0.0085  -0.0641  -0.0140  12.00    2.0 6525703

[TCP数据流] 2025/11/16 18:41:48 - 浮点解 (18颗卫星)
  ECEF: X=-1963377.0413 Y=5400033.0882 Z=2759898.4976
  LLH:  Lat=25.806694471° Lon=109.980563589° H=231.1000m
  原始数据:
2025/11/16 10:42:06.000   25.806694471  109.980563589   231.1000   2  18   0.0326   0.0709   0.1391   0.0085  -0.0639  -0.0144  13.00    1.0 6525703

[TCP数据流] 2025/11/16 18:41:49 - 浮点解 (18颗卫星)
  ECEF: X=-1963377.0419 Y=5400033.0990 Z=2759898.4998
  LLH:  Lat=25.806694449° Lon=109.980563558° H=231.1103m
  原始数据:
2025/11/16 10:42:07.000   25.806694449  109.980563558   231.1103   2  18   0.0325   0.0706   0.1387   0.0085  -0.0635  -0.0141  14.00    1.8 6525703

[TCP数据流] 2025/11/16 18:41:50 - 浮点解 (22颗卫星)
  ECEF: X=-1963377.0384 Y=5400033.1085 Z=2759898.4989
  LLH:  Lat=25.806694411° Lon=109.980563493° H=231.1169m
  原始数据:
2025/11/16 10:42:08.000   25.806694411  109.980563493   231.1169   2  22   0.0324   0.0703   0.1381   0.0086  -0.0633  -0.0140  15.00    1.1 6525703

[TCP数据流] 2025/11/16 18:41:51 - 浮点解 (22颗卫星)
  ECEF: X=-1963377.0327 Y=5400033.1131 Z=2759898.4956
  LLH:  Lat=25.806694375° Lon=109.980563423° H=231.1176m
  原始数据:
2025/11/16 10:42:09.000   25.806694375  109.980563423   231.1176   2  22   0.0323   0.0700   0.1376   0.0086  -0.0630  -0.0140  16.00    1.0 6525703

[TCP数据流] 2025/11/16 18:41:52 - 浮点解 (22颗卫星)
  ECEF: X=-1963377.0274 Y=5400033.1183 Z=2759898.4926
  LLH:  Lat=25.806694338° Lon=109.980563356° H=231.1190m
  原始数据:
2025/11/16 10:42:10.000   25.806694338  109.980563356   231.1190   2  22   0.0322   0.0697   0.1372   0.0086  -0.0627  -0.0140  17.00    1.1 6525703

[TCP数据流] 2025/11/16 18:41:53 - 浮点解 (22颗卫星)
  ECEF: X=-1963377.0246 Y=5400033.1154 Z=2759898.4868
  LLH:  Lat=25.806694306° Lon=109.980563340° H=231.1132m
  原始数据:
2025/11/16 10:42:11.000   25.806694306  109.980563340   231.1132   2  22   0.0321   0.0694   0.1367   0.0087  -0.0624  -0.0140  18.00    1.1 6525703

[TCP数据流] 2025/11/16 18:41:54 - 浮点解 (22颗卫星)
  ECEF: X=-1963377.0238 Y=5400033.1111 Z=2759898.4810
  LLH:  Lat=25.806694275° Lon=109.980563347° H=231.1068m
  原始数据:
2025/11/16 10:42:12.000   25.806694275  109.980563347   231.1068   2  22   0.0320   0.0691   0.1363   0.0087  -0.0621  -0.0141  19.00    1.0 6525703

[TCP数据流] 2025/11/16 18:41:55 - 浮点解 (22颗卫星)
  ECEF: X=-1963377.0222 Y=5400033.1075 Z=2759898.4747
  LLH:  Lat=25.806694240° Lon=109.980563344° H=231.1005m
  原始数据:
2025/11/16 10:42:13.000   25.806694240  109.980563344   231.1005   2  22   0.0319   0.0688   0.1358   0.0088  -0.0618  -0.0141  20.00    1.0 6525703

[TCP数据流] 2025/11/16 18:41:56 - 浮点解 (22颗卫星)
  ECEF: X=-1963377.0199 Y=5400033.1148 Z=2759898.4739
  LLH:  Lat=25.806694209° Lon=109.980563298° H=231.1056m
  原始数据:
2025/11/16 10:42:14.000   25.806694209  109.980563298   231.1056   2  22   0.0318   0.0685   0.1354   0.0089  -0.0616  -0.0141  21.00    1.0 6525703

[TCP数据流] 2025/11/16 18:41:57 - 浮点解 (22颗卫星)
  ECEF: X=-1963377.0206 Y=5400033.1108 Z=2759898.4680
  LLH:  Lat=25.806694175° Lon=109.980563318° H=231.0999m
  原始数据:
2025/11/16 10:42:15.000   25.806694175  109.980563318   231.0999   2  22   0.0318   0.0682   0.1351   0.0089  -0.0613  -0.0142  22.00    1.0 6525703

[TCP数据流] 2025/11/16 18:41:58 - 浮点解 (22颗卫星)
  ECEF: X=-1963377.0201 Y=5400033.1060 Z=2759898.4615
  LLH:  Lat=25.806694141° Lon=109.980563330° H=231.0929m
  原始数据:
2025/11/16 10:42:16.000   25.806694141  109.980563330   231.0929   2  22   0.0317   0.0679   0.1347   0.0090  -0.0610  -0.0142  23.00    1.0 6525703

[TCP数据流] 2025/11/16 18:41:59 - 浮点解 (22颗卫星)
  ECEF: X=-1963377.0199 Y=5400033.1039 Z=2759898.4565
  LLH:  Lat=25.806694108° Lon=109.980563335° H=231.0888m
  原始数据:
2025/11/16 10:42:17.000   25.806694108  109.980563335   231.0888   2  22   0.0316   0.0676   0.1343   0.0091  -0.0607  -0.0143  24.00    1.0 6525703

[TCP数据流] 2025/11/16 18:42:00 - 浮点解 (22颗卫星)
  ECEF: X=-1963377.0217 Y=5400033.0958 Z=2759898.4490
  LLH:  Lat=25.806694075° Lon=109.980563379° H=231.0793m
  原始数据:
2025/11/16 10:42:18.000   25.806694075  109.980563379   231.0793   2  22   0.0316   0.0674   0.1340   0.0091  -0.0605  -0.0143  25.00    1.8 6525703

[TCP数据流] 2025/11/16 18:42:01 - 浮点解 (22颗卫星)
  ECEF: X=-1963377.0189 Y=5400033.0960 Z=2759898.4445
  LLH:  Lat=25.806694041° Lon=109.980563352° H=231.0766m
  原始数据:
2025/11/16 10:42:19.000   25.806694041  109.980563352   231.0766   2  22   0.0315   0.0671   0.1336   0.0092  -0.0602  -0.0144  26.00    1.0 6525703

[TCP数据流] 2025/11/16 18:42:02 - 浮点解 (22颗卫星)
  ECEF: X=-1963377.0172 Y=5400033.0899 Z=2759898.4376
  LLH:  Lat=25.806694010° Lon=109.980563357° H=231.0679m
  原始数据:
2025/11/16 10:42:20.000   25.806694010  109.980563357   231.0679   2  22   0.0315   0.0668   0.1333   0.0093  -0.0599  -0.0144  27.00    1.0 6525703

[TCP数据流] 2025/11/16 18:42:03 - 浮点解 (22颗卫星)
  ECEF: X=-1963377.0138 Y=5400033.0861 Z=2759898.4315
  LLH:  Lat=25.806693979° Lon=109.980563338° H=231.0610m
  原始数据:
2025/11/16 10:42:21.000   25.806693979  109.980563338   231.0610   2  22   0.0314   0.0666   0.1329   0.0094  -0.0597  -0.0145  28.00    1.1 6525703

[TCP数据流] 2025/11/16 18:42:04 - 浮点解 (22颗卫星)
  ECEF: X=-1963377.0127 Y=5400033.0782 Z=2759898.4243
  LLH:  Lat=25.806693951° Lon=109.980563355° H=231.0508m
  原始数据:
2025/11/16 10:42:22.000   25.806693951  109.980563355   231.0508   2  22   0.0314   0.0663   0.1326   0.0094  -0.0594  -0.0146  29.00    1.1 6525703

[TCP数据流] 2025/11/16 18:42:05 - 浮点解 (22颗卫星)
  ECEF: X=-1963377.0121 Y=5400033.0736 Z=2759898.4189
  LLH:  Lat=25.806693925° Lon=109.980563365° H=231.0444m
  原始数据:
2025/11/16 10:42:23.000   25.806693925  109.980563365   231.0444   2  22   0.0313   0.0660   0.1323   0.0095  -0.0592  -0.0146  30.00    1.1 6525703

[TCP数据流] 2025/11/16 18:42:35 - 浮点解 (22颗卫星)
  ECEF: X=-1963377.0146 Y=5400033.0586 Z=2759898.4567
  LLH:  Lat=25.806694284° Lon=109.980563440° H=231.0490m
  原始数据:
2025/11/16 10:42:53.000   25.806694284  109.980563440   231.0490   2  22   0.0299   0.0656   0.1294   0.0082  -0.0591  -0.0109   1.00    1.3 6525703

[TCP数据流] 2025/11/16 18:42:36 - 浮点解 (22颗卫星)
  ECEF: X=-1963377.0117 Y=5400033.0236 Z=2759898.4705
  LLH:  Lat=25.806694529° Lon=109.980563532° H=231.0245m
  原始数据:
2025/11/16 10:42:54.000   25.806694529  109.980563532   231.0245   2  22   0.0288   0.0652   0.1269   0.0069  -0.0591  -0.0069   1.00    1.1 6525703

[TCP数据流] 2025/11/16 18:42:37 - 浮点解 (22颗卫星)
  ECEF: X=-1963377.0077 Y=5400032.9986 Z=2759898.4839
  LLH:  Lat=25.806694736° Lon=109.980563579° H=231.0079m
  原始数据:
2025/11/16 10:42:55.000   25.806694736  109.980563579   231.0079   2  22   0.0278   0.0649   0.1248   0.0057  -0.0591   0.0022   1.00    1.0 6525703

[TCP数据流] 2025/11/16 18:42:38 - 浮点解 (22颗卫星)
  ECEF: X=-1963377.0100 Y=5400032.9770 Z=2759898.4961
  LLH:  Lat=25.806694912° Lon=109.980563674° H=230.9957m
  原始数据:
2025/11/16 10:42:56.000   25.806694912  109.980563674   230.9957   2  22   0.0270   0.0645   0.1229   0.0045  -0.0591   0.0068   1.00    1.9 6525703

[TCP数据流] 2025/11/16 18:42:39 - 浮点解 (22颗卫星)
  ECEF: X=-1963377.0087 Y=5400032.9677 Z=2759898.5041
  LLH:  Lat=25.806695013° Lon=109.980563694° H=230.9909m
  原始数据:
2025/11/16 10:42:57.000   25.806695013  109.980563694   230.9909   2  22   0.0263   0.0642   0.1213   0.0033  -0.0591   0.0085   2.00    1.9 6525703

[TCP数据流] 2025/11/16 18:42:40 - 浮点解 (22颗卫星)
  ECEF: X=-1963377.0121 Y=5400032.9617 Z=2759898.5115
  LLH:  Lat=25.806695091° Lon=109.980563746° H=230.9901m
  原始数据:
2025/11/16 10:42:58.000   25.806695091  109.980563746   230.9901   2  22   0.0259   0.0639   0.1200   0.0020  -0.0590   0.0093   3.00    1.4 6525703

[TCP数据流] 2025/11/16 18:42:41 - 浮点解 (22颗卫星)
  ECEF: X=-1963377.0137 Y=5400032.9623 Z=2759898.5168
  LLH:  Lat=25.806695129° Lon=109.980563759° H=230.9934m
  原始数据:
2025/11/16 10:42:59.000   25.806695129  109.980563759   230.9934   2  22   0.0255   0.0636   0.1190  -0.0010  -0.0589   0.0098   4.00    1.6 6525703

[TCP数据流] 2025/11/16 18:42:42 - 浮点解 (22颗卫星)
  ECEF: X=-1963377.0143 Y=5400032.9562 Z=2759898.5158
  LLH:  Lat=25.806695143° Lon=109.980563786° H=230.9880m
  原始数据:
2025/11/16 10:43:00.000   25.806695143  109.980563786   230.9880   2  22   0.0252   0.0634   0.1181  -0.0021  -0.0588   0.0100   5.00    1.2 6525703

[TCP数据流] 2025/11/16 18:42:43 - 浮点解 (22颗卫星)
  ECEF: X=-1963377.0146 Y=5400032.9543 Z=2759898.5157
  LLH:  Lat=25.806695149° Lon=109.980563795° H=230.9864m
  原始数据:
2025/11/16 10:43:01.000   25.806695149  109.980563795   230.9864   2  22   0.0250   0.0631   0.1174  -0.0026  -0.0586   0.0101   6.00    2.5 6525703

[TCP数据流] 2025/11/16 18:42:44 - 浮点解 (22颗卫星)
  ECEF: X=-1963377.0143 Y=5400032.9528 Z=2759898.5157
  LLH:  Lat=25.806695155° Lon=109.980563797° H=230.9850m
  原始数据:
2025/11/16 10:43:02.000   25.806695155  109.980563797   230.9850   2  22   0.0248   0.0629   0.1168  -0.0028  -0.0585   0.0101   7.00    2.5 6525703

[TCP数据流] 2025/11/16 18:42:45 - 浮点解 (22颗卫星)
  ECEF: X=-1963377.0103 Y=5400032.9560 Z=2759898.5159
  LLH:  Lat=25.806695150° Lon=109.980563749° H=230.9866m
  原始数据:
2025/11/16 10:43:03.000   25.806695150  109.980563749   230.9866   2  22   0.0247   0.0626   0.1162  -0.0030  -0.0583   0.0101   8.00    1.2 6525703

[TCP数据流] 2025/11/16 18:42:46 - 浮点解 (22颗卫星)
  ECEF: X=-1963377.0087 Y=5400032.9549 Z=2759898.5145
  LLH:  Lat=25.806695145° Lon=109.980563738° H=230.9846m
  原始数据:
2025/11/16 10:43:04.000   25.806695145  109.980563738   230.9846   2  22   0.0246   0.0624   0.1157  -0.0031  -0.0581   0.0100   9.00    1.1 6525703

[TCP数据流] 2025/11/16 18:42:47 - 浮点解 (22颗卫星)
  ECEF: X=-1963377.0080 Y=5400032.9547 Z=2759898.5133
  LLH:  Lat=25.806695137° Lon=109.980563732° H=230.9837m
  原始数据:
2025/11/16 10:43:05.000   25.806695137  109.980563732   230.9837   2  22   0.0245   0.0622   0.1153  -0.0031  -0.0579   0.0099  10.00    1.1 6525703

[TCP数据流] 2025/11/16 18:42:48 - 浮点解 (22颗卫星)
  ECEF: X=-1963377.0063 Y=5400032.9535 Z=2759898.5111
  LLH:  Lat=25.806695125° Lon=109.980563720° H=230.9812m
  原始数据:
2025/11/16 10:43:06.000   25.806695125  109.980563720   230.9812   2  22   0.0244   0.0619   0.1149  -0.0031  -0.0577   0.0099  11.00    1.0 6525703

[TCP数据流] 2025/11/16 18:42:49 - 浮点解 (22颗卫星)
  ECEF: X=-1963377.0045 Y=5400032.9577 Z=2759898.5118
  LLH:  Lat=25.806695118° Lon=109.980563689° H=230.9845m
  原始数据:
2025/11/16 10:43:07.000   25.806695118  109.980563689   230.9845   2  22   0.0243   0.0617   0.1145  -0.0030  -0.0575   0.0098  12.00    1.1 6525703

[TCP数据流] 2025/11/16 18:42:50 - 浮点解 (22颗卫星)
  ECEF: X=-1963377.0033 Y=5400032.9558 Z=2759898.5095
  LLH:  Lat=25.806695108° Lon=109.980563684° H=230.9815m
  原始数据:
2025/11/16 10:43:08.000   25.806695108  109.980563684   230.9815   2  22   0.0243   0.0615   0.1141  -0.0030  -0.0573   0.0097  13.00    1.2 6525703

[TCP数据流] 2025/11/16 18:42:51 - 浮点解 (22颗卫星)
  ECEF: X=-1963377.0018 Y=5400032.9555 Z=2759898.5080
  LLH:  Lat=25.806695099° Lon=109.980563671° H=230.9801m
  原始数据:
2025/11/16 10:43:09.000   25.806695099  109.980563671   230.9801   2  22   0.0242   0.0613   0.1138  -0.0029  -0.0571   0.0096  14.00    1.1 6525703

[TCP数据流] 2025/11/16 18:42:52 - 浮点解 (22颗卫星)
  ECEF: X=-1963377.0026 Y=5400032.9477 Z=2759898.5032
  LLH:  Lat=25.806695088° Lon=109.980563705° H=230.9717m
  原始数据:
2025/11/16 10:43:10.000   25.806695088  109.980563705   230.9717   2  22   0.0241   0.0610   0.1135  -0.0027  -0.0569   0.0095  15.00    1.0 6525703

[TCP数据流] 2025/11/16 18:42:53 - 浮点解 (22颗卫星)
  ECEF: X=-1963377.0021 Y=5400032.9435 Z=2759898.4999
  LLH:  Lat=25.806695077° Lon=109.980563715° H=230.9665m
  原始数据:
2025/11/16 10:43:11.000   25.806695077  109.980563715   230.9665   2  22   0.0241   0.0608   0.1132  -0.0026  -0.0567   0.0094  16.00    2.0 6525703

[TCP数据流] 2025/11/16 18:42:54 - 浮点解 (22颗卫星)
  ECEF: X=-1963377.0014 Y=5400032.9382 Z=2759898.4958
  LLH:  Lat=25.806695064° Lon=109.980563726° H=230.9600m
  原始数据:
2025/11/16 10:43:12.000   25.806695064  109.980563726   230.9600   2  22   0.0241   0.0606   0.1129  -0.0024  -0.0565   0.0092  17.00    1.8 6525703

[TCP数据流] 2025/11/16 18:42:55 - 浮点解 (22颗卫星)
  ECEF: X=-1963377.0005 Y=5400032.9338 Z=2759898.4922
  LLH:  Lat=25.806695052° Lon=109.980563733° H=230.9545m
  原始数据:
2025/11/16 10:43:13.000   25.806695052  109.980563733   230.9545   2  22   0.0240   0.0604   0.1126  -0.0023  -0.0563   0.0091  18.00    2.3 6525703

[TCP数据流] 2025/11/16 18:42:56 - 浮点解 (22颗卫星)
  ECEF: X=-1963377.0032 Y=5400032.9235 Z=2759898.4860
  LLH:  Lat=25.806695037° Lon=109.980563793° H=230.9439m
  原始数据:
2025/11/16 10:43:14.000   25.806695037  109.980563793   230.9439   2  22   0.0240   0.0602   0.1124  -0.0020  -0.0561   0.0090  19.00    2.1 6525703

[TCP数据流] 2025/11/16 18:42:57 - 浮点解 (22颗卫星)
  ECEF: X=-1963377.0054 Y=5400032.9135 Z=2759898.4800
  LLH:  Lat=25.806695022° Lon=109.980563848° H=230.9335m
  原始数据:
2025/11/16 10:43:15.000   25.806695022  109.980563848   230.9335   2  22   0.0240   0.0600   0.1121  -0.0018  -0.0559   0.0089  20.00    2.3 6525703

[TCP数据流] 2025/11/16 18:42:58 - 浮点解 (22颗卫星)
  ECEF: X=-1963377.0062 Y=5400032.9109 Z=2759898.4775
  LLH:  Lat=25.806695010° Lon=109.980563864° H=230.9305m
  原始数据:
2025/11/16 10:43:16.000   25.806695010  109.980563864   230.9305   2  22   0.0239   0.0598   0.1119  -0.0015  -0.0557   0.0088  21.00    2.3 6525703

[TCP数据流] 2025/11/16 18:42:59 - 浮点解 (22颗卫星)
  ECEF: X=-1963377.0059 Y=5400032.9078 Z=2759898.4743
  LLH:  Lat=25.806694996° Lon=109.980563872° H=230.9264m
  原始数据:
2025/11/16 10:43:17.000   25.806694996  109.980563872   230.9264   2  22   0.0239   0.0596   0.1116  -0.0012  -0.0555   0.0087  22.00    2.3 6525703

[TCP数据流] 2025/11/16 18:43:00 - 固定解 (22颗卫星)
  ECEF: X=-1963376.6098 Y=5400032.5527 Z=2759898.3775
  LLH:  Lat=25.806696052° Lon=109.980561370° H=230.4619m
  原始数据:
2025/11/16 10:43:18.000   25.806696052  109.980561370   230.4619   1  22   0.0014   0.0010   0.0027   0.0009  -0.0008  -0.0011  23.00    3.3 6525703

[TCP数据流] 2025/11/16 18:43:01 - 固定解 (22颗卫星)
  ECEF: X=-1963376.6097 Y=5400032.5521 Z=2759898.3777
  LLH:  Lat=25.806696056° Lon=109.980561371° H=230.4615m
  原始数据:
2025/11/16 10:43:19.000   25.806696056  109.980561371   230.4615   1  22   0.0014   0.0010   0.0027   0.0009  -0.0008  -0.0011  24.00    3.3 6525703

[TCP数据流] 2025/11/16 18:43:02 - 固定解 (22颗卫星)
  ECEF: X=-1963376.6095 Y=5400032.5517 Z=2759898.3778
  LLH:  Lat=25.806696059° Lon=109.980561371° H=230.4611m
  原始数据:
2025/11/16 10:43:20.000   25.806696059  109.980561371   230.4611   1  22   0.0014   0.0010   0.0027   0.0009  -0.0008  -0.0011  25.00    3.3 6525703

[TCP数据流] 2025/11/16 18:43:03 - 固定解 (22颗卫星)
  ECEF: X=-1963376.6095 Y=5400032.5511 Z=2759898.3780
  LLH:  Lat=25.806696063° Lon=109.980561372° H=230.4607m
  原始数据:
2025/11/16 10:43:21.000   25.806696063  109.980561372   230.4607   1  22   0.0014   0.0010   0.0027   0.0009  -0.0008  -0.0011  26.00    3.2 6525703

[TCP数据流] 2025/11/16 18:43:04 - 固定解 (22颗卫星)
  ECEF: X=-1963376.6094 Y=5400032.5506 Z=2759898.3782
  LLH:  Lat=25.806696066° Lon=109.980561373° H=230.4603m
  原始数据:
2025/11/16 10:43:22.000   25.806696066  109.980561373   230.4603   1  22   0.0014   0.0010   0.0027   0.0009  -0.0008  -0.0011  27.00    3.2 6525703

[TCP数据流] 2025/11/16 18:43:05 - 固定解 (22颗卫星)
  ECEF: X=-1963376.6092 Y=5400032.5502 Z=2759898.3783
  LLH:  Lat=25.806696069° Lon=109.980561373° H=230.4600m
  原始数据:
2025/11/16 10:43:23.000   25.806696069  109.980561373   230.4600   1  22   0.0014   0.0010   0.0027   0.0009  -0.0008  -0.0011  28.00    3.1 6525703

[TCP数据流] 2025/11/16 18:43:06 - 固定解 (22颗卫星)
  ECEF: X=-1963376.6081 Y=5400032.5521 Z=2759898.3764
  LLH:  Lat=25.806696048° Lon=109.980561356° H=230.4604m
  原始数据:
2025/11/16 10:43:24.000   25.806696048  109.980561356   230.4604   1  22   0.0014   0.0010   0.0027   0.0009  -0.0008  -0.0011  29.00    3.3 6525703

[TCP数据流] 2025/11/16 18:43:07 - 浮点解 (22颗卫星)
  ECEF: X=-1963377.0155 Y=5400032.8593 Z=2759898.4408
  LLH:  Lat=25.806694890° Lon=109.980564127° H=230.8737m
  原始数据:
2025/11/16 10:43:25.000   25.806694890  109.980564127   230.8737   2  22   0.0237   0.0581   0.1099   0.0026  -0.0540   0.0077  30.00    2.0 6525703

[TCP数据流] 2025/11/16 18:44:08 - 固定解 (22颗卫星)
  ECEF: X=-1963376.6181 Y=5400032.5832 Z=2759898.3825
  LLH:  Lat=25.806695969° Lon=109.980561344° H=230.4925m
  原始数据:
2025/11/16 10:44:26.000   25.806695969  109.980561344   230.4925   1  22   0.0021   0.0010   0.0043   0.0009  -0.0013  -0.0011   9.00    4.1 6525703

[TCP数据流] 2025/11/16 18:44:09 - 固定解 (22颗卫星)
  ECEF: X=-1963376.6178 Y=5400032.5817 Z=2759898.3830
  LLH:  Lat=25.806695979° Lon=109.980561346° H=230.4913m
  原始数据:
2025/11/16 10:44:27.000   25.806695979  109.980561346   230.4913   1  22   0.0021   0.0010   0.0043   0.0009  -0.0013  -0.0011  10.00    4.1 6525703

[TCP数据流] 2025/11/16 18:44:10 - 固定解 (22颗卫星)
  ECEF: X=-1963376.6175 Y=5400032.5804 Z=2759898.3834
  LLH:  Lat=25.806695988° Lon=109.980561348° H=230.4903m
  原始数据:
2025/11/16 10:44:28.000   25.806695988  109.980561348   230.4903   1  22   0.0021   0.0010   0.0042   0.0009  -0.0013  -0.0011  11.00    4.0 6525703

[TCP数据流] 2025/11/16 18:44:11 - 固定解 (23颗卫星)
  ECEF: X=-1963376.6182 Y=5400032.5815 Z=2759898.3826
  LLH:  Lat=25.806695976° Lon=109.980561350° H=230.4911m
  原始数据:
2025/11/16 10:44:29.000   25.806695976  109.980561350   230.4911   1  23   0.0019   0.0010   0.0041   0.0009  -0.0012  -0.0010  12.00    4.0 6525703

[TCP数据流] 2025/11/16 18:44:12 - 固定解 (23颗卫星)
  ECEF: X=-1963376.6179 Y=5400032.5806 Z=2759898.3831
  LLH:  Lat=25.806695984° Lon=109.980561351° H=230.4905m
  原始数据:
2025/11/16 10:44:30.000   25.806695984  109.980561351   230.4905   1  23   0.0019   0.0010   0.0041   0.0009  -0.0012  -0.0010  13.00    4.1 6525703

[TCP数据流] 2025/11/16 18:44:13 - 固定解 (23颗卫星)
  ECEF: X=-1963376.6178 Y=5400032.5797 Z=2759898.3836
  LLH:  Lat=25.806695991° Lon=109.980561353° H=230.4899m
  原始数据:
2025/11/16 10:44:31.000   25.806695991  109.980561353   230.4899   1  23   0.0019   0.0010   0.0041   0.0009  -0.0012  -0.0010  14.00    4.1 6525703

[TCP数据流] 2025/11/16 18:44:14 - 固定解 (22颗卫星)
  ECEF: X=-1963376.6168 Y=5400032.5767 Z=2759898.3851
  LLH:  Lat=25.806696016° Lon=109.980561354° H=230.4877m
  原始数据:
2025/11/16 10:44:32.000   25.806696016  109.980561354   230.4877   1  22   0.0020   0.0010   0.0041   0.0009  -0.0012  -0.0011  15.00    4.0 6525703

[TCP数据流] 2025/11/16 18:44:15 - 固定解 (22颗卫星)
  ECEF: X=-1963376.6168 Y=5400032.5759 Z=2759898.3855
  LLH:  Lat=25.806696022° Lon=109.980561356° H=230.4872m
  原始数据:
2025/11/16 10:44:33.000   25.806696022  109.980561356   230.4872   1  22   0.0020   0.0010   0.0040   0.0009  -0.0012  -0.0011  16.00    3.9 6525703

[TCP数据流] 2025/11/16 18:44:16 - 浮点解 (23颗卫星)
  ECEF: X=-1963376.9020 Y=5400032.8978 Z=2759898.5063
  LLH:  Lat=25.806695432° Lon=109.980562932° H=230.8999m
  原始数据:
2025/11/16 10:44:34.000   25.806695432  109.980562932   230.8999   2  23   0.0212   0.0552   0.1039   0.0023  -0.0502   0.0158  17.00    2.9 6525703

[TCP数据流] 2025/11/16 18:44:17 - 浮点解 (23颗卫星)
  ECEF: X=-1963376.8988 Y=5400032.9040 Z=2759898.5085
  LLH:  Lat=25.806695431° Lon=109.980562881° H=230.9051m
  原始数据:
2025/11/16 10:44:35.000   25.806695431  109.980562881   230.9051   2  23   0.0212   0.0551   0.1037   0.0024  -0.0500   0.0158  18.00    2.7 6525703

[TCP数据流] 2025/11/16 18:44:18 - 浮点解 (23颗卫星)
  ECEF: X=-1963376.8956 Y=5400032.9127 Z=2759898.5119
  LLH:  Lat=25.806695431° Lon=109.980562822° H=230.9129m
  原始数据:
2025/11/16 10:44:36.000   25.806695431  109.980562822   230.9129   2  23   0.0211   0.0549   0.1035   0.0026  -0.0498   0.0157  19.00    2.7 6525703

[TCP数据流] 2025/11/16 18:44:19 - 浮点解 (23颗卫星)
  ECEF: X=-1963376.8931 Y=5400032.9170 Z=2759898.5130
  LLH:  Lat=25.806695428° Lon=109.980562783° H=230.9163m
  原始数据:
2025/11/16 10:44:37.000   25.806695428  109.980562783   230.9163   2  23   0.0211   0.0548   0.1033   0.0027  -0.0497   0.0157  20.00    2.9 6525703

[TCP数据流] 2025/11/16 18:44:20 - 浮点解 (23颗卫星)
  ECEF: X=-1963376.8902 Y=5400032.9179 Z=2759898.5124
  LLH:  Lat=25.806695423° Lon=109.980562753° H=230.9159m
  原始数据:
2025/11/16 10:44:38.000   25.806695423  109.980562753   230.9159   2  23   0.0211   0.0546   0.1032   0.0028  -0.0495   0.0157  21.00    1.9 6525703

[TCP数据流] 2025/11/16 18:44:21 - 浮点解 (23颗卫星)
  ECEF: X=-1963376.8879 Y=5400032.9206 Z=2759898.5127
  LLH:  Lat=25.806695419° Lon=109.980562723° H=230.9176m
  原始数据:
2025/11/16 10:44:39.000   25.806695419  109.980562723   230.9176   2  23   0.0211   0.0545   0.1030   0.0029  -0.0494   0.0157  22.00    2.6 6525703

[TCP数据流] 2025/11/16 18:44:22 - 浮点解 (23颗卫星)
  ECEF: X=-1963376.8841 Y=5400032.9281 Z=2759898.5151
  LLH:  Lat=25.806695416° Lon=109.980562661° H=230.9238m
  原始数据:
2025/11/16 10:44:40.000   25.806695416  109.980562661   230.9238   2  23   0.0210   0.0544   0.1029   0.0030  -0.0493   0.0156  23.00    2.2 6525703

[TCP数据流] 2025/11/16 18:44:23 - 浮点解 (23颗卫星)
  ECEF: X=-1963376.8805 Y=5400032.9354 Z=2759898.5177
  LLH:  Lat=25.806695415° Lon=109.980562603° H=230.9300m
  原始数据:
2025/11/16 10:44:41.000   25.806695415  109.980562603   230.9300   2  23   0.0210   0.0542   0.1027   0.0031  -0.0491   0.0156  24.00    1.3 6525703

[TCP数据流] 2025/11/16 18:44:24 - 浮点解 (23颗卫星)
  ECEF: X=-1963376.8757 Y=5400032.9398 Z=2759898.5183
  LLH:  Lat=25.806695410° Lon=109.980562543° H=230.9326m
  原始数据:
2025/11/16 10:44:42.000   25.806695410  109.980562543   230.9326   2  23   0.0210   0.0541   0.1025   0.0032  -0.0490   0.0156  25.00    1.9 6525703

[TCP数据流] 2025/11/16 18:44:25 - 浮点解 (23颗卫星)
  ECEF: X=-1963376.8723 Y=5400032.9405 Z=2759898.5176
  LLH:  Lat=25.806695406° Lon=109.980562508° H=230.9318m
  原始数据:
2025/11/16 10:44:43.000   25.806695406  109.980562508   230.9318   2  23   0.0210   0.0540   0.1024   0.0033  -0.0488   0.0155  26.00    1.0 6525703

[TCP数据流] 2025/11/16 18:44:26 - 浮点解 (24颗卫星)
  ECEF: X=-1963376.8699 Y=5400032.9415 Z=2759898.5171
  LLH:  Lat=25.806695402° Lon=109.980562482° H=230.9317m
  原始数据:
2025/11/16 10:44:44.000   25.806695402  109.980562482   230.9317   2  24   0.0210   0.0539   0.1022   0.0034  -0.0487   0.0155  27.00    1.0 6525703

[TCP数据流] 2025/11/16 18:44:27 - 浮点解 (24颗卫星)
  ECEF: X=-1963376.8665 Y=5400032.9468 Z=2759898.5184
  LLH:  Lat=25.806695397° Lon=109.980562433° H=230.9357m
  原始数据:
2025/11/16 10:44:45.000   25.806695397  109.980562433   230.9357   2  24   0.0210   0.0537   0.1021   0.0035  -0.0486   0.0154  28.00    1.0 6525703

[TCP数据流] 2025/11/16 18:44:28 - 浮点解 (24颗卫星)
  ECEF: X=-1963376.8636 Y=5400032.9461 Z=2759898.5167
  LLH:  Lat=25.806695390° Lon=109.980562408° H=230.9335m
  原始数据:
2025/11/16 10:44:46.000   25.806695390  109.980562408   230.9335   2  24   0.0209   0.0536   0.1019   0.0036  -0.0484   0.0154  29.00    1.0 6525703

[TCP数据流] 2025/11/16 18:44:29 - 浮点解 (24颗卫星)
  ECEF: X=-1963376.8619 Y=5400032.9466 Z=2759898.5159
  LLH:  Lat=25.806695384° Lon=109.980562390° H=230.9330m
  原始数据:
2025/11/16 10:44:47.000   25.806695384  109.980562390   230.9330   2  24   0.0209   0.0535   0.1018   0.0037  -0.0483   0.0154  30.00    1.2 6525703

[TCP数据流] 2025/11/16 18:45:50 - 浮点解 (19颗卫星)
  ECEF: X=-1963376.8621 Y=5400033.1148 Z=2759898.6051
  LLH:  Lat=25.806695487° Lon=109.980561819° H=231.1142m
  原始数据:
2025/11/16 10:46:08.000   25.806695487  109.980561819   231.1142   2  19   0.0193   0.0519   0.0950  -0.0011  -0.0467   0.0158   8.00    1.4 6525703

[TCP数据流] 2025/11/16 18:45:51 - 浮点解 (19颗卫星)
  ECEF: X=-1963376.8594 Y=5400033.1207 Z=2759898.6072
  LLH:  Lat=25.806695486° Lon=109.980561773° H=231.1193m
  原始数据:
2025/11/16 10:46:09.000   25.806695486  109.980561773   231.1193   2  19   0.0193   0.0518   0.0948  -0.0010  -0.0466   0.0157   9.00    1.3 6525703

[TCP数据流] 2025/11/16 18:45:52 - 浮点解 (23颗卫星)
  ECEF: X=-1963376.8574 Y=5400033.1342 Z=2759898.6111
  LLH:  Lat=25.806695471° Lon=109.980561709° H=231.1318m
  原始数据:
2025/11/16 10:46:10.000   25.806695471  109.980561709   231.1318   2  23   0.0192   0.0517   0.0945  -0.0011  -0.0465   0.0158  10.00    1.3 6525703

[TCP数据流] 2025/11/16 18:45:53 - 浮点解 (23颗卫星)
  ECEF: X=-1963376.8545 Y=5400033.1481 Z=2759898.6156
  LLH:  Lat=25.806695460° Lon=109.980561634° H=231.1446m
  原始数据:
2025/11/16 10:46:11.000   25.806695460  109.980561634   231.1446   2  23   0.0191   0.0515   0.0942  -0.0011  -0.0464   0.0159  11.00    1.5 6525703

[TCP数据流] 2025/11/16 18:45:54 - 浮点解 (19颗卫星)
  ECEF: X=-1963376.8519 Y=5400033.1498 Z=2759898.6159
  LLH:  Lat=25.806695459° Lon=109.980561604° H=231.1454m
  原始数据:
2025/11/16 10:46:12.000   25.806695459  109.980561604   231.1454   2  19   0.0191   0.0514   0.0941  -0.0009  -0.0463   0.0158  12.00    1.0 6525703

[TCP数据流] 2025/11/16 18:45:56 - 浮点解 (23颗卫星)
  ECEF: X=-1963376.8487 Y=5400033.1709 Z=2759898.6308
  LLH:  Lat=25.806695507° Lon=109.980561502° H=231.1687m
  原始数据:
2025/11/16 10:46:14.000   25.806695507  109.980561502   231.1687   2  23   0.0188   0.0513   0.0932  -0.0018  -0.0460   0.0163   2.00    1.0 6525703

[TCP数据流] 2025/11/16 18:45:57 - 浮点解 (23颗卫星)
  ECEF: X=-1963376.8458 Y=5400033.1901 Z=2759898.6439
  LLH:  Lat=25.806695546° Lon=109.980561410° H=231.1898m
  原始数据:
2025/11/16 10:46:15.000   25.806695546  109.980561410   231.1898   2  23   0.0185   0.0511   0.0925  -0.0022  -0.0458   0.0166   3.00    1.1 6525703

[TCP数据流] 2025/11/16 18:45:58 - 浮点解 (23颗卫星)
  ECEF: X=-1963376.8438 Y=5400033.2034 Z=2759898.6518
  LLH:  Lat=25.806695564° Lon=109.980561346° H=231.2039m
  原始数据:
2025/11/16 10:46:16.000   25.806695564  109.980561346   231.2039   2  23   0.0183   0.0510   0.0919  -0.0024  -0.0456   0.0169   4.00    2.0 6525703

[TCP数据流] 2025/11/16 18:45:59 - 浮点解 (23颗卫星)
  ECEF: X=-1963376.8427 Y=5400033.2105 Z=2759898.6572
  LLH:  Lat=25.806695583° Lon=109.980561311° H=231.2119m
  原始数据:
2025/11/16 10:46:17.000   25.806695583  109.980561311   231.2119   2  23   0.0182   0.0508   0.0914  -0.0026  -0.0454   0.0170   5.00    1.4 6525703

[TCP数据流] 2025/11/16 18:46:00 - 浮点解 (22颗卫星)
  ECEF: X=-1963376.8388 Y=5400033.2137 Z=2759898.6583
  LLH:  Lat=25.806695586° Lon=109.980561264° H=231.2139m
  原始数据:
2025/11/16 10:46:18.000   25.806695586  109.980561264   231.2139   2  22   0.0181   0.0507   0.0910  -0.0026  -0.0452   0.0171   6.00    1.1 6525703

[TCP数据流] 2025/11/16 18:46:01 - 浮点解 (22颗卫星)
  ECEF: X=-1963376.8362 Y=5400033.2186 Z=2759898.6604
  LLH:  Lat=25.806695588° Lon=109.980561223° H=231.2181m
  原始数据:
2025/11/16 10:46:19.000   25.806695588  109.980561223   231.2181   2  22   0.0180   0.0506   0.0907  -0.0026  -0.0450   0.0172   7.00    1.9 6525703

[TCP数据流] 2025/11/16 18:46:02 - 浮点解 (22颗卫星)
  ECEF: X=-1963376.8308 Y=5400033.2261 Z=2759898.6624
  LLH:  Lat=25.806695584° Lon=109.980561146° H=231.2237m
  原始数据:
2025/11/16 10:46:20.000   25.806695584  109.980561146   231.2237   2  22   0.0179   0.0505   0.0905  -0.0025  -0.0449   0.0173   8.00    2.0 6525703

[TCP数据流] 2025/11/16 18:46:03 - 浮点解 (22颗卫星)
  ECEF: X=-1963376.8268 Y=5400033.2269 Z=2759898.6617
  LLH:  Lat=25.806695581° Lon=109.980561106° H=231.2228m
  原始数据:
2025/11/16 10:46:21.000   25.806695581  109.980561106   231.2228   2  22   0.0179   0.0504   0.0902  -0.0025  -0.0447   0.0173   9.00    1.9 6525703

[TCP数据流] 2025/11/16 18:46:04 - 浮点解 (22颗卫星)
  ECEF: X=-1963376.8238 Y=5400033.2289 Z=2759898.6619
  LLH:  Lat=25.806695579° Lon=109.980561071° H=231.2237m
  原始数据:
2025/11/16 10:46:22.000   25.806695579  109.980561071   231.2237   2  22   0.0178   0.0503   0.0900  -0.0024  -0.0446   0.0174  10.00    1.9 6525703

[TCP数据流] 2025/11/16 18:46:05 - 浮点解 (22颗卫星)
  ECEF: X=-1963376.8209 Y=5400033.2317 Z=2759898.6625
  LLH:  Lat=25.806695577° Lon=109.980561035° H=231.2254m
  原始数据:
2025/11/16 10:46:23.000   25.806695577  109.980561035   231.2254   2  22   0.0178   0.0502   0.0898  -0.0023  -0.0445   0.0174  11.00    1.8 6525703

[TCP数据流] 2025/11/16 18:46:06 - 浮点解 (22颗卫星)
  ECEF: X=-1963376.8178 Y=5400033.2351 Z=2759898.6635
  LLH:  Lat=25.806695577° Lon=109.980560994° H=231.2278m
  原始数据:
2025/11/16 10:46:24.000   25.806695577  109.980560994   231.2278   2  22   0.0177   0.0500   0.0897  -0.0023  -0.0443   0.0174  12.00    1.9 6525703

[TCP数据流] 2025/11/16 18:46:07 - 浮点解 (22颗卫星)
  ECEF: X=-1963376.8143 Y=5400033.2361 Z=2759898.6630
  LLH:  Lat=25.806695574° Lon=109.980560958° H=231.2274m
  原始数据:
2025/11/16 10:46:25.000   25.806695574  109.980560958   231.2274   2  22   0.0177   0.0499   0.0895  -0.0022  -0.0442   0.0174  13.00    1.8 6525703

[TCP数据流] 2025/11/16 18:46:08 - 浮点解 (22颗卫星)
  ECEF: X=-1963376.8097 Y=5400033.2356 Z=2759898.6613
  LLH:  Lat=25.806695568° Lon=109.980560916° H=231.2247m
  原始数据:
2025/11/16 10:46:26.000   25.806695568  109.980560916   231.2247   2  22   0.0177   0.0498   0.0893  -0.0021  -0.0441   0.0174  14.00    2.1 6525703

[TCP数据流] 2025/11/16 18:46:09 - 浮点解 (22颗卫星)
  ECEF: X=-1963376.8060 Y=5400033.2357 Z=2759898.6599
  LLH:  Lat=25.806695561° Lon=109.980560881° H=231.2231m
  原始数据:
2025/11/16 10:46:27.000   25.806695561  109.980560881   231.2231   2  22   0.0177   0.0497   0.0892  -0.0020  -0.0440   0.0174  15.00    1.7 6525703

[TCP数据流] 2025/11/16 18:46:10 - 浮点解 (22颗卫星)
  ECEF: X=-1963376.8023 Y=5400033.2356 Z=2759898.6587
  LLH:  Lat=25.806695557° Lon=109.980560847° H=231.2214m
  原始数据:
2025/11/16 10:46:28.000   25.806695557  109.980560847   231.2214   2  22   0.0176   0.0496   0.0890  -0.0019  -0.0438   0.0174  16.00    1.8 6525703

[TCP数据流] 2025/11/16 18:46:11 - 浮点解 (22颗卫星)
  ECEF: X=-1963376.7982 Y=5400033.2366 Z=2759898.6575
  LLH:  Lat=25.806695549° Lon=109.980560805° H=231.2204m
  原始数据:
2025/11/16 10:46:29.000   25.806695549  109.980560805   231.2204   2  22   0.0176   0.0495   0.0889  -0.0017  -0.0437   0.0174  17.00    1.3 6525703

[TCP数据流] 2025/11/16 18:46:12 - 浮点解 (22颗卫星)
  ECEF: X=-1963376.7949 Y=5400033.2346 Z=2759898.6552
  LLH:  Lat=25.806695542° Lon=109.980560781° H=231.2167m
  原始数据:
2025/11/16 10:46:30.000   25.806695542  109.980560781   231.2167   2  22   0.0176   0.0494   0.0888  -0.0016  -0.0436   0.0173  18.00    1.6 6525703

[TCP数据流] 2025/11/16 18:46:13 - 浮点解 (22颗卫星)
  ECEF: X=-1963376.7924 Y=5400033.2335 Z=2759898.6536
  LLH:  Lat=25.806695537° Lon=109.980560761° H=231.2143m
  原始数据:
2025/11/16 10:46:31.000   25.806695537  109.980560761   231.2143   2  22   0.0176   0.0493   0.0886  -0.0015  -0.0435   0.0173  19.00    1.5 6525703

[TCP数据流] 2025/11/16 18:46:14 - 固定解 (22颗卫星)
  ECEF: X=-1963376.6104 Y=5400032.5801 Z=2759898.3862
  LLH:  Lat=25.806696021° Lon=109.980561282° H=230.4891m
  原始数据:
2025/11/16 10:46:32.000   25.806696021  109.980561282   230.4891   1  22   0.0016   0.0008   0.0031   0.0007  -0.0008  -0.0012  20.00    3.0 6525703

[TCP数据流] 2025/11/16 18:46:15 - 浮点解 (19颗卫星)
  ECEF: X=-1963376.7860 Y=5400033.2370 Z=2759898.6532
  LLH:  Lat=25.806695529° Lon=109.980560690° H=231.2151m
  原始数据:
2025/11/16 10:46:33.000   25.806695529  109.980560690   231.2151   2  19   0.0175   0.0491   0.0884  -0.0011  -0.0433   0.0173  21.00    2.5 6525703

[TCP数据流] 2025/11/16 18:46:16 - 浮点解 (22颗卫星)
  ECEF: X=-1963376.7840 Y=5400033.2347 Z=2759898.6510
  LLH:  Lat=25.806695522° Lon=109.980560679° H=231.2116m
  原始数据:
2025/11/16 10:46:34.000   25.806695522  109.980560679   231.2116   2  22   0.0175   0.0490   0.0883  -0.0009  -0.0432   0.0173  22.00    2.5 6525703

[TCP数据流] 2025/11/16 18:46:17 - 浮点解 (22颗卫星)
  ECEF: X=-1963376.7810 Y=5400033.2336 Z=2759898.6491
  LLH:  Lat=25.806695515° Lon=109.980560654° H=231.2089m
  原始数据:
2025/11/16 10:46:35.000   25.806695515  109.980560654   231.2089   2  22   0.0175   0.0489   0.0882  -0.0006  -0.0431   0.0173  23.00    3.0 6525703

[TCP数据流] 2025/11/16 18:46:18 - 浮点解 (22颗卫星)
  ECEF: X=-1963376.7790 Y=5400033.2293 Z=2759898.6459
  LLH:  Lat=25.806695507° Lon=109.980560650° H=231.2033m
  原始数据:
2025/11/16 10:46:36.000   25.806695507  109.980560650   231.2033   2  22   0.0175   0.0489   0.0881   0.0003  -0.0430   0.0172  24.00    3.0 6525703

[TCP数据流] 2025/11/16 18:46:19 - 浮点解 (22颗卫星)
  ECEF: X=-1963376.7766 Y=5400033.2268 Z=2759898.6435
  LLH:  Lat=25.806695500° Lon=109.980560636° H=231.1994m
  原始数据:
2025/11/16 10:46:37.000   25.806695500  109.980560636   231.1994   2  22   0.0175   0.0488   0.0879   0.0007  -0.0429   0.0172  25.00    2.3 6525703

[TCP数据流] 2025/11/16 18:46:20 - 浮点解 (22颗卫星)
  ECEF: X=-1963376.7730 Y=5400033.2257 Z=2759898.6416
  LLH:  Lat=25.806695494° Lon=109.980560606° H=231.1965m
  原始数据:
2025/11/16 10:46:38.000   25.806695494  109.980560606   231.1965   2  22   0.0175   0.0487   0.0878   0.0010  -0.0428   0.0172  26.00    2.9 6525703

[TCP数据流] 2025/11/16 18:46:21 - 浮点解 (22颗卫星)
  ECEF: X=-1963376.7695 Y=5400033.2269 Z=2759898.6410
  LLH:  Lat=25.806695489° Lon=109.980560569° H=231.1962m
  原始数据:
2025/11/16 10:46:39.000   25.806695489  109.980560569   231.1962   2  22   0.0175   0.0486   0.0877   0.0012  -0.0427   0.0172  27.00    2.8 6525703

[TCP数据流] 2025/11/16 18:46:22 - 浮点解 (22颗卫星)
  ECEF: X=-1963376.7657 Y=5400033.2252 Z=2759898.6387
  LLH:  Lat=25.806695482° Lon=109.980560539° H=231.1926m
  原始数据:
2025/11/16 10:46:40.000   25.806695482  109.980560539   231.1926   2  22   0.0175   0.0485   0.0876   0.0014  -0.0425   0.0172  28.00    2.5 6525703

[TCP数据流] 2025/11/16 18:46:23 - 浮点解 (22颗卫星)
  ECEF: X=-1963376.7621 Y=5400033.2263 Z=2759898.6381
  LLH:  Lat=25.806695478° Lon=109.980560502° H=231.1921m
  原始数据:
2025/11/16 10:46:41.000   25.806695478  109.980560502   231.1921   2  22   0.0174   0.0484   0.0875   0.0015  -0.0424   0.0171  29.00    2.2 6525703

[TCP数据流] 2025/11/16 18:46:24 - 固定解 (22颗卫星)
  ECEF: X=-1963376.6018 Y=5400032.5708 Z=2759898.3867
  LLH:  Lat=25.806696071° Lon=109.980561233° H=230.4788m
  原始数据:
2025/11/16 10:46:42.000   25.806696071  109.980561233   230.4788   1  22   0.0016   0.0008   0.0033   0.0007  -0.0007  -0.0012  30.00    4.0 6525703

[TCP数据流] 2025/11/16 18:52:05 - 浮点解 (23颗卫星)
  ECEF: X=-1963376.6937 Y=5400033.0024 Z=2759898.5179
  LLH:  Lat=25.806695420° Lon=109.980560624° H=230.9294m
  原始数据:
2025/11/16 10:52:23.000   25.806695420  109.980560624   230.9294   2  23   0.0160   0.0465   0.0797   0.0033  -0.0386   0.0174  23.00    1.2 6525703

[TCP数据流] 2025/11/16 18:52:06 - 浮点解 (23颗卫星)
  ECEF: X=-1963376.6887 Y=5400032.9794 Z=2759898.5016
  LLH:  Lat=25.806695379° Lon=109.980560655° H=230.9012m
  原始数据:
2025/11/16 10:52:24.000   25.806695379  109.980560655   230.9012   2  23   0.0159   0.0464   0.0792   0.0035  -0.0383   0.0172  24.00    1.0 6525703

[TCP数据流] 2025/11/16 18:52:07 - 浮点解 (23颗卫星)
  ECEF: X=-1963376.6853 Y=5400032.9581 Z=2759898.4870
  LLH:  Lat=25.806695344° Lon=109.980560696° H=230.8758m
  原始数据:
2025/11/16 10:52:25.000   25.806695344  109.980560696   230.8758   2  23   0.0159   0.0463   0.0787   0.0037  -0.0381   0.0171  25.00    1.0 6525703

[TCP数据流] 2025/11/16 18:52:08 - 浮点解 (23颗卫星)
  ECEF: X=-1963376.6815 Y=5400032.9398 Z=2759898.4738
  LLH:  Lat=25.806695309° Lon=109.980560723° H=230.8534m
  原始数据:
2025/11/16 10:52:26.000   25.806695309  109.980560723   230.8534   2  23   0.0158   0.0462   0.0782   0.0038  -0.0379   0.0170  26.00    1.0 6525703

[TCP数据流] 2025/11/16 18:52:09 - 浮点解 (23颗卫星)
  ECEF: X=-1963376.6782 Y=5400032.9222 Z=2759898.4614
  LLH:  Lat=25.806695278° Lon=109.980560752° H=230.8321m
  原始数据:
2025/11/16 10:52:27.000   25.806695278  109.980560752   230.8321   2  23   0.0158   0.0460   0.0778   0.0040  -0.0377   0.0168  27.00    1.0 6525703

[TCP数据流] 2025/11/16 18:52:10 - 浮点解 (23颗卫星)
  ECEF: X=-1963376.6740 Y=5400032.9056 Z=2759898.4494
  LLH:  Lat=25.806695247° Lon=109.980560769° H=230.8115m
  原始数据:
2025/11/16 10:52:28.000   25.806695247  109.980560769   230.8115   2  23   0.0158   0.0459   0.0774   0.0041  -0.0375   0.0167  28.00    1.0 6525703

[TCP数据流] 2025/11/16 18:52:11 - 浮点解 (23颗卫星)
  ECEF: X=-1963376.6686 Y=5400032.8915 Z=2759898.4385
  LLH:  Lat=25.806695218° Lon=109.980560767° H=230.7932m
  原始数据:
2025/11/16 10:52:29.000   25.806695218  109.980560767   230.7932   2  23   0.0157   0.0458   0.0770   0.0042  -0.0373   0.0166  29.00    1.0 6525703

[TCP数据流] 2025/11/16 18:52:12 - 浮点解 (23颗卫星)
  ECEF: X=-1963376.6634 Y=5400032.8762 Z=2759898.4273
  LLH:  Lat=25.806695190° Lon=109.980560770° H=230.7738m
  原始数据:
2025/11/16 10:52:30.000   25.806695190  109.980560770   230.7738   2  23   0.0157   0.0457   0.0767   0.0043  -0.0371   0.0165  30.00    1.0 6525703

[TCP数据流] 2025/11/16 18:55:56 - 浮点解 (24颗卫星)
  ECEF: X=-1963376.9680 Y=5400032.9143 Z=2759898.5210
  LLH:  Lat=25.806695402° Lon=109.980563495° H=230.9405m
  原始数据:
2025/11/16 10:56:14.000   25.806695402  109.980563495   230.9405   2  24   0.0132   0.0438   0.0589   0.0060  -0.0302   0.0123   1.00    1.1 6525703

[TCP数据流] 2025/11/16 18:55:59 - 浮点解 (24颗卫星)
  ECEF: X=-1963377.0424 Y=5400032.8940 Z=2759898.5202
  LLH:  Lat=25.806695371° Lon=109.980564261° H=230.9459m
  原始数据:
2025/11/16 10:56:17.000   25.806695371  109.980564261   230.9459   2  24   0.0126   0.0433   0.0555   0.0062  -0.0289   0.0116   4.00    1.2 6525703

[TCP数据流] 2025/11/16 18:56:37 - 浮点解 (24颗卫星)
  ECEF: X=-1963377.1683 Y=5400032.8801 Z=2759898.5292
  LLH:  Lat=25.806695326° Lon=109.980565488° H=230.9768m
  原始数据:
2025/11/16 10:56:55.000   25.806695326  109.980565488   230.9768   2  24   0.0107   0.0417   0.0455   0.0065  -0.0247   0.0102  18.00    1.0 6525703

[TCP数据流] 2025/11/16 18:56:40 - 浮点解 (20颗卫星)
  ECEF: X=-1963377.1661 Y=5400032.8747 Z=2759898.5250
  LLH:  Lat=25.806695315° Lon=109.980565486° H=230.9697m
  原始数据:
2025/11/16 10:56:58.000   25.806695315  109.980565486   230.9697   2  20   0.0107   0.0417   0.0454   0.0065  -0.0246   0.0102  21.00    1.2 6525703

[TCP数据流] 2025/11/16 18:56:41 - 浮点解 (24颗卫星)
  ECEF: X=-1963377.1642 Y=5400032.8698 Z=2759898.5210
  LLH:  Lat=25.806695303° Lon=109.980565485° H=230.9632m
  原始数据:
2025/11/16 10:56:59.000   25.806695303  109.980565485   230.9632   2  24   0.0107   0.0416   0.0453   0.0065  -0.0246   0.0101  22.00    1.1 6525703

[TCP数据流] 2025/11/16 18:56:42 - 浮点解 (24颗卫星)
  ECEF: X=-1963377.1635 Y=5400032.8640 Z=2759898.5169
  LLH:  Lat=25.806695292° Lon=109.980565498° H=230.9563m
  原始数据:
2025/11/16 10:57:00.000   25.806695292  109.980565498   230.9563   2  24   0.0107   0.0415   0.0452   0.0065  -0.0245   0.0101  23.00    1.0 6525703

[TCP数据流] 2025/11/16 18:56:45 - 浮点解 (15颗卫星)
  ECEF: X=-1963377.1616 Y=5400032.8634 Z=2759898.5159
  LLH:  Lat=25.806695289° Lon=109.980565482° H=230.9548m
  原始数据:
2025/11/16 10:57:03.000   25.806695289  109.980565482   230.9548   2  15   0.0107   0.0415   0.0452   0.0065  -0.0245   0.0101  26.00    1.3 6525703

[TCP数据流] 2025/11/16 18:56:46 - 浮点解 (24颗卫星)
  ECEF: X=-1963377.1593 Y=5400032.8597 Z=2759898.5125
  LLH:  Lat=25.806695278° Lon=109.980565473° H=230.9495m
  原始数据:
2025/11/16 10:57:04.000   25.806695278  109.980565473   230.9495   2  24   0.0107   0.0414   0.0451   0.0065  -0.0244   0.0101  27.00    1.0 6525703

[TCP数据流] 2025/11/16 18:56:47 - 浮点解 (24颗卫星)
  ECEF: X=-1963377.1570 Y=5400032.8562 Z=2759898.5093
  LLH:  Lat=25.806695268° Lon=109.980565464° H=230.9445m
  原始数据:
2025/11/16 10:57:05.000   25.806695268  109.980565464   230.9445   2  24   0.0107   0.0414   0.0450   0.0065  -0.0243   0.0101  28.00    1.0 6525703

[TCP数据流] 2025/11/16 18:56:48 - 浮点解 (24颗卫星)
  ECEF: X=-1963377.1566 Y=5400032.8520 Z=2759898.5061
  LLH:  Lat=25.806695258° Lon=109.980565474° H=230.9394m
  原始数据:
2025/11/16 10:57:06.000   25.806695258  109.980565474   230.9394   2  24   0.0107   0.0413   0.0450   0.0065  -0.0243   0.0101  29.00    1.0 6525703

[TCP数据流] 2025/11/16 18:56:49 - 浮点解 (24颗卫星)
  ECEF: X=-1963377.1558 Y=5400032.8477 Z=2759898.5029
  LLH:  Lat=25.806695249° Lon=109.980565481° H=230.9341m
  原始数据:
2025/11/16 10:57:07.000   25.806695249  109.980565481   230.9341   2  24   0.0106   0.0412   0.0449   0.0065  -0.0242   0.0101  30.00    1.0 6525703

[TCP数据流] 2025/11/16 19:01:45 - 浮点解 (22颗卫星)
  ECEF: X=-1963377.1509 Y=5400032.8411 Z=2759898.4990
  LLH:  Lat=25.806695248° Lon=109.980565458° H=230.9253m
  原始数据:
2025/11/16 11:02:03.008   25.806695248  109.980565458   230.9253   2  22   0.0106   0.0410   0.0442   0.0067  -0.0237   0.0097   8.00    1.2 6525703

[TCP数据流] 2025/11/16 19:04:27 - 浮点解 (24颗卫星)
  ECEF: X=-1963377.1133 Y=5400032.8902 Z=2759898.5185
  LLH:  Lat=25.806695276° Lon=109.980564938° H=230.9638m
  原始数据:
2025/11/16 11:04:45.007   25.806695276  109.980564938   230.9638   2  24   0.0106   0.0409   0.0441   0.0067  -0.0237   0.0097   1.00    0.0 6525703

[TCP数据流] 2025/11/16 19:04:35 - 浮点解 (21颗卫星)
  ECEF: X=-1963377.1018 Y=5400032.9085 Z=2759898.5266
  LLH:  Lat=25.806695289° Lon=109.980564768° H=230.9792m
  原始数据:
2025/11/16 11:04:53.000   25.806695289  109.980564768   230.9792   2  21   0.0106   0.0408   0.0441   0.0067  -0.0236   0.0097   9.00    0.0 6525703

[TCP数据流] 2025/11/16 19:04:39 - 浮点解 (26颗卫星)
  ECEF: X=-1963377.0881 Y=5400032.9279 Z=2759898.5346
  LLH:  Lat=25.806695301° Lon=109.980564574° H=230.9949m
  原始数据:
2025/11/16 11:04:57.005   25.806695301  109.980564574   230.9949   2  26   0.0106   0.0408   0.0441   0.0067  -0.0236   0.0097  13.00    0.0 6525703

[TCP数据流] 2025/11/16 19:04:40 - 浮点解 (26颗卫星)
  ECEF: X=-1963377.0737 Y=5400032.9480 Z=2759898.5428
  LLH:  Lat=25.806695313° Lon=109.980564370° H=231.0110m
  原始数据:
2025/11/16 11:04:58.005   25.806695313  109.980564370   231.0110   2  26   0.0106   0.0407   0.0441   0.0067  -0.0236   0.0097  14.00    0.0 6525703

[TCP数据流] 2025/11/16 19:04:41 - 浮点解 (26颗卫星)
  ECEF: X=-1963377.0608 Y=5400032.9674 Z=2759898.5512
  LLH:  Lat=25.806695327° Lon=109.980564183° H=231.0271m
  原始数据:
2025/11/16 11:04:59.005   25.806695327  109.980564183   231.0271   2  26   0.0106   0.0407   0.0441   0.0067  -0.0235   0.0097  15.00    0.0 6525703

[TCP数据流] 2025/11/16 19:04:42 - 浮点解 (26颗卫星)
  ECEF: X=-1963377.0481 Y=5400032.9867 Z=2759898.5595
  LLH:  Lat=25.806695340° Lon=109.980563998° H=231.0432m
  原始数据:
2025/11/16 11:05:00.005   25.806695340  109.980563998   231.0432   2  26   0.0106   0.0406   0.0441   0.0067  -0.0235   0.0097  16.00    1.0 6525703

[TCP数据流] 2025/11/16 19:05:59 - 浮点解 (17颗卫星)
  ECEF: X=-1963377.0354 Y=5400033.0058 Z=2759898.5714
  LLH:  Lat=25.806695383° Lon=109.980563814° H=231.0606m
  原始数据:
2025/11/16 11:06:17.005   25.806695383  109.980563814   231.0606   2  17   0.0106   0.0405   0.0440   0.0067  -0.0234   0.0097  21.00    0.0 6525703

[TCP数据流] 2025/11/16 19:12:12 - 浮点解 (26颗卫星)
  ECEF: X=-1963377.0378 Y=5400033.0271 Z=2759898.5859
  LLH:  Lat=25.806695419° Lon=109.980563764° H=231.0857m
  原始数据:
2025/11/16 11:12:30.000   25.806695419  109.980563764   231.0857   2  26   0.0106   0.0397   0.0437   0.0066  -0.0229   0.0096  11.00    1.4 6525703

[TCP数据流] 2025/11/16 19:12:13 - 浮点解 (26颗卫星)
  ECEF: X=-1963377.0383 Y=5400033.0262 Z=2759898.5854
  LLH:  Lat=25.806695418° Lon=109.980563772° H=231.0849m
  原始数据:
2025/11/16 11:12:31.000   25.806695418  109.980563772   231.0849   2  26   0.0106   0.0397   0.0437   0.0066  -0.0229   0.0096  12.00    1.3 6525703

[TCP数据流] 2025/11/16 19:12:14 - 浮点解 (26颗卫星)
  ECEF: X=-1963377.0381 Y=5400033.0257 Z=2759898.5852
  LLH:  Lat=25.806695418° Lon=109.980563772° H=231.0843m
  原始数据:
2025/11/16 11:12:32.000   25.806695418  109.980563772   231.0843   2  26   0.0106   0.0396   0.0437   0.0066  -0.0228   0.0096  13.00    1.2 6525703

[TCP数据流] 2025/11/16 19:12:15 - 浮点解 (26颗卫星)
  ECEF: X=-1963377.0381 Y=5400033.0256 Z=2759898.5850
  LLH:  Lat=25.806695417° Lon=109.980563772° H=231.0841m
  原始数据:
2025/11/16 11:12:33.000   25.806695417  109.980563772   231.0841   2  26   0.0106   0.0396   0.0437   0.0066  -0.0228   0.0096  14.00    1.1 6525703

[TCP数据流] 2025/11/16 19:12:16 - 浮点解 (26颗卫星)
  ECEF: X=-1963377.0379 Y=5400033.0246 Z=2759898.5844
  LLH:  Lat=25.806695416° Lon=109.980563774° H=231.0830m
  原始数据:
2025/11/16 11:12:34.000   25.806695416  109.980563774   231.0830   2  26   0.0106   0.0395   0.0437   0.0066  -0.0228   0.0095  15.00    1.1 6525703

[TCP数据流] 2025/11/16 19:12:17 - 浮点解 (26颗卫星)
  ECEF: X=-1963377.0375 Y=5400033.0246 Z=2759898.5842
  LLH:  Lat=25.806695415° Lon=109.980563770° H=231.0827m
  原始数据:
2025/11/16 11:12:35.000   25.806695415  109.980563770   231.0827   2  26   0.0105   0.0395   0.0436   0.0066  -0.0228   0.0095  16.00    1.0 6525703

[TCP数据流] 2025/11/16 19:12:18 - 浮点解 (26颗卫星)
  ECEF: X=-1963377.0379 Y=5400033.0238 Z=2759898.5838
  LLH:  Lat=25.806695414° Lon=109.980563777° H=231.0820m
  原始数据:
2025/11/16 11:12:36.000   25.806695414  109.980563777   231.0820   2  26   0.0105   0.0394   0.0436   0.0066  -0.0227   0.0095  17.00    1.0 6525703

[TCP数据流] 2025/11/16 19:12:19 - 浮点解 (26颗卫星)
  ECEF: X=-1963377.0388 Y=5400033.0227 Z=2759898.5834
  LLH:  Lat=25.806695414° Lon=109.980563789° H=231.0812m
  原始数据:
2025/11/16 11:12:37.000   25.806695414  109.980563789   231.0812   2  26   0.0105   0.0394   0.0436   0.0066  -0.0227   0.0095  18.00    1.0 6525703

[TCP数据流] 2025/11/16 19:12:20 - 浮点解 (26颗卫星)
  ECEF: X=-1963377.0400 Y=5400033.0215 Z=2759898.5829
  LLH:  Lat=25.806695413° Lon=109.980563804° H=231.0803m
  原始数据:
2025/11/16 11:12:38.000   25.806695413  109.980563804   231.0803   2  26   0.0105   0.0393   0.0436   0.0066  -0.0227   0.0095  19.00    1.0 6525703

[TCP数据流] 2025/11/16 19:12:21 - 浮点解 (26颗卫星)
  ECEF: X=-1963377.0407 Y=5400033.0203 Z=2759898.5824
  LLH:  Lat=25.806695412° Lon=109.980563815° H=231.0793m
  原始数据:
2025/11/16 11:12:39.000   25.806695412  109.980563815   231.0793   2  26   0.0105   0.0393   0.0436   0.0066  -0.0226   0.0095  20.00    1.0 6525703

[TCP数据流] 2025/11/16 19:12:22 - 浮点解 (26颗卫星)
  ECEF: X=-1963377.0409 Y=5400033.0196 Z=2759898.5821
  LLH:  Lat=25.806695412° Lon=109.980563819° H=231.0787m
  原始数据:
2025/11/16 11:12:40.000   25.806695412  109.980563819   231.0787   2  26   0.0105   0.0392   0.0436   0.0066  -0.0226   0.0095  21.00    1.1 6525703

[TCP数据流] 2025/11/16 19:12:23 - 浮点解 (26颗卫星)
  ECEF: X=-1963377.0403 Y=5400033.0200 Z=2759898.5822
  LLH:  Lat=25.806695412° Lon=109.980563812° H=231.0789m
  原始数据:
2025/11/16 11:12:41.000   25.806695412  109.980563812   231.0789   2  26   0.0105   0.0392   0.0436   0.0066  -0.0226   0.0095  22.00    1.0 6525703

[TCP数据流] 2025/11/16 19:12:24 - 浮点解 (26颗卫星)
  ECEF: X=-1963377.0410 Y=5400033.0188 Z=2759898.5818
  LLH:  Lat=25.806695412° Lon=109.980563823° H=231.0779m
  原始数据:
2025/11/16 11:12:42.000   25.806695412  109.980563823   231.0779   2  26   0.0105   0.0391   0.0435   0.0066  -0.0225   0.0095  23.00    1.1 6525703

[TCP数据流] 2025/11/16 19:12:25 - 浮点解 (26颗卫星)
  ECEF: X=-1963377.0422 Y=5400033.0171 Z=2759898.5812
  LLH:  Lat=25.806695412° Lon=109.980563840° H=231.0766m
  原始数据:
2025/11/16 11:12:43.000   25.806695412  109.980563840   231.0766   2  26   0.0105   0.0391   0.0435   0.0066  -0.0225   0.0095  24.00    1.0 6525703

[TCP数据流] 2025/11/16 19:12:26 - 浮点解 (26颗卫星)
  ECEF: X=-1963377.0435 Y=5400033.0164 Z=2759898.5812
  LLH:  Lat=25.806695413° Lon=109.980563854° H=231.0763m
  原始数据:
2025/11/16 11:12:44.000   25.806695413  109.980563854   231.0763   2  26   0.0105   0.0390   0.0435   0.0066  -0.0225   0.0095  25.00    1.2 6525703

[TCP数据流] 2025/11/16 19:12:27 - 浮点解 (26颗卫星)
  ECEF: X=-1963377.0439 Y=5400033.0158 Z=2759898.5810
  LLH:  Lat=25.806695413° Lon=109.980563860° H=231.0759m
  原始数据:
2025/11/16 11:12:45.000   25.806695413  109.980563860   231.0759   2  26   0.0105   0.0390   0.0435   0.0066  -0.0225   0.0095  26.00    1.0 6525703

[TCP数据流] 2025/11/16 19:12:28 - 浮点解 (26颗卫星)
  ECEF: X=-1963377.0461 Y=5400033.0135 Z=2759898.5803
  LLH:  Lat=25.806695413° Lon=109.980563889° H=231.0743m
  原始数据:
2025/11/16 11:12:46.000   25.806695413  109.980563889   231.0743   2  26   0.0105   0.0389   0.0435   0.0065  -0.0224   0.0095  27.00    1.0 6525703

[TCP数据流] 2025/11/16 19:12:29 - 浮点解 (26颗卫星)
  ECEF: X=-1963377.0470 Y=5400033.0122 Z=2759898.5800
  LLH:  Lat=25.806695414° Lon=109.980563901° H=231.0734m
  原始数据:
2025/11/16 11:12:47.000   25.806695414  109.980563901   231.0734   2  26   0.0105   0.0389   0.0435   0.0065  -0.0224   0.0095  28.00    1.1 6525703

[TCP数据流] 2025/11/16 19:12:30 - 浮点解 (26颗卫星)
  ECEF: X=-1963377.0478 Y=5400033.0106 Z=2759898.5793
  LLH:  Lat=25.806695413° Lon=109.980563914° H=231.0719m
  原始数据:
2025/11/16 11:12:48.000   25.806695413  109.980563914   231.0719   2  26   0.0105   0.0388   0.0435   0.0065  -0.0224   0.0095  29.00    1.0 6525703

[TCP数据流] 2025/11/16 19:12:31 - 浮点解 (26颗卫星)
  ECEF: X=-1963377.0484 Y=5400033.0100 Z=2759898.5791
  LLH:  Lat=25.806695413° Lon=109.980563922° H=231.0715m
  原始数据:
2025/11/16 11:12:49.000   25.806695413  109.980563922   231.0715   2  26   0.0105   0.0388   0.0434   0.0065  -0.0224   0.0095  30.00    1.1 6525703

[TCP数据流] 2025/11/16 19:13:13 - 浮点解 (26颗卫星)
  ECEF: X=-1963377.0453 Y=5400033.0264 Z=2759898.5895
  LLH:  Lat=25.806695441° Lon=109.980563837° H=231.0890m
  原始数据:
2025/11/16 11:13:31.000   25.806695441  109.980563837   231.0890   2  26   0.0105   0.0386   0.0434   0.0065  -0.0223   0.0094   1.00    1.3 6525703

[TCP数据流] 2025/11/16 19:13:14 - 浮点解 (26颗卫星)
  ECEF: X=-1963377.0438 Y=5400033.0305 Z=2759898.5919
  LLH:  Lat=25.806695447° Lon=109.980563809° H=231.0930m
  原始数据:
2025/11/16 11:13:32.000   25.806695447  109.980563809   231.0930   2  26   0.0105   0.0385   0.0433   0.0065  -0.0222   0.0094   1.00    1.4 6525703

[TCP数据流] 2025/11/16 19:13:15 - 浮点解 (26颗卫星)
  ECEF: X=-1963377.0435 Y=5400033.0322 Z=2759898.5929
  LLH:  Lat=25.806695450° Lon=109.980563800° H=231.0948m
  原始数据:
2025/11/16 11:13:33.000   25.806695450  109.980563800   231.0948   2  26   0.0105   0.0385   0.0433   0.0065  -0.0222   0.0094   2.00    1.3 6525703

[TCP数据流] 2025/11/16 19:13:16 - 浮点解 (26颗卫星)
  ECEF: X=-1963377.0433 Y=5400033.0331 Z=2759898.5933
  LLH:  Lat=25.806695450° Lon=109.980563795° H=231.0957m
  原始数据:
2025/11/16 11:13:34.000   25.806695450  109.980563795   231.0957   2  26   0.0105   0.0384   0.0433   0.0065  -0.0222   0.0094   3.00    1.7 6525703

[TCP数据流] 2025/11/16 19:13:17 - 浮点解 (26颗卫星)
  ECEF: X=-1963377.0428 Y=5400033.0335 Z=2759898.5934
  LLH:  Lat=25.806695450° Lon=109.980563790° H=231.0959m
  原始数据:
2025/11/16 11:13:35.000   25.806695450  109.980563790   231.0959   2  26   0.0105   0.0384   0.0433   0.0065  -0.0221   0.0094   4.00    1.6 6525703

[TCP数据流] 2025/11/16 19:13:18 - 浮点解 (26颗卫星)
  ECEF: X=-1963377.0423 Y=5400033.0338 Z=2759898.5934
  LLH:  Lat=25.806695449° Lon=109.980563784° H=231.0960m
  原始数据:
2025/11/16 11:13:36.000   25.806695449  109.980563784   231.0960   2  26   0.0105   0.0383   0.0433   0.0065  -0.0221   0.0094   5.00    1.1 6525703

[TCP数据流] 2025/11/16 19:13:19 - 浮点解 (26颗卫星)
  ECEF: X=-1963377.0427 Y=5400033.0333 Z=2759898.5932
  LLH:  Lat=25.806695449° Lon=109.980563789° H=231.0956m
  原始数据:
2025/11/16 11:13:37.000   25.806695449  109.980563789   231.0956   2  26   0.0105   0.0383   0.0432   0.0065  -0.0221   0.0094   6.00    1.5 6525703

[TCP数据流] 2025/11/16 19:13:20 - 浮点解 (26颗卫星)
  ECEF: X=-1963377.0431 Y=5400033.0319 Z=2759898.5925
  LLH:  Lat=25.806695448° Lon=109.980563798° H=231.0943m
  原始数据:
2025/11/16 11:13:38.000   25.806695448  109.980563798   231.0943   2  26   0.0105   0.0382   0.0432   0.0065  -0.0220   0.0094   7.00    1.5 6525703

[TCP数据流] 2025/11/16 19:13:21 - 浮点解 (26颗卫星)
  ECEF: X=-1963377.0433 Y=5400033.0301 Z=2759898.5915
  LLH:  Lat=25.806695446° Lon=109.980563806° H=231.0924m
  原始数据:
2025/11/16 11:13:39.000   25.806695446  109.980563806   231.0924   2  26   0.0105   0.0382   0.0432   0.0065  -0.0220   0.0094   8.00    2.2 6525703

[TCP数据流] 2025/11/16 19:13:22 - 浮点解 (26颗卫星)
  ECEF: X=-1963377.0435 Y=5400033.0289 Z=2759898.5908
  LLH:  Lat=25.806695445° Lon=109.980563812° H=231.0911m
  原始数据:
2025/11/16 11:13:40.000   25.806695445  109.980563812   231.0911   2  26   0.0105   0.0381   0.0432   0.0065  -0.0220   0.0094   9.00    2.1 6525703

[TCP数据流] 2025/11/16 19:13:23 - 浮点解 (26颗卫星)
  ECEF: X=-1963377.0420 Y=5400033.0288 Z=2759898.5904
  LLH:  Lat=25.806695444° Lon=109.980563798° H=231.0904m
  原始数据:
2025/11/16 11:13:41.000   25.806695444  109.980563798   231.0904   2  26   0.0105   0.0381   0.0432   0.0065  -0.0220   0.0094  10.00    1.4 6525703

[TCP数据流] 2025/11/16 19:13:24 - 浮点解 (26颗卫星)
  ECEF: X=-1963377.0410 Y=5400033.0295 Z=2759898.5905
  LLH:  Lat=25.806695443° Lon=109.980563786° H=231.0907m
  原始数据:
2025/11/16 11:13:42.000   25.806695443  109.980563786   231.0907   2  26   0.0105   0.0381   0.0432   0.0065  -0.0219   0.0094  11.00    1.6 6525703

[TCP数据流] 2025/11/16 19:13:25 - 浮点解 (26颗卫星)
  ECEF: X=-1963377.0404 Y=5400033.0293 Z=2759898.5903
  LLH:  Lat=25.806695443° Lon=109.980563781° H=231.0903m
  原始数据:
2025/11/16 11:13:43.000   25.806695443  109.980563781   231.0903   2  26   0.0105   0.0380   0.0431   0.0065  -0.0219   0.0094  12.00    1.4 6525703

[TCP数据流] 2025/11/16 19:13:27 - 浮点解 (26颗卫星)
  ECEF: X=-1963377.0403 Y=5400033.0329 Z=2759898.5925
  LLH:  Lat=25.806695448° Lon=109.980563768° H=231.0942m
  原始数据:
2025/11/16 11:13:45.000   25.806695448  109.980563768   231.0942   2  26   0.0105   0.0380   0.0431   0.0065  -0.0219   0.0094   0.00    1.3 6525703

[TCP数据流] 2025/11/16 19:13:28 - 浮点解 (26颗卫星)
  ECEF: X=-1963377.0387 Y=5400033.0362 Z=2759898.5944
  LLH:  Lat=25.806695453° Lon=109.980563742° H=231.0974m
  原始数据:
2025/11/16 11:13:46.000   25.806695453  109.980563742   231.0974   2  26   0.0105   0.0379   0.0431   0.0065  -0.0218   0.0093   1.00    1.3 6525703

[TCP数据流] 2025/11/16 19:13:29 - 浮点解 (26颗卫星)
  ECEF: X=-1963377.0378 Y=5400033.0382 Z=2759898.5956
  LLH:  Lat=25.806695457° Lon=109.980563727° H=231.0993m
  原始数据:
2025/11/16 11:13:47.000   25.806695457  109.980563727   231.0993   2  26   0.0105   0.0378   0.0431   0.0065  -0.0218   0.0093   1.00    1.3 6525703

[TCP数据流] 2025/11/16 19:13:30 - 浮点解 (26颗卫星)
  ECEF: X=-1963377.0366 Y=5400033.0397 Z=2759898.5965
  LLH:  Lat=25.806695460° Lon=109.980563710° H=231.1006m
  原始数据:
2025/11/16 11:13:48.000   25.806695460  109.980563710   231.1006   2  26   0.0105   0.0378   0.0431   0.0065  -0.0218   0.0093   2.00    1.3 6525703

[TCP数据流] 2025/11/16 19:13:31 - 浮点解 (26颗卫星)
  ECEF: X=-1963377.0366 Y=5400033.0399 Z=2759898.5968
  LLH:  Lat=25.806695462° Lon=109.980563709° H=231.1009m
  原始数据:
2025/11/16 11:13:49.000   25.806695462  109.980563709   231.1009   2  26   0.0105   0.0378   0.0430   0.0065  -0.0217   0.0093   3.00    1.3 6525703

[TCP数据流] 2025/11/16 19:13:32 - 浮点解 (26颗卫星)
  ECEF: X=-1963377.0368 Y=5400033.0392 Z=2759898.5966
  LLH:  Lat=25.806695463° Lon=109.980563714° H=231.1003m
  原始数据:
2025/11/16 11:13:50.000   25.806695463  109.980563714   231.1003   2  26   0.0105   0.0377   0.0430   0.0065  -0.0217   0.0093   4.00    1.2 6525703

[TCP数据流] 2025/11/16 19:13:33 - 浮点解 (26颗卫星)
  ECEF: X=-1963377.0367 Y=5400033.0385 Z=2759898.5963
  LLH:  Lat=25.806695463° Lon=109.980563715° H=231.0995m
  原始数据:
2025/11/16 11:13:51.000   25.806695463  109.980563715   231.0995   2  26   0.0105   0.0377   0.0430   0.0065  -0.0217   0.0093   5.00    1.2 6525703

[TCP数据流] 2025/11/16 19:13:34 - 浮点解 (26颗卫星)
  ECEF: X=-1963377.0370 Y=5400033.0372 Z=2759898.5958
  LLH:  Lat=25.806695463° Lon=109.980563722° H=231.0983m
  原始数据:
2025/11/16 11:13:52.000   25.806695463  109.980563722   231.0983   2  26   0.0105   0.0376   0.0430   0.0065  -0.0217   0.0093   6.00    1.7 6525703

[TCP数据流] 2025/11/16 19:13:35 - 浮点解 (26颗卫星)
  ECEF: X=-1963377.0364 Y=5400033.0360 Z=2759898.5950
  LLH:  Lat=25.806695462° Lon=109.980563721° H=231.0968m
  原始数据:
2025/11/16 11:13:53.000   25.806695462  109.980563721   231.0968   2  26   0.0105   0.0376   0.0430   0.0065  -0.0216   0.0093   7.00    1.7 6525703

[TCP数据流] 2025/11/16 19:13:36 - 浮点解 (26颗卫星)
  ECEF: X=-1963377.0376 Y=5400033.0336 Z=2759898.5941
  LLH:  Lat=25.806695462° Lon=109.980563740° H=231.0947m
  原始数据:
2025/11/16 11:13:54.000   25.806695462  109.980563740   231.0947   2  26   0.0105   0.0375   0.0430   0.0065  -0.0216   0.0093   8.00    1.7 6525703

[TCP数据流] 2025/11/16 19:13:37 - 浮点解 (26颗卫星)
  ECEF: X=-1963377.0373 Y=5400033.0323 Z=2759898.5933
  LLH:  Lat=25.806695461° Lon=109.980563742° H=231.0932m
  原始数据:
2025/11/16 11:13:55.000   25.806695461  109.980563742   231.0932   2  26   0.0105   0.0375   0.0429   0.0065  -0.0216   0.0093   9.00    1.7 6525703

[TCP数据流] 2025/11/16 19:13:38 - 浮点解 (26颗卫星)
  ECEF: X=-1963377.0366 Y=5400033.0311 Z=2759898.5925
  LLH:  Lat=25.806695460° Lon=109.980563740° H=231.0916m
  原始数据:
2025/11/16 11:13:56.000   25.806695460  109.980563740   231.0916   2  26   0.0105   0.0374   0.0429   0.0065  -0.0216   0.0093  10.00    1.7 6525703

[TCP数据流] 2025/11/16 19:13:39 - 浮点解 (26颗卫星)
  ECEF: X=-1963377.0369 Y=5400033.0289 Z=2759898.5915
  LLH:  Lat=25.806695459° Lon=109.980563750° H=231.0894m
  原始数据:
2025/11/16 11:13:57.000   25.806695459  109.980563750   231.0894   2  26   0.0105   0.0374   0.0429   0.0065  -0.0215   0.0093  11.00    1.4 6525703

[TCP数据流] 2025/11/16 19:13:40 - 浮点解 (26颗卫星)
  ECEF: X=-1963377.0367 Y=5400033.0273 Z=2759898.5906
  LLH:  Lat=25.806695458° Lon=109.980563753° H=231.0876m
  原始数据:
2025/11/16 11:13:58.000   25.806695458  109.980563753   231.0876   2  26   0.0105   0.0373   0.0429   0.0065  -0.0215   0.0093  12.00    1.4 6525703

[TCP数据流] 2025/11/16 19:13:41 - 浮点解 (26颗卫星)
  ECEF: X=-1963377.0359 Y=5400033.0258 Z=2759898.5895
  LLH:  Lat=25.806695456° Lon=109.980563751° H=231.0856m
  原始数据:
2025/11/16 11:13:59.000   25.806695456  109.980563751   231.0856   2  26   0.0105   0.0373   0.0429   0.0065  -0.0215   0.0093  13.00    1.6 6525703

[TCP数据流] 2025/11/16 19:13:42 - 浮点解 (26颗卫星)
  ECEF: X=-1963377.0351 Y=5400033.0241 Z=2759898.5885
  LLH:  Lat=25.806695455° Lon=109.980563749° H=231.0835m
  原始数据:
2025/11/16 11:14:00.000   25.806695455  109.980563749   231.0835   2  26   0.0105   0.0373   0.0429   0.0065  -0.0214   0.0093  14.00    1.1 6525703

[TCP数据流] 2025/11/16 19:13:43 - 浮点解 (26颗卫星)
  ECEF: X=-1963377.0350 Y=5400033.0219 Z=2759898.5872
  LLH:  Lat=25.806695453° Lon=109.980563756° H=231.0810m
  原始数据:
2025/11/16 11:14:01.000   25.806695453  109.980563756   231.0810   2  26   0.0105   0.0372   0.0428   0.0065  -0.0214   0.0093  15.00    1.1 6525703

[TCP数据流] 2025/11/16 19:13:44 - 浮点解 (26颗卫星)
  ECEF: X=-1963377.0357 Y=5400033.0191 Z=2759898.5859
  LLH:  Lat=25.806695452° Lon=109.980563772° H=231.0783m
  原始数据:
2025/11/16 11:14:02.000   25.806695452  109.980563772   231.0783   2  26   0.0105   0.0372   0.0428   0.0065  -0.0214   0.0092  16.00    1.1 6525703

[TCP数据流] 2025/11/16 19:13:46 - 浮点解 (26颗卫星)
  ECEF: X=-1963377.0364 Y=5400033.0167 Z=2759898.5848
  LLH:  Lat=25.806695451° Lon=109.980563787° H=231.0760m
  原始数据:
2025/11/16 11:14:04.000   25.806695451  109.980563787   231.0760   2  26   0.0105   0.0371   0.0428   0.0065  -0.0214   0.0092  18.00    1.1 6525703

[TCP数据流] 2025/11/16 19:13:47 - 浮点解 (26颗卫星)
  ECEF: X=-1963377.0367 Y=5400033.0148 Z=2759898.5838
  LLH:  Lat=25.806695449° Lon=109.980563796° H=231.0740m
  原始数据:
2025/11/16 11:14:05.000   25.806695449  109.980563796   231.0740   2  26   0.0105   0.0371   0.0428   0.0065  -0.0213   0.0092  19.00    1.3 6525703

[TCP数据流] 2025/11/16 19:13:48 - 浮点解 (26颗卫星)
  ECEF: X=-1963377.0361 Y=5400033.0130 Z=2759898.5826
  LLH:  Lat=25.806695447° Lon=109.980563797° H=231.0718m
  原始数据:
2025/11/16 11:14:06.000   25.806695447  109.980563797   231.0718   2  26   0.0105   0.0371   0.0428   0.0065  -0.0213   0.0092  20.00    1.3 6525703

[TCP数据流] 2025/11/16 19:13:49 - 浮点解 (26颗卫星)
  ECEF: X=-1963377.0359 Y=5400033.0116 Z=2759898.5818
  LLH:  Lat=25.806695446° Lon=109.980563799° H=231.0702m
  原始数据:
2025/11/16 11:14:07.000   25.806695446  109.980563799   231.0702   2  26   0.0105   0.0370   0.0428   0.0064  -0.0213   0.0092  21.00    1.3 6525703

[TCP数据流] 2025/11/16 19:13:50 - 浮点解 (26颗卫星)
  ECEF: X=-1963377.0359 Y=5400033.0096 Z=2759898.5807
  LLH:  Lat=25.806695444° Lon=109.980563806° H=231.0680m
  原始数据:
2025/11/16 11:14:08.000   25.806695444  109.980563806   231.0680   2  26   0.0105   0.0370   0.0428   0.0064  -0.0213   0.0092  22.00    1.1 6525703

[TCP数据流] 2025/11/16 19:13:51 - 浮点解 (26颗卫星)
  ECEF: X=-1963377.0355 Y=5400033.0078 Z=2759898.5796
  LLH:  Lat=25.806695442° Lon=109.980563809° H=231.0659m
  原始数据:
2025/11/16 11:14:09.000   25.806695442  109.980563809   231.0659   2  26   0.0105   0.0369   0.0427   0.0064  -0.0212   0.0092  23.00    1.1 6525703

[TCP数据流] 2025/11/16 19:13:52 - 浮点解 (26颗卫星)
  ECEF: X=-1963377.0361 Y=5400033.0054 Z=2759898.5785
  LLH:  Lat=25.806695441° Lon=109.980563822° H=231.0636m
  原始数据:
2025/11/16 11:14:10.000   25.806695441  109.980563822   231.0636   2  26   0.0105   0.0369   0.0427   0.0064  -0.0212   0.0092  24.00    1.1 6525703

[TCP数据流] 2025/11/16 19:13:53 - 浮点解 (26颗卫星)
  ECEF: X=-1963377.0352 Y=5400033.0043 Z=2759898.5777
  LLH:  Lat=25.806695440° Lon=109.980563818° H=231.0620m
  原始数据:
2025/11/16 11:14:11.000   25.806695440  109.980563818   231.0620   2  26   0.0105   0.0368   0.0427   0.0064  -0.0212   0.0092  25.00    1.0 6525703

[TCP数据流] 2025/11/16 19:13:54 - 浮点解 (26颗卫星)
  ECEF: X=-1963377.0343 Y=5400033.0027 Z=2759898.5764
  LLH:  Lat=25.806695437° Lon=109.980563815° H=231.0599m
  原始数据:
2025/11/16 11:14:12.000   25.806695437  109.980563815   231.0599   2  26   0.0105   0.0368   0.0427   0.0064  -0.0212   0.0092  26.00    1.1 6525703

[TCP数据流] 2025/11/16 19:13:55 - 浮点解 (26颗卫星)
  ECEF: X=-1963377.0339 Y=5400033.0012 Z=2759898.5756
  LLH:  Lat=25.806695436° Lon=109.980563816° H=231.0581m
  原始数据:
2025/11/16 11:14:13.000   25.806695436  109.980563816   231.0581   2  26   0.0105   0.0368   0.0427   0.0064  -0.0212   0.0092  27.00    1.1 6525703

[TCP数据流] 2025/11/16 19:14:22 - 浮点解 (26颗卫星)
  ECEF: X=-1963377.0281 Y=5400033.0142 Z=2759898.5827
  LLH:  Lat=25.806695454° Lon=109.980563717° H=231.0704m
  原始数据:
2025/11/16 11:14:40.000   25.806695454  109.980563717   231.0704   2  26   0.0104   0.0366   0.0426   0.0064  -0.0211   0.0092   2.00    1.1 6525703

[TCP数据流] 2025/11/16 19:14:23 - 浮点解 (26颗卫星)
  ECEF: X=-1963377.0271 Y=5400033.0168 Z=2759898.5840
  LLH:  Lat=25.806695456° Lon=109.980563699° H=231.0728m
  原始数据:
2025/11/16 11:14:41.000   25.806695456  109.980563699   231.0728   2  26   0.0104   0.0366   0.0426   0.0064  -0.0210   0.0092   3.00    1.1 6525703

[TCP数据流] 2025/11/16 19:14:24 - 浮点解 (26颗卫星)
  ECEF: X=-1963377.0254 Y=5400033.0193 Z=2759898.5850
  LLH:  Lat=25.806695457° Lon=109.980563675° H=231.0749m
  原始数据:
2025/11/16 11:14:42.000   25.806695457  109.980563675   231.0749   2  26   0.0104   0.0366   0.0425   0.0064  -0.0210   0.0091   4.00    1.0 6525703

[TCP数据流] 2025/11/16 19:14:25 - 浮点解 (26颗卫星)
  ECEF: X=-1963377.0245 Y=5400033.0206 Z=2759898.5855
  LLH:  Lat=25.806695458° Lon=109.980563662° H=231.0760m
  原始数据:
2025/11/16 11:14:43.000   25.806695458  109.980563662   231.0760   2  26   0.0104   0.0365   0.0425   0.0064  -0.0210   0.0091   5.00    1.1 6525703

[TCP数据流] 2025/11/16 19:14:26 - 浮点解 (26颗卫星)
  ECEF: X=-1963377.0239 Y=5400033.0204 Z=2759898.5851
  LLH:  Lat=25.806695456° Lon=109.980563657° H=231.0754m
  原始数据:
2025/11/16 11:14:44.000   25.806695456  109.980563657   231.0754   2  26   0.0104   0.0365   0.0425   0.0064  -0.0209   0.0091   6.00    1.0 6525703

[TCP数据流] 2025/11/16 19:14:27 - 浮点解 (26颗卫星)
  ECEF: X=-1963377.0232 Y=5400033.0206 Z=2759898.5850
  LLH:  Lat=25.806695456° Lon=109.980563650° H=231.0753m
  原始数据:
2025/11/16 11:14:45.000   25.806695456  109.980563650   231.0753   2  26   0.0104   0.0364   0.0425   0.0064  -0.0209   0.0091   7.00    1.9 6525703

[TCP数据流] 2025/11/16 19:14:29 - 浮点解 (26颗卫星)
  ECEF: X=-1963377.0231 Y=5400033.0193 Z=2759898.5842
  LLH:  Lat=25.806695454° Lon=109.980563653° H=231.0738m
  原始数据:
2025/11/16 11:14:47.000   25.806695454  109.980563653   231.0738   2  26   0.0104   0.0364   0.0425   0.0064  -0.0209   0.0091   9.00    1.7 6525703

[TCP数据流] 2025/11/16 19:14:30 - 浮点解 (26颗卫星)
  ECEF: X=-1963377.0225 Y=5400033.0183 Z=2759898.5834
  LLH:  Lat=25.806695452° Lon=109.980563651° H=231.0725m
  原始数据:
2025/11/16 11:14:48.000   25.806695452  109.980563651   231.0725   2  26   0.0104   0.0364   0.0424   0.0064  -0.0209   0.0091  10.00    1.3 6525703

[TCP数据流] 2025/11/16 19:14:32 - 浮点解 (26颗卫星)
  ECEF: X=-1963377.0212 Y=5400033.0178 Z=2759898.5826
  LLH:  Lat=25.806695449° Lon=109.980563640° H=231.0713m
  原始数据:
2025/11/16 11:14:50.000   25.806695449  109.980563640   231.0713   2  26   0.0104   0.0363   0.0424   0.0064  -0.0208   0.0091  12.00    1.4 6525703

[TCP数据流] 2025/11/16 19:14:33 - 浮点解 (26颗卫星)
  ECEF: X=-1963377.0197 Y=5400033.0169 Z=2759898.5816
  LLH:  Lat=25.806695446° Lon=109.980563630° H=231.0696m
  原始数据:
2025/11/16 11:14:51.000   25.806695446  109.980563630   231.0696   2  26   0.0104   0.0363   0.0424   0.0064  -0.0208   0.0091  13.00    1.3 6525703

[TCP数据流] 2025/11/16 19:14:34 - 浮点解 (26颗卫星)
  ECEF: X=-1963377.0191 Y=5400033.0159 Z=2759898.5808
  LLH:  Lat=25.806695444° Lon=109.980563627° H=231.0682m
  原始数据:
2025/11/16 11:14:52.000   25.806695444  109.980563627   231.0682   2  26   0.0104   0.0362   0.0424   0.0064  -0.0208   0.0091  14.00    1.2 6525703

[TCP数据流] 2025/11/16 19:14:35 - 浮点解 (26颗卫星)
  ECEF: X=-1963377.0188 Y=5400033.0139 Z=2759898.5795
  LLH:  Lat=25.806695441° Lon=109.980563631° H=231.0659m
  原始数据:
2025/11/16 11:14:53.000   25.806695441  109.980563631   231.0659   2  26   0.0104   0.0362   0.0424   0.0064  -0.0208   0.0091  15.00    1.4 6525703

[TCP数据流] 2025/11/16 19:14:36 - 浮点解 (26颗卫星)
  ECEF: X=-1963377.0178 Y=5400033.0127 Z=2759898.5785
  LLH:  Lat=25.806695439° Lon=109.980563626° H=231.0641m
  原始数据:
2025/11/16 11:14:54.000   25.806695439  109.980563626   231.0641   2  26   0.0104   0.0362   0.0424   0.0064  -0.0207   0.0091  16.00    1.3 6525703

[TCP数据流] 2025/11/16 19:14:37 - 浮点解 (26颗卫星)
  ECEF: X=-1963377.0168 Y=5400033.0118 Z=2759898.5776
  LLH:  Lat=25.806695436° Lon=109.980563620° H=231.0627m
  原始数据:
2025/11/16 11:14:55.000   25.806695436  109.980563620   231.0627   2  26   0.0104   0.0361   0.0424   0.0064  -0.0207   0.0091  17.00    1.2 6525703

[TCP数据流] 2025/11/16 19:14:38 - 浮点解 (26颗卫星)
  ECEF: X=-1963377.0153 Y=5400033.0104 Z=2759898.5764
  LLH:  Lat=25.806695434° Lon=109.980563610° H=231.0605m
  原始数据:
2025/11/16 11:14:56.000   25.806695434  109.980563610   231.0605   2  26   0.0104   0.0361   0.0423   0.0064  -0.0207   0.0091  18.00    1.2 6525703

[TCP数据流] 2025/11/16 19:14:39 - 浮点解 (26颗卫星)
  ECEF: X=-1963377.0134 Y=5400033.0102 Z=2759898.5756
  LLH:  Lat=25.806695431° Lon=109.980563593° H=231.0594m
  原始数据:
2025/11/16 11:14:57.000   25.806695431  109.980563593   231.0594   2  26   0.0104   0.0360   0.0423   0.0064  -0.0207   0.0091  19.00    1.2 6525703

[TCP数据流] 2025/11/16 19:14:41 - 浮点解 (26颗卫星)
  ECEF: X=-1963377.0113 Y=5400033.0091 Z=2759898.5746
  LLH:  Lat=25.806695429° Lon=109.980563577° H=231.0574m
  原始数据:
2025/11/16 11:14:59.000   25.806695429  109.980563577   231.0574   2  26   0.0104   0.0360   0.0423   0.0064  -0.0206   0.0091  21.00    1.3 6525703

[TCP数据流] 2025/11/16 19:14:42 - 浮点解 (26颗卫星)
  ECEF: X=-1963377.0099 Y=5400033.0077 Z=2759898.5734
  LLH:  Lat=25.806695427° Lon=109.980563569° H=231.0553m
  原始数据:
2025/11/16 11:15:00.000   25.806695427  109.980563569   231.0553   2  26   0.0104   0.0360   0.0423   0.0064  -0.0206   0.0091  22.00    1.2 6525703

[TCP数据流] 2025/11/16 19:14:43 - 浮点解 (26颗卫星)
  ECEF: X=-1963377.0085 Y=5400033.0056 Z=2759898.5719
  LLH:  Lat=25.806695424° Lon=109.980563563° H=231.0524m
  原始数据:
2025/11/16 11:15:01.000   25.806695424  109.980563563   231.0524   2  26   0.0104   0.0359   0.0423   0.0064  -0.0206   0.0090  23.00    1.1 6525703

[TCP数据流] 2025/11/16 19:14:44 - 浮点解 (26颗卫星)
  ECEF: X=-1963377.0057 Y=5400033.0052 Z=2759898.5708
  LLH:  Lat=25.806695421° Lon=109.980563538° H=231.0507m
  原始数据:
2025/11/16 11:15:02.000   25.806695421  109.980563538   231.0507   2  26   0.0104   0.0359   0.0423   0.0064  -0.0206   0.0090  24.00    1.3 6525703

[TCP数据流] 2025/11/16 19:14:46 - 浮点解 (26颗卫星)
  ECEF: X=-1963377.0038 Y=5400033.0035 Z=2759898.5693
  LLH:  Lat=25.806695417° Lon=109.980563526° H=231.0480m
  原始数据:
2025/11/16 11:15:04.000   25.806695417  109.980563526   231.0480   2  26   0.0104   0.0359   0.0423   0.0064  -0.0206   0.0090  26.00    1.2 6525703

[TCP数据流] 2025/11/16 19:14:47 - 浮点解 (26颗卫星)
  ECEF: X=-1963377.0014 Y=5400033.0022 Z=2759898.5678
  LLH:  Lat=25.806695413° Lon=109.980563508° H=231.0456m
  原始数据:
2025/11/16 11:15:05.000   25.806695413  109.980563508   231.0456   2  26   0.0104   0.0358   0.0422   0.0064  -0.0205   0.0090  27.00    1.1 6525703

[TCP数据流] 2025/11/16 19:14:48 - 浮点解 (26颗卫星)
  ECEF: X=-1963376.9994 Y=5400033.0009 Z=2759898.5665
  LLH:  Lat=25.806695410° Lon=109.980563494° H=231.0433m
  原始数据:
2025/11/16 11:15:06.000   25.806695410  109.980563494   231.0433   2  26   0.0104   0.0358   0.0422   0.0063  -0.0205   0.0090  28.00    1.1 6525703

[TCP数据流] 2025/11/16 19:14:50 - 浮点解 (22颗卫星)
  ECEF: X=-1963376.9970 Y=5400033.0007 Z=2759898.5658
  LLH:  Lat=25.806695408° Lon=109.980563472° H=231.0421m
  原始数据:
2025/11/16 11:15:08.000   25.806695408  109.980563472   231.0421   2  22   0.0104   0.0358   0.0422   0.0063  -0.0205   0.0090  30.00    1.0 6525703

[TCP数据流] 2025/11/16 19:16:35 - 浮点解 (26颗卫星)
  ECEF: X=-1963376.9958 Y=5400033.0164 Z=2759898.5770
  LLH:  Lat=25.806695443° Lon=109.980563407° H=231.0598m
  原始数据:
2025/11/16 11:16:53.000   25.806695443  109.980563407   231.0598   2  26   0.0104   0.0356   0.0419   0.0064  -0.0203   0.0089   1.00    1.1 6525703

========== RTKRCV 退出 ==========
时间: 2025-11-16T11:17:33.112Z
退出码: 0
信号: null
================================

