
========== RTKRCV 启动 ==========
时间: 2025-11-16T10:24:08.798Z
配置文件: 6541864.conf
进程 PID: 3587297
================================


[TCP数据流] 2025/11/16 18:25:09 - 浮点解 (24颗卫星)
  ECEF: X=-1576094.9029 Y=5600217.4143 Z=2606521.4866
  LLH:  Lat=24.277586079° Lon=105.718438419° H=440.3603m
  原始数据:
2025/11/16 10:25:27.000   24.277586079  105.718438419   440.3603   2  24   0.3353   0.3276   1.2212   0.1468  -0.3764  -0.3236   0.00    0.0 6541864

[TCP数据流] 2025/11/16 18:25:10 - 浮点解 (24颗卫星)
  ECEF: X=-1576094.9595 Y=5600217.5467 Z=2606521.5895
  LLH:  Lat=24.277586395° Lon=105.718438602° H=440.5328m
  原始数据:
2025/11/16 10:25:28.000   24.277586395  105.718438602   440.5328   2  24   0.3113   0.3055   1.1298   0.1363  -0.3495  -0.3021   1.00    0.0 6541864

[TCP数据流] 2025/11/16 18:25:11 - 浮点解 (24颗卫星)
  ECEF: X=-1576094.9539 Y=5600217.3447 Z=2606521.5707
  LLH:  Lat=24.277586968° Lon=105.718439088° H=440.3464m
  原始数据:
2025/11/16 10:25:29.000   24.277586968  105.718439088   440.3464   2  24   0.2919   0.2874   1.0546   0.1277  -0.3269  -0.2837   2.00    0.0 6541864

[TCP数据流] 2025/11/16 18:25:12 - 浮点解 (24颗卫星)
  ECEF: X=-1576094.9670 Y=5600217.0832 Z=2606521.5301
  LLH:  Lat=24.277587555° Lon=105.718439910° H=440.1035m
  原始数据:
2025/11/16 10:25:30.000   24.277587555  105.718439910   440.1035   2  24   0.2756   0.2720   0.9912   0.1204  -0.3077  -0.2681   3.00    0.0 6541864

[TCP数据流] 2025/11/16 18:25:13 - 浮点解 (24颗卫星)
  ECEF: X=-1576094.9545 Y=5600216.7588 Z=2606521.4647
  LLH:  Lat=24.277588188° Lon=105.718440657° H=439.7889m
  原始数据:
2025/11/16 10:25:31.000   24.277588188  105.718440657   439.7889   2  24   0.2619   0.2589   0.9384   0.1140  -0.2909  -0.2559   4.00    0.0 6541864

[TCP数据流] 2025/11/16 18:25:14 - 浮点解 (24颗卫星)
  ECEF: X=-1576094.9376 Y=5600216.3721 Z=2606521.3853
  LLH:  Lat=24.277588934° Lon=105.718441528° H=439.4127m
  原始数据:
2025/11/16 10:25:32.000   24.277588934  105.718441528   439.4127   2  24   0.2500   0.2473   0.8919   0.1083  -0.2757  -0.2446   5.00    0.0 6541864

[TCP数据流] 2025/11/16 18:25:15 - 浮点解 (24颗卫星)
  ECEF: X=-1576094.9102 Y=5600215.9099 Z=2606521.2729
  LLH:  Lat=24.277589688° Lon=105.718442502° H=438.9542m
  原始数据:
2025/11/16 10:25:33.000   24.277589688  105.718442502   438.9542   2  24   0.2396   0.2373   0.8519   0.1034  -0.2631  -0.2350   6.00    0.0 6541864

[TCP数据流] 2025/11/16 18:25:16 - 浮点解 (24颗卫星)
  ECEF: X=-1576094.8133 Y=5600215.2467 Z=2606521.0851
  LLH:  Lat=24.277590609° Lon=105.718443352° H=438.2711m
  原始数据:
2025/11/16 10:25:34.000   24.277590609  105.718443352   438.2711   2  24   0.2305   0.2284   0.8167   0.0992  -0.2520  -0.2262   7.00    0.0 6541864

[TCP数据流] 2025/11/16 18:25:17 - 浮点解 (24颗卫星)
  ECEF: X=-1576094.8058 Y=5600214.8325 Z=2606520.9871
  LLH:  Lat=24.277591290° Lon=105.718444386° H=437.8655m
  原始数据:
2025/11/16 10:25:35.000   24.277591290  105.718444386   437.8655   2  24   0.2222   0.2205   0.7852   0.0954  -0.2420  -0.2182   8.00    0.0 6541864

[TCP数据流] 2025/11/16 18:25:18 - 浮点解 (24颗卫星)
  ECEF: X=-1576094.7864 Y=5600214.4546 Z=2606520.9123
  LLH:  Lat=24.277592045° Lon=105.718445211° H=437.4984m
  原始数据:
2025/11/16 10:25:36.000   24.277592045  105.718445211   437.4984   2  24   0.2148   0.2133   0.7568   0.0920  -0.2331  -0.2109   9.00    0.0 6541864

[TCP数据流] 2025/11/16 18:25:19 - 浮点解 (24颗卫星)
  ECEF: X=-1576094.7395 Y=5600214.0569 Z=2606520.8002
  LLH:  Lat=24.277592590° Lon=105.718445827° H=437.0917m
  原始数据:
2025/11/16 10:25:37.000   24.277592590  105.718445827   437.0917   2  24   0.2081   0.2066   0.7309   0.0888  -0.2247  -0.2043  10.00    0.0 6541864

[TCP数据流] 2025/11/16 18:25:20 - 浮点解 (24颗卫星)
  ECEF: X=-1576094.7225 Y=5600213.7413 Z=2606520.7380
  LLH:  Lat=24.277593223° Lon=105.718446508° H=436.7850m
  原始数据:
2025/11/16 10:25:38.000   24.277593223  105.718446508   436.7850   2  24   0.2019   0.2006   0.7074   0.0859  -0.2172  -0.1982  11.00    0.0 6541864

[TCP数据流] 2025/11/16 18:25:21 - 浮点解 (24颗卫星)
  ECEF: X=-1576094.6914 Y=5600213.4385 Z=2606520.6565
  LLH:  Lat=24.277593666° Lon=105.718447021° H=436.4781m
  原始数据:
2025/11/16 10:25:39.000   24.277593666  105.718447021   436.4781   2  24   0.1962   0.1950   0.6860   0.0833  -0.2103  -0.1927  12.00    0.0 6541864

[TCP数据流] 2025/11/16 18:25:22 - 浮点解 (24颗卫星)
  ECEF: X=-1576094.6698 Y=5600213.2107 Z=2606520.5970
  LLH:  Lat=24.277594012° Lon=105.718447424° H=436.2484m
  原始数据:
2025/11/16 10:25:40.000   24.277594012  105.718447424   436.2484   2  24   0.1911   0.1899   0.6663   0.0809  -0.2041  -0.1875  13.00    0.0 6541864

[TCP数据流] 2025/11/16 18:25:23 - 浮点解 (24颗卫星)
  ECEF: X=-1576094.6381 Y=5600212.9967 Z=2606520.5231
  LLH:  Lat=24.277594200° Lon=105.718447695° H=436.0224m
  原始数据:
2025/11/16 10:25:41.000   24.277594200  105.718447695   436.0224   2  24   0.1862   0.1852   0.6482   0.0787  -0.1983  -0.1827  14.00    0.0 6541864

[TCP数据流] 2025/11/16 18:25:24 - 浮点解 (24颗卫星)
  ECEF: X=-1576094.6147 Y=5600212.8399 Z=2606520.4674
  LLH:  Lat=24.277594325° Lon=105.718447891° H=435.8562m
  原始数据:
2025/11/16 10:25:42.000   24.277594325  105.718447891   435.8562   2  24   0.1818   0.1808   0.6315   0.0767  -0.1930  -0.1783  15.00    0.0 6541864

[TCP数据流] 2025/11/16 18:25:25 - 浮点解 (24颗卫星)
  ECEF: X=-1576094.6106 Y=5600212.7417 Z=2606520.4477
  LLH:  Lat=24.277594518° Lon=105.718448114° H=435.7609m
  原始数据:
2025/11/16 10:25:43.000   24.277594518  105.718448114   435.7609   2  24   0.1776   0.1767   0.6159   0.0748  -0.1881  -0.1742  16.00    0.0 6541864

[TCP数据流] 2025/11/16 18:25:26 - 浮点解 (24颗卫星)
  ECEF: X=-1576094.5954 Y=5600212.5937 Z=2606520.4074
  LLH:  Lat=24.277594731° Lon=105.718448365° H=435.6107m
  原始数据:
2025/11/16 10:25:44.000   24.277594731  105.718448365   435.6107   2  24   0.1737   0.1728   0.6015   0.0730  -0.1835  -0.1704  17.00    0.0 6541864

[TCP数据流] 2025/11/16 18:25:27 - 浮点解 (24颗卫星)
  ECEF: X=-1576094.5492 Y=5600212.3742 Z=2606520.3180
  LLH:  Lat=24.277594826° Lon=105.718448513° H=435.3699m
  原始数据:
2025/11/16 10:25:45.000   24.277594826  105.718448513   435.3699   2  24   0.1701   0.1692   0.5879   0.0714  -0.1793  -0.1668  18.00    0.0 6541864

[TCP数据流] 2025/11/16 18:25:28 - 浮点解 (24颗卫星)
  ECEF: X=-1576094.5318 Y=5600212.2545 Z=2606520.2784
  LLH:  Lat=24.277594945° Lon=105.718448667° H=435.2443m
  原始数据:
2025/11/16 10:25:46.000   24.277594945  105.718448667   435.2443   2  24   0.1667   0.1659   0.5754   0.0699  -0.1754  -0.1634  19.00    0.0 6541864

[TCP数据流] 2025/11/16 18:25:29 - 浮点解 (24颗卫星)
  ECEF: X=-1576094.5191 Y=5600212.1803 Z=2606520.2578
  LLH:  Lat=24.277595053° Lon=105.718448745° H=435.1676m
  原始数据:
2025/11/16 10:25:47.000   24.277595053  105.718448745   435.1676   2  24   0.1634   0.1628   0.5636   0.0685  -0.1718  -0.1602  20.00    0.0 6541864

[TCP数据流] 2025/11/16 18:25:30 - 浮点解 (24颗卫星)
  ECEF: X=-1576094.5063 Y=5600212.1010 Z=2606520.2445
  LLH:  Lat=24.277595240° Lon=105.718448835° H=435.0894m
  原始数据:
2025/11/16 10:25:48.000   24.277595240  105.718448835   435.0894   2  24   0.1604   0.1598   0.5524   0.0671  -0.1684  -0.1572  21.00    0.0 6541864

[TCP数据流] 2025/11/16 18:25:31 - 浮点解 (24颗卫星)
  ECEF: X=-1576094.5100 Y=5600212.0585 Z=2606520.2356
  LLH:  Lat=24.277595315° Lon=105.718448983° H=435.0493m
  原始数据:
2025/11/16 10:25:49.000   24.277595315  105.718448983   435.0493   2  24   0.1575   0.1570   0.5416   0.0660  -0.1653  -0.1542  22.00    0.0 6541864

[TCP数据流] 2025/11/16 18:25:32 - 浮点解 (24颗卫星)
  ECEF: X=-1576094.5187 Y=5600212.0258 Z=2606520.2234
  LLH:  Lat=24.277595323° Lon=105.718449153° H=435.0178m
  原始数据:
2025/11/16 10:25:50.000   24.277595323  105.718449153   435.0178   2  24   0.1547   0.1543   0.5314   0.0648  -0.1623  -0.1513  23.00    0.0 6541864

[TCP数据流] 2025/11/16 18:25:33 - 浮点解 (24颗卫星)
  ECEF: X=-1576094.5112 Y=5600211.9333 Z=2606520.1928
  LLH:  Lat=24.277595409° Lon=105.718449329° H=434.9222m
  原始数据:
2025/11/16 10:25:51.000   24.277595409  105.718449329   434.9222   2  24   0.1521   0.1517   0.5218   0.0638  -0.1595  -0.1486  24.00    0.0 6541864

[TCP数据流] 2025/11/16 18:25:34 - 浮点解 (24颗卫星)
  ECEF: X=-1576094.5238 Y=5600211.8608 Z=2606520.1770
  LLH:  Lat=24.277595525° Lon=105.718449642° H=434.8552m
  原始数据:
2025/11/16 10:25:52.000   24.277595525  105.718449642   434.8552   2  24   0.1497   0.1493   0.5126   0.0627  -0.1568  -0.1461  25.00    0.0 6541864

[TCP数据流] 2025/11/16 18:25:35 - 浮点解 (24颗卫星)
  ECEF: X=-1576094.5276 Y=5600211.7512 Z=2606520.1439
  LLH:  Lat=24.277595641° Lon=105.718449970° H=434.7463m
  原始数据:
2025/11/16 10:25:53.000   24.277595641  105.718449970   434.7463   2  24   0.1473   0.1470   0.5039   0.0617  -0.1542  -0.1436  26.00    1.1 6541864

[TCP数据流] 2025/11/16 18:25:36 - 浮点解 (24颗卫星)
  ECEF: X=-1576094.5291 Y=5600211.6070 Z=2606520.1016
  LLH:  Lat=24.277595806° Lon=105.718450369° H=434.6028m
  原始数据:
2025/11/16 10:25:54.000   24.277595806  105.718450369   434.6028   2  24   0.1450   0.1447   0.4955   0.0608  -0.1517  -0.1412  27.00    1.1 6541864

[TCP数据流] 2025/11/16 18:25:37 - 浮点解 (24颗卫星)
  ECEF: X=-1576094.5201 Y=5600211.4294 Z=2606520.0373
  LLH:  Lat=24.277595921° Lon=105.718450758° H=434.4183m
  原始数据:
2025/11/16 10:25:55.000   24.277595921  105.718450758   434.4183   2  24   0.1429   0.1426   0.4876   0.0599  -0.1494  -0.1390  28.00    1.1 6541864

[TCP数据流] 2025/11/16 18:25:38 - 浮点解 (24颗卫星)
  ECEF: X=-1576094.5079 Y=5600211.2668 Z=2606519.9807
  LLH:  Lat=24.277596048° Lon=105.718451076° H=434.2493m
  原始数据:
2025/11/16 10:25:56.000   24.277596048  105.718451076   434.2493   2  24   0.1408   0.1406   0.4801   0.0591  -0.1472  -0.1369  29.00    1.2 6541864

[TCP数据流] 2025/11/16 18:25:39 - 浮点解 (24颗卫星)
  ECEF: X=-1576094.5080 Y=5600211.1034 Z=2606519.9477
  LLH:  Lat=24.277596361° Lon=105.718451513° H=434.0924m
  原始数据:
2025/11/16 10:25:57.000   24.277596361  105.718451513   434.0924   2  24   0.1389   0.1388   0.4733   0.0586  -0.1456  -0.1353  30.00    1.0 6541864

[TCP数据流] 2025/11/16 18:31:16 - 浮点解 (20颗卫星)
  ECEF: X=-1576096.3691 Y=5600220.7386 Z=2606526.5126
  LLH:  Lat=24.277614087° Lon=105.718443449° H=445.7059m
  原始数据:
2025/11/16 10:31:34.000   24.277614087  105.718443449   445.7059   2  20   0.1164   0.1228   0.3104   0.0346  -0.0884  -0.0756  27.00    0.0 6541864

[TCP数据流] 2025/11/16 18:31:17 - 浮点解 (26颗卫星)
  ECEF: X=-1576096.5483 Y=5600220.9774 Z=2606526.4176
  LLH:  Lat=24.277612272° Lon=105.718444511° H=445.9206m
  原始数据:
2025/11/16 10:31:35.000   24.277612272  105.718444511   445.9206   2  26   0.1148   0.1212   0.3071   0.0347  -0.0877  -0.0766  28.00    0.0 6541864

[TCP数据流] 2025/11/16 18:31:18 - 浮点解 (27颗卫星)
  ECEF: X=-1576096.6246 Y=5600220.6521 Z=2606525.9611
  LLH:  Lat=24.277609601° Lon=105.718446102° H=445.4663m
  原始数据:
2025/11/16 10:31:36.000   24.277609601  105.718446102   445.4663   2  27   0.1134   0.1197   0.3044   0.0345  -0.0872  -0.0771  29.00    0.0 6541864

[TCP数据流] 2025/11/16 18:31:19 - 浮点解 (27颗卫星)
  ECEF: X=-1576096.6656 Y=5600220.2015 Z=2606525.4526
  LLH:  Lat=24.277606985° Lon=105.718447693° H=444.8720m
  原始数据:
2025/11/16 10:31:37.000   24.277606985  105.718447693   444.8720   2  27   0.1121   0.1183   0.3020   0.0344  -0.0867  -0.0774  30.00    0.0 6541864

[TCP数据流] 2025/11/16 18:32:00 - 浮点解 (23颗卫星)
  ECEF: X=-1576096.2002 Y=5600184.5666 Z=2606489.3612
  LLH:  Lat=24.277437767° Lon=105.718538356° H=398.6490m
  原始数据:
2025/11/16 10:32:18.000   24.277437767  105.718538356   398.6490   2  23   0.0952   0.1083   0.2644   0.0452  -0.0682  -0.1022   0.00    1.1 6541864

[TCP数据流] 2025/11/16 18:32:01 - 浮点解 (17颗卫星)
  ECEF: X=-1576096.1736 Y=5600183.8663 Z=2606488.8255
  LLH:  Lat=24.277435888° Lon=105.718539973° H=397.8077m
  原始数据:
2025/11/16 10:32:19.000   24.277435888  105.718539973   397.8077   2  17   0.0945   0.1074   0.2628   0.0451  -0.0682  -0.1021   1.00    1.3 6541864

[TCP数据流] 2025/11/16 18:32:02 - 浮点解 (23颗卫星)
  ECEF: X=-1576096.1592 Y=5600182.9029 Z=2606487.8870
  LLH:  Lat=24.277431621° Lon=105.718542407° H=396.5729m
  原始数据:
2025/11/16 10:32:20.000   24.277431621  105.718542407   396.5729   2  23   0.0936   0.1065   0.2603   0.0450  -0.0674  -0.1020   2.00    1.1 6541864

[TCP数据流] 2025/11/16 18:32:03 - 浮点解 (23颗卫星)
  ECEF: X=-1576096.1163 Y=5600182.1053 Z=2606487.2538
  LLH:  Lat=24.277429303° Lon=105.718544128° H=395.6021m
  原始数据:
2025/11/16 10:32:21.000   24.277429303  105.718544128   395.6021   2  23   0.0927   0.1056   0.2584   0.0449  -0.0669  -0.1018   3.00    1.2 6541864

[TCP数据流] 2025/11/16 18:32:04 - 浮点解 (23颗卫星)
  ECEF: X=-1576096.1124 Y=5600181.6087 Z=2606486.8312
  LLH:  Lat=24.277427604° Lon=105.718545416° H=394.9917m
  原始数据:
2025/11/16 10:32:22.000   24.277427604  105.718545416   394.9917   2  23   0.0920   0.1047   0.2566   0.0448  -0.0666  -0.1016   4.00    1.2 6541864

[TCP数据流] 2025/11/16 18:32:05 - 浮点解 (23颗卫星)
  ECEF: X=-1576096.0760 Y=5600181.1890 Z=2606486.5744
  LLH:  Lat=24.277427027° Lon=105.718546191° H=394.5088m
  原始数据:
2025/11/16 10:32:23.000   24.277427027  105.718546191   394.5088   2  23   0.0913   0.1038   0.2550   0.0446  -0.0664  -0.1012   5.00    1.0 6541864

[TCP数据流] 2025/11/16 18:32:06 - 浮点解 (23颗卫星)
  ECEF: X=-1576096.0865 Y=5600180.9623 Z=2606486.4276
  LLH:  Lat=24.277426618° Lon=105.718546895° H=394.2521m
  原始数据:
2025/11/16 10:32:24.000   24.277426618  105.718546895   394.2521   2  23   0.0907   0.1030   0.2534   0.0443  -0.0662  -0.1008   6.00    1.1 6541864

[TCP数据流] 2025/11/16 18:32:07 - 浮点解 (23颗卫星)
  ECEF: X=-1576096.0475 Y=5600180.7318 Z=2606486.3574
  LLH:  Lat=24.277426903° Lon=105.718547140° H=394.0114m
  原始数据:
2025/11/16 10:32:25.000   24.277426903  105.718547140   394.0114   2  23   0.0901   0.1022   0.2519   0.0441  -0.0660  -0.1004   7.00    1.1 6541864

[TCP数据流] 2025/11/16 18:32:08 - 浮点解 (23颗卫星)
  ECEF: X=-1576096.0496 Y=5600180.6483 Z=2606486.3430
  LLH:  Lat=24.277427081° Lon=105.718547383° H=393.9327m
  原始数据:
2025/11/16 10:32:26.000   24.277427081  105.718547383   393.9327   2  23   0.0896   0.1015   0.2505   0.0438  -0.0659  -0.0999   8.00    1.0 6541864

[TCP数据流] 2025/11/16 18:32:09 - 浮点解 (23颗卫星)
  ECEF: X=-1576096.0242 Y=5600180.5412 Z=2606486.3836
  LLH:  Lat=24.277427823° Lon=105.718547428° H=393.8491m
  原始数据:
2025/11/16 10:32:27.000   24.277427823  105.718547428   393.8491   2  23   0.0890   0.1007   0.2491   0.0436  -0.0657  -0.0993   9.00    1.1 6541864

[TCP数据流] 2025/11/16 18:32:10 - 浮点解 (23颗卫星)
  ECEF: X=-1576096.0307 Y=5600180.6318 Z=2606486.5297
  LLH:  Lat=24.277428695° Lon=105.718547248° H=393.9903m
  原始数据:
2025/11/16 10:32:28.000   24.277428695  105.718547248   393.9903   2  23   0.0886   0.1000   0.2478   0.0432  -0.0656  -0.0988  10.00    1.0 6541864

[TCP数据流] 2025/11/16 18:32:11 - 浮点解 (23颗卫星)
  ECEF: X=-1576096.0043 Y=5600180.6548 Z=2606486.6898
  LLH:  Lat=24.277429957° Lon=105.718546936° H=394.0698m
  原始数据:
2025/11/16 10:32:29.000   24.277429957  105.718546936   394.0698   2  23   0.0881   0.0993   0.2466   0.0430  -0.0655  -0.0981  11.00    1.0 6541864

[TCP数据流] 2025/11/16 18:32:12 - 浮点解 (23颗卫星)
  ECEF: X=-1576096.0053 Y=5600180.7512 Z=2606486.8510
  LLH:  Lat=24.277430938° Lon=105.718546688° H=394.2209m
  原始数据:
2025/11/16 10:32:30.000   24.277430938  105.718546688   394.2209   2  23   0.0876   0.0986   0.2453   0.0427  -0.0655  -0.0976  12.00    1.1 6541864

[TCP数据流] 2025/11/16 18:32:13 - 浮点解 (23颗卫星)
  ECEF: X=-1576095.9734 Y=5600180.7937 Z=2606487.0239
  LLH:  Lat=24.277432241° Lon=105.718546273° H=394.3214m
  原始数据:
2025/11/16 10:32:31.000   24.277432241  105.718546273   394.3214   2  23   0.0871   0.0979   0.2441   0.0424  -0.0654  -0.0970  13.00    1.0 6541864

[TCP数据流] 2025/11/16 18:32:14 - 浮点解 (23颗卫星)
  ECEF: X=-1576095.9707 Y=5600180.9015 Z=2606487.1931
  LLH:  Lat=24.277433251° Lon=105.718545959° H=394.4849m
  原始数据:
2025/11/16 10:32:32.000   24.277433251  105.718545959   394.4849   2  23   0.0867   0.0972   0.2429   0.0421  -0.0653  -0.0964  14.00    1.0 6541864

[TCP数据流] 2025/11/16 18:32:15 - 浮点解 (23颗卫星)
  ECEF: X=-1576095.9418 Y=5600180.9581 Z=2606487.3767
  LLH:  Lat=24.277434589° Lon=105.718545534° H=394.6029m
  原始数据:
2025/11/16 10:32:33.000   24.277434589  105.718545534   394.6029   2  23   0.0862   0.0966   0.2418   0.0418  -0.0652  -0.0958  15.00    1.0 6541864

[TCP数据流] 2025/11/16 18:32:16 - 浮点解 (23颗卫星)
  ECEF: X=-1576095.9402 Y=5600181.0772 Z=2606487.5559
  LLH:  Lat=24.277435640° Lon=105.718545202° H=394.7807m
  原始数据:
2025/11/16 10:32:34.000   24.277435640  105.718545202   394.7807   2  23   0.0858   0.0959   0.2406   0.0415  -0.0651  -0.0953  16.00    1.0 6541864

[TCP数据流] 2025/11/16 18:32:17 - 浮点解 (23颗卫星)
  ECEF: X=-1576095.9375 Y=5600181.1919 Z=2606487.7761
  LLH:  Lat=24.277437045° Lon=105.718544870° H=394.9712m
  原始数据:
2025/11/16 10:32:35.000   24.277437045  105.718544870   394.9712   2  23   0.0854   0.0953   0.2394   0.0412  -0.0651  -0.0947  17.00    1.1 6541864

[TCP数据流] 2025/11/16 18:32:18 - 浮点解 (23颗卫星)
  ECEF: X=-1576095.9393 Y=5600181.3216 Z=2606487.9600
  LLH:  Lat=24.277438093° Lon=105.718544541° H=395.1611m
  原始数据:
2025/11/16 10:32:36.000   24.277438093  105.718544541   395.1611   2  23   0.0850   0.0947   0.2383   0.0410  -0.0650  -0.0942  18.00    1.1 6541864

[TCP数据流] 2025/11/16 18:32:19 - 浮点解 (23颗卫星)
  ECEF: X=-1576095.9133 Y=5600181.4277 Z=2606488.1505
  LLH:  Lat=24.277439308° Lon=105.718544011° H=395.3261m
  原始数据:
2025/11/16 10:32:37.000   24.277439308  105.718544011   395.3261   2  23   0.0845   0.0941   0.2370   0.0406  -0.0647  -0.0935  19.00    1.0 6541864

[TCP数据流] 2025/11/16 18:32:20 - 浮点解 (23颗卫星)
  ECEF: X=-1576095.8978 Y=5600181.5999 Z=2606488.3421
  LLH:  Lat=24.277440285° Lon=105.718543405° H=395.5522m
  原始数据:
2025/11/16 10:32:38.000   24.277440285  105.718543405   395.5522   2  23   0.0840   0.0935   0.2357   0.0403  -0.0645  -0.0928  20.00    1.0 6541864

[TCP数据流] 2025/11/16 18:32:21 - 浮点解 (23颗卫星)
  ECEF: X=-1576095.8563 Y=5600181.7201 Z=2606488.5433
  LLH:  Lat=24.277441553° Lon=105.718542691° H=395.7301m
  原始数据:
2025/11/16 10:32:39.000   24.277441553  105.718542691   395.7301   2  23   0.0836   0.0928   0.2345   0.0400  -0.0643  -0.0921  21.00    1.1 6541864

[TCP数据流] 2025/11/16 18:32:22 - 浮点解 (23颗卫星)
  ECEF: X=-1576095.8359 Y=5600181.8799 Z=2606488.7311
  LLH:  Lat=24.277442548° Lon=105.718542071° H=395.9425m
  原始数据:
2025/11/16 10:32:40.000   24.277442548  105.718542071   395.9425   2  23   0.0831   0.0922   0.2332   0.0397  -0.0640  -0.0915  22.00    1.1 6541864

[TCP数据流] 2025/11/16 18:32:23 - 浮点解 (23颗卫星)
  ECEF: X=-1576095.7908 Y=5600181.9867 Z=2606488.9231
  LLH:  Lat=24.277443792° Lon=105.718541359° H=396.1040m
  原始数据:
2025/11/16 10:32:41.000   24.277443792  105.718541359   396.1040   2  23   0.0827   0.0916   0.2320   0.0394  -0.0638  -0.0908  23.00    1.1 6541864

[TCP数据流] 2025/11/16 18:32:24 - 浮点解 (23颗卫星)
  ECEF: X=-1576095.7766 Y=5600182.1562 Z=2606489.1161
  LLH:  Lat=24.277444789° Lon=105.718540772° H=396.3286m
  原始数据:
2025/11/16 10:32:42.000   24.277444789  105.718540772   396.3286   2  23   0.0823   0.0911   0.2308   0.0392  -0.0636  -0.0902  24.00    1.0 6541864

[TCP数据流] 2025/11/16 18:32:25 - 浮点解 (23颗卫星)
  ECEF: X=-1576095.7315 Y=5600182.2684 Z=2606489.3105
  LLH:  Lat=24.277446033° Lon=105.718540045° H=396.4958m
  原始数据:
2025/11/16 10:32:43.000   24.277446033  105.718540045   396.4958   2  23   0.0818   0.0905   0.2297   0.0389  -0.0633  -0.0895  25.00    1.0 6541864

[TCP数据流] 2025/11/16 18:32:26 - 浮点解 (23颗卫星)
  ECEF: X=-1576095.7193 Y=5600182.4517 Z=2606489.5053
  LLH:  Lat=24.277446993° Lon=105.718539440° H=396.7338m
  原始数据:
2025/11/16 10:32:44.000   24.277446993  105.718539440   396.7338   2  23   0.0814   0.0899   0.2285   0.0386  -0.0631  -0.0889  26.00    1.1 6541864

[TCP数据流] 2025/11/16 18:32:27 - 浮点解 (22颗卫星)
  ECEF: X=-1576095.6792 Y=5600182.5812 Z=2606489.7026
  LLH:  Lat=24.277448195° Lon=105.718538715° H=396.9186m
  原始数据:
2025/11/16 10:32:45.000   24.277448195  105.718538715   396.9186   2  22   0.0810   0.0894   0.2274   0.0383  -0.0628  -0.0883  27.00    1.0 6541864

[TCP数据流] 2025/11/16 18:32:28 - 浮点解 (22颗卫星)
  ECEF: X=-1576095.6625 Y=5600182.7363 Z=2606489.8898
  LLH:  Lat=24.277449198° Lon=105.718538142° H=397.1276m
  原始数据:
2025/11/16 10:32:46.000   24.277449198  105.718538142   397.1276   2  22   0.0806   0.0888   0.2262   0.0381  -0.0626  -0.0877  28.00    1.0 6541864

[TCP数据流] 2025/11/16 18:32:29 - 浮点解 (22颗卫星)
  ECEF: X=-1576095.6182 Y=5600182.8421 Z=2606490.0711
  LLH:  Lat=24.277450356° Lon=105.718537440° H=397.2840m
  原始数据:
2025/11/16 10:32:47.000   24.277450356  105.718537440   397.2840   2  22   0.0802   0.0883   0.2252   0.0378  -0.0624  -0.0871  29.00    1.0 6541864

[TCP数据流] 2025/11/16 18:32:30 - 浮点解 (22颗卫星)
  ECEF: X=-1576095.6084 Y=5600182.9959 Z=2606490.2533
  LLH:  Lat=24.277451316° Lon=105.718536937° H=397.4914m
  原始数据:
2025/11/16 10:32:48.000   24.277451316  105.718536937   397.4914   2  22   0.0798   0.0878   0.2241   0.0376  -0.0622  -0.0865  30.00    1.0 6541864

[TCP数据流] 2025/11/16 18:33:12 - 浮点解 (27颗卫星)
  ECEF: X=-1576098.1190 Y=5600191.0379 Z=2606494.6215
  LLH:  Lat=24.277456005° Lon=105.718539281° H=406.9641m
  原始数据:
2025/11/16 10:33:30.000   24.277456005  105.718539281   406.9641   2  27   0.0729   0.0843   0.1873   0.0295  -0.0499  -0.0701   0.00    1.0 6541864

[TCP数据流] 2025/11/16 18:33:13 - 浮点解 (27颗卫星)
  ECEF: X=-1576098.5577 Y=5600192.4522 Z=2606495.4758
  LLH:  Lat=24.277457541° Lon=105.718539667° H=408.6647m
  原始数据:
2025/11/16 10:33:31.000   24.277457541  105.718539667   408.6647   2  27   0.0715   0.0834   0.1803   0.0278  -0.0475  -0.0669   0.00    1.0 6541864

[TCP数据流] 2025/11/16 18:33:14 - 浮点解 (26颗卫星)
  ECEF: X=-1576098.8946 Y=5600193.5041 Z=2606496.1721
  LLH:  Lat=24.277459174° Lon=105.718540054° H=409.9572m
  原始数据:
2025/11/16 10:33:32.000   24.277459174  105.718540054   409.9572   2  26   0.0704   0.0827   0.1746   0.0263  -0.0456  -0.0643   1.00    1.6 6541864

[TCP数据流] 2025/11/16 18:33:15 - 浮点解 (27颗卫星)
  ECEF: X=-1576099.1525 Y=5600194.3358 Z=2606496.7478
  LLH:  Lat=24.277460680° Lon=105.718540280° H=410.9874m
  原始数据:
2025/11/16 10:33:33.000   24.277460680  105.718540280   410.9874   2  27   0.0694   0.0820   0.1701   0.0251  -0.0442  -0.0623   2.00    1.1 6541864

[TCP数据流] 2025/11/16 18:33:16 - 浮点解 (27颗卫星)
  ECEF: X=-1576099.3378 Y=5600194.9613 Z=2606497.2188
  LLH:  Lat=24.277462135° Lon=105.718540368° H=411.7757m
  原始数据:
2025/11/16 10:33:34.000   24.277462135  105.718540368   411.7757   2  27   0.0686   0.0814   0.1666   0.0242  -0.0431  -0.0607   3.00    1.2 6541864

[TCP数据流] 2025/11/16 18:33:17 - 浮点解 (27颗卫星)
  ECEF: X=-1576099.4533 Y=5600195.4327 Z=2606497.5953
  LLH:  Lat=24.277463433° Lon=105.718540205° H=412.3727m
  原始数据:
2025/11/16 10:33:35.000   24.277463433  105.718540205   412.3727   2  27   0.0679   0.0809   0.1639   0.0234  -0.0423  -0.0595   4.00    1.2 6541864

[TCP数据流] 2025/11/16 18:33:18 - 浮点解 (27颗卫星)
  ECEF: X=-1576099.5353 Y=5600195.8062 Z=2606497.9222
  LLH:  Lat=24.277464706° Lon=105.718539986° H=412.8550m
  原始数据:
2025/11/16 10:33:36.000   24.277464706  105.718539986   412.8550   2  27   0.0674   0.0803   0.1616   0.0228  -0.0417  -0.0585   5.00    1.0 6541864

[TCP数据流] 2025/11/16 18:33:19 - 浮点解 (27颗卫星)
  ECEF: X=-1576099.5817 Y=5600196.1025 Z=2606498.1966
  LLH:  Lat=24.277465859° Lon=105.718539635° H=413.2393m
  原始数据:
2025/11/16 10:33:37.000   24.277465859  105.718539635   413.2393   2  27   0.0669   0.0798   0.1598   0.0223  -0.0412  -0.0577   6.00    1.1 6541864

[TCP数据流] 2025/11/16 18:33:20 - 浮点解 (21颗卫星)
  ECEF: X=-1576099.6133 Y=5600196.2835 Z=2606498.3923
  LLH:  Lat=24.277466791° Lon=105.718539452° H=413.4864m
  原始数据:
2025/11/16 10:33:38.000   24.277466791  105.718539452   413.4864   2  21   0.0665   0.0794   0.1585   0.0220  -0.0410  -0.0572   7.00    1.2 6541864

[TCP数据流] 2025/11/16 18:33:21 - 浮点解 (27颗卫星)
  ECEF: X=-1576099.6249 Y=5600196.5205 Z=2606498.6291
  LLH:  Lat=24.277467881° Lon=105.718538929° H=413.7946m
  原始数据:
2025/11/16 10:33:39.000   24.277467881  105.718538929   413.7946   2  27   0.0662   0.0790   0.1572   0.0217  -0.0408  -0.0566   8.00    1.1 6541864

[TCP数据流] 2025/11/16 18:33:22 - 浮点解 (27颗卫星)
  ECEF: X=-1576099.6284 Y=5600196.7012 Z=2606498.8466
  LLH:  Lat=24.277469022° Lon=105.718538480° H=414.0435m
  原始数据:
2025/11/16 10:33:40.000   24.277469022  105.718538480   414.0435   2  27   0.0658   0.0786   0.1561   0.0214  -0.0406  -0.0561   9.00    1.1 6541864

[TCP数据流] 2025/11/16 18:33:26 - 浮点解 (21颗卫星)
  ECEF: X=-1576099.6385 Y=5600196.7980 Z=2606498.9722
  LLH:  Lat=24.277469700° Lon=105.718538318° H=414.1825m
  原始数据:
2025/11/16 10:33:44.000   24.277469700  105.718538318   414.1825   2  21   0.0656   0.0783   0.1555   0.0213  -0.0405  -0.0559  13.00    1.0 6541864

[TCP数据流] 2025/11/16 18:33:28 - 浮点解 (28颗卫星)
  ECEF: X=-1576099.6078 Y=5600196.8899 Z=2606499.1339
  LLH:  Lat=24.277470733° Lon=105.718537782° H=414.3221m
  原始数据:
2025/11/16 10:33:46.000   24.277470733  105.718537782   414.3221   2  28   0.0653   0.0780   0.1548   0.0211  -0.0405  -0.0556  15.00    1.1 6541864

[TCP数据流] 2025/11/16 18:33:29 - 浮点解 (28颗卫星)
  ECEF: X=-1576099.5795 Y=5600196.9748 Z=2606499.2893
  LLH:  Lat=24.277471737° Lon=105.718537287° H=414.4535m
  原始数据:
2025/11/16 10:33:47.000   24.277471737  105.718537287   414.4535   2  28   0.0651   0.0776   0.1541   0.0210  -0.0404  -0.0553  16.00    1.1 6541864

[TCP数据流] 2025/11/16 18:33:30 - 浮点解 (28颗卫星)
  ECEF: X=-1576099.5421 Y=5600197.0508 Z=2606499.4383
  LLH:  Lat=24.277472729° Lon=105.718536729° H=414.5722m
  原始数据:
2025/11/16 10:33:48.000   24.277472729  105.718536729   414.5722   2  28   0.0648   0.0772   0.1535   0.0209  -0.0404  -0.0551  17.00    1.1 6541864

[TCP数据流] 2025/11/16 18:33:32 - 浮点解 (28颗卫星)
  ECEF: X=-1576099.5101 Y=5600197.1148 Z=2606499.5786
  LLH:  Lat=24.277473687° Lon=105.718536255° H=414.6781m
  原始数据:
2025/11/16 10:33:50.000   24.277473687  105.718536255   414.6781   2  28   0.0646   0.0768   0.1529   0.0208  -0.0404  -0.0548  19.00    1.1 6541864

[TCP数据流] 2025/11/16 18:33:33 - 浮点解 (28颗卫星)
  ECEF: X=-1576099.4694 Y=5600197.1694 Z=2606499.7111
  LLH:  Lat=24.277474623° Lon=105.718535724° H=414.7705m
  原始数据:
2025/11/16 10:33:51.000   24.277474623  105.718535724   414.7705   2  28   0.0643   0.0765   0.1523   0.0207  -0.0404  -0.0546  20.00    1.1 6541864

[TCP数据流] 2025/11/16 18:33:34 - 浮点解 (28颗卫星)
  ECEF: X=-1576099.4361 Y=5600197.2231 Z=2606499.8442
  LLH:  Lat=24.277475560° Lon=105.718535265° H=414.8641m
  原始数据:
2025/11/16 10:33:52.000   24.277475560  105.718535265   414.8641   2  28   0.0641   0.0761   0.1518   0.0207  -0.0404  -0.0544  21.00    1.1 6541864

[TCP数据流] 2025/11/16 18:33:35 - 浮点解 (28颗卫星)
  ECEF: X=-1576099.3994 Y=5600197.2728 Z=2606499.9717
  LLH:  Lat=24.277476469° Lon=105.718534784° H=414.9511m
  原始数据:
2025/11/16 10:33:53.000   24.277476469  105.718534784   414.9511   2  28   0.0639   0.0758   0.1513   0.0206  -0.0404  -0.0542  22.00    1.0 6541864

[TCP数据流] 2025/11/16 18:33:36 - 浮点解 (28颗卫星)
  ECEF: X=-1576099.3614 Y=5600197.3191 Z=2606500.0957
  LLH:  Lat=24.277477362° Lon=105.718534301° H=415.0333m
  原始数据:
2025/11/16 10:33:54.000   24.277477362  105.718534301   415.0333   2  28   0.0636   0.0754   0.1508   0.0205  -0.0404  -0.0540  23.00    1.1 6541864

[TCP数据流] 2025/11/16 18:33:37 - 浮点解 (28颗卫星)
  ECEF: X=-1576099.3264 Y=5600197.3675 Z=2606500.2162
  LLH:  Lat=24.277478216° Lon=105.718533840° H=415.1167m
  原始数据:
2025/11/16 10:33:55.000   24.277478216  105.718533840   415.1167   2  28   0.0634   0.0751   0.1503   0.0205  -0.0404  -0.0538  24.00    1.0 6541864

[TCP数据流] 2025/11/16 18:33:38 - 浮点解 (28颗卫星)
  ECEF: X=-1576099.2880 Y=5600197.4134 Z=2606500.3334
  LLH:  Lat=24.277479055° Lon=105.718533353° H=415.1956m
  原始数据:
2025/11/16 10:33:56.000   24.277479055  105.718533353   415.1956   2  28   0.0632   0.0747   0.1499   0.0204  -0.0404  -0.0536  25.00    1.0 6541864

[TCP数据流] 2025/11/16 18:33:39 - 浮点解 (28颗卫星)
  ECEF: X=-1576099.2497 Y=5600197.4520 Z=2606500.4452
  LLH:  Lat=24.277479876° Lon=105.718532887° H=415.2660m
  原始数据:
2025/11/16 10:33:57.000   24.277479876  105.718532887   415.2660   2  28   0.0630   0.0744   0.1494   0.0203  -0.0404  -0.0534  26.00    1.0 6541864

[TCP数据流] 2025/11/16 18:33:41 - 浮点解 (28颗卫星)
  ECEF: X=-1576099.2142 Y=5600197.4889 Z=2606500.5574
  LLH:  Lat=24.277480703° Lon=105.718532452° H=415.3358m
  原始数据:
2025/11/16 10:33:59.000   24.277480703  105.718532452   415.3358   2  28   0.0628   0.0741   0.1490   0.0203  -0.0404  -0.0532  28.00    1.0 6541864

[TCP数据流] 2025/11/16 18:33:42 - 浮点解 (28颗卫星)
  ECEF: X=-1576099.1808 Y=5600197.5246 Z=2606500.6677
  LLH:  Lat=24.277481517° Lon=105.718532040° H=415.4042m
  原始数据:
2025/11/16 10:34:00.000   24.277481517  105.718532040   415.4042   2  28   0.0626   0.0738   0.1486   0.0202  -0.0404  -0.0531  29.00    1.0 6541864

[TCP数据流] 2025/11/16 18:33:43 - 浮点解 (28颗卫星)
  ECEF: X=-1576099.1470 Y=5600197.5580 Z=2606500.7765
  LLH:  Lat=24.277482327° Lon=105.718531631° H=415.4699m
  原始数据:
2025/11/16 10:34:01.000   24.277482327  105.718531631   415.4699   2  28   0.0624   0.0735   0.1482   0.0202  -0.0404  -0.0529  30.00    1.1 6541864

[TCP数据流] 2025/11/16 18:34:29 - 浮点解 (28颗卫星)
  ECEF: X=-1576099.7574 Y=5600198.9303 Z=2606502.5068
  LLH:  Lat=24.277491049° Lon=105.718533756° H=417.5362m
  原始数据:
2025/11/16 10:34:47.000   24.277491049  105.718533756   417.5362   2  28   0.0603   0.0726   0.1423   0.0177  -0.0395  -0.0517   0.00    1.2 6541864

[TCP数据流] 2025/11/16 18:34:30 - 浮点解 (22颗卫星)
  ECEF: X=-1576100.0708 Y=5600199.6527 Z=2606503.3944
  LLH:  Lat=24.277495457° Lon=105.718534800° H=418.6124m
  原始数据:
2025/11/16 10:34:48.000   24.277495457  105.718534800   418.6124   2  22   0.0593   0.0721   0.1394   0.0165  -0.0396  -0.0515   0.00    1.2 6541864

[TCP数据流] 2025/11/16 18:34:31 - 浮点解 (28颗卫星)
  ECEF: X=-1576100.4670 Y=5600200.6286 Z=2606504.5819
  LLH:  Lat=24.277501344° Lon=105.718535952° H=420.0548m
  原始数据:
2025/11/16 10:34:49.000   24.277501344  105.718535952   420.0548   2  28   0.0578   0.0714   0.1349   0.0143  -0.0387  -0.0504   0.00    1.0 6541864

[TCP数据流] 2025/11/16 18:34:32 - 浮点解 (28颗卫星)
  ECEF: X=-1576100.7830 Y=5600201.4551 Z=2606505.5700
  LLH:  Lat=24.277506205° Lon=105.718536743° H=421.2644m
  原始数据:
2025/11/16 10:34:50.000   24.277506205  105.718536743   421.2644   2  28   0.0564   0.0707   0.1310   0.0122  -0.0380  -0.0495   0.00    1.2 6541864

[TCP数据流] 2025/11/16 18:34:33 - 浮点解 (28颗卫星)
  ECEF: X=-1576101.0315 Y=5600202.1447 Z=2606506.3923
  LLH:  Lat=24.277510258° Lon=105.718537258° H=422.2690m
  原始数据:
2025/11/16 10:34:51.000   24.277510258  105.718537258   422.2690   2  28   0.0553   0.0701   0.1276   0.0100  -0.0373  -0.0487   0.00    1.3 6541864

[TCP数据流] 2025/11/16 18:34:34 - 浮点解 (28颗卫星)
  ECEF: X=-1576101.2338 Y=5600202.7240 Z=2606507.0921
  LLH:  Lat=24.277513743° Lon=105.718537631° H=423.1150m
  原始数据:
2025/11/16 10:34:52.000   24.277513743  105.718537631   423.1150   2  28   0.0542   0.0695   0.1245   0.0077  -0.0366  -0.0479   0.00    1.0 6541864

[TCP数据流] 2025/11/16 18:34:35 - 浮点解 (28颗卫星)
  ECEF: X=-1576101.3967 Y=5600203.2355 Z=2606507.7034
  LLH:  Lat=24.277516783° Lon=105.718537810° H=423.8554m
  原始数据:
2025/11/16 10:34:53.000   24.277516783  105.718537810   423.8554   2  28   0.0533   0.0690   0.1219   0.0049  -0.0360  -0.0472   0.00    1.1 6541864

[TCP数据流] 2025/11/16 18:34:36 - 浮点解 (28颗卫星)
  ECEF: X=-1576101.5196 Y=5600203.6575 Z=2606508.2135
  LLH:  Lat=24.277519349° Lon=105.718537850° H=424.4657m
  原始数据:
2025/11/16 10:34:54.000   24.277519349  105.718537850   424.4657   2  28   0.0525   0.0685   0.1195  -0.0022  -0.0355  -0.0466   1.00    1.0 6541864

[TCP数据流] 2025/11/16 18:34:37 - 浮点解 (28颗卫星)
  ECEF: X=-1576101.6058 Y=5600203.9974 Z=2606508.6235
  LLH:  Lat=24.277521422° Lon=105.718537760° H=424.9539m
  原始数据:
2025/11/16 10:34:55.000   24.277521422  105.718537760   424.9539   2  28   0.0519   0.0681   0.1176  -0.0052  -0.0351  -0.0461   2.00    1.1 6541864

[TCP数据流] 2025/11/16 18:34:38 - 浮点解 (28颗卫星)
  ECEF: X=-1576101.6573 Y=5600204.2677 Z=2606508.9468
  LLH:  Lat=24.277523065° Lon=105.718537527° H=425.3367m
  原始数据:
2025/11/16 10:34:56.000   24.277523065  105.718537527   425.3367   2  28   0.0513   0.0677   0.1160  -0.0066  -0.0348  -0.0457   3.00    1.0 6541864

[TCP数据流] 2025/11/16 18:34:39 - 浮点解 (28颗卫星)
  ECEF: X=-1576101.6876 Y=5600204.4813 Z=2606509.1999
  LLH:  Lat=24.277524354° Lon=105.718537244° H=425.6357m
  原始数据:
2025/11/16 10:34:57.000   24.277524354  105.718537244   425.6357   2  28   0.0509   0.0673   0.1148  -0.0074  -0.0345  -0.0454   4.00    1.2 6541864

[TCP数据流] 2025/11/16 18:34:40 - 浮点解 (28颗卫星)
  ECEF: X=-1576101.7033 Y=5600204.6529 Z=2606509.4054
  LLH:  Lat=24.277525416° Lon=105.718536935° H=425.8746m
  原始数据:
2025/11/16 10:34:58.000   24.277525416  105.718536935   425.8746   2  28   0.0505   0.0670   0.1137  -0.0080  -0.0343  -0.0451   5.00    1.0 6541864

[TCP数据流] 2025/11/16 18:34:41 - 浮点解 (28颗卫星)
  ECEF: X=-1576101.7059 Y=5600204.7751 Z=2606509.5716
  LLH:  Lat=24.277526345° Lon=105.718536634° H=426.0508m
  原始数据:
2025/11/16 10:34:59.000   24.277526345  105.718536634   426.0508   2  28   0.0502   0.0667   0.1129  -0.0083  -0.0342  -0.0449   6.00    1.0 6541864

[TCP数据流] 2025/11/16 18:34:42 - 浮点解 (28颗卫星)
  ECEF: X=-1576101.6957 Y=5600204.8702 Z=2606509.7086
  LLH:  Lat=24.277527143° Lon=105.718536283° H=426.1881m
  原始数据:
2025/11/16 10:35:00.000   24.277527143  105.718536283   426.1881   2  28   0.0500   0.0664   0.1122  -0.0085  -0.0341  -0.0447   7.00    1.1 6541864

[TCP数据流] 2025/11/16 18:34:43 - 浮点解 (28颗卫星)
  ECEF: X=-1576101.6755 Y=5600204.9606 Z=2606509.8266
  LLH:  Lat=24.277527811° Lon=105.718535851° H=426.3109m
  原始数据:
2025/11/16 10:35:01.000   24.277527811  105.718535851   426.3109   2  28   0.0497   0.0661   0.1116  -0.0086  -0.0340  -0.0445   8.00    1.0 6541864

[TCP数据流] 2025/11/16 18:34:44 - 浮点解 (28颗卫星)
  ECEF: X=-1576101.6487 Y=5600205.0349 Z=2606509.9276
  LLH:  Lat=24.277528404° Lon=105.718535398° H=426.4110m
  原始数据:
2025/11/16 10:35:02.000   24.277528404  105.718535398   426.4110   2  28   0.0495   0.0658   0.1110  -0.0087  -0.0339  -0.0443   9.00    1.0 6541864

[TCP数据流] 2025/11/16 18:34:45 - 浮点解 (28颗卫星)
  ECEF: X=-1576101.6220 Y=5600205.0853 Z=2606510.0159
  LLH:  Lat=24.277528977° Lon=105.718535011° H=426.4850m
  原始数据:
2025/11/16 10:35:03.000   24.277528977  105.718535011   426.4850   2  28   0.0493   0.0655   0.1106  -0.0087  -0.0339  -0.0442  10.00    1.0 6541864

[TCP数据流] 2025/11/16 18:34:46 - 浮点解 (22颗卫星)
  ECEF: X=-1576101.5982 Y=5600205.1448 Z=2606510.0826
  LLH:  Lat=24.277529338° Lon=105.718534626° H=426.5587m
  原始数据:
2025/11/16 10:35:04.000   24.277529338  105.718534626   426.5587   2  22   0.0492   0.0653   0.1102  -0.0088  -0.0338  -0.0441  11.00    1.1 6541864

[TCP数据流] 2025/11/16 18:34:47 - 浮点解 (28颗卫星)
  ECEF: X=-1576101.5628 Y=5600205.1924 Z=2606510.1567
  LLH:  Lat=24.277529813° Lon=105.718534164° H=426.6222m
  原始数据:
2025/11/16 10:35:05.000   24.277529813  105.718534164   426.6222   2  28   0.0490   0.0651   0.1098  -0.0088  -0.0337  -0.0440  12.00    1.1 6541864

[TCP数据流] 2025/11/16 18:34:48 - 浮点解 (28颗卫星)
  ECEF: X=-1576101.5278 Y=5600205.2354 Z=2606510.2240
  LLH:  Lat=24.277530248° Lon=105.718533717° H=426.6789m
  原始数据:
2025/11/16 10:35:06.000   24.277530248  105.718533717   426.6789   2  28   0.0489   0.0648   0.1095  -0.0087  -0.0337  -0.0438  13.00    1.1 6541864

[TCP数据流] 2025/11/16 18:34:49 - 浮点解 (27颗卫星)
  ECEF: X=-1576101.4884 Y=5600205.2680 Z=2606510.2818
  LLH:  Lat=24.277530647° Lon=105.718533257° H=426.7216m
  原始数据:
2025/11/16 10:35:07.000   24.277530647  105.718533257   426.7216   2  27   0.0487   0.0646   0.1091  -0.0087  -0.0336  -0.0437  14.00    1.1 6541864

[TCP数据流] 2025/11/16 18:34:50 - 浮点解 (28颗卫星)
  ECEF: X=-1576101.4519 Y=5600205.3062 Z=2606510.3380
  LLH:  Lat=24.277531010° Lon=105.718532809° H=426.7692m
  原始数据:
2025/11/16 10:35:08.000   24.277531010  105.718532809   426.7692   2  28   0.0486   0.0643   0.1088  -0.0086  -0.0336  -0.0436  15.00    1.0 6541864

[TCP数据流] 2025/11/16 18:34:51 - 浮点解 (28颗卫星)
  ECEF: X=-1576101.4148 Y=5600205.3396 Z=2606510.3923
  LLH:  Lat=24.277531374° Lon=105.718532368° H=426.8117m
  原始数据:
2025/11/16 10:35:09.000   24.277531374  105.718532368   426.8117   2  28   0.0485   0.0641   0.1086  -0.0085  -0.0336  -0.0435  16.00    1.0 6541864

[TCP数据流] 2025/11/16 18:34:52 - 浮点解 (28颗卫星)
  ECEF: X=-1576101.3777 Y=5600205.3570 Z=2606510.4418
  LLH:  Lat=24.277531757° Lon=105.718531970° H=426.8381m
  原始数据:
2025/11/16 10:35:10.000   24.277531757  105.718531970   426.8381   2  28   0.0483   0.0639   0.1083  -0.0083  -0.0335  -0.0434  17.00    1.0 6541864

[TCP数据流] 2025/11/16 18:34:53 - 浮点解 (28颗卫星)
  ECEF: X=-1576101.3384 Y=5600205.3706 Z=2606510.4886
  LLH:  Lat=24.277532133° Lon=105.718531561° H=426.8596m
  原始数据:
2025/11/16 10:35:11.000   24.277532133  105.718531561   426.8596   2  28   0.0482   0.0637   0.1081  -0.0082  -0.0335  -0.0434  18.00    1.0 6541864

[TCP数据流] 2025/11/16 18:34:54 - 浮点解 (27颗卫星)
  ECEF: X=-1576101.2988 Y=5600205.3796 Z=2606510.5302
  LLH:  Lat=24.277532483° Lon=105.718531162° H=426.8748m
  原始数据:
2025/11/16 10:35:12.000   24.277532483  105.718531162   426.8748   2  27   0.0481   0.0635   0.1079  -0.0080  -0.0335  -0.0433  19.00    1.0 6541864

[TCP数据流] 2025/11/16 18:34:55 - 浮点解 (27颗卫星)
  ECEF: X=-1576101.2580 Y=5600205.3855 Z=2606510.5700
  LLH:  Lat=24.277532831° Lon=105.718530759° H=426.8863m
  原始数据:
2025/11/16 10:35:13.000   24.277532831  105.718530759   426.8863   2  27   0.0480   0.0633   0.1077  -0.0079  -0.0335  -0.0432  20.00    1.1 6541864

[TCP数据流] 2025/11/16 18:34:56 - 浮点解 (27颗卫星)
  ECEF: X=-1576101.2202 Y=5600205.3918 Z=2606510.6092
  LLH:  Lat=24.277533169° Lon=105.718530384° H=426.8986m
  原始数据:
2025/11/16 10:35:14.000   24.277533169  105.718530384   426.8986   2  27   0.0479   0.0631   0.1075  -0.0077  -0.0335  -0.0431  21.00    1.1 6541864

[TCP数据流] 2025/11/16 18:34:57 - 浮点解 (28颗卫星)
  ECEF: X=-1576101.1837 Y=5600205.3989 Z=2606510.6480
  LLH:  Lat=24.277533499° Lon=105.718530019° H=426.9118m
  原始数据:
2025/11/16 10:35:15.000   24.277533499  105.718530019   426.9118   2  28   0.0478   0.0628   0.1073  -0.0075  -0.0335  -0.0431  22.00    1.1 6541864

[TCP数据流] 2025/11/16 18:34:58 - 浮点解 (27颗卫星)
  ECEF: X=-1576101.1470 Y=5600205.4017 Z=2606510.6845
  LLH:  Lat=24.277533826° Lon=105.718529663° H=426.9202m
  原始数据:
2025/11/16 10:35:16.000   24.277533826  105.718529663   426.9202   2  27   0.0477   0.0626   0.1071  -0.0074  -0.0335  -0.0430  23.00    1.0 6541864

[TCP数据流] 2025/11/16 18:34:59 - 浮点解 (27颗卫星)
  ECEF: X=-1576101.1082 Y=5600205.4026 Z=2606510.7193
  LLH:  Lat=24.277534149° Lon=105.718529293° H=426.9257m
  原始数据:
2025/11/16 10:35:17.000   24.277534149  105.718529293   426.9257   2  27   0.0476   0.0624   0.1069  -0.0072  -0.0335  -0.0429  24.00    1.1 6541864

[TCP数据流] 2025/11/16 18:35:00 - 浮点解 (27颗卫星)
  ECEF: X=-1576101.0701 Y=5600205.4039 Z=2606510.7532
  LLH:  Lat=24.277534461° Lon=105.718528929° H=426.9314m
  原始数据:
2025/11/16 10:35:18.000   24.277534461  105.718528929   426.9314   2  27   0.0475   0.0622   0.1068  -0.0070  -0.0335  -0.0428  25.00    1.1 6541864

[TCP数据流] 2025/11/16 18:35:01 - 浮点解 (27颗卫星)
  ECEF: X=-1576101.0341 Y=5600205.4042 Z=2606510.7859
  LLH:  Lat=24.277534766° Lon=105.718528587° H=426.9362m
  原始数据:
2025/11/16 10:35:19.000   24.277534766  105.718528587   426.9362   2  27   0.0474   0.0621   0.1066  -0.0068  -0.0335  -0.0428  26.00    1.1 6541864

[TCP数据流] 2025/11/16 18:35:02 - 浮点解 (27颗卫星)
  ECEF: X=-1576100.9968 Y=5600205.4170 Z=2606510.8187
  LLH:  Lat=24.277535027° Lon=105.718528199° H=426.9517m
  原始数据:
2025/11/16 10:35:20.000   24.277535027  105.718528199   426.9517   2  27   0.0473   0.0619   0.1064  -0.0067  -0.0335  -0.0427  27.00    1.1 6541864

[TCP数据流] 2025/11/16 18:35:03 - 浮点解 (27颗卫星)
  ECEF: X=-1576100.9603 Y=5600205.4150 Z=2606510.8508
  LLH:  Lat=24.277535335° Lon=105.718527858° H=426.9541m
  原始数据:
2025/11/16 10:35:21.000   24.277535335  105.718527858   426.9541   2  27   0.0472   0.0617   0.1063  -0.0065  -0.0334  -0.0426  28.00    1.0 6541864

[TCP数据流] 2025/11/16 18:35:04 - 浮点解 (27颗卫星)
  ECEF: X=-1576100.9245 Y=5600205.4146 Z=2606510.8814
  LLH:  Lat=24.277535625° Lon=105.718527520° H=426.9575m
  原始数据:
2025/11/16 10:35:22.000   24.277535625  105.718527520   426.9575   2  27   0.0471   0.0615   0.1061  -0.0063  -0.0334  -0.0426  29.00    1.0 6541864

[TCP数据流] 2025/11/16 18:35:05 - 浮点解 (27颗卫星)
  ECEF: X=-1576100.8887 Y=5600205.4141 Z=2606510.9110
  LLH:  Lat=24.277535906° Lon=105.718527182° H=426.9604m
  原始数据:
2025/11/16 10:35:23.000   24.277535906  105.718527182   426.9604   2  27   0.0470   0.0613   0.1060  -0.0061  -0.0334  -0.0425  30.00    1.0 6541864

[TCP数据流] 2025/11/16 18:35:46 - 浮点解 (28颗卫星)
  ECEF: X=-1576101.0784 Y=5600205.8507 Z=2606511.6827
  LLH:  Lat=24.277540506° Lon=105.718527815° H=427.7076m
  原始数据:
2025/11/16 10:36:04.000   24.277540506  105.718527815   427.7076   2  28   0.0456   0.0604   0.1027  -0.0093  -0.0331  -0.0417   0.00    1.0 6541864

[TCP数据流] 2025/11/16 18:35:47 - 浮点解 (28颗卫星)
  ECEF: X=-1576101.1266 Y=5600206.0260 Z=2606512.0120
  LLH:  Lat=24.277542541° Lon=105.718527804° H=428.0088m
  原始数据:
2025/11/16 10:36:05.000   24.277542541  105.718527804   428.0088   2  28   0.0449   0.0599   0.1011  -0.0103  -0.0328  -0.0412   1.00    1.3 6541864

[TCP数据流] 2025/11/16 18:35:49 - 浮点解 (28颗卫星)
  ECEF: X=-1576101.1401 Y=5600206.1483 Z=2606512.2444
  LLH:  Lat=24.277544003° Lon=105.718527606° H=428.2150m
  原始数据:
2025/11/16 10:36:07.000   24.277544003  105.718527606   428.2150   2  28   0.0444   0.0595   0.0999  -0.0109  -0.0326  -0.0408   3.00    1.1 6541864

[TCP数据流] 2025/11/16 18:35:50 - 浮点解 (28颗卫星)
  ECEF: X=-1576101.1360 Y=5600206.2424 Z=2606512.4273
  LLH:  Lat=24.277545176° Lon=105.718527316° H=428.3717m
  原始数据:
2025/11/16 10:36:08.000   24.277545176  105.718527316   428.3717   2  28   0.0439   0.0592   0.0990  -0.0113  -0.0324  -0.0405   4.00    1.2 6541864

[TCP数据流] 2025/11/16 18:35:51 - 浮点解 (28颗卫星)
  ECEF: X=-1576101.1226 Y=5600206.3192 Z=2606512.5736
  LLH:  Lat=24.277546119° Lon=105.718526984° H=428.4960m
  原始数据:
2025/11/16 10:36:09.000   24.277546119  105.718526984   428.4960   2  28   0.0436   0.0588   0.0982  -0.0115  -0.0323  -0.0402   5.00    1.1 6541864

[TCP数据流] 2025/11/16 18:35:52 - 浮点解 (21颗卫星)
  ECEF: X=-1576101.1084 Y=5600206.3970 Z=2606512.6557
  LLH:  Lat=24.277546531° Lon=105.718526642° H=428.5945m
  原始数据:
2025/11/16 10:36:10.000   24.277546531  105.718526642   428.5945   2  21   0.0434   0.0587   0.0977  -0.0115  -0.0320  -0.0401   6.00    1.1 6541864

[TCP数据流] 2025/11/16 18:35:53 - 浮点解 (28颗卫星)
  ECEF: X=-1576101.0812 Y=5600206.4431 Z=2606512.7544
  LLH:  Lat=24.277547206° Lon=105.718526261° H=428.6688m
  原始数据:
2025/11/16 10:36:11.000   24.277547206  105.718526261   428.6688   2  28   0.0432   0.0585   0.0972  -0.0117  -0.0320  -0.0399   7.00    1.0 6541864

[TCP数据流] 2025/11/16 18:35:54 - 浮点解 (28颗卫星)
  ECEF: X=-1576101.0498 Y=5600206.4812 Z=2606512.8370
  LLH:  Lat=24.277547781° Lon=105.718525862° H=428.7284m
  原始数据:
2025/11/16 10:36:12.000   24.277547781  105.718525862   428.7284   2  28   0.0429   0.0582   0.0968  -0.0117  -0.0319  -0.0397   8.00    1.0 6541864

[TCP数据流] 2025/11/16 18:35:55 - 浮点解 (28颗卫星)
  ECEF: X=-1576101.0186 Y=5600206.5125 Z=2606512.9087
  LLH:  Lat=24.277548290° Lon=105.718525483° H=428.7777m
  原始数据:
2025/11/16 10:36:13.000   24.277548290  105.718525483   428.7777   2  28   0.0428   0.0580   0.0964  -0.0118  -0.0318  -0.0396   9.00    1.0 6541864

[TCP数据流] 2025/11/16 18:35:56 - 浮点解 (28颗卫星)
  ECEF: X=-1576100.9860 Y=5600206.5397 Z=2606512.9704
  LLH:  Lat=24.277548734° Lon=105.718525101° H=428.8189m
  原始数据:
2025/11/16 10:36:14.000   24.277548734  105.718525101   428.8189   2  28   0.0426   0.0577   0.0961  -0.0118  -0.0317  -0.0395  10.00    1.1 6541864

[TCP数据流] 2025/11/16 18:35:57 - 浮点解 (28颗卫星)
  ECEF: X=-1576100.9541 Y=5600206.5630 Z=2606513.0257
  LLH:  Lat=24.277549138° Lon=105.718524736° H=428.8542m
  原始数据:
2025/11/16 10:36:15.000   24.277549138  105.718524736   428.8542   2  28   0.0424   0.0575   0.0958  -0.0118  -0.0317  -0.0393  11.00    1.1 6541864

[TCP数据流] 2025/11/16 18:35:58 - 浮点解 (28颗卫星)
  ECEF: X=-1576100.9205 Y=5600206.5831 Z=2606513.0740
  LLH:  Lat=24.277549497° Lon=105.718524364° H=428.8833m
  原始数据:
2025/11/16 10:36:16.000   24.277549497  105.718524364   428.8833   2  28   0.0423   0.0573   0.0955  -0.0118  -0.0316  -0.0392  12.00    1.1 6541864

[TCP数据流] 2025/11/16 18:35:59 - 浮点解 (28颗卫星)
  ECEF: X=-1576100.8868 Y=5600206.6021 Z=2606513.1178
  LLH:  Lat=24.277549824° Lon=105.718523994° H=428.9097m
  原始数据:
2025/11/16 10:36:17.000   24.277549824  105.718523994   428.9097   2  28   0.0422   0.0571   0.0953  -0.0117  -0.0316  -0.0391  13.00    1.0 6541864

[TCP数据流] 2025/11/16 18:36:00 - 浮点解 (28颗卫星)
  ECEF: X=-1576100.8523 Y=5600206.6182 Z=2606513.1582
  LLH:  Lat=24.277550133° Lon=105.718523624° H=428.9319m
  原始数据:
2025/11/16 10:36:18.000   24.277550133  105.718523624   428.9319   2  28   0.0420   0.0569   0.0951  -0.0117  -0.0315  -0.0390  14.00    1.0 6541864

[TCP数据流] 2025/11/16 18:41:33 - 浮点解 (25颗卫星)
  ECEF: X=-1576098.9508 Y=5600195.1820 Z=2606515.3966
  LLH:  Lat=24.277611328° Lon=105.718536110° H=419.3477m
  原始数据:
2025/11/16 10:41:51.000   24.277611328  105.718536110   419.3477   2  25   0.0395   0.0549   0.0925  -0.0118  -0.0307  -0.0356   8.00    1.0 6541864

[TCP数据流] 2025/11/16 18:41:34 - 浮点解 (25颗卫星)
  ECEF: X=-1576098.9093 Y=5600195.0624 Z=2606515.4286
  LLH:  Lat=24.277612060° Lon=105.718536036° H=419.2457m
  原始数据:
2025/11/16 10:41:52.000   24.277612060  105.718536036   419.2457   2  25   0.0395   0.0548   0.0924  -0.0117  -0.0307  -0.0355   9.00    1.0 6541864

[TCP数据流] 2025/11/16 18:41:35 - 浮点解 (25颗卫星)
  ECEF: X=-1576098.8703 Y=5600194.9668 Z=2606515.4558
  LLH:  Lat=24.277612665° Lon=105.718535921° H=419.1634m
  原始数据:
2025/11/16 10:41:53.000   24.277612665  105.718535921   419.1634   2  25   0.0394   0.0547   0.0924  -0.0116  -0.0307  -0.0354  10.00    1.1 6541864

[TCP数据流] 2025/11/16 18:41:36 - 浮点解 (25颗卫星)
  ECEF: X=-1576098.8337 Y=5600194.8907 Z=2606515.4798
  LLH:  Lat=24.277613171° Lon=105.718535777° H=419.0974m
  原始数据:
2025/11/16 10:41:54.000   24.277613171  105.718535777   419.0974   2  25   0.0393   0.0545   0.0923  -0.0115  -0.0307  -0.0354  11.00    1.0 6541864

[TCP数据流] 2025/11/16 18:41:37 - 浮点解 (19颗卫星)
  ECEF: X=-1576098.8081 Y=5600194.8562 Z=2606515.4944
  LLH:  Lat=24.277613440° Lon=105.718535626° H=419.0668m
  原始数据:
2025/11/16 10:41:55.000   24.277613440  105.718535626   419.0668   2  19   0.0393   0.0544   0.0922  -0.0114  -0.0307  -0.0353  12.00    1.2 6541864

[TCP数据流] 2025/11/16 18:41:38 - 浮点解 (25颗卫星)
  ECEF: X=-1576098.7757 Y=5600194.8060 Z=2606515.5135
  LLH:  Lat=24.277613809° Lon=105.718535453° H=419.0226m
  原始数据:
2025/11/16 10:41:56.000   24.277613809  105.718535453   419.0226   2  25   0.0392   0.0543   0.0921  -0.0113  -0.0307  -0.0353  13.00    1.0 6541864

[TCP数据流] 2025/11/16 18:41:39 - 浮点解 (25颗卫星)
  ECEF: X=-1576098.7441 Y=5600194.7654 Z=2606515.5311
  LLH:  Lat=24.277614131° Lon=105.718535262° H=418.9864m
  原始数据:
2025/11/16 10:41:57.000   24.277614131  105.718535262   418.9864   2  25   0.0392   0.0542   0.0921  -0.0112  -0.0307  -0.0352  14.00    1.1 6541864

[TCP数据流] 2025/11/16 18:41:40 - 浮点解 (25颗卫星)
  ECEF: X=-1576098.7163 Y=5600194.7322 Z=2606515.5462
  LLH:  Lat=24.277614402° Lon=105.718535087° H=418.9566m
  原始数据:
2025/11/16 10:41:58.000   24.277614402  105.718535087   418.9566   2  25   0.0391   0.0541   0.0920  -0.0111  -0.0307  -0.0351  15.00    1.1 6541864

[TCP数据流] 2025/11/16 18:41:41 - 浮点解 (25颗卫星)
  ECEF: X=-1576098.6879 Y=5600194.7039 Z=2606515.5601
  LLH:  Lat=24.277614646° Lon=105.718534893° H=418.9305m
  原始数据:
2025/11/16 10:41:59.000   24.277614646  105.718534893   418.9305   2  25   0.0390   0.0539   0.0919  -0.0110  -0.0307  -0.0351  16.00    1.0 6541864

[TCP数据流] 2025/11/16 18:41:42 - 浮点解 (25颗卫星)
  ECEF: X=-1576098.6605 Y=5600194.6814 Z=2606515.5740
  LLH:  Lat=24.277614868° Lon=105.718534693° H=418.9097m
  原始数据:
2025/11/16 10:42:00.000   24.277614868  105.718534693   418.9097   2  25   0.0390   0.0538   0.0919  -0.0110  -0.0307  -0.0350  17.00    1.0 6541864

[TCP数据流] 2025/11/16 18:41:43 - 浮点解 (25颗卫星)
  ECEF: X=-1576098.6340 Y=5600194.6619 Z=2606515.5863
  LLH:  Lat=24.277615066° Lon=105.718534494° H=418.8911m
  原始数据:
2025/11/16 10:42:01.000   24.277615066  105.718534494   418.8911   2  25   0.0389   0.0537   0.0918  -0.0109  -0.0306  -0.0350  18.00    1.0 6541864

[TCP数据流] 2025/11/16 18:41:44 - 浮点解 (25颗卫星)
  ECEF: X=-1576098.6083 Y=5600194.6467 Z=2606515.5981
  LLH:  Lat=24.277615243° Lon=105.718534291° H=418.8763m
  原始数据:
2025/11/16 10:42:02.000   24.277615243  105.718534291   418.8763   2  25   0.0389   0.0536   0.0917  -0.0108  -0.0306  -0.0350  19.00    1.1 6541864

[TCP数据流] 2025/11/16 18:41:45 - 浮点解 (25颗卫星)
  ECEF: X=-1576098.5818 Y=5600194.6324 Z=2606515.6088
  LLH:  Lat=24.277615409° Lon=105.718534078° H=418.8616m
  原始数据:
2025/11/16 10:42:03.000   24.277615409  105.718534078   418.8616   2  25   0.0388   0.0534   0.0916  -0.0107  -0.0306  -0.0349  20.00    1.1 6541864

[TCP数据流] 2025/11/16 18:41:46 - 浮点解 (25颗卫星)
  ECEF: X=-1576098.5571 Y=5600194.6230 Z=2606515.6195
  LLH:  Lat=24.277615555° Lon=105.718533869° H=418.8516m
  原始数据:
2025/11/16 10:42:04.000   24.277615555  105.718533869   418.8516   2  25   0.0388   0.0533   0.0916  -0.0106  -0.0306  -0.0349  21.00    1.1 6541864

[TCP数据流] 2025/11/16 18:41:47 - 浮点解 (25颗卫星)
  ECEF: X=-1576098.5323 Y=5600194.6154 Z=2606515.6293
  LLH:  Lat=24.277615688° Lon=105.718533654° H=418.8429m
  原始数据:
2025/11/16 10:42:05.000   24.277615688  105.718533654   418.8429   2  25   0.0387   0.0532   0.0915  -0.0105  -0.0306  -0.0348  22.00    1.1 6541864

[TCP数据流] 2025/11/16 18:41:48 - 浮点解 (25颗卫星)
  ECEF: X=-1576098.5093 Y=5600194.6099 Z=2606515.6388
  LLH:  Lat=24.277615809° Lon=105.718533451° H=418.8363m
  原始数据:
2025/11/16 10:42:06.000   24.277615809  105.718533451   418.8363   2  25   0.0387   0.0531   0.0914  -0.0104  -0.0306  -0.0348  23.00    1.0 6541864

[TCP数据流] 2025/11/16 18:41:49 - 浮点解 (25颗卫星)
  ECEF: X=-1576098.4881 Y=5600194.6062 Z=2606515.6478
  LLH:  Lat=24.277615918° Lon=105.718533260° H=418.8315m
  原始数据:
2025/11/16 10:42:07.000   24.277615918  105.718533260   418.8315   2  25   0.0386   0.0530   0.0914  -0.0103  -0.0306  -0.0347  24.00    1.0 6541864

[TCP数据流] 2025/11/16 18:41:50 - 浮点解 (25颗卫星)
  ECEF: X=-1576098.4687 Y=5600194.6041 Z=2606515.6560
  LLH:  Lat=24.277616012° Lon=105.718533082° H=418.8282m
  原始数据:
2025/11/16 10:42:08.000   24.277616012  105.718533082   418.8282   2  25   0.0386   0.0528   0.0913  -0.0102  -0.0306  -0.0347  25.00    1.0 6541864

[TCP数据流] 2025/11/16 18:41:51 - 浮点解 (25颗卫星)
  ECEF: X=-1576098.4490 Y=5600194.6037 Z=2606515.6646
  LLH:  Lat=24.277616104° Lon=105.718532896° H=418.8265m
  原始数据:
2025/11/16 10:42:09.000   24.277616104  105.718532896   418.8265   2  25   0.0386   0.0527   0.0912  -0.0101  -0.0306  -0.0346  26.00    1.1 6541864

[TCP数据流] 2025/11/16 18:41:52 - 浮点解 (25颗卫星)
  ECEF: X=-1576098.4305 Y=5600194.6037 Z=2606515.6724
  LLH:  Lat=24.277616187° Lon=105.718532720° H=418.8252m
  原始数据:
2025/11/16 10:42:10.000   24.277616187  105.718532720   418.8252   2  25   0.0385   0.0526   0.0912  -0.0100  -0.0306  -0.0346  27.00    1.1 6541864

[TCP数据流] 2025/11/16 18:41:53 - 浮点解 (25颗卫星)
  ECEF: X=-1576098.4113 Y=5600194.6043 Z=2606515.6790
  LLH:  Lat=24.277616258° Lon=105.718532537° H=418.8237m
  原始数据:
2025/11/16 10:42:11.000   24.277616258  105.718532537   418.8237   2  25   0.0385   0.0525   0.0911  -0.0100  -0.0306  -0.0346  28.00    1.2 6541864

[TCP数据流] 2025/11/16 18:41:54 - 浮点解 (25颗卫星)
  ECEF: X=-1576098.3917 Y=5600194.6061 Z=2606515.6861
  LLH:  Lat=24.277616330° Lon=105.718532346° H=418.8233m
  原始数据:
2025/11/16 10:42:12.000   24.277616330  105.718532346   418.8233   2  25   0.0384   0.0524   0.0910  -0.0099  -0.0306  -0.0345  29.00    1.0 6541864

[TCP数据流] 2025/11/16 18:41:55 - 浮点解 (25颗卫星)
  ECEF: X=-1576098.3740 Y=5600194.6091 Z=2606515.6932
  LLH:  Lat=24.277616396° Lon=105.718532170° H=418.8245m
  原始数据:
2025/11/16 10:42:13.000   24.277616396  105.718532170   418.8245   2  25   0.0384   0.0523   0.0910  -0.0098  -0.0305  -0.0345  30.00    1.0 6541864

[TCP数据流] 2025/11/16 18:42:24 - 浮点解 (25颗卫星)
  ECEF: X=-1576098.3297 Y=5600194.4811 Z=2606515.8735
  LLH:  Lat=24.277618381° Lon=105.718532092° H=418.7754m
  原始数据:
2025/11/16 10:42:42.000   24.277618381  105.718532092   418.7754   2  25   0.0380   0.0521   0.0899  -0.0100  -0.0301  -0.0337   0.00    1.1 6541864

[TCP数据流] 2025/11/16 18:42:25 - 浮点解 (25颗卫星)
  ECEF: X=-1576098.2907 Y=5600194.3808 Z=2606516.0276
  LLH:  Lat=24.277620047° Lon=105.718531990° H=418.7411m
  原始数据:
2025/11/16 10:42:43.000   24.277620047  105.718531990   418.7411   2  25   0.0377   0.0519   0.0889  -0.0102  -0.0297  -0.0331   0.00    1.0 6541864

[TCP数据流] 2025/11/16 18:42:26 - 浮点解 (25颗卫星)
  ECEF: X=-1576098.2563 Y=5600194.2983 Z=2606516.1630
  LLH:  Lat=24.277621491° Lon=105.718531884° H=418.7159m
  原始数据:
2025/11/16 10:42:44.000   24.277621491  105.718531884   418.7159   2  25   0.0375   0.0517   0.0882  -0.0104  -0.0294  -0.0325   0.00    1.0 6541864

[TCP数据流] 2025/11/16 18:42:27 - 浮点解 (25颗卫星)
  ECEF: X=-1576098.2240 Y=5600194.2394 Z=2606516.2841
  LLH:  Lat=24.277622730° Lon=105.718531735° H=418.7060m
  原始数据:
2025/11/16 10:42:45.000   24.277622730  105.718531735   418.7060   2  25   0.0373   0.0515   0.0875  -0.0105  -0.0291  -0.0320   0.00    1.0 6541864

[TCP数据流] 2025/11/16 18:42:28 - 浮点解 (25颗卫星)
  ECEF: X=-1576098.1961 Y=5600194.2000 Z=2606516.3878
  LLH:  Lat=24.277623752° Lon=105.718531575° H=418.7072m
  原始数据:
2025/11/16 10:42:46.000   24.277623752  105.718531575   418.7072   2  25   0.0371   0.0514   0.0869  -0.0106  -0.0288  -0.0316   1.00    1.0 6541864

[TCP数据流] 2025/11/16 18:42:29 - 浮点解 (25颗卫星)
  ECEF: X=-1576098.1710 Y=5600194.1751 Z=2606516.4706
  LLH:  Lat=24.277624548° Lon=105.718531404° H=418.7132m
  原始数据:
2025/11/16 10:42:47.000   24.277624548  105.718531404   418.7132   2  25   0.0369   0.0512   0.0864  -0.0106  -0.0286  -0.0313   2.00    1.0 6541864

[TCP数据流] 2025/11/16 18:42:30 - 浮点解 (25颗卫星)
  ECEF: X=-1576098.1555 Y=5600194.2471 Z=2606516.5154
  LLH:  Lat=24.277624675° Lon=105.718531065° H=418.7910m
  原始数据:
2025/11/16 10:42:48.000   24.277624675  105.718531065   418.7910   2  25   0.0368   0.0511   0.0860  -0.0106  -0.0284  -0.0310   3.00    1.0 6541864

[TCP数据流] 2025/11/16 18:42:31 - 浮点解 (25颗卫星)
  ECEF: X=-1576098.1414 Y=5600194.3142 Z=2606516.5507
  LLH:  Lat=24.277624740° Lon=105.718530752° H=418.8609m
  原始数据:
2025/11/16 10:42:49.000   24.277624740  105.718530752   418.8609   2  25   0.0367   0.0509   0.0857  -0.0106  -0.0283  -0.0308   4.00    1.0 6541864

[TCP数据流] 2025/11/16 18:42:32 - 浮点解 (25颗卫星)
  ECEF: X=-1576098.1286 Y=5600194.3776 Z=2606516.5793
  LLH:  Lat=24.277624762° Lon=105.718530462° H=418.9251m
  原始数据:
2025/11/16 10:42:50.000   24.277624762  105.718530462   418.9251   2  25   0.0366   0.0508   0.0854  -0.0106  -0.0282  -0.0307   5.00    1.1 6541864

[TCP数据流] 2025/11/16 18:42:33 - 浮点解 (25颗卫星)
  ECEF: X=-1576098.1187 Y=5600194.4342 Z=2606516.6022
  LLH:  Lat=24.277624758° Lon=105.718530217° H=418.9817m
  原始数据:
2025/11/16 10:42:51.000   24.277624758  105.718530217   418.9817   2  25   0.0365   0.0507   0.0852  -0.0106  -0.0281  -0.0305   6.00    1.0 6541864

[TCP数据流] 2025/11/16 18:42:34 - 浮点解 (25颗卫星)
  ECEF: X=-1576098.1078 Y=5600194.4857 Z=2606516.6216
  LLH:  Lat=24.277624744° Lon=105.718529976° H=419.0322m
  原始数据:
2025/11/16 10:42:52.000   24.277624744  105.718529976   419.0322   2  25   0.0364   0.0506   0.0850  -0.0105  -0.0280  -0.0304   7.00    1.1 6541864

[TCP数据流] 2025/11/16 18:42:35 - 浮点解 (25颗卫星)
  ECEF: X=-1576098.0970 Y=5600194.5334 Z=2606516.6377
  LLH:  Lat=24.277624717° Lon=105.718529746° H=419.0780m
  原始数据:
2025/11/16 10:42:53.000   24.277624717  105.718529746   419.0780   2  25   0.0364   0.0504   0.0849  -0.0105  -0.0279  -0.0303   8.00    1.0 6541864

[TCP数据流] 2025/11/16 18:42:36 - 浮点解 (25颗卫星)
  ECEF: X=-1576098.0835 Y=5600194.5734 Z=2606516.6519
  LLH:  Lat=24.277624705° Lon=105.718529512° H=419.1156m
  原始数据:
2025/11/16 10:42:54.000   24.277624705  105.718529512   419.1156   2  25   0.0363   0.0503   0.0847  -0.0105  -0.0278  -0.0302   9.00    1.0 6541864

[TCP数据流] 2025/11/16 18:42:37 - 浮点解 (24颗卫星)
  ECEF: X=-1576098.0706 Y=5600194.6123 Z=2606516.6644
  LLH:  Lat=24.277624682° Lon=105.718529286° H=419.1517m
  原始数据:
2025/11/16 10:42:55.000   24.277624682  105.718529286   419.1517   2  24   0.0363   0.0502   0.0846  -0.0104  -0.0278  -0.0301  10.00    1.0 6541864

[TCP数据流] 2025/11/16 18:42:38 - 浮点解 (24颗卫星)
  ECEF: X=-1576098.0629 Y=5600194.6505 Z=2606516.6750
  LLH:  Lat=24.277624640° Lon=105.718529111° H=419.1877m
  原始数据:
2025/11/16 10:42:56.000   24.277624640  105.718529111   419.1877   2  24   0.0362   0.0501   0.0844  -0.0104  -0.0277  -0.0300  11.00    1.0 6541864

[TCP数据流] 2025/11/16 18:42:39 - 浮点解 (24颗卫星)
  ECEF: X=-1576098.0495 Y=5600194.6843 Z=2606516.6846
  LLH:  Lat=24.277624612° Lon=105.718528893° H=419.2180m
  原始数据:
2025/11/16 10:42:57.000   24.277624612  105.718528893   419.2180   2  24   0.0362   0.0500   0.0843  -0.0103  -0.0277  -0.0300  12.00    1.1 6541864

[TCP数据流] 2025/11/16 18:42:40 - 浮点解 (24颗卫星)
  ECEF: X=-1576098.0359 Y=5600194.7161 Z=2606516.6935
  LLH:  Lat=24.277624585° Lon=105.718528680° H=419.2462m
  原始数据:
2025/11/16 10:42:58.000   24.277624585  105.718528680   419.2462   2  24   0.0361   0.0499   0.0842  -0.0103  -0.0276  -0.0299  13.00    1.0 6541864

[TCP数据流] 2025/11/16 18:42:41 - 浮点解 (25颗卫星)
  ECEF: X=-1576098.0225 Y=5600194.7466 Z=2606516.7017
  LLH:  Lat=24.277624557° Lon=105.718528471° H=419.2730m
  原始数据:
2025/11/16 10:42:59.000   24.277624557  105.718528471   419.2730   2  25   0.0361   0.0498   0.0841  -0.0102  -0.0276  -0.0299  14.00    1.0 6541864

[TCP数据流] 2025/11/16 18:42:42 - 浮点解 (25颗卫星)
  ECEF: X=-1576098.0089 Y=5600194.7748 Z=2606516.7088
  LLH:  Lat=24.277624529° Lon=105.718528267° H=419.2973m
  原始数据:
2025/11/16 10:43:00.000   24.277624529  105.718528267   419.2973   2  25   0.0360   0.0497   0.0840  -0.0102  -0.0275  -0.0298  15.00    1.0 6541864

[TCP数据流] 2025/11/16 18:42:43 - 浮点解 (25颗卫星)
  ECEF: X=-1576097.9960 Y=5600194.8026 Z=2606516.7158
  LLH:  Lat=24.277624500° Lon=105.718528071° H=419.3214m
  原始数据:
2025/11/16 10:43:01.000   24.277624500  105.718528071   419.3214   2  25   0.0360   0.0496   0.0839  -0.0101  -0.0275  -0.0297  16.00    1.1 6541864

[TCP数据流] 2025/11/16 18:42:44 - 浮点解 (25颗卫星)
  ECEF: X=-1576097.9836 Y=5600194.8297 Z=2606516.7222
  LLH:  Lat=24.277624468° Lon=105.718527881° H=419.3448m
  原始数据:
2025/11/16 10:43:02.000   24.277624468  105.718527881   419.3448   2  25   0.0359   0.0495   0.0838  -0.0101  -0.0275  -0.0297  17.00    1.0 6541864

[TCP数据流] 2025/11/16 18:42:45 - 浮点解 (25颗卫星)
  ECEF: X=-1576097.9714 Y=5600194.8563 Z=2606516.7285
  LLH:  Lat=24.277624437° Lon=105.718527694° H=419.3677m
  原始数据:
2025/11/16 10:43:03.000   24.277624437  105.718527694   419.3677   2  25   0.0359   0.0494   0.0837  -0.0101  -0.0274  -0.0296  18.00    1.0 6541864

[TCP数据流] 2025/11/16 18:42:46 - 浮点解 (25颗卫星)
  ECEF: X=-1576097.9590 Y=5600194.8816 Z=2606516.7340
  LLH:  Lat=24.277624404° Lon=105.718527509° H=419.3891m
  原始数据:
2025/11/16 10:43:04.000   24.277624404  105.718527509   419.3891   2  25   0.0358   0.0493   0.0836  -0.0100  -0.0274  -0.0296  19.00    1.0 6541864

[TCP数据流] 2025/11/16 18:42:47 - 浮点解 (25颗卫星)
  ECEF: X=-1576097.9475 Y=5600194.9076 Z=2606516.7395
  LLH:  Lat=24.277624368° Lon=105.718527331° H=419.4113m
  原始数据:
2025/11/16 10:43:05.000   24.277624368  105.718527331   419.4113   2  25   0.0358   0.0492   0.0835  -0.0100  -0.0273  -0.0295  20.00    1.1 6541864

[TCP数据流] 2025/11/16 18:42:48 - 浮点解 (25颗卫星)
  ECEF: X=-1576097.9349 Y=5600194.9327 Z=2606516.7446
  LLH:  Lat=24.277624333° Lon=105.718527144° H=419.4323m
  原始数据:
2025/11/16 10:43:06.000   24.277624333  105.718527144   419.4323   2  25   0.0358   0.0491   0.0834  -0.0099  -0.0273  -0.0295  21.00    1.0 6541864

[TCP数据流] 2025/11/16 18:42:49 - 浮点解 (25颗卫星)
  ECEF: X=-1576097.9228 Y=5600194.9558 Z=2606516.7489
  LLH:  Lat=24.277624298° Lon=105.718526968° H=419.4514m
  原始数据:
2025/11/16 10:43:07.000   24.277624298  105.718526968   419.4514   2  25   0.0357   0.0490   0.0834  -0.0099  -0.0273  -0.0294  22.00    1.0 6541864

[TCP数据流] 2025/11/16 18:42:50 - 浮点解 (25颗卫星)
  ECEF: X=-1576097.9114 Y=5600194.9789 Z=2606516.7529
  LLH:  Lat=24.277624260° Lon=105.718526798° H=419.4704m
  原始数据:
2025/11/16 10:43:08.000   24.277624260  105.718526798   419.4704   2  25   0.0357   0.0489   0.0833  -0.0098  -0.0272  -0.0294  23.00    1.1 6541864

[TCP数据流] 2025/11/16 18:42:51 - 浮点解 (25颗卫星)
  ECEF: X=-1576097.8981 Y=5600195.0015 Z=2606516.7573
  LLH:  Lat=24.277624229° Lon=105.718526612° H=419.4888m
  原始数据:
2025/11/16 10:43:09.000   24.277624229  105.718526612   419.4888   2  25   0.0356   0.0488   0.0832  -0.0098  -0.0272  -0.0294  24.00    1.0 6541864

[TCP数据流] 2025/11/16 18:42:52 - 浮点解 (25颗卫星)
  ECEF: X=-1576097.8853 Y=5600195.0237 Z=2606516.7612
  LLH:  Lat=24.277624195° Lon=105.718526431° H=419.5067m
  原始数据:
2025/11/16 10:43:10.000   24.277624195  105.718526431   419.5067   2  25   0.0356   0.0487   0.0831  -0.0097  -0.0272  -0.0293  25.00    1.0 6541864

[TCP数据流] 2025/11/16 18:42:53 - 浮点解 (25颗卫星)
  ECEF: X=-1576097.8734 Y=5600195.0452 Z=2606516.7646
  LLH:  Lat=24.277624158° Lon=105.718526261° H=419.5241m
  原始数据:
2025/11/16 10:43:11.000   24.277624158  105.718526261   419.5241   2  25   0.0355   0.0486   0.0830  -0.0097  -0.0272  -0.0293  26.00    1.0 6541864

[TCP数据流] 2025/11/16 18:42:54 - 浮点解 (26颗卫星)
  ECEF: X=-1576097.8607 Y=5600195.0661 Z=2606516.7680
  LLH:  Lat=24.277624124° Lon=105.718526085° H=419.5407m
  原始数据:
2025/11/16 10:43:12.000   24.277624124  105.718526085   419.5407   2  26   0.0355   0.0485   0.0830  -0.0096  -0.0271  -0.0292  27.00    1.1 6541864

[TCP数据流] 2025/11/16 18:42:55 - 浮点解 (26颗卫星)
  ECEF: X=-1576097.8474 Y=5600195.0860 Z=2606516.7713
  LLH:  Lat=24.277624093° Lon=105.718525906° H=419.5562m
  原始数据:
2025/11/16 10:43:13.000   24.277624093  105.718525906   419.5562   2  26   0.0355   0.0484   0.0829  -0.0096  -0.0271  -0.0292  28.00    1.0 6541864

[TCP数据流] 2025/11/16 18:42:56 - 浮点解 (26颗卫星)
  ECEF: X=-1576097.8333 Y=5600195.1055 Z=2606516.7747
  LLH:  Lat=24.277624066° Lon=105.718525720° H=419.5712m
  原始数据:
2025/11/16 10:43:14.000   24.277624066  105.718525720   419.5712   2  26   0.0354   0.0483   0.0828  -0.0095  -0.0271  -0.0291  29.00    1.0 6541864

[TCP数据流] 2025/11/16 18:42:57 - 浮点解 (26颗卫星)
  ECEF: X=-1576097.8193 Y=5600195.1252 Z=2606516.7779
  LLH:  Lat=24.277624036° Lon=105.718525535° H=419.5864m
  原始数据:
2025/11/16 10:43:15.000   24.277624036  105.718525535   419.5864   2  26   0.0354   0.0482   0.0827  -0.0095  -0.0271  -0.0291  30.00    1.1 6541864

[TCP数据流] 2025/11/16 18:43:59 - 浮点解 (29颗卫星)
  ECEF: X=-1576098.0277 Y=5600199.0686 Z=2606517.9342
  LLH:  Lat=24.277619252° Lon=105.718516989° H=423.5735m
  原始数据:
2025/11/16 10:44:17.000   24.277619252  105.718516989   423.5735   2  29   0.0328   0.0462   0.0711  -0.0110  -0.0222  -0.0216   9.00    1.0 6541864

[TCP数据流] 2025/11/16 18:44:00 - 浮点解 (27颗卫星)
  ECEF: X=-1576098.0201 Y=5600199.1677 Z=2606517.9599
  LLH:  Lat=24.277619117° Lon=105.718516653° H=423.6692m
  原始数据:
2025/11/16 10:44:18.000   24.277619117  105.718516653   423.6692   2  27   0.0327   0.0461   0.0708  -0.0110  -0.0221  -0.0215  10.00    1.0 6541864

[TCP数据流] 2025/11/16 18:44:01 - 浮点解 (29颗卫星)
  ECEF: X=-1576098.0111 Y=5600199.2541 Z=2606517.9816
  LLH:  Lat=24.277618996° Lon=105.718516337° H=423.7517m
  原始数据:
2025/11/16 10:44:19.000   24.277618996  105.718516337   423.7517   2  29   0.0326   0.0460   0.0705  -0.0110  -0.0220  -0.0213  11.00    1.0 6541864

[TCP数据流] 2025/11/16 18:44:02 - 浮点解 (28颗卫星)
  ECEF: X=-1576098.0001 Y=5600199.3287 Z=2606518.0005
  LLH:  Lat=24.277618896° Lon=105.718516034° H=423.8222m
  原始数据:
2025/11/16 10:44:20.000   24.277618896  105.718516034   423.8222   2  28   0.0325   0.0459   0.0703  -0.0109  -0.0219  -0.0212  12.00    1.1 6541864

[TCP数据流] 2025/11/16 18:44:03 - 浮点解 (28颗卫星)
  ECEF: X=-1576097.9887 Y=5600199.3945 Z=2606518.0163
  LLH:  Lat=24.277618802° Lon=105.718515750° H=423.8836m
  原始数据:
2025/11/16 10:44:21.000   24.277618802  105.718515750   423.8836   2  28   0.0325   0.0458   0.0701  -0.0109  -0.0218  -0.0210  13.00    1.0 6541864

[TCP数据流] 2025/11/16 18:44:04 - 浮点解 (28颗卫星)
  ECEF: X=-1576097.9770 Y=5600199.4546 Z=2606518.0307
  LLH:  Lat=24.277618718° Lon=105.718515479° H=423.9394m
  原始数据:
2025/11/16 10:44:22.000   24.277618718  105.718515479   423.9394   2  28   0.0324   0.0457   0.0699  -0.0109  -0.0218  -0.0209  14.00    1.0 6541864

[TCP数据流] 2025/11/16 18:44:05 - 浮点解 (28颗卫星)
  ECEF: X=-1576097.9645 Y=5600199.5080 Z=2606518.0435
  LLH:  Lat=24.277618645° Lon=105.718515218° H=423.9884m
  原始数据:
2025/11/16 10:44:23.000   24.277618645  105.718515218   423.9884   2  28   0.0324   0.0456   0.0698  -0.0109  -0.0217  -0.0208  15.00    1.0 6541864

[TCP数据流] 2025/11/16 18:44:06 - 浮点解 (28颗卫星)
  ECEF: X=-1576097.9521 Y=5600199.5582 Z=2606518.0555
  LLH:  Lat=24.277618577° Lon=105.718514966° H=424.0343m
  原始数据:
2025/11/16 10:44:24.000   24.277618577  105.718514966   424.0343   2  28   0.0323   0.0455   0.0696  -0.0108  -0.0217  -0.0207  16.00    1.0 6541864

[TCP数据流] 2025/11/16 18:44:07 - 浮点解 (28颗卫星)
  ECEF: X=-1576097.9400 Y=5600199.6037 Z=2606518.0654
  LLH:  Lat=24.277618508° Lon=105.718514730° H=424.0753m
  原始数据:
2025/11/16 10:44:25.000   24.277618508  105.718514730   424.0753   2  28   0.0323   0.0454   0.0695  -0.0108  -0.0216  -0.0206  17.00    1.0 6541864

[TCP数据流] 2025/11/16 18:44:08 - 浮点解 (28颗卫星)
  ECEF: X=-1576097.9260 Y=5600199.6454 Z=2606518.0744
  LLH:  Lat=24.277618447° Lon=105.718514486° H=424.1122m
  原始数据:
2025/11/16 10:44:26.000   24.277618447  105.718514486   424.1122   2  28   0.0322   0.0453   0.0693  -0.0108  -0.0216  -0.0206  18.00    1.0 6541864

[TCP数据流] 2025/11/16 18:44:09 - 浮点解 (28颗卫星)
  ECEF: X=-1576097.9138 Y=5600199.6838 Z=2606518.0825
  LLH:  Lat=24.277618389° Lon=105.718514268° H=424.1462m
  原始数据:
2025/11/16 10:44:27.000   24.277618389  105.718514268   424.1462   2  28   0.0322   0.0452   0.0692  -0.0107  -0.0215  -0.0205  19.00    1.0 6541864

[TCP数据流] 2025/11/16 18:44:10 - 浮点解 (28颗卫星)
  ECEF: X=-1576097.8996 Y=5600199.7192 Z=2606518.0895
  LLH:  Lat=24.277618334° Lon=105.718514039° H=424.1766m
  原始数据:
2025/11/16 10:44:28.000   24.277618334  105.718514039   424.1766   2  28   0.0321   0.0451   0.0691  -0.0107  -0.0215  -0.0204  20.00    1.0 6541864

[TCP数据流] 2025/11/16 18:44:11 - 浮点解 (28颗卫星)
  ECEF: X=-1576097.8857 Y=5600199.7534 Z=2606518.0964
  LLH:  Lat=24.277618283° Lon=105.718513816° H=424.2060m
  原始数据:
2025/11/16 10:44:29.000   24.277618283  105.718513816   424.2060   2  28   0.0321   0.0451   0.0690  -0.0107  -0.0214  -0.0204  21.00    1.0 6541864

[TCP数据流] 2025/11/16 18:44:12 - 浮点解 (28颗卫星)
  ECEF: X=-1576097.8718 Y=5600199.7856 Z=2606518.1023
  LLH:  Lat=24.277618230° Lon=105.718513598° H=424.2332m
  原始数据:
2025/11/16 10:44:30.000   24.277618230  105.718513598   424.2332   2  28   0.0321   0.0450   0.0689  -0.0106  -0.0214  -0.0203  22.00    1.0 6541864

[TCP数据流] 2025/11/16 18:44:13 - 浮点解 (28颗卫星)
  ECEF: X=-1576097.8582 Y=5600199.8160 Z=2606518.1071
  LLH:  Lat=24.277618175° Lon=105.718513388° H=424.2586m
  原始数据:
2025/11/16 10:44:31.000   24.277618175  105.718513388   424.2586   2  28   0.0320   0.0449   0.0688  -0.0106  -0.0214  -0.0203  23.00    1.0 6541864

[TCP数据流] 2025/11/16 18:44:14 - 浮点解 (28颗卫星)
  ECEF: X=-1576097.8432 Y=5600199.8447 Z=2606518.1124
  LLH:  Lat=24.277618131° Lon=105.718513169° H=424.2822m
  原始数据:
2025/11/16 10:44:32.000   24.277618131  105.718513169   424.2822   2  28   0.0320   0.0448   0.0687  -0.0106  -0.0213  -0.0202  24.00    1.0 6541864

[TCP数据流] 2025/11/16 18:44:15 - 浮点解 (28颗卫星)
  ECEF: X=-1576097.8282 Y=5600199.8725 Z=2606518.1171
  LLH:  Lat=24.277618085° Lon=105.718512953° H=424.3048m
  原始数据:
2025/11/16 10:44:33.000   24.277618085  105.718512953   424.3048   2  28   0.0319   0.0447   0.0686  -0.0105  -0.0213  -0.0202  25.00    1.0 6541864

[TCP数据流] 2025/11/16 18:44:16 - 浮点解 (28颗卫星)
  ECEF: X=-1576097.8134 Y=5600199.8986 Z=2606518.1212
  LLH:  Lat=24.277618041° Lon=105.718512743° H=424.3258m
  原始数据:
2025/11/16 10:44:34.000   24.277618041  105.718512743   424.3258   2  28   0.0319   0.0446   0.0685  -0.0105  -0.0213  -0.0201  26.00    1.0 6541864

[TCP数据流] 2025/11/16 18:44:17 - 浮点解 (28颗卫星)
  ECEF: X=-1576097.7990 Y=5600199.9241 Z=2606518.1254
  LLH:  Lat=24.277617999° Lon=105.718512539° H=424.3463m
  原始数据:
2025/11/16 10:44:35.000   24.277617999  105.718512539   424.3463   2  28   0.0319   0.0445   0.0685  -0.0104  -0.0213  -0.0201  27.00    1.0 6541864

[TCP数据流] 2025/11/16 18:44:18 - 浮点解 (27颗卫星)
  ECEF: X=-1576097.7850 Y=5600199.9492 Z=2606518.1294
  LLH:  Lat=24.277617956° Lon=105.718512339° H=424.3665m
  原始数据:
2025/11/16 10:44:36.000   24.277617956  105.718512339   424.3665   2  27   0.0318   0.0444   0.0684  -0.0104  -0.0212  -0.0200  28.00    1.0 6541864

[TCP数据流] 2025/11/16 18:44:19 - 浮点解 (21颗卫星)
  ECEF: X=-1576097.7744 Y=5600199.9717 Z=2606518.1324
  LLH:  Lat=24.277617911° Lon=105.718512178° H=424.3849m
  原始数据:
2025/11/16 10:44:37.000   24.277617911  105.718512178   424.3849   2  21   0.0318   0.0444   0.0683  -0.0104  -0.0212  -0.0200  29.00    1.0 6541864

[TCP数据流] 2025/11/16 18:44:20 - 浮点解 (28颗卫星)
  ECEF: X=-1576097.7601 Y=5600199.9954 Z=2606518.1364
  LLH:  Lat=24.277617874° Lon=105.718511980° H=424.4038m
  原始数据:
2025/11/16 10:44:38.000   24.277617874  105.718511980   424.4038   2  28   0.0318   0.0443   0.0682  -0.0103  -0.0212  -0.0200  30.00    1.0 6541864

[TCP数据流] 2025/11/16 18:44:24 - 浮点解 (28颗卫星)
  ECEF: X=-1576097.7907 Y=5600200.4408 Z=2606518.2804
  LLH:  Lat=24.277617436° Lon=105.718511081° H=424.8614m
  原始数据:
2025/11/16 10:44:42.000   24.277617436  105.718511081   424.8614   2  28   0.0314   0.0441   0.0668  -0.0105  -0.0206  -0.0189   0.00    1.0 6541864

[TCP数据流] 2025/11/16 18:44:25 - 浮点解 (28颗卫星)
  ECEF: X=-1576097.8153 Y=5600200.8251 Z=2606518.4094
  LLH:  Lat=24.277617100° Lon=105.718510289° H=425.2577m
  原始数据:
2025/11/16 10:44:43.000   24.277617100  105.718510289   425.2577   2  28   0.0310   0.0438   0.0655  -0.0106  -0.0201  -0.0179   0.00    1.1 6541864

[TCP数据流] 2025/11/16 18:44:26 - 浮点解 (28颗卫星)
  ECEF: X=-1576097.8323 Y=5600201.1553 Z=2606518.5201
  LLH:  Lat=24.277616814° Lon=105.718509569° H=425.5972m
  原始数据:
2025/11/16 10:44:44.000   24.277616814  105.718509569   425.5972   2  28   0.0308   0.0436   0.0644  -0.0107  -0.0197  -0.0170   1.00    1.3 6541864

[TCP数据流] 2025/11/16 18:44:27 - 浮点解 (28颗卫星)
  ECEF: X=-1576097.8438 Y=5600201.4232 Z=2606518.6087
  LLH:  Lat=24.277616575° Lon=105.718508964° H=425.8715m
  原始数据:
2025/11/16 10:44:45.000   24.277616575  105.718508964   425.8715   2  28   0.0305   0.0435   0.0635  -0.0107  -0.0193  -0.0163   2.00    1.3 6541864

[TCP数据流] 2025/11/16 18:44:28 - 浮点解 (28颗卫星)
  ECEF: X=-1576097.8505 Y=5600201.6407 Z=2606518.6787
  LLH:  Lat=24.277616367° Lon=105.718508447° H=426.0928m
  原始数据:
2025/11/16 10:44:46.000   24.277616367  105.718508447   426.0928   2  28   0.0303   0.0433   0.0627  -0.0108  -0.0190  -0.0158   3.00    1.8 6541864

[TCP数据流] 2025/11/16 18:44:29 - 浮点解 (28颗卫星)
  ECEF: X=-1576097.8535 Y=5600201.8109 Z=2606518.7325
  LLH:  Lat=24.277616198° Lon=105.718508021° H=426.2650m
  原始数据:
2025/11/16 10:44:47.000   24.277616198  105.718508021   426.2650   2  28   0.0302   0.0432   0.0622  -0.0108  -0.0187  -0.0153   4.00    1.3 6541864

[TCP数据流] 2025/11/16 18:44:30 - 浮点解 (28颗卫星)
  ECEF: X=-1576097.8532 Y=5600201.9482 Z=2606518.7749
  LLH:  Lat=24.277616057° Lon=105.718507652° H=426.4028m
  原始数据:
2025/11/16 10:44:48.000   24.277616057  105.718507652   426.4028   2  28   0.0300   0.0431   0.0617  -0.0108  -0.0185  -0.0150   5.00    1.0 6541864

[TCP数据流] 2025/11/16 18:44:31 - 浮点解 (28颗卫星)
  ECEF: X=-1576097.8503 Y=5600202.0587 Z=2606518.8081
  LLH:  Lat=24.277615938° Lon=105.718507330° H=426.5127m
  原始数据:
2025/11/16 10:44:49.000   24.277615938  105.718507330   426.5127   2  28   0.0299   0.0429   0.0613  -0.0108  -0.0184  -0.0147   6.00    1.1 6541864

[TCP数据流] 2025/11/16 18:44:32 - 浮点解 (28颗卫星)
  ECEF: X=-1576097.8455 Y=5600202.1496 Z=2606518.8344
  LLH:  Lat=24.277615835° Lon=105.718507042° H=426.6021m
  原始数据:
2025/11/16 10:44:50.000   24.277615835  105.718507042   426.6021   2  28   0.0299   0.0428   0.0610  -0.0108  -0.0182  -0.0145   7.00    1.0 6541864

[TCP数据流] 2025/11/16 18:44:33 - 浮点解 (28颗卫星)
  ECEF: X=-1576097.8395 Y=5600202.2234 Z=2606518.8555
  LLH:  Lat=24.277615751° Lon=105.718506788° H=426.6741m
  原始数据:
2025/11/16 10:44:51.000   24.277615751  105.718506788   426.6741   2  28   0.0298   0.0427   0.0608  -0.0108  -0.0181  -0.0143   8.00    1.0 6541864

[TCP数据流] 2025/11/16 18:44:34 - 浮点解 (28颗卫星)
  ECEF: X=-1576097.8345 Y=5600202.2859 Z=2606518.8731
  LLH:  Lat=24.277615677° Lon=105.718506574° H=426.7349m
  原始数据:
2025/11/16 10:44:52.000   24.277615677  105.718506574   426.7349   2  28   0.0297   0.0426   0.0606  -0.0108  -0.0180  -0.0141   9.00    1.0 6541864

[TCP数据流] 2025/11/16 18:44:35 - 浮点解 (28颗卫星)
  ECEF: X=-1576097.8268 Y=5600202.3405 Z=2606518.8874
  LLH:  Lat=24.277615608° Lon=105.718506355° H=426.7868m
  原始数据:
2025/11/16 10:44:53.000   24.277615608  105.718506355   426.7868   2  28   0.0297   0.0426   0.0604  -0.0108  -0.0180  -0.0140  10.00    1.0 6541864

[TCP数据流] 2025/11/16 18:44:36 - 浮点解 (28颗卫星)
  ECEF: X=-1576097.8187 Y=5600202.3881 Z=2606518.8997
  LLH:  Lat=24.277615547° Lon=105.718506151° H=426.8316m
  原始数据:
2025/11/16 10:44:54.000   24.277615547  105.718506151   426.8316   2  28   0.0296   0.0425   0.0602  -0.0107  -0.0179  -0.0139  11.00    1.0 6541864

[TCP数据流] 2025/11/16 18:44:37 - 浮点解 (28颗卫星)
  ECEF: X=-1576097.8103 Y=5600202.4302 Z=2606518.9106
  LLH:  Lat=24.277615495° Lon=105.718505959° H=426.8710m
  原始数据:
2025/11/16 10:44:55.000   24.277615495  105.718505959   426.8710   2  28   0.0296   0.0424   0.0601  -0.0107  -0.0178  -0.0138  12.00    1.0 6541864

[TCP数据流] 2025/11/16 18:44:38 - 浮点解 (28颗卫星)
  ECEF: X=-1576097.8018 Y=5600202.4671 Z=2606518.9199
  LLH:  Lat=24.277615448° Lon=105.718505780° H=426.9051m
  原始数据:
2025/11/16 10:44:56.000   24.277615448  105.718505780   426.9051   2  28   0.0295   0.0423   0.0599  -0.0107  -0.0178  -0.0137  13.00    1.0 6541864

[TCP数据流] 2025/11/16 18:44:40 - 浮点解 (28颗卫星)
  ECEF: X=-1576097.8104 Y=5600202.7045 Z=2606519.0106
  LLH:  Lat=24.277615337° Lon=105.718505228° H=427.1528m
  原始数据:
2025/11/16 10:44:58.000   24.277615337  105.718505228   427.1528   2  28   0.0293   0.0421   0.0591  -0.0107  -0.0175  -0.0130   0.00    1.0 6541864

[TCP数据流] 2025/11/16 18:44:41 - 浮点解 (28颗卫星)
  ECEF: X=-1576097.8153 Y=5600202.9191 Z=2606519.0930
  LLH:  Lat=24.277615244° Lon=105.718504702° H=427.3762m
  原始数据:
2025/11/16 10:44:59.000   24.277615244  105.718504702   427.3762   2  28   0.0291   0.0420   0.0584  -0.0107  -0.0172  -0.0124   0.00    1.0 6541864

[TCP数据流] 2025/11/16 18:44:42 - 浮点解 (22颗卫星)
  ECEF: X=-1576097.8222 Y=5600203.1052 Z=2606519.1612
  LLH:  Lat=24.277615133° Lon=105.718504271° H=427.5692m
  原始数据:
2025/11/16 10:45:00.000   24.277615133  105.718504271   427.5692   2  22   0.0289   0.0418   0.0577  -0.0107  -0.0169  -0.0118   1.00    1.1 6541864

[TCP数据流] 2025/11/16 18:44:43 - 浮点解 (22颗卫星)
  ECEF: X=-1576097.8247 Y=5600203.2673 Z=2606519.2031
  LLH:  Lat=24.277614896° Lon=105.718503862° H=427.7293m
  原始数据:
2025/11/16 10:45:01.000   24.277614896  105.718503862   427.7293   2  22   0.0288   0.0418   0.0573  -0.0108  -0.0166  -0.0114   2.00    1.1 6541864

[TCP数据流] 2025/11/16 18:44:44 - 浮点解 (28颗卫星)
  ECEF: X=-1576097.8220 Y=5600203.3928 Z=2606519.2499
  LLH:  Lat=24.277614836° Lon=105.718503502° H=427.8580m
  原始数据:
2025/11/16 10:45:02.000   24.277614836  105.718503502   427.8580   2  28   0.0287   0.0416   0.0568  -0.0108  -0.0164  -0.0110   3.00    1.1 6541864

[TCP数据流] 2025/11/16 18:44:45 - 浮点解 (28颗卫星)
  ECEF: X=-1576097.8181 Y=5600203.4953 Z=2606519.2868
  LLH:  Lat=24.277614777° Lon=105.718503191° H=427.9622m
  原始数据:
2025/11/16 10:45:03.000   24.277614777  105.718503191   427.9622   2  28   0.0285   0.0415   0.0564  -0.0108  -0.0162  -0.0107   4.00    1.1 6541864

[TCP数据流] 2025/11/16 18:44:46 - 浮点解 (28颗卫星)
  ECEF: X=-1576097.8123 Y=5600203.5767 Z=2606519.3151
  LLH:  Lat=24.277614725° Lon=105.718502919° H=428.0438m
  原始数据:
2025/11/16 10:45:04.000   24.277614725  105.718502919   428.0438   2  28   0.0285   0.0414   0.0561  -0.0108  -0.0161  -0.0105   5.00    1.0 6541864

[TCP数据流] 2025/11/16 18:44:47 - 浮点解 (28颗卫星)
  ECEF: X=-1576097.8058 Y=5600203.6441 Z=2606519.3376
  LLH:  Lat=24.277614676° Lon=105.718502678° H=428.1106m
  原始数据:
2025/11/16 10:45:05.000   24.277614676  105.718502678   428.1106   2  28   0.0284   0.0413   0.0559  -0.0108  -0.0160  -0.0103   6.00    1.1 6541864

[TCP数据流] 2025/11/16 18:44:48 - 浮点解 (28颗卫星)
  ECEF: X=-1576097.7993 Y=5600203.6975 Z=2606519.3545
  LLH:  Lat=24.277614631° Lon=105.718502474° H=428.1628m
  原始数据:
2025/11/16 10:45:06.000   24.277614631  105.718502474   428.1628   2  28   0.0283   0.0412   0.0556  -0.0107  -0.0159  -0.0101   7.00    1.0 6541864

[TCP数据流] 2025/11/16 18:44:50 - 浮点解 (28颗卫星)
  ECEF: X=-1576097.7908 Y=5600203.7360 Z=2606519.3660
  LLH:  Lat=24.277614596° Lon=105.718502291° H=428.1992m
  原始数据:
2025/11/16 10:45:08.000   24.277614596  105.718502291   428.1992   2  28   0.0283   0.0411   0.0555  -0.0107  -0.0158  -0.0100   9.00    1.0 6541864

[TCP数据流] 2025/11/16 18:44:51 - 浮点解 (28颗卫星)
  ECEF: X=-1576097.7829 Y=5600203.7704 Z=2606519.3761
  LLH:  Lat=24.277614564° Lon=105.718502124° H=428.2316m
  原始数据:
2025/11/16 10:45:09.000   24.277614564  105.718502124   428.2316   2  28   0.0282   0.0410   0.0554  -0.0107  -0.0158  -0.0099  10.00    1.1 6541864

[TCP数据流] 2025/11/16 18:44:52 - 浮点解 (28颗卫星)
  ECEF: X=-1576097.7763 Y=5600203.8002 Z=2606519.3842
  LLH:  Lat=24.277614531° Lon=105.718501982° H=428.2595m
  原始数据:
2025/11/16 10:45:10.000   24.277614531  105.718501982   428.2595   2  28   0.0282   0.0410   0.0552  -0.0107  -0.0157  -0.0098  11.00    1.0 6541864

[TCP数据流] 2025/11/16 18:44:53 - 浮点解 (28颗卫星)
  ECEF: X=-1576097.7686 Y=5600203.8257 Z=2606519.3906
  LLH:  Lat=24.277614500° Lon=105.718501841° H=428.2826m
  原始数据:
2025/11/16 10:45:11.000   24.277614500  105.718501841   428.2826   2  28   0.0281   0.0409   0.0551  -0.0107  -0.0157  -0.0097  12.00    1.0 6541864

[TCP数据流] 2025/11/16 18:44:55 - 浮点解 (28颗卫星)
  ECEF: X=-1576097.7599 Y=5600203.8464 Z=2606519.3955
  LLH:  Lat=24.277614476° Lon=105.718501703° H=428.3006m
  原始数据:
2025/11/16 10:45:13.000   24.277614476  105.718501703   428.3006   2  28   0.0281   0.0408   0.0550  -0.0106  -0.0156  -0.0097  14.00    1.0 6541864

[TCP数据流] 2025/11/16 18:44:56 - 浮点解 (28颗卫星)
  ECEF: X=-1576097.7516 Y=5600203.8649 Z=2606519.3997
  LLH:  Lat=24.277614452° Lon=105.718501575° H=428.3165m
  原始数据:
2025/11/16 10:45:14.000   24.277614452  105.718501575   428.3165   2  28   0.0281   0.0407   0.0550  -0.0106  -0.0156  -0.0096  15.00    1.0 6541864

[TCP数据流] 2025/11/16 18:44:57 - 浮点解 (28颗卫星)
  ECEF: X=-1576097.7428 Y=5600203.8819 Z=2606519.4034
  LLH:  Lat=24.277614431° Lon=105.718501446° H=428.3308m
  原始数据:
2025/11/16 10:45:15.000   24.277614431  105.718501446   428.3308   2  28   0.0280   0.0407   0.0549  -0.0106  -0.0156  -0.0096  16.00    1.0 6541864

[TCP数据流] 2025/11/16 18:44:58 - 浮点解 (28颗卫星)
  ECEF: X=-1576097.7353 Y=5600203.8980 Z=2606519.4067
  LLH:  Lat=24.277614408° Lon=105.718501332° H=428.3444m
  原始数据:
2025/11/16 10:45:16.000   24.277614408  105.718501332   428.3444   2  28   0.0280   0.0406   0.0548  -0.0106  -0.0156  -0.0095  17.00    1.0 6541864

[TCP数据流] 2025/11/16 18:44:59 - 浮点解 (28颗卫星)
  ECEF: X=-1576097.7266 Y=5600203.9129 Z=2606519.4095
  LLH:  Lat=24.277614387° Lon=105.718501210° H=428.3565m
  原始数据:
2025/11/16 10:45:17.000   24.277614387  105.718501210   428.3565   2  28   0.0280   0.0405   0.0548  -0.0105  -0.0155  -0.0095  18.00    1.0 6541864

[TCP数据流] 2025/11/16 18:45:00 - 浮点解 (28颗卫星)
  ECEF: X=-1576097.7167 Y=5600203.9267 Z=2606519.4119
  LLH:  Lat=24.277614367° Lon=105.718501079° H=428.3671m
  原始数据:
2025/11/16 10:45:18.000   24.277614367  105.718501079   428.3671   2  28   0.0279   0.0405   0.0547  -0.0105  -0.0155  -0.0095  19.00    1.1 6541864

[TCP数据流] 2025/11/16 18:45:01 - 浮点解 (28颗卫星)
  ECEF: X=-1576097.7070 Y=5600203.9399 Z=2606519.4141
  LLH:  Lat=24.277614348° Lon=105.718500952° H=428.3772m
  原始数据:
2025/11/16 10:45:19.000   24.277614348  105.718500952   428.3772   2  28   0.0279   0.0404   0.0547  -0.0105  -0.0155  -0.0094  20.00    1.0 6541864

[TCP数据流] 2025/11/16 18:45:02 - 浮点解 (28颗卫星)
  ECEF: X=-1576097.6969 Y=5600203.9525 Z=2606519.4166
  LLH:  Lat=24.277614334° Lon=105.718500823° H=428.3868m
  原始数据:
2025/11/16 10:45:20.000   24.277614334  105.718500823   428.3868   2  28   0.0279   0.0403   0.0546  -0.0104  -0.0155  -0.0094  21.00    1.0 6541864

[TCP数据流] 2025/11/16 18:45:04 - 浮点解 (28颗卫星)
  ECEF: X=-1576097.6866 Y=5600203.9639 Z=2606519.4189
  LLH:  Lat=24.277614322° Lon=105.718500695° H=428.3952m
  原始数据:
2025/11/16 10:45:22.000   24.277614322  105.718500695   428.3952   2  28   0.0279   0.0403   0.0546  -0.0104  -0.0155  -0.0094  23.00    1.0 6541864

[TCP数据流] 2025/11/16 18:45:08 - 浮点解 (27颗卫星)
  ECEF: X=-1576097.6769 Y=5600203.9733 Z=2606519.4202
  LLH:  Lat=24.277614309° Lon=105.718500578° H=428.4016m
  原始数据:
2025/11/16 10:45:26.000   24.277614309  105.718500578   428.4016   2  27   0.0278   0.0402   0.0545  -0.0104  -0.0155  -0.0094  27.00    1.0 6541864

[TCP数据流] 2025/11/16 18:45:09 - 浮点解 (27颗卫星)
  ECEF: X=-1576097.6671 Y=5600203.9825 Z=2606519.4212
  LLH:  Lat=24.277614294° Lon=105.718500460° H=428.4076m
  原始数据:
2025/11/16 10:45:27.000   24.277614294  105.718500460   428.4076   2  27   0.0278   0.0402   0.0545  -0.0104  -0.0155  -0.0094  28.00    1.0 6541864

[TCP数据流] 2025/11/16 18:45:10 - 浮点解 (27颗卫星)
  ECEF: X=-1576097.6576 Y=5600203.9915 Z=2606519.4216
  LLH:  Lat=24.277614275° Lon=105.718500346° H=428.4134m
  原始数据:
2025/11/16 10:45:28.000   24.277614275  105.718500346   428.4134   2  27   0.0278   0.0401   0.0544  -0.0103  -0.0155  -0.0094  29.00    1.0 6541864

[TCP数据流] 2025/11/16 18:45:15 - 浮点解 (27颗卫星)
  ECEF: X=-1576097.6592 Y=5600204.1911 Z=2606519.4973
  LLH:  Lat=24.277614183° Lon=105.718499829° H=428.6200m
  原始数据:
2025/11/16 10:45:33.000   24.277614183  105.718499829   428.6200   2  27   0.0275   0.0399   0.0537  -0.0103  -0.0152  -0.0086   1.00    1.0 6541864

[TCP数据流] 2025/11/16 18:45:16 - 浮点解 (27颗卫星)
  ECEF: X=-1576097.6584 Y=5600204.3555 Z=2606519.5569
  LLH:  Lat=24.277614087° Lon=105.718499382° H=428.7886m
  原始数据:
2025/11/16 10:45:34.000   24.277614087  105.718499382   428.7886   2  27   0.0273   0.0398   0.0531  -0.0103  -0.0149  -0.0080   2.00    1.1 6541864

[TCP数据流] 2025/11/16 18:45:17 - 浮点解 (27颗卫星)
  ECEF: X=-1576097.6549 Y=5600204.4889 Z=2606519.6042
  LLH:  Lat=24.277614003° Lon=105.718498993° H=428.9242m
  原始数据:
2025/11/16 10:45:35.000   24.277614003  105.718498993   428.9242   2  27   0.0272   0.0396   0.0525  -0.0103  -0.0147  -0.0075   3.00    1.8 6541864

[TCP数据流] 2025/11/16 18:45:18 - 浮点解 (27颗卫星)
  ECEF: X=-1576097.6507 Y=5600204.6000 Z=2606519.6415
  LLH:  Lat=24.277613917° Lon=105.718498657° H=429.0360m
  原始数据:
2025/11/16 10:45:36.000   24.277613917  105.718498657   429.0360   2  27   0.0270   0.0395   0.0521  -0.0103  -0.0145  -0.0071   4.00    2.0 6541864

[TCP数据流] 2025/11/16 18:45:19 - 浮点解 (27颗卫星)
  ECEF: X=-1576097.6455 Y=5600204.6899 Z=2606519.6703
  LLH:  Lat=24.277613838° Lon=105.718498368° H=429.1255m
  原始数据:
2025/11/16 10:45:37.000   24.277613838  105.718498368   429.1255   2  27   0.0269   0.0394   0.0518  -0.0103  -0.0144  -0.0067   5.00    1.9 6541864

[TCP数据流] 2025/11/16 18:45:20 - 浮点解 (27颗卫星)
  ECEF: X=-1576097.6396 Y=5600204.7627 Z=2606519.6930
  LLH:  Lat=24.277613771° Lon=105.718498118° H=429.1972m
  原始数据:
2025/11/16 10:45:38.000   24.277613771  105.718498118   429.1972   2  27   0.0268   0.0393   0.0515  -0.0103  -0.0143  -0.0064   6.00    1.1 6541864

[TCP数据流] 2025/11/16 18:45:21 - 浮点解 (27颗卫星)
  ECEF: X=-1576097.6329 Y=5600204.8222 Z=2606519.7107
  LLH:  Lat=24.277613711° Lon=105.718497895° H=429.2551m
  原始数据:
2025/11/16 10:45:39.000   24.277613711  105.718497895   429.2551   2  27   0.0267   0.0392   0.0513  -0.0103  -0.0142  -0.0062   7.00    1.1 6541864

[TCP数据流] 2025/11/16 18:45:22 - 浮点解 (27颗卫星)
  ECEF: X=-1576097.6256 Y=5600204.8730 Z=2606519.7251
  LLH:  Lat=24.277613655° Lon=105.718497691° H=429.3038m
  原始数据:
2025/11/16 10:45:40.000   24.277613655  105.718497691   429.3038   2  27   0.0267   0.0391   0.0511  -0.0103  -0.0141  -0.0060   8.00    1.1 6541864

[TCP数据流] 2025/11/16 18:45:23 - 浮点解 (27颗卫星)
  ECEF: X=-1576097.6184 Y=5600204.9151 Z=2606519.7368
  LLH:  Lat=24.277613608° Lon=105.718497510° H=429.3437m
  原始数据:
2025/11/16 10:45:41.000   24.277613608  105.718497510   429.3437   2  27   0.0266   0.0390   0.0510  -0.0103  -0.0141  -0.0058   9.00    1.1 6541864

[TCP数据流] 2025/11/16 18:45:24 - 浮点解 (27颗卫星)
  ECEF: X=-1576097.6097 Y=5600204.9514 Z=2606519.7461
  LLH:  Lat=24.277613564° Lon=105.718497331° H=429.3773m
  原始数据:
2025/11/16 10:45:42.000   24.277613564  105.718497331   429.3773   2  27   0.0266   0.0390   0.0508  -0.0102  -0.0140  -0.0057  10.00    1.1 6541864

[TCP数据流] 2025/11/16 18:45:25 - 浮点解 (27颗卫星)
  ECEF: X=-1576097.6010 Y=5600204.9832 Z=2606519.7538
  LLH:  Lat=24.277613522° Lon=105.718497164° H=429.4062m
  原始数据:
2025/11/16 10:45:43.000   24.277613522  105.718497164   429.4062   2  27   0.0265   0.0389   0.0507  -0.0102  -0.0140  -0.0056  11.00    1.1 6541864

[TCP数据流] 2025/11/16 18:45:26 - 浮点解 (27颗卫星)
  ECEF: X=-1576097.5928 Y=5600205.0115 Z=2606519.7609
  LLH:  Lat=24.277613488° Lon=105.718497010° H=429.4319m
  原始数据:
2025/11/16 10:45:44.000   24.277613488  105.718497010   429.4319   2  27   0.0265   0.0388   0.0506  -0.0102  -0.0139  -0.0055  12.00    1.1 6541864

[TCP数据流] 2025/11/16 18:45:28 - 浮点解 (27颗卫星)
  ECEF: X=-1576097.5844 Y=5600205.0346 Z=2606519.7655
  LLH:  Lat=24.277613451° Lon=105.718496869° H=429.4520m
  原始数据:
2025/11/16 10:45:46.000   24.277613451  105.718496869   429.4520   2  27   0.0265   0.0388   0.0505  -0.0102  -0.0139  -0.0054  14.00    1.1 6541864

[TCP数据流] 2025/11/16 18:45:29 - 浮点解 (27颗卫星)
  ECEF: X=-1576097.5762 Y=5600205.0556 Z=2606519.7695
  LLH:  Lat=24.277613418° Lon=105.718496735° H=429.4700m
  原始数据:
2025/11/16 10:45:47.000   24.277613418  105.718496735   429.4700   2  27   0.0264   0.0387   0.0504  -0.0102  -0.0139  -0.0053  15.00    1.1 6541864

[TCP数据流] 2025/11/16 18:45:31 - 浮点解 (27颗卫星)
  ECEF: X=-1576097.5678 Y=5600205.0729 Z=2606519.7719
  LLH:  Lat=24.277613384° Lon=105.718496610° H=429.4841m
  原始数据:
2025/11/16 10:45:49.000   24.277613384  105.718496610   429.4841   2  27   0.0264   0.0386   0.0504  -0.0101  -0.0138  -0.0053  17.00    1.0 6541864

[TCP数据流] 2025/11/16 18:45:33 - 浮点解 (27颗卫星)
  ECEF: X=-1576097.5599 Y=5600205.0881 Z=2606519.7736
  LLH:  Lat=24.277613352° Lon=105.718496494° H=429.4962m
  原始数据:
2025/11/16 10:45:51.000   24.277613352  105.718496494   429.4962   2  27   0.0264   0.0386   0.0503  -0.0101  -0.0138  -0.0052  19.00    1.1 6541864

[TCP数据流] 2025/11/16 18:45:35 - 浮点解 (27颗卫星)
  ECEF: X=-1576097.5515 Y=5600205.1010 Z=2606519.7744
  LLH:  Lat=24.277613321° Lon=105.718496380° H=429.5058m
  原始数据:
2025/11/16 10:45:53.000   24.277613321  105.718496380   429.5058   2  27   0.0263   0.0385   0.0503  -0.0101  -0.0138  -0.0052  21.00    1.0 6541864

[TCP数据流] 2025/11/16 18:45:36 - 浮点解 (27颗卫星)
  ECEF: X=-1576097.5434 Y=5600205.1132 Z=2606519.7751
  LLH:  Lat=24.277613291° Lon=105.718496271° H=429.5148m
  原始数据:
2025/11/16 10:45:54.000   24.277613291  105.718496271   429.5148   2  27   0.0263   0.0385   0.0502  -0.0101  -0.0138  -0.0051  22.00    1.0 6541864

[TCP数据流] 2025/11/16 18:45:37 - 浮点解 (21颗卫星)
  ECEF: X=-1576097.5394 Y=5600205.1229 Z=2606519.7766
  LLH:  Lat=24.277613273° Lon=105.718496207° H=429.5229m
  原始数据:
2025/11/16 10:45:55.000   24.277613273  105.718496207   429.5229   2  21   0.0263   0.0384   0.0502  -0.0100  -0.0138  -0.0051  23.00    1.0 6541864

[TCP数据流] 2025/11/16 18:45:39 - 浮点解 (27颗卫星)
  ECEF: X=-1576097.5306 Y=5600205.1329 Z=2606519.7764
  LLH:  Lat=24.277613244° Lon=105.718496097° H=429.5294m
  原始数据:
2025/11/16 10:45:57.000   24.277613244  105.718496097   429.5294   2  27   0.0263   0.0384   0.0501  -0.0100  -0.0138  -0.0051  25.00    1.0 6541864

[TCP数据流] 2025/11/16 18:45:40 - 浮点解 (27颗卫星)
  ECEF: X=-1576097.5223 Y=5600205.1418 Z=2606519.7761
  LLH:  Lat=24.277613218° Lon=105.718495994° H=429.5351m
  原始数据:
2025/11/16 10:45:58.000   24.277613218  105.718495994   429.5351   2  27   0.0262   0.0383   0.0501  -0.0100  -0.0138  -0.0051  26.00    1.0 6541864

[TCP数据流] 2025/11/16 18:45:41 - 浮点解 (27颗卫星)
  ECEF: X=-1576097.5142 Y=5600205.1503 Z=2606519.7758
  LLH:  Lat=24.277613194° Lon=105.718495895° H=429.5404m
  原始数据:
2025/11/16 10:45:59.000   24.277613194  105.718495895   429.5404   2  27   0.0262   0.0383   0.0501  -0.0100  -0.0138  -0.0051  27.00    1.1 6541864

[TCP数据流] 2025/11/16 18:45:42 - 浮点解 (27颗卫星)
  ECEF: X=-1576097.5060 Y=5600205.1582 Z=2606519.7752
  LLH:  Lat=24.277613168° Lon=105.718495796° H=429.5451m
  原始数据:
2025/11/16 10:46:00.000   24.277613168  105.718495796   429.5451   2  27   0.0262   0.0382   0.0500  -0.0100  -0.0138  -0.0050  28.00    1.1 6541864

[TCP数据流] 2025/11/16 18:45:43 - 浮点解 (27颗卫星)
  ECEF: X=-1576097.4985 Y=5600205.1657 Z=2606519.7743
  LLH:  Lat=24.277613142° Lon=105.718495705° H=429.5494m
  原始数据:
2025/11/16 10:46:01.000   24.277613142  105.718495705   429.5494   2  27   0.0262   0.0381   0.0500  -0.0099  -0.0138  -0.0050  29.00    1.0 6541864

[TCP数据流] 2025/11/16 18:45:44 - 浮点解 (27颗卫星)
  ECEF: X=-1576097.4913 Y=5600205.1730 Z=2606519.7739
  LLH:  Lat=24.277613120° Lon=105.718495617° H=429.5539m
  原始数据:
2025/11/16 10:46:02.000   24.277613120  105.718495617   429.5539   2  27   0.0262   0.0381   0.0500  -0.0099  -0.0138  -0.0050  30.00    1.0 6541864

[TCP数据流] 2025/11/16 18:51:16 - 浮点解 (20颗卫星)
  ECEF: X=-1576097.3356 Y=5600205.2794 Z=2606520.3301
  LLH:  Lat=24.277617473° Lon=105.718493857° H=429.8375m
  原始数据:
2025/11/16 10:51:34.000   24.277617473  105.718493857   429.8375   2  20   0.0261   0.0380   0.0499  -0.0098  -0.0137  -0.0053   0.00    0.0 6541864

[TCP数据流] 2025/11/16 18:52:44 - 浮点解 (29颗卫星)
  ECEF: X=-1576095.3652 Y=5600205.8410 Z=2606511.9006
  LLH:  Lat=24.277548079° Lon=105.718473679° H=426.3778m
  原始数据:
2025/11/16 10:53:02.000   24.277548079  105.718473679   426.3778   2  29   0.0236   0.0373   0.0495  -0.0108  -0.0143  -0.0090  10.00    1.1 6541864

[TCP数据流] 2025/11/16 18:52:45 - 浮点解 (29颗卫星)
  ECEF: X=-1576095.3205 Y=5600205.8537 Z=2606511.7206
  LLH:  Lat=24.277546597° Lon=105.718473222° H=426.3039m
  原始数据:
2025/11/16 10:53:03.000   24.277546597  105.718473222   426.3039   2  29   0.0235   0.0373   0.0495  -0.0108  -0.0143  -0.0091  11.00    1.0 6541864

[TCP数据流] 2025/11/16 18:52:46 - 浮点解 (29颗卫星)
  ECEF: X=-1576095.2813 Y=5600205.8647 Z=2606511.5664
  LLH:  Lat=24.277545328° Lon=105.718472821° H=426.2405m
  原始数据:
2025/11/16 10:53:04.000   24.277545328  105.718472821   426.2405   2  29   0.0234   0.0372   0.0495  -0.0108  -0.0143  -0.0091  12.00    1.1 6541864

[TCP数据流] 2025/11/16 18:52:47 - 浮点解 (29颗卫星)
  ECEF: X=-1576095.2473 Y=5600205.8749 Z=2606511.4331
  LLH:  Lat=24.277544229° Lon=105.718472471° H=426.1863m
  原始数据:
2025/11/16 10:53:05.000   24.277544229  105.718472471   426.1863   2  29   0.0234   0.0372   0.0495  -0.0108  -0.0143  -0.0092  13.00    1.0 6541864

[TCP数据流] 2025/11/16 18:52:48 - 浮点解 (29颗卫星)
  ECEF: X=-1576095.2170 Y=5600205.8839 Z=2606511.3180
  LLH:  Lat=24.277543280° Lon=105.718472160° H=426.1393m
  原始数据:
2025/11/16 10:53:06.000   24.277543280  105.718472160   426.1393   2  29   0.0233   0.0372   0.0494  -0.0108  -0.0144  -0.0092  14.00    1.0 6541864

[TCP数据流] 2025/11/16 18:52:49 - 浮点解 (29颗卫星)
  ECEF: X=-1576095.1897 Y=5600205.8919 Z=2606511.2172
  LLH:  Lat=24.277542449° Lon=105.718471880° H=426.0982m
  原始数据:
2025/11/16 10:53:07.000   24.277542449  105.718471880   426.0982   2  29   0.0233   0.0371   0.0494  -0.0107  -0.0144  -0.0092  15.00    1.1 6541864

[TCP数据流] 2025/11/16 18:52:50 - 浮点解 (29颗卫星)
  ECEF: X=-1576095.1649 Y=5600205.8993 Z=2606511.1291
  LLH:  Lat=24.277541723° Lon=105.718471625° H=426.0623m
  原始数据:
2025/11/16 10:53:08.000   24.277541723  105.718471625   426.0623   2  29   0.0233   0.0371   0.0494  -0.0107  -0.0144  -0.0093  16.00    1.0 6541864

[TCP数据流] 2025/11/16 18:52:51 - 浮点解 (29颗卫星)
  ECEF: X=-1576095.1412 Y=5600205.9059 Z=2606511.0509
  LLH:  Lat=24.277541080° Lon=105.718471383° H=426.0301m
  原始数据:
2025/11/16 10:53:09.000   24.277541080  105.718471383   426.0301   2  29   0.0232   0.0370   0.0494  -0.0107  -0.0144  -0.0093  17.00    1.0 6541864

[TCP数据流] 2025/11/16 18:52:52 - 浮点解 (29颗卫星)
  ECEF: X=-1576095.1200 Y=5600205.9120 Z=2606510.9818
  LLH:  Lat=24.277540510° Lon=105.718471165° H=426.0018m
  原始数据:
2025/11/16 10:53:10.000   24.277540510  105.718471165   426.0018   2  29   0.0232   0.0370   0.0494  -0.0107  -0.0144  -0.0093  18.00    1.0 6541864

[TCP数据流] 2025/11/16 18:52:53 - 浮点解 (29颗卫星)
  ECEF: X=-1576095.1008 Y=5600205.9179 Z=2606510.9204
  LLH:  Lat=24.277540003° Lon=105.718470967° H=425.9770m
  原始数据:
2025/11/16 10:53:11.000   24.277540003  105.718470967   425.9770   2  29   0.0232   0.0369   0.0494  -0.0107  -0.0144  -0.0093  19.00    1.1 6541864

[TCP数据流] 2025/11/16 18:52:54 - 浮点解 (23颗卫星)
  ECEF: X=-1576095.0835 Y=5600205.9222 Z=2606510.8636
  LLH:  Lat=24.277539538° Lon=105.718470792° H=425.9532m
  原始数据:
2025/11/16 10:53:12.000   24.277539538  105.718470792   425.9532   2  23   0.0231   0.0369   0.0494  -0.0107  -0.0144  -0.0094  20.00    1.1 6541864

[TCP数据流] 2025/11/16 18:52:55 - 浮点解 (29颗卫星)
  ECEF: X=-1576095.0675 Y=5600205.9271 Z=2606510.8142
  LLH:  Lat=24.277539130° Lon=105.718470627° H=425.9332m
  原始数据:
2025/11/16 10:53:13.000   24.277539130  105.718470627   425.9332   2  29   0.0231   0.0368   0.0493  -0.0107  -0.0144  -0.0094  21.00    1.1 6541864

[TCP数据流] 2025/11/16 18:52:56 - 浮点解 (29颗卫星)
  ECEF: X=-1576095.0516 Y=5600205.9314 Z=2606510.7692
  LLH:  Lat=24.277538760° Lon=105.718470465° H=425.9145m
  原始数据:
2025/11/16 10:53:14.000   24.277538760  105.718470465   425.9145   2  29   0.0231   0.0368   0.0493  -0.0106  -0.0144  -0.0094  22.00    1.3 6541864

[TCP数据流] 2025/11/16 18:52:57 - 浮点解 (29颗卫星)
  ECEF: X=-1576095.0373 Y=5600205.9352 Z=2606510.7287
  LLH:  Lat=24.277538428° Lon=105.718470319° H=425.8977m
  原始数据:
2025/11/16 10:53:15.000   24.277538428  105.718470319   425.8977   2  29   0.0231   0.0367   0.0493  -0.0106  -0.0145  -0.0094  23.00    1.2 6541864

[TCP数据流] 2025/11/16 18:52:58 - 浮点解 (29颗卫星)
  ECEF: X=-1576095.0246 Y=5600205.9392 Z=2606510.6919
  LLH:  Lat=24.277538124° Lon=105.718470188° H=425.8829m
  原始数据:
2025/11/16 10:53:16.000   24.277538124  105.718470188   425.8829   2  29   0.0230   0.0367   0.0493  -0.0106  -0.0145  -0.0094  24.00    1.0 6541864

[TCP数据流] 2025/11/16 18:52:59 - 浮点解 (29颗卫星)
  ECEF: X=-1576095.0132 Y=5600205.9432 Z=2606510.6588
  LLH:  Lat=24.277537848° Lon=105.718470070° H=425.8700m
  原始数据:
2025/11/16 10:53:17.000   24.277537848  105.718470070   425.8700   2  29   0.0230   0.0367   0.0493  -0.0106  -0.0145  -0.0095  25.00    1.1 6541864

[TCP数据流] 2025/11/16 18:53:00 - 浮点解 (23颗卫星)
  ECEF: X=-1576095.0038 Y=5600205.9461 Z=2606510.6272
  LLH:  Lat=24.277537587° Lon=105.718469973° H=425.8572m
  原始数据:
2025/11/16 10:53:18.000   24.277537587  105.718469973   425.8572   2  23   0.0230   0.0366   0.0493  -0.0106  -0.0145  -0.0095  26.00    1.1 6541864

[TCP数据流] 2025/11/16 18:53:01 - 浮点解 (29颗卫星)
  ECEF: X=-1576094.9937 Y=5600205.9496 Z=2606510.5995
  LLH:  Lat=24.277537357° Lon=105.718469868° H=425.8464m
  原始数据:
2025/11/16 10:53:19.000   24.277537357  105.718469868   425.8464   2  29   0.0230   0.0366   0.0493  -0.0106  -0.0145  -0.0095  27.00    1.3 6541864

[TCP数据流] 2025/11/16 18:53:02 - 浮点解 (29颗卫星)
  ECEF: X=-1576094.9843 Y=5600205.9532 Z=2606510.5744
  LLH:  Lat=24.277537147° Lon=105.718469769° H=425.8369m
  原始数据:
2025/11/16 10:53:20.000   24.277537147  105.718469769   425.8369   2  29   0.0230   0.0365   0.0493  -0.0105  -0.0145  -0.0095  28.00    1.0 6541864

[TCP数据流] 2025/11/16 18:53:03 - 浮点解 (29颗卫星)
  ECEF: X=-1576094.9750 Y=5600205.9566 Z=2606510.5514
  LLH:  Lat=24.277536955° Lon=105.718469672° H=425.8282m
  原始数据:
2025/11/16 10:53:21.000   24.277536955  105.718469672   425.8282   2  29   0.0229   0.0365   0.0492  -0.0105  -0.0145  -0.0095  29.00    1.0 6541864

[TCP数据流] 2025/11/16 18:53:08 - 浮点解 (29颗卫星)
  ECEF: X=-1576094.8618 Y=5600206.0003 Z=2606510.0400
  LLH:  Lat=24.277532704° Lon=105.718468482° H=425.6283m
  原始数据:
2025/11/16 10:53:26.000   24.277532704  105.718468482   425.6283   2  29   0.0228   0.0364   0.0492  -0.0106  -0.0145  -0.0096   0.00    1.1 6541864

[TCP数据流] 2025/11/16 18:53:09 - 浮点解 (29颗卫星)
  ECEF: X=-1576094.7565 Y=5600206.0377 Z=2606509.5748
  LLH:  Lat=24.277528848° Lon=105.718467384° H=425.4439m
  原始数据:
2025/11/16 10:53:27.000   24.277528848  105.718467384   425.4439   2  29   0.0226   0.0364   0.0491  -0.0106  -0.0146  -0.0098   0.00    1.1 6541864

[TCP数据流] 2025/11/16 18:53:10 - 浮点解 (29颗卫星)
  ECEF: X=-1576094.6606 Y=5600206.0700 Z=2606509.1574
  LLH:  Lat=24.277525394° Lon=105.718466389° H=425.2769m
  原始数据:
2025/11/16 10:53:28.000   24.277525394  105.718466389   425.2769   2  29   0.0224   0.0363   0.0491  -0.0107  -0.0146  -0.0099   1.00    1.0 6541864

[TCP数据流] 2025/11/16 18:53:11 - 浮点解 (29颗卫星)
  ECEF: X=-1576094.5752 Y=5600206.0961 Z=2606508.7985
  LLH:  Lat=24.277522433° Lon=105.718465509° H=425.1311m
  原始数据:
2025/11/16 10:53:29.000   24.277522433  105.718465509   425.1311   2  29   0.0223   0.0363   0.0490  -0.0107  -0.0146  -0.0100   2.00    1.0 6541864

[TCP数据流] 2025/11/16 18:53:12 - 浮点解 (29颗卫星)
  ECEF: X=-1576094.5009 Y=5600206.1170 Z=2606508.4962
  LLH:  Lat=24.277519946° Lon=105.718464749° H=425.0068m
  原始数据:
2025/11/16 10:53:30.000   24.277519946  105.718464749   425.0068   2  29   0.0222   0.0362   0.0490  -0.0107  -0.0146  -0.0101   3.00    1.7 6541864

[TCP数据流] 2025/11/16 18:53:13 - 浮点解 (29颗卫星)
  ECEF: X=-1576094.4382 Y=5600206.1330 Z=2606508.2439
  LLH:  Lat=24.277517875° Lon=105.718464112° H=424.9016m
  原始数据:
2025/11/16 10:53:31.000   24.277517875  105.718464112   424.9016   2  29   0.0221   0.0362   0.0489  -0.0107  -0.0146  -0.0102   4.00    1.1 6541864

[TCP数据流] 2025/11/16 18:53:14 - 浮点解 (29颗卫星)
  ECEF: X=-1576094.3851 Y=5600206.1460 Z=2606508.0340
  LLH:  Lat=24.277516155° Lon=105.718463574° H=424.8137m
  原始数据:
2025/11/16 10:53:32.000   24.277516155  105.718463574   424.8137   2  29   0.0220   0.0361   0.0489  -0.0107  -0.0146  -0.0103   5.00    1.0 6541864

[TCP数据流] 2025/11/16 18:53:15 - 浮点解 (29颗卫星)
  ECEF: X=-1576094.3395 Y=5600206.1564 Z=2606507.8599
  LLH:  Lat=24.277514731° Lon=105.718463114° H=424.7399m
  原始数据:
2025/11/16 10:53:33.000   24.277514731  105.718463114   424.7399   2  29   0.0219   0.0361   0.0489  -0.0107  -0.0147  -0.0103   6.00    1.2 6541864

[TCP数据流] 2025/11/16 18:53:16 - 浮点解 (29颗卫星)
  ECEF: X=-1576094.2998 Y=5600206.1652 Z=2606507.7148
  LLH:  Lat=24.277513545° Lon=105.718462714° H=424.6782m
  原始数据:
2025/11/16 10:53:34.000   24.277513545  105.718462714   424.6782   2  29   0.0218   0.0360   0.0489  -0.0107  -0.0147  -0.0104   7.00    1.1 6541864

[TCP数据流] 2025/11/16 18:53:17 - 浮点解 (29颗卫星)
  ECEF: X=-1576094.2660 Y=5600206.1727 Z=2606507.5935
  LLH:  Lat=24.277512554° Lon=105.718462374° H=424.6266m
  原始数据:
2025/11/16 10:53:35.000   24.277512554  105.718462374   424.6266   2  29   0.0218   0.0360   0.0488  -0.0107  -0.0147  -0.0104   8.00    1.0 6541864

[TCP数据流] 2025/11/16 18:53:18 - 浮点解 (29颗卫星)
  ECEF: X=-1576094.2360 Y=5600206.1789 Z=2606507.4911
  LLH:  Lat=24.277511719° Lon=105.718462073° H=424.5825m
  原始数据:
2025/11/16 10:53:36.000   24.277511719  105.718462073   424.5825   2  29   0.0218   0.0359   0.0488  -0.0107  -0.0147  -0.0104   9.00    1.1 6541864

[TCP数据流] 2025/11/16 18:53:19 - 浮点解 (28颗卫星)
  ECEF: X=-1576094.2101 Y=5600206.1842 Z=2606507.4044
  LLH:  Lat=24.277511013° Lon=105.718461813° H=424.5451m
  原始数据:
2025/11/16 10:53:37.000   24.277511013  105.718461813   424.5451   2  28   0.0217   0.0359   0.0488  -0.0107  -0.0147  -0.0105  10.00    1.2 6541864

[TCP数据流] 2025/11/16 18:53:20 - 浮点解 (28颗卫星)
  ECEF: X=-1576094.1872 Y=5600206.1890 Z=2606507.3310
  LLH:  Lat=24.277510415° Lon=105.718461583° H=424.5135m
  原始数据:
2025/11/16 10:53:38.000   24.277510415  105.718461583   424.5135   2  28   0.0217   0.0358   0.0488  -0.0107  -0.0147  -0.0105  11.00    1.1 6541864

[TCP数据流] 2025/11/16 18:53:21 - 浮点解 (28颗卫星)
  ECEF: X=-1576094.1661 Y=5600206.1936 Z=2606507.2685
  LLH:  Lat=24.277509905° Lon=105.718461371° H=424.4866m
  原始数据:
2025/11/16 10:53:39.000   24.277509905  105.718461371   424.4866   2  28   0.0216   0.0358   0.0487  -0.0107  -0.0147  -0.0105  12.00    1.0 6541864

[TCP数据流] 2025/11/16 18:53:22 - 浮点解 (28颗卫星)
  ECEF: X=-1576094.1473 Y=5600206.1979 Z=2606507.2148
  LLH:  Lat=24.277509467° Lon=105.718461181° H=424.4637m
  原始数据:
2025/11/16 10:53:40.000   24.277509467  105.718461181   424.4637   2  28   0.0216   0.0357   0.0487  -0.0107  -0.0147  -0.0105  13.00    1.1 6541864

[TCP数据流] 2025/11/16 18:53:23 - 浮点解 (28颗卫星)
  ECEF: X=-1576094.1309 Y=5600206.2019 Z=2606507.1690
  LLH:  Lat=24.277509092° Lon=105.718461015° H=424.4443m
  原始数据:
2025/11/16 10:53:41.000   24.277509092  105.718461015   424.4443   2  28   0.0216   0.0357   0.0487  -0.0107  -0.0147  -0.0105  14.00    1.0 6541864

[TCP数据流] 2025/11/16 18:53:24 - 浮点解 (28颗卫星)
  ECEF: X=-1576094.1163 Y=5600206.2053 Z=2606507.1293
  LLH:  Lat=24.277508768° Lon=105.718460868° H=424.4273m
  原始数据:
2025/11/16 10:53:42.000   24.277508768  105.718460868   424.4273   2  28   0.0216   0.0357   0.0487  -0.0107  -0.0147  -0.0106  15.00    1.0 6541864

[TCP数据流] 2025/11/16 18:53:25 - 浮点解 (28颗卫星)
  ECEF: X=-1576094.1037 Y=5600206.2087 Z=2606507.0948
  LLH:  Lat=24.277508485° Lon=105.718460739° H=424.4130m
  原始数据:
2025/11/16 10:53:43.000   24.277508485  105.718460739   424.4130   2  28   0.0215   0.0356   0.0487  -0.0107  -0.0147  -0.0106  16.00    1.0 6541864

[TCP数据流] 2025/11/16 18:53:26 - 浮点解 (28颗卫星)
  ECEF: X=-1576094.0921 Y=5600206.2119 Z=2606507.0648
  LLH:  Lat=24.277508238° Lon=105.718460621° H=424.4006m
  原始数据:
2025/11/16 10:53:44.000   24.277508238  105.718460621   424.4006   2  28   0.0215   0.0356   0.0487  -0.0106  -0.0147  -0.0106  17.00    1.0 6541864

[TCP数据流] 2025/11/16 18:53:27 - 浮点解 (28颗卫星)
  ECEF: X=-1576094.0818 Y=5600206.2149 Z=2606507.0388
  LLH:  Lat=24.277508024° Lon=105.718460515° H=424.3900m
  原始数据:
2025/11/16 10:53:45.000   24.277508024  105.718460515   424.3900   2  28   0.0215   0.0355   0.0486  -0.0106  -0.0147  -0.0106  18.00    1.0 6541864

[TCP数据流] 2025/11/16 18:53:28 - 浮点解 (28颗卫星)
  ECEF: X=-1576094.0727 Y=5600206.2175 Z=2606507.0160
  LLH:  Lat=24.277507836° Lon=105.718460422° H=424.3807m
  原始数据:
2025/11/16 10:53:46.000   24.277507836  105.718460422   424.3807   2  28   0.0215   0.0355   0.0486  -0.0106  -0.0148  -0.0106  19.00    1.0 6541864

[TCP数据流] 2025/11/16 18:53:29 - 浮点解 (28颗卫星)
  ECEF: X=-1576094.0642 Y=5600206.2197 Z=2606506.9958
  LLH:  Lat=24.277507670° Lon=105.718460335° H=424.3722m
  原始数据:
2025/11/16 10:53:47.000   24.277507670  105.718460335   424.3722   2  28   0.0215   0.0355   0.0486  -0.0106  -0.0148  -0.0106  20.00    1.0 6541864

[TCP数据流] 2025/11/16 18:53:30 - 浮点解 (28颗卫星)
  ECEF: X=-1576094.0568 Y=5600206.2218 Z=2606506.9778
  LLH:  Lat=24.277507522° Lon=105.718460260° H=424.3648m
  原始数据:
2025/11/16 10:53:48.000   24.277507522  105.718460260   424.3648   2  28   0.0214   0.0354   0.0486  -0.0106  -0.0148  -0.0106  21.00    1.0 6541864

[TCP数据流] 2025/11/16 18:53:31 - 浮点解 (28颗卫星)
  ECEF: X=-1576094.0503 Y=5600206.2239 Z=2606506.9621
  LLH:  Lat=24.277507392° Lon=105.718460192° H=424.3586m
  原始数据:
2025/11/16 10:53:49.000   24.277507392  105.718460192   424.3586   2  28   0.0214   0.0354   0.0486  -0.0106  -0.0148  -0.0106  22.00    1.0 6541864

[TCP数据流] 2025/11/16 18:53:32 - 浮点解 (28颗卫星)
  ECEF: X=-1576094.0441 Y=5600206.2262 Z=2606506.9486
  LLH:  Lat=24.277507279° Lon=105.718460127° H=424.3535m
  原始数据:
2025/11/16 10:53:50.000   24.277507279  105.718460127   424.3535   2  28   0.0214   0.0353   0.0486  -0.0105  -0.0148  -0.0106  23.00    1.0 6541864

[TCP数据流] 2025/11/16 18:53:33 - 浮点解 (28颗卫星)
  ECEF: X=-1576094.0386 Y=5600206.2281 Z=2606506.9367
  LLH:  Lat=24.277507180° Lon=105.718460070° H=424.3490m
  原始数据:
2025/11/16 10:53:51.000   24.277507180  105.718460070   424.3490   2  28   0.0214   0.0353   0.0486  -0.0105  -0.0148  -0.0106  24.00    1.0 6541864

[TCP数据流] 2025/11/16 18:53:34 - 浮点解 (28颗卫星)
  ECEF: X=-1576094.0335 Y=5600206.2303 Z=2606506.9262
  LLH:  Lat=24.277507091° Lon=105.718460016° H=424.3453m
  原始数据:
2025/11/16 10:53:52.000   24.277507091  105.718460016   424.3453   2  28   0.0214   0.0353   0.0486  -0.0105  -0.0148  -0.0106  25.00    1.0 6541864

[TCP数据流] 2025/11/16 18:53:35 - 浮点解 (28颗卫星)
  ECEF: X=-1576094.0284 Y=5600206.2321 Z=2606506.9172
  LLH:  Lat=24.277507015° Lon=105.718459963° H=424.3419m
  原始数据:
2025/11/16 10:53:53.000   24.277507015  105.718459963   424.3419   2  28   0.0214   0.0352   0.0485  -0.0105  -0.0148  -0.0106  26.00    1.0 6541864

[TCP数据流] 2025/11/16 18:53:36 - 浮点解 (28颗卫星)
  ECEF: X=-1576094.0235 Y=5600206.2337 Z=2606506.9091
  LLH:  Lat=24.277506948° Lon=105.718459912° H=424.3388m
  原始数据:
2025/11/16 10:53:54.000   24.277506948  105.718459912   424.3388   2  28   0.0213   0.0352   0.0485  -0.0105  -0.0148  -0.0107  27.00    1.0 6541864

[TCP数据流] 2025/11/16 18:53:37 - 浮点解 (28颗卫星)
  ECEF: X=-1576094.0186 Y=5600206.2354 Z=2606506.9022
  LLH:  Lat=24.277506890° Lon=105.718459861° H=424.3362m
  原始数据:
2025/11/16 10:53:55.000   24.277506890  105.718459861   424.3362   2  28   0.0213   0.0351   0.0485  -0.0104  -0.0148  -0.0107  28.00    1.0 6541864

[TCP数据流] 2025/11/16 18:53:38 - 浮点解 (28颗卫星)
  ECEF: X=-1576094.0150 Y=5600206.2370 Z=2606506.8963
  LLH:  Lat=24.277506839° Lon=105.718459823° H=424.3343m
  原始数据:
2025/11/16 10:53:56.000   24.277506839  105.718459823   424.3343   2  28   0.0213   0.0351   0.0485  -0.0104  -0.0148  -0.0107  29.00    1.0 6541864

[TCP数据流] 2025/11/16 18:53:39 - 浮点解 (28颗卫星)
  ECEF: X=-1576094.0107 Y=5600206.2384 Z=2606506.8911
  LLH:  Lat=24.277506796° Lon=105.718459778° H=424.3324m
  原始数据:
2025/11/16 10:53:57.000   24.277506796  105.718459778   424.3324   2  28   0.0213   0.0351   0.0485  -0.0104  -0.0148  -0.0107  30.00    1.0 6541864

[TCP数据流] 2025/11/16 18:53:43 - 浮点解 (28颗卫星)
  ECEF: X=-1576093.9558 Y=5600206.2753 Z=2606506.6694
  LLH:  Lat=24.277504895° Lon=105.718459159° H=424.2600m
  原始数据:
2025/11/16 10:54:01.000   24.277504895  105.718459159   424.2600   2  28   0.0212   0.0350   0.0484  -0.0104  -0.0148  -0.0107   0.00    1.1 6541864

[TCP数据流] 2025/11/16 18:53:44 - 浮点解 (28颗卫星)
  ECEF: X=-1576093.9045 Y=5600206.3103 Z=2606506.4616
  LLH:  Lat=24.277503111° Lon=105.718458580° H=424.1926m
  原始数据:
2025/11/16 10:54:02.000   24.277503111  105.718458580   424.1926   2  28   0.0211   0.0350   0.0483  -0.0105  -0.0147  -0.0108   0.00    1.2 6541864

[TCP数据流] 2025/11/16 18:53:45 - 浮点解 (22颗卫星)
  ECEF: X=-1576093.8520 Y=5600206.3344 Z=2606506.2556
  LLH:  Lat=24.277501383° Lon=105.718458018° H=424.1161m
  原始数据:
2025/11/16 10:54:03.000   24.277501383  105.718458018   424.1161   2  22   0.0209   0.0349   0.0482  -0.0105  -0.0147  -0.0108   0.00    1.3 6541864

[TCP数据流] 2025/11/16 18:53:46 - 浮点解 (28颗卫星)
  ECEF: X=-1576093.8055 Y=5600206.3621 Z=2606506.0782
  LLH:  Lat=24.277499870° Lon=105.718457503° H=424.0560m
  原始数据:
2025/11/16 10:54:04.000   24.277499870  105.718457503   424.0560   2  28   0.0208   0.0349   0.0481  -0.0105  -0.0147  -0.0108   1.00    1.2 6541864

[TCP数据流] 2025/11/16 18:53:47 - 浮点解 (28颗卫星)
  ECEF: X=-1576093.7633 Y=5600206.3848 Z=2606505.9244
  LLH:  Lat=24.277498566° Lon=105.718457042° H=424.0022m
  原始数据:
2025/11/16 10:54:05.000   24.277498566  105.718457042   424.0022   2  28   0.0208   0.0348   0.0480  -0.0105  -0.0147  -0.0109   2.00    1.1 6541864

[TCP数据流] 2025/11/16 18:53:48 - 浮点解 (28颗卫星)
  ECEF: X=-1576093.7250 Y=5600206.4042 Z=2606505.7922
  LLH:  Lat=24.277497447° Lon=105.718456627° H=423.9555m
  原始数据:
2025/11/16 10:54:06.000   24.277497447  105.718456627   423.9555   2  28   0.0207   0.0348   0.0480  -0.0105  -0.0147  -0.0109   3.00    1.1 6541864

[TCP数据流] 2025/11/16 18:53:49 - 浮点解 (28颗卫星)
  ECEF: X=-1576093.6910 Y=5600206.4191 Z=2606505.6818
  LLH:  Lat=24.277496520° Lon=105.718456265° H=423.9148m
  原始数据:
2025/11/16 10:54:07.000   24.277496520  105.718456265   423.9148   2  28   0.0206   0.0347   0.0479  -0.0105  -0.0146  -0.0109   4.00    1.0 6541864

[TCP数据流] 2025/11/16 18:53:50 - 浮点解 (28颗卫星)
  ECEF: X=-1576093.6611 Y=5600206.4309 Z=2606505.5883
  LLH:  Lat=24.277495738° Lon=105.718455950° H=423.8793m
  原始数据:
2025/11/16 10:54:08.000   24.277495738  105.718455950   423.8793   2  28   0.0206   0.0347   0.0479  -0.0105  -0.0146  -0.0110   5.00    1.0 6541864

[TCP数据流] 2025/11/16 18:53:51 - 浮点解 (28颗卫星)
  ECEF: X=-1576093.6352 Y=5600206.4404 Z=2606505.5105
  LLH:  Lat=24.277495090° Lon=105.718455679° H=423.8492m
  原始数据:
2025/11/16 10:54:09.000   24.277495090  105.718455679   423.8492   2  28   0.0205   0.0346   0.0478  -0.0105  -0.0146  -0.0110   6.00    1.2 6541864

[TCP数据流] 2025/11/16 18:53:52 - 浮点解 (28颗卫星)
  ECEF: X=-1576093.6121 Y=5600206.4476 Z=2606505.4452
  LLH:  Lat=24.277494550° Lon=105.718455441° H=423.8230m
  原始数据:
2025/11/16 10:54:10.000   24.277494550  105.718455441   423.8230   2  28   0.0205   0.0346   0.0478  -0.0105  -0.0146  -0.0110   7.00    1.0 6541864

[TCP数据流] 2025/11/16 18:53:53 - 浮点解 (28颗卫星)
  ECEF: X=-1576093.5915 Y=5600206.4539 Z=2606505.3906
  LLH:  Lat=24.277494099° Lon=105.718455229° H=423.8010m
  原始数据:
2025/11/16 10:54:11.000   24.277494099  105.718455229   423.8010   2  28   0.0204   0.0346   0.0477  -0.0105  -0.0146  -0.0110   8.00    1.0 6541864

[TCP数据流] 2025/11/16 18:53:54 - 浮点解 (28颗卫星)
  ECEF: X=-1576093.5738 Y=5600206.4595 Z=2606505.3447
  LLH:  Lat=24.277493719° Lon=105.718455046° H=423.7827m
  原始数据:
2025/11/16 10:54:12.000   24.277493719  105.718455046   423.7827   2  28   0.0204   0.0345   0.0477  -0.0105  -0.0146  -0.0110   9.00    1.1 6541864

[TCP数据流] 2025/11/16 18:53:55 - 浮点解 (28颗卫星)
  ECEF: X=-1576093.5588 Y=5600206.4639 Z=2606505.3059
  LLH:  Lat=24.277493399° Lon=105.718454892° H=423.7669m
  原始数据:
2025/11/16 10:54:13.000   24.277493399  105.718454892   423.7669   2  28   0.0204   0.0345   0.0477  -0.0105  -0.0146  -0.0110  10.00    1.1 6541864

[TCP数据流] 2025/11/16 18:53:56 - 浮点解 (28颗卫星)
  ECEF: X=-1576093.5456 Y=5600206.4687 Z=2606505.2735
  LLH:  Lat=24.277493129° Lon=105.718454754° H=423.7545m
  原始数据:
2025/11/16 10:54:14.000   24.277493129  105.718454754   423.7545   2  28   0.0203   0.0344   0.0477  -0.0105  -0.0146  -0.0110  11.00    1.0 6541864

[TCP数据流] 2025/11/16 18:53:57 - 浮点解 (28颗卫星)
  ECEF: X=-1576093.5328 Y=5600206.4723 Z=2606505.2462
  LLH:  Lat=24.277492904° Lon=105.718454623° H=423.7433m
  原始数据:
2025/11/16 10:54:15.000   24.277492904  105.718454623   423.7433   2  28   0.0203   0.0344   0.0476  -0.0105  -0.0146  -0.0111  12.00    1.0 6541864

[TCP数据流] 2025/11/16 18:53:58 - 浮点解 (28颗卫星)
  ECEF: X=-1576093.5213 Y=5600206.4758 Z=2606505.2229
  LLH:  Lat=24.277492712° Lon=105.718454505° H=423.7339m
  原始数据:
2025/11/16 10:54:16.000   24.277492712  105.718454505   423.7339   2  28   0.0203   0.0344   0.0476  -0.0104  -0.0146  -0.0111  13.00    1.1 6541864

[TCP数据流] 2025/11/16 18:53:59 - 浮点解 (28颗卫星)
  ECEF: X=-1576093.5111 Y=5600206.4789 Z=2606505.2035
  LLH:  Lat=24.277492551° Lon=105.718454400° H=423.7261m
  原始数据:
2025/11/16 10:54:17.000   24.277492551  105.718454400   423.7261   2  28   0.0203   0.0343   0.0476  -0.0104  -0.0146  -0.0111  14.00    1.0 6541864

[TCP数据流] 2025/11/16 18:54:00 - 浮点解 (28颗卫星)
  ECEF: X=-1576093.5023 Y=5600206.4816 Z=2606505.1868
  LLH:  Lat=24.277492413° Lon=105.718454310° H=423.7195m
  原始数据:
2025/11/16 10:54:18.000   24.277492413  105.718454310   423.7195   2  28   0.0203   0.0343   0.0476  -0.0104  -0.0146  -0.0111  15.00    1.0 6541864

[TCP数据流] 2025/11/16 18:54:01 - 浮点解 (28颗卫星)
  ECEF: X=-1576093.4940 Y=5600206.4846 Z=2606505.1732
  LLH:  Lat=24.277492298° Lon=105.718454223° H=423.7145m
  原始数据:
2025/11/16 10:54:19.000   24.277492298  105.718454223   423.7145   2  28   0.0202   0.0342   0.0475  -0.0104  -0.0146  -0.0111  16.00    1.1 6541864

[TCP数据流] 2025/11/16 18:54:02 - 浮点解 (28颗卫星)
  ECEF: X=-1576093.4867 Y=5600206.4874 Z=2606505.1614
  LLH:  Lat=24.277492199° Lon=105.718454146° H=423.7103m
  原始数据:
2025/11/16 10:54:20.000   24.277492199  105.718454146   423.7103   2  28   0.0202   0.0342   0.0475  -0.0104  -0.0146  -0.0111  17.00    1.0 6541864

[TCP数据流] 2025/11/16 18:54:03 - 浮点解 (28颗卫星)
  ECEF: X=-1576093.4797 Y=5600206.4899 Z=2606505.1516
  LLH:  Lat=24.277492116° Lon=105.718454073° H=423.7067m
  原始数据:
2025/11/16 10:54:21.000   24.277492116  105.718454073   423.7067   2  28   0.0202   0.0342   0.0475  -0.0104  -0.0146  -0.0111  18.00    1.0 6541864

[TCP数据流] 2025/11/16 18:54:04 - 浮点解 (28颗卫星)
  ECEF: X=-1576093.4736 Y=5600206.4925 Z=2606505.1434
  LLH:  Lat=24.277492046° Lon=105.718454008° H=423.7041m
  原始数据:
2025/11/16 10:54:22.000   24.277492046  105.718454008   423.7041   2  28   0.0202   0.0341   0.0475  -0.0104  -0.0146  -0.0111  19.00    1.0 6541864

[TCP数据流] 2025/11/16 18:54:05 - 浮点解 (28颗卫星)
  ECEF: X=-1576093.4677 Y=5600206.4951 Z=2606505.1368
  LLH:  Lat=24.277491988° Lon=105.718453946° H=423.7022m
  原始数据:
2025/11/16 10:54:23.000   24.277491988  105.718453946   423.7022   2  28   0.0202   0.0341   0.0475  -0.0103  -0.0146  -0.0111  20.00    1.0 6541864

[TCP数据流] 2025/11/16 18:54:06 - 浮点解 (28颗卫星)
  ECEF: X=-1576093.4620 Y=5600206.4972 Z=2606505.1313
  LLH:  Lat=24.277491941° Lon=105.718453886° H=423.7004m
  原始数据:
2025/11/16 10:54:24.000   24.277491941  105.718453886   423.7004   2  28   0.0202   0.0341   0.0475  -0.0103  -0.0146  -0.0111  21.00    1.0 6541864

[TCP数据流] 2025/11/16 18:54:07 - 浮点解 (28颗卫星)
  ECEF: X=-1576093.4568 Y=5600206.4995 Z=2606505.1271
  LLH:  Lat=24.277491903° Lon=105.718453830° H=423.6994m
  原始数据:
2025/11/16 10:54:25.000   24.277491903  105.718453830   423.6994   2  28   0.0202   0.0340   0.0474  -0.0103  -0.0146  -0.0111  22.00    1.1 6541864

[TCP数据流] 2025/11/16 18:54:09 - 浮点解 (28颗卫星)
  ECEF: X=-1576093.4528 Y=5600206.5017 Z=2606505.1246
  LLH:  Lat=24.277491879° Lon=105.718453787° H=423.6993m
  原始数据:
2025/11/16 10:54:27.000   24.277491879  105.718453787   423.6993   2  28   0.0201   0.0340   0.0474  -0.0103  -0.0146  -0.0111  24.00    1.1 6541864

[TCP数据流] 2025/11/16 18:54:10 - 浮点解 (28颗卫星)
  ECEF: X=-1576093.4490 Y=5600206.5035 Z=2606505.1229
  LLH:  Lat=24.277491862° Lon=105.718453746° H=423.6993m
  原始数据:
2025/11/16 10:54:28.000   24.277491862  105.718453746   423.6993   2  28   0.0201   0.0340   0.0474  -0.0103  -0.0146  -0.0111  25.00    1.0 6541864

[TCP数据流] 2025/11/16 18:54:11 - 浮点解 (28颗卫星)
  ECEF: X=-1576093.4450 Y=5600206.5058 Z=2606505.1219
  LLH:  Lat=24.277491850° Lon=105.718453702° H=423.6999m
  原始数据:
2025/11/16 10:54:29.000   24.277491850  105.718453702   423.6999   2  28   0.0201   0.0339   0.0474  -0.0102  -0.0146  -0.0111  26.00    1.0 6541864

[TCP数据流] 2025/11/16 18:54:13 - 浮点解 (28颗卫星)
  ECEF: X=-1576093.4420 Y=5600206.5077 Z=2606505.1222
  LLH:  Lat=24.277491849° Lon=105.718453668° H=423.7009m
  原始数据:
2025/11/16 10:54:31.000   24.277491849  105.718453668   423.7009   2  28   0.0201   0.0339   0.0474  -0.0102  -0.0146  -0.0111  28.00    1.1 6541864

[TCP数据流] 2025/11/16 18:54:14 - 浮点解 (28颗卫星)
  ECEF: X=-1576093.4392 Y=5600206.5095 Z=2606505.1229
  LLH:  Lat=24.277491851° Lon=105.718453637° H=423.7021m
  原始数据:
2025/11/16 10:54:32.000   24.277491851  105.718453637   423.7021   2  28   0.0201   0.0338   0.0474  -0.0102  -0.0146  -0.0111  29.00    1.0 6541864

[TCP数据流] 2025/11/16 18:54:15 - 浮点解 (28颗卫星)
  ECEF: X=-1576093.4362 Y=5600206.5114 Z=2606505.1241
  LLH:  Lat=24.277491857° Lon=105.718453604° H=423.7035m
  原始数据:
2025/11/16 10:54:33.000   24.277491857  105.718453604   423.7035   2  28   0.0201   0.0338   0.0474  -0.0102  -0.0146  -0.0111  30.00    1.1 6541864

[TCP数据流] 2025/11/16 18:54:18 - 浮点解 (28颗卫星)
  ECEF: X=-1576093.4035 Y=5600206.5550 Z=2606505.0436
  LLH:  Lat=24.277491071° Lon=105.718453177° H=423.7006m
  原始数据:
2025/11/16 10:54:36.000   24.277491071  105.718453177   423.7006   2  28   0.0200   0.0338   0.0472  -0.0102  -0.0145  -0.0111   0.00    1.0 6541864

[TCP数据流] 2025/11/16 18:54:19 - 浮点解 (28颗卫星)
  ECEF: X=-1576093.3725 Y=5600206.5973 Z=2606504.9681
  LLH:  Lat=24.277490330° Lon=105.718452770° H=423.6990m
  原始数据:
2025/11/16 10:54:37.000   24.277490330  105.718452770   423.6990   2  28   0.0199   0.0337   0.0470  -0.0102  -0.0145  -0.0111   0.00    1.1 6541864

[TCP数据流] 2025/11/16 18:54:20 - 浮点解 (28颗卫星)
  ECEF: X=-1576093.3419 Y=5600206.6370 Z=2606504.8981
  LLH:  Lat=24.277489643° Lon=105.718452374° H=423.6975m
  原始数据:
2025/11/16 10:54:38.000   24.277489643  105.718452374   423.6975   2  28   0.0198   0.0337   0.0469  -0.0102  -0.0144  -0.0111   1.00    1.0 6541864

[TCP数据流] 2025/11/16 18:54:21 - 浮点解 (28颗卫星)
  ECEF: X=-1576093.3124 Y=5600206.6719 Z=2606504.8316
  LLH:  Lat=24.277489001° Lon=105.718452002° H=423.6935m
  原始数据:
2025/11/16 10:54:39.000   24.277489001  105.718452002   423.6935   2  28   0.0197   0.0336   0.0467  -0.0102  -0.0143  -0.0110   1.00    1.0 6541864

[TCP数据流] 2025/11/16 18:54:22 - 浮点解 (28颗卫星)
  ECEF: X=-1576093.2846 Y=5600206.7030 Z=2606504.7717
  LLH:  Lat=24.277488425° Lon=105.718451655° H=423.6893m
  原始数据:
2025/11/16 10:54:40.000   24.277488425  105.718451655   423.6893   2  28   0.0196   0.0336   0.0466  -0.0102  -0.0143  -0.0110   2.00    1.1 6541864

[TCP数据流] 2025/11/16 18:54:23 - 浮点解 (28颗卫星)
  ECEF: X=-1576093.2579 Y=5600206.7283 Z=2606504.7191
  LLH:  Lat=24.277487928° Lon=105.718451334° H=423.6833m
  原始数据:
2025/11/16 10:54:41.000   24.277487928  105.718451334   423.6833   2  28   0.0196   0.0335   0.0465  -0.0102  -0.0142  -0.0110   3.00    1.0 6541864

[TCP数据流] 2025/11/16 18:54:24 - 浮点解 (28颗卫星)
  ECEF: X=-1576093.2339 Y=5600206.7484 Z=2606504.6742
  LLH:  Lat=24.277487511° Lon=105.718451053° H=423.6766m
  原始数据:
2025/11/16 10:54:42.000   24.277487511  105.718451053   423.6766   2  28   0.0195   0.0335   0.0464  -0.0102  -0.0142  -0.0110   4.00    1.1 6541864

[TCP数据流] 2025/11/16 18:54:28 - 浮点解 (28颗卫星)
  ECEF: X=-1576093.2184 Y=5600206.7597 Z=2606504.6507
  LLH:  Lat=24.277487293° Lon=105.718450876° H=423.6730m
  原始数据:
2025/11/16 10:54:46.000   24.277487293  105.718450876   423.6730   2  28   0.0195   0.0334   0.0464  -0.0102  -0.0142  -0.0110   8.00    1.1 6541864

[TCP数据流] 2025/11/16 18:54:29 - 浮点解 (28颗卫星)
  ECEF: X=-1576093.2052 Y=5600206.7691 Z=2606504.6316
  LLH:  Lat=24.277487115° Lon=105.718450726° H=423.6701m
  原始数据:
2025/11/16 10:54:47.000   24.277487115  105.718450726   423.6701   2  28   0.0194   0.0334   0.0463  -0.0102  -0.0142  -0.0110   9.00    1.0 6541864

[TCP数据流] 2025/11/16 18:54:31 - 浮点解 (28颗卫星)
  ECEF: X=-1576093.1951 Y=5600206.7769 Z=2606504.6184
  LLH:  Lat=24.277486989° Lon=105.718450609° H=423.6690m
  原始数据:
2025/11/16 10:54:49.000   24.277486989  105.718450609   423.6690   2  28   0.0194   0.0333   0.0463  -0.0102  -0.0142  -0.0110  11.00    1.0 6541864

[TCP数据流] 2025/11/16 18:54:32 - 浮点解 (28颗卫星)
  ECEF: X=-1576093.1861 Y=5600206.7837 Z=2606504.6076
  LLH:  Lat=24.277486885° Lon=105.718450506° H=423.6683m
  原始数据:
2025/11/16 10:54:50.000   24.277486885  105.718450506   423.6683   2  28   0.0194   0.0333   0.0462  -0.0102  -0.0142  -0.0110  12.00    1.0 6541864

[TCP数据流] 2025/11/16 18:54:33 - 浮点解 (28颗卫星)
  ECEF: X=-1576093.1595 Y=5600206.8286 Z=2606504.5729
  LLH:  Lat=24.277486466° Lon=105.718450134° H=423.6869m
  原始数据:
2025/11/16 10:54:51.000   24.277486466  105.718450134   423.6869   2  28   0.0193   0.0333   0.0461  -0.0102  -0.0141  -0.0110   0.00    1.0 6541864

[TCP数据流] 2025/11/16 18:54:34 - 浮点解 (28颗卫星)
  ECEF: X=-1576093.1340 Y=5600206.8684 Z=2606504.5383
  LLH:  Lat=24.277486064° Lon=105.718449786° H=423.7013m
  原始数据:
2025/11/16 10:54:52.000   24.277486064  105.718449786   423.7013   2  28   0.0192   0.0332   0.0459  -0.0102  -0.0140  -0.0110   1.00    1.2 6541864

[TCP数据流] 2025/11/16 18:54:35 - 浮点解 (28颗卫星)
  ECEF: X=-1576093.1092 Y=5600206.9054 Z=2606504.5069
  LLH:  Lat=24.277485699° Lon=105.718449452° H=423.7147m
  原始数据:
2025/11/16 10:54:53.000   24.277485699  105.718449452   423.7147   2  28   0.0191   0.0332   0.0458  -0.0102  -0.0140  -0.0110   2.00    1.0 6541864

[TCP数据流] 2025/11/16 18:54:36 - 浮点解 (28颗卫星)
  ECEF: X=-1576093.0869 Y=5600206.9354 Z=2606504.4779
  LLH:  Lat=24.277485375° Lon=105.718449161° H=423.7236m
  原始数据:
2025/11/16 10:54:54.000   24.277485375  105.718449161   423.7236   2  28   0.0191   0.0331   0.0457  -0.0102  -0.0139  -0.0110   3.00    1.1 6541864

[TCP数据流] 2025/11/16 18:54:37 - 浮点解 (28颗卫星)
  ECEF: X=-1576093.0668 Y=5600206.9599 Z=2606504.4525
  LLH:  Lat=24.277485099° Lon=105.718448905° H=423.7297m
  原始数据:
2025/11/16 10:54:55.000   24.277485099  105.718448905   423.7297   2  28   0.0190   0.0331   0.0456  -0.0102  -0.0139  -0.0110   4.00    1.1 6541864

[TCP数据流] 2025/11/16 18:54:38 - 浮点解 (28颗卫星)
  ECEF: X=-1576093.0495 Y=5600206.9794 Z=2606504.4313
  LLH:  Lat=24.277484872° Lon=105.718448689° H=423.7338m
  原始数据:
2025/11/16 10:54:56.000   24.277484872  105.718448689   423.7338   2  28   0.0190   0.0330   0.0455  -0.0102  -0.0138  -0.0110   5.00    1.0 6541864

[TCP数据流] 2025/11/16 18:54:39 - 浮点解 (28颗卫星)
  ECEF: X=-1576093.0340 Y=5600206.9959 Z=2606504.4133
  LLH:  Lat=24.277484681° Lon=105.718448498° H=423.7371m
  原始数据:
2025/11/16 10:54:57.000   24.277484681  105.718448498   423.7371   2  28   0.0190   0.0330   0.0454  -0.0102  -0.0138  -0.0110   6.00    1.1 6541864

[TCP数据流] 2025/11/16 18:54:40 - 浮点解 (28颗卫星)
  ECEF: X=-1576093.0212 Y=5600207.0094 Z=2606504.3988
  LLH:  Lat=24.277484526° Lon=105.718448341° H=423.7398m
  原始数据:
2025/11/16 10:54:58.000   24.277484526  105.718448341   423.7398   2  28   0.0189   0.0329   0.0454  -0.0102  -0.0138  -0.0110   7.00    1.1 6541864

[TCP数据流] 2025/11/16 18:54:41 - 浮点解 (28颗卫星)
  ECEF: X=-1576093.0094 Y=5600207.0209 Z=2606504.3869
  LLH:  Lat=24.277484399° Lon=105.718448198° H=423.7421m
  原始数据:
2025/11/16 10:54:59.000   24.277484399  105.718448198   423.7421   2  28   0.0189   0.0329   0.0453  -0.0102  -0.0138  -0.0110   8.00    1.1 6541864

[TCP数据流] 2025/11/16 18:54:42 - 浮点解 (28颗卫星)
  ECEF: X=-1576092.9995 Y=5600207.0314 Z=2606504.3775
  LLH:  Lat=24.277484294° Lon=105.718448076° H=423.7450m
  原始数据:
2025/11/16 10:55:00.000   24.277484294  105.718448076   423.7450   2  28   0.0189   0.0329   0.0453  -0.0102  -0.0137  -0.0110   9.00    1.1 6541864

[TCP数据流] 2025/11/16 18:54:43 - 浮点解 (28颗卫星)
  ECEF: X=-1576092.9914 Y=5600207.0400 Z=2606504.3703
  LLH:  Lat=24.277484212° Lon=105.718447976° H=423.7476m
  原始数据:
2025/11/16 10:55:01.000   24.277484212  105.718447976   423.7476   2  28   0.0189   0.0328   0.0452  -0.0101  -0.0137  -0.0110  10.00    1.0 6541864

[TCP数据流] 2025/11/16 18:54:44 - 浮点解 (28颗卫星)
  ECEF: X=-1576092.9841 Y=5600207.0478 Z=2606504.3647
  LLH:  Lat=24.277484145° Lon=105.718447886° H=423.7503m
  原始数据:
2025/11/16 10:55:02.000   24.277484145  105.718447886   423.7503   2  28   0.0188   0.0328   0.0452  -0.0101  -0.0137  -0.0110  11.00    1.0 6541864

[TCP数据流] 2025/11/16 18:54:45 - 浮点解 (28颗卫星)
  ECEF: X=-1576092.9781 Y=5600207.0546 Z=2606504.3606
  LLH:  Lat=24.277484093° Lon=105.718447811° H=423.7531m
  原始数据:
2025/11/16 10:55:03.000   24.277484093  105.718447811   423.7531   2  28   0.0188   0.0328   0.0451  -0.0101  -0.0137  -0.0110  12.00    1.1 6541864

[TCP数据流] 2025/11/16 18:54:46 - 浮点解 (28颗卫星)
  ECEF: X=-1576092.9728 Y=5600207.0611 Z=2606504.3577
  LLH:  Lat=24.277484052° Lon=105.718447744° H=423.7563m
  原始数据:
2025/11/16 10:55:04.000   24.277484052  105.718447744   423.7563   2  28   0.0188   0.0327   0.0451  -0.0101  -0.0137  -0.0110  13.00    1.2 6541864

[TCP数据流] 2025/11/16 18:54:47 - 浮点解 (28颗卫星)
  ECEF: X=-1576092.9688 Y=5600207.0667 Z=2606504.3561
  LLH:  Lat=24.277484022° Lon=105.718447691° H=423.7596m
  原始数据:
2025/11/16 10:55:05.000   24.277484022  105.718447691   423.7596   2  28   0.0188   0.0327   0.0451  -0.0101  -0.0137  -0.0110  14.00    1.1 6541864

[TCP数据流] 2025/11/16 18:54:48 - 浮点解 (28颗卫星)
  ECEF: X=-1576092.9645 Y=5600207.0718 Z=2606504.3554
  LLH:  Lat=24.277484003° Lon=105.718447637° H=423.7627m
  原始数据:
2025/11/16 10:55:06.000   24.277484003  105.718447637   423.7627   2  28   0.0188   0.0327   0.0451  -0.0101  -0.0137  -0.0109  15.00    1.0 6541864

[TCP数据流] 2025/11/16 18:54:49 - 浮点解 (28颗卫星)
  ECEF: X=-1576092.9604 Y=5600207.0763 Z=2606504.3557
  LLH:  Lat=24.277483993° Lon=105.718447586° H=423.7658m
  原始数据:
2025/11/16 10:55:07.000   24.277483993  105.718447586   423.7658   2  28   0.0188   0.0326   0.0450  -0.0101  -0.0137  -0.0109  16.00    1.1 6541864

[TCP数据流] 2025/11/16 18:54:50 - 浮点解 (28颗卫星)
  ECEF: X=-1576092.9571 Y=5600207.0810 Z=2606504.3568
  LLH:  Lat=24.277483989° Lon=105.718447542° H=423.7695m
  原始数据:
2025/11/16 10:55:08.000   24.277483989  105.718447542   423.7695   2  28   0.0187   0.0326   0.0450  -0.0101  -0.0137  -0.0109  17.00    1.0 6541864

[TCP数据流] 2025/11/16 18:54:51 - 浮点解 (28颗卫星)
  ECEF: X=-1576092.9539 Y=5600207.0854 Z=2606504.3586
  LLH:  Lat=24.277483991° Lon=105.718447500° H=423.7733m
  原始数据:
2025/11/16 10:55:09.000   24.277483991  105.718447500   423.7733   2  28   0.0187   0.0326   0.0450  -0.0100  -0.0137  -0.0109  18.00    1.1 6541864

[TCP数据流] 2025/11/16 18:54:52 - 浮点解 (28颗卫星)
  ECEF: X=-1576092.9509 Y=5600207.0893 Z=2606504.3607
  LLH:  Lat=24.277483998° Lon=105.718447461° H=423.7769m
  原始数据:
2025/11/16 10:55:10.000   24.277483998  105.718447461   423.7769   2  28   0.0187   0.0325   0.0450  -0.0100  -0.0137  -0.0109  19.00    1.1 6541864

[TCP数据流] 2025/11/16 18:54:53 - 浮点解 (28颗卫星)
  ECEF: X=-1576092.9479 Y=5600207.0928 Z=2606504.3634
  LLH:  Lat=24.277484010° Lon=105.718447423° H=423.7803m
  原始数据:
2025/11/16 10:55:11.000   24.277484010  105.718447423   423.7803   2  28   0.0187   0.0325   0.0449  -0.0100  -0.0137  -0.0109  20.00    1.1 6541864

[TCP数据流] 2025/11/16 18:54:54 - 浮点解 (28颗卫星)
  ECEF: X=-1576092.9447 Y=5600207.0958 Z=2606504.3662
  LLH:  Lat=24.277484026° Lon=105.718447385° H=423.7834m
  原始数据:
2025/11/16 10:55:12.000   24.277484026  105.718447385   423.7834   2  28   0.0187   0.0325   0.0449  -0.0100  -0.0136  -0.0109  21.00    1.0 6541864

[TCP数据流] 2025/11/16 18:54:55 - 浮点解 (28颗卫星)
  ECEF: X=-1576092.9421 Y=5600207.0987 Z=2606504.3695
  LLH:  Lat=24.277484045° Lon=105.718447352° H=423.7866m
  原始数据:
2025/11/16 10:55:13.000   24.277484045  105.718447352   423.7866   2  28   0.0187   0.0324   0.0449  -0.0100  -0.0136  -0.0109  22.00    1.0 6541864

[TCP数据流] 2025/11/16 18:54:56 - 浮点解 (22颗卫星)
  ECEF: X=-1576092.9404 Y=5600207.1008 Z=2606504.3709
  LLH:  Lat=24.277484051° Lon=105.718447331° H=423.7886m
  原始数据:
2025/11/16 10:55:14.000   24.277484051  105.718447331   423.7886   2  22   0.0187   0.0324   0.0449  -0.0100  -0.0136  -0.0109  23.00    1.0 6541864

[TCP数据流] 2025/11/16 18:54:57 - 浮点解 (27颗卫星)
  ECEF: X=-1576092.9382 Y=5600207.1030 Z=2606504.3746
  LLH:  Lat=24.277484076° Lon=105.718447304° H=423.7915m
  原始数据:
2025/11/16 10:55:15.000   24.277484076  105.718447304   423.7915   2  27   0.0187   0.0324   0.0449  -0.0099  -0.0136  -0.0109  24.00    1.0 6541864

[TCP数据流] 2025/11/16 18:54:58 - 浮点解 (27颗卫星)
  ECEF: X=-1576092.9365 Y=5600207.1051 Z=2606504.3786
  LLH:  Lat=24.277484103° Lon=105.718447282° H=423.7946m
  原始数据:
2025/11/16 10:55:16.000   24.277484103  105.718447282   423.7946   2  27   0.0187   0.0323   0.0449  -0.0099  -0.0136  -0.0109  25.00    1.0 6541864

[TCP数据流] 2025/11/16 18:54:59 - 浮点解 (27颗卫星)
  ECEF: X=-1576092.9347 Y=5600207.1069 Z=2606504.3827
  LLH:  Lat=24.277484132° Lon=105.718447260° H=423.7974m
  原始数据:
2025/11/16 10:55:17.000   24.277484132  105.718447260   423.7974   2  27   0.0186   0.0323   0.0448  -0.0099  -0.0136  -0.0109  26.00    1.1 6541864

[TCP数据流] 2025/11/16 18:55:00 - 浮点解 (27颗卫星)
  ECEF: X=-1576092.9324 Y=5600207.1088 Z=2606504.3869
  LLH:  Lat=24.277484162° Lon=105.718447233° H=423.8002m
  原始数据:
2025/11/16 10:55:18.000   24.277484162  105.718447233   423.8002   2  27   0.0186   0.0323   0.0448  -0.0099  -0.0136  -0.0109  27.00    1.0 6541864

[TCP数据流] 2025/11/16 18:55:01 - 浮点解 (27颗卫星)
  ECEF: X=-1576092.9311 Y=5600207.1104 Z=2606504.3914
  LLH:  Lat=24.277484195° Lon=105.718447217° H=423.8032m
  原始数据:
2025/11/16 10:55:19.000   24.277484195  105.718447217   423.8032   2  27   0.0186   0.0322   0.0448  -0.0099  -0.0136  -0.0109  28.00    1.1 6541864

[TCP数据流] 2025/11/16 18:55:02 - 浮点解 (27颗卫星)
  ECEF: X=-1576092.9294 Y=5600207.1120 Z=2606504.3962
  LLH:  Lat=24.277484230° Lon=105.718447196° H=423.8061m
  原始数据:
2025/11/16 10:55:20.000   24.277484230  105.718447196   423.8061   2  27   0.0186   0.0322   0.0448  -0.0099  -0.0136  -0.0109  29.00    1.0 6541864

[TCP数据流] 2025/11/16 18:55:03 - 浮点解 (27颗卫星)
  ECEF: X=-1576092.9275 Y=5600207.1135 Z=2606504.4011
  LLH:  Lat=24.277484267° Lon=105.718447174° H=423.8090m
  原始数据:
2025/11/16 10:55:21.000   24.277484267  105.718447174   423.8090   2  27   0.0186   0.0322   0.0448  -0.0099  -0.0136  -0.0109  30.00    1.2 6541864

[TCP数据流] 2025/11/16 18:55:45 - 浮点解 (27颗卫星)
  ECEF: X=-1576092.8466 Y=5600207.3641 Z=2606504.6897
  LLH:  Lat=24.277485828° Lon=105.718445739° H=424.1275m
  原始数据:
2025/11/16 10:56:03.000   24.277485828  105.718445739   424.1275   2  27   0.0182   0.0319   0.0434  -0.0099  -0.0130  -0.0104   0.00    1.1 6541864

[TCP数据流] 2025/11/16 18:55:46 - 浮点解 (27颗卫星)
  ECEF: X=-1576092.8214 Y=5600207.4368 Z=2606504.7696
  LLH:  Lat=24.277486251° Lon=105.718445306° H=424.2179m
  原始数据:
2025/11/16 10:56:04.000   24.277486251  105.718445306   424.2179   2  27   0.0180   0.0318   0.0430  -0.0099  -0.0128  -0.0102   1.00    1.1 6541864

[TCP数据流] 2025/11/16 18:55:47 - 浮点解 (27颗卫星)
  ECEF: X=-1576092.7966 Y=5600207.4979 Z=2606504.8345
  LLH:  Lat=24.277486592° Lon=105.718444908° H=424.2921m
  原始数据:
2025/11/16 10:56:05.000   24.277486592  105.718444908   424.2921   2  27   0.0179   0.0318   0.0427  -0.0099  -0.0126  -0.0101   2.00    1.0 6541864

[TCP数据流] 2025/11/16 18:55:48 - 浮点解 (27颗卫星)
  ECEF: X=-1576092.7740 Y=5600207.5524 Z=2606504.8865
  LLH:  Lat=24.277486848° Lon=105.718444548° H=424.3558m
  原始数据:
2025/11/16 10:56:06.000   24.277486848  105.718444548   424.3558   2  27   0.0178   0.0317   0.0424  -0.0099  -0.0125  -0.0100   3.00    1.2 6541864

[TCP数据流] 2025/11/16 18:55:49 - 浮点解 (27颗卫星)
  ECEF: X=-1576092.7538 Y=5600207.5984 Z=2606504.9275
  LLH:  Lat=24.277487041° Lon=105.718444234° H=424.4080m
  原始数据:
2025/11/16 10:56:07.000   24.277487041  105.718444234   424.4080   2  27   0.0178   0.0316   0.0421  -0.0099  -0.0123  -0.0100   4.00    1.3 6541864

[TCP数据流] 2025/11/16 18:55:50 - 浮点解 (27颗卫星)
  ECEF: X=-1576092.7356 Y=5600207.6367 Z=2606504.9597
  LLH:  Lat=24.277487188° Lon=105.718443959° H=424.4503m
  原始数据:
2025/11/16 10:56:08.000   24.277487188  105.718443959   424.4503   2  27   0.0177   0.0316   0.0420  -0.0099  -0.0123  -0.0099   5.00    1.1 6541864

[TCP数据流] 2025/11/16 18:55:51 - 浮点解 (27颗卫星)
  ECEF: X=-1576092.7195 Y=5600207.6672 Z=2606504.9852
  LLH:  Lat=24.277487305° Lon=105.718443725° H=424.4836m
  原始数据:
2025/11/16 10:56:09.000   24.277487305  105.718443725   424.4836   2  27   0.0177   0.0315   0.0418  -0.0099  -0.0122  -0.0099   6.00    1.1 6541864

[TCP数据流] 2025/11/16 18:55:53 - 浮点解 (27颗卫星)
  ECEF: X=-1576092.7063 Y=5600207.6890 Z=2606505.0032
  LLH:  Lat=24.277487388° Lon=105.718443542° H=424.5069m
  原始数据:
2025/11/16 10:56:11.000   24.277487388  105.718443542   424.5069   2  27   0.0176   0.0315   0.0417  -0.0099  -0.0121  -0.0098   8.00    1.1 6541864

[TCP数据流] 2025/11/16 18:55:54 - 浮点解 (27颗卫星)
  ECEF: X=-1576092.6953 Y=5600207.7079 Z=2606505.0193
  LLH:  Lat=24.277487464° Lon=105.718443387° H=424.5274m
  原始数据:
2025/11/16 10:56:12.000   24.277487464  105.718443387   424.5274   2  27   0.0176   0.0315   0.0416  -0.0099  -0.0121  -0.0098   9.00    1.1 6541864

[TCP数据流] 2025/11/16 18:55:55 - 浮点解 (27颗卫星)
  ECEF: X=-1576092.6859 Y=5600207.7242 Z=2606505.0336
  LLH:  Lat=24.277487533° Lon=105.718443255° H=424.5452m
  原始数据:
2025/11/16 10:56:13.000   24.277487533  105.718443255   424.5452   2  27   0.0176   0.0314   0.0415  -0.0099  -0.0120  -0.0098  10.00    1.1 6541864

[TCP数据流] 2025/11/16 18:55:56 - 浮点解 (27颗卫星)
  ECEF: X=-1576092.6779 Y=5600207.7376 Z=2606505.0461
  LLH:  Lat=24.277487596° Lon=105.718443143° H=424.5602m
  原始数据:
2025/11/16 10:56:14.000   24.277487596  105.718443143   424.5602   2  27   0.0175   0.0314   0.0414  -0.0098  -0.0120  -0.0098  11.00    1.1 6541864

[TCP数据流] 2025/11/16 18:55:57 - 浮点解 (27颗卫星)
  ECEF: X=-1576092.6713 Y=5600207.7497 Z=2606505.0576
  LLH:  Lat=24.277487654° Lon=105.718443048° H=424.5738m
  原始数据:
2025/11/16 10:56:15.000   24.277487654  105.718443048   424.5738   2  27   0.0175   0.0313   0.0414  -0.0098  -0.0120  -0.0098  12.00    1.1 6541864

[TCP数据流] 2025/11/16 18:55:58 - 浮点解 (27颗卫星)
  ECEF: X=-1576092.6653 Y=5600207.7600 Z=2606505.0682
  LLH:  Lat=24.277487711° Lon=105.718442964° H=424.5858m
  原始数据:
2025/11/16 10:56:16.000   24.277487711  105.718442964   424.5858   2  27   0.0175   0.0313   0.0413  -0.0098  -0.0119  -0.0098  13.00    1.0 6541864

[TCP数据流] 2025/11/16 18:55:59 - 浮点解 (27颗卫星)
  ECEF: X=-1576092.6604 Y=5600207.7694 Z=2606505.0784
  LLH:  Lat=24.277487766° Lon=105.718442892° H=424.5970m
  原始数据:
2025/11/16 10:56:17.000   24.277487766  105.718442892   424.5970   2  27   0.0175   0.0313   0.0412  -0.0098  -0.0119  -0.0098  14.00    1.0 6541864

[TCP数据流] 2025/11/16 19:01:35 - 浮点解 (25颗卫星)
  ECEF: X=-1576092.6822 Y=5600207.7996 Z=2606505.1922
  LLH:  Lat=24.277488573° Lon=105.718443018° H=424.6757m
  原始数据:
2025/11/16 11:01:53.000   24.277488573  105.718443018   424.6757   2  25   0.0174   0.0307   0.0411  -0.0095  -0.0120  -0.0097   4.00    1.1 6541864

[TCP数据流] 2025/11/16 19:01:36 - 浮点解 (25颗卫星)
  ECEF: X=-1576092.6812 Y=5600207.8008 Z=2606505.1975
  LLH:  Lat=24.277488613° Lon=105.718443006° H=424.6787m
  原始数据:
2025/11/16 11:01:54.000   24.277488613  105.718443006   424.6787   2  25   0.0174   0.0307   0.0411  -0.0095  -0.0120  -0.0097   5.00    1.1 6541864

[TCP数据流] 2025/11/16 19:01:38 - 浮点解 (25颗卫星)
  ECEF: X=-1576092.6805 Y=5600207.8022 Z=2606505.2028
  LLH:  Lat=24.277488652° Lon=105.718442995° H=424.6819m
  原始数据:
2025/11/16 11:01:56.000   24.277488652  105.718442995   424.6819   2  25   0.0174   0.0307   0.0411  -0.0095  -0.0120  -0.0097   7.00    1.0 6541864

[TCP数据流] 2025/11/16 19:01:39 - 浮点解 (25颗卫星)
  ECEF: X=-1576092.6790 Y=5600207.8035 Z=2606505.2081
  LLH:  Lat=24.277488693° Lon=105.718442978° H=424.6849m
  原始数据:
2025/11/16 11:01:57.000   24.277488693  105.718442978   424.6849   2  25   0.0174   0.0307   0.0411  -0.0095  -0.0120  -0.0097   8.00    1.1 6541864

[TCP数据流] 2025/11/16 19:01:40 - 浮点解 (19颗卫星)
  ECEF: X=-1576092.6781 Y=5600207.8059 Z=2606505.2129
  LLH:  Lat=24.277488725° Lon=105.718442963° H=424.6887m
  原始数据:
2025/11/16 11:01:58.000   24.277488725  105.718442963   424.6887   2  19   0.0174   0.0306   0.0411  -0.0095  -0.0120  -0.0097   9.00    1.0 6541864

[TCP数据流] 2025/11/16 19:01:41 - 浮点解 (25颗卫星)
  ECEF: X=-1576092.6773 Y=5600207.8076 Z=2606505.2182
  LLH:  Lat=24.277488763° Lon=105.718442951° H=424.6922m
  原始数据:
2025/11/16 11:01:59.000   24.277488763  105.718442951   424.6922   2  25   0.0174   0.0306   0.0411  -0.0094  -0.0120  -0.0097  10.00    1.0 6541864

[TCP数据流] 2025/11/16 19:01:42 - 浮点解 (25颗卫星)
  ECEF: X=-1576092.6768 Y=5600207.8094 Z=2606505.2234
  LLH:  Lat=24.277488800° Lon=105.718442941° H=424.6958m
  原始数据:
2025/11/16 11:02:00.000   24.277488800  105.718442941   424.6958   2  25   0.0174   0.0306   0.0411  -0.0094  -0.0120  -0.0097  11.00    1.0 6541864

[TCP数据流] 2025/11/16 19:01:43 - 浮点解 (25颗卫星)
  ECEF: X=-1576092.6765 Y=5600207.8112 Z=2606505.2288
  LLH:  Lat=24.277488838° Lon=105.718442933° H=424.6995m
  原始数据:
2025/11/16 11:02:01.000   24.277488838  105.718442933   424.6995   2  25   0.0174   0.0306   0.0411  -0.0094  -0.0120  -0.0097  12.00    1.2 6541864

[TCP数据流] 2025/11/16 19:01:45 - 浮点解 (25颗卫星)
  ECEF: X=-1576092.6763 Y=5600207.8136 Z=2606505.2343
  LLH:  Lat=24.277488875° Lon=105.718442925° H=424.7038m
  原始数据:
2025/11/16 11:02:03.000   24.277488875  105.718442925   424.7038   2  25   0.0174   0.0305   0.0411  -0.0094  -0.0120  -0.0097  14.00    1.1 6541864

[TCP数据流] 2025/11/16 19:01:46 - 浮点解 (25颗卫星)
  ECEF: X=-1576092.6761 Y=5600207.8159 Z=2606505.2395
  LLH:  Lat=24.277488910° Lon=105.718442917° H=424.7079m
  原始数据:
2025/11/16 11:02:04.000   24.277488910  105.718442917   424.7079   2  25   0.0174   0.0305   0.0411  -0.0094  -0.0120  -0.0097  15.00    1.0 6541864

[TCP数据流] 2025/11/16 19:01:47 - 浮点解 (25颗卫星)
  ECEF: X=-1576092.6759 Y=5600207.8184 Z=2606505.2450
  LLH:  Lat=24.277488946° Lon=105.718442909° H=424.7123m
  原始数据:
2025/11/16 11:02:05.000   24.277488946  105.718442909   424.7123   2  25   0.0173   0.0305   0.0411  -0.0094  -0.0120  -0.0097  16.00    1.0 6541864

[TCP数据流] 2025/11/16 19:01:48 - 浮点解 (25颗卫星)
  ECEF: X=-1576092.6761 Y=5600207.8211 Z=2606505.2505
  LLH:  Lat=24.277488982° Lon=105.718442903° H=424.7170m
  原始数据:
2025/11/16 11:02:06.000   24.277488982  105.718442903   424.7170   2  25   0.0173   0.0305   0.0410  -0.0094  -0.0120  -0.0097  17.00    1.0 6541864

[TCP数据流] 2025/11/16 19:01:49 - 浮点解 (25颗卫星)
  ECEF: X=-1576092.6762 Y=5600207.8238 Z=2606505.2561
  LLH:  Lat=24.277489018° Lon=105.718442897° H=424.7217m
  原始数据:
2025/11/16 11:02:07.000   24.277489018  105.718442897   424.7217   2  25   0.0173   0.0304   0.0410  -0.0093  -0.0120  -0.0097  18.00    1.0 6541864

[TCP数据流] 2025/11/16 19:01:50 - 浮点解 (25颗卫星)
  ECEF: X=-1576092.6765 Y=5600207.8266 Z=2606505.2618
  LLH:  Lat=24.277489055° Lon=105.718442892° H=424.7266m
  原始数据:
2025/11/16 11:02:08.000   24.277489055  105.718442892   424.7266   2  25   0.0173   0.0304   0.0410  -0.0093  -0.0120  -0.0097  19.00    1.0 6541864

[TCP数据流] 2025/11/16 19:01:51 - 浮点解 (24颗卫星)
  ECEF: X=-1576092.6766 Y=5600207.8289 Z=2606505.2672
  LLH:  Lat=24.277489091° Lon=105.718442887° H=424.7309m
  原始数据:
2025/11/16 11:02:09.000   24.277489091  105.718442887   424.7309   2  24   0.0173   0.0304   0.0410  -0.0093  -0.0120  -0.0097  20.00    1.1 6541864

[TCP数据流] 2025/11/16 19:01:52 - 浮点解 (25颗卫星)
  ECEF: X=-1576092.6770 Y=5600207.8313 Z=2606505.2727
  LLH:  Lat=24.277489127° Lon=105.718442885° H=424.7353m
  原始数据:
2025/11/16 11:02:10.000   24.277489127  105.718442885   424.7353   2  25   0.0173   0.0304   0.0410  -0.0093  -0.0120  -0.0097  21.00    1.1 6541864

[TCP数据流] 2025/11/16 19:01:53 - 浮点解 (24颗卫星)
  ECEF: X=-1576092.6775 Y=5600207.8337 Z=2606505.2780
  LLH:  Lat=24.277489162° Lon=105.718442883° H=424.7397m
  原始数据:
2025/11/16 11:02:11.000   24.277489162  105.718442883   424.7397   2  24   0.0173   0.0303   0.0410  -0.0093  -0.0120  -0.0097  22.00    1.1 6541864

[TCP数据流] 2025/11/16 19:01:54 - 浮点解 (24颗卫星)
  ECEF: X=-1576092.6787 Y=5600207.8361 Z=2606505.2833
  LLH:  Lat=24.277489195° Lon=105.718442888° H=424.7443m
  原始数据:
2025/11/16 11:02:12.000   24.277489195  105.718442888   424.7443   2  24   0.0173   0.0303   0.0410  -0.0093  -0.0120  -0.0096  23.00    1.0 6541864

[TCP数据流] 2025/11/16 19:01:55 - 浮点解 (24颗卫星)
  ECEF: X=-1576092.6799 Y=5600207.8385 Z=2606505.2887
  LLH:  Lat=24.277489230° Lon=105.718442893° H=424.7489m
  原始数据:
2025/11/16 11:02:13.000   24.277489230  105.718442893   424.7489   2  24   0.0173   0.0303   0.0410  -0.0093  -0.0120  -0.0096  24.00    1.0 6541864

[TCP数据流] 2025/11/16 19:01:56 - 浮点解 (24颗卫星)
  ECEF: X=-1576092.6807 Y=5600207.8405 Z=2606505.2939
  LLH:  Lat=24.277489265° Lon=105.718442895° H=424.7530m
  原始数据:
2025/11/16 11:02:14.000   24.277489265  105.718442895   424.7530   2  24   0.0173   0.0303   0.0410  -0.0092  -0.0120  -0.0096  25.00    1.0 6541864

[TCP数据流] 2025/11/16 19:01:57 - 浮点解 (24颗卫星)
  ECEF: X=-1576092.6815 Y=5600207.8425 Z=2606505.2994
  LLH:  Lat=24.277489302° Lon=105.718442897° H=424.7572m
  原始数据:
2025/11/16 11:02:15.000   24.277489302  105.718442897   424.7572   2  24   0.0173   0.0303   0.0410  -0.0092  -0.0120  -0.0096  26.00    1.0 6541864

[TCP数据流] 2025/11/16 19:01:58 - 浮点解 (24颗卫星)
  ECEF: X=-1576092.6821 Y=5600207.8445 Z=2606505.3048
  LLH:  Lat=24.277489339° Lon=105.718442898° H=424.7614m
  原始数据:
2025/11/16 11:02:16.000   24.277489339  105.718442898   424.7614   2  24   0.0173   0.0302   0.0410  -0.0092  -0.0120  -0.0096  27.00    1.1 6541864

[TCP数据流] 2025/11/16 19:01:59 - 浮点解 (24颗卫星)
  ECEF: X=-1576092.6821 Y=5600207.8464 Z=2606505.3103
  LLH:  Lat=24.277489377° Lon=105.718442893° H=424.7653m
  原始数据:
2025/11/16 11:02:17.000   24.277489377  105.718442893   424.7653   2  24   0.0173   0.0302   0.0410  -0.0092  -0.0120  -0.0096  28.00    1.0 6541864

[TCP数据流] 2025/11/16 19:02:00 - 浮点解 (24颗卫星)
  ECEF: X=-1576092.6823 Y=5600207.8483 Z=2606505.3157
  LLH:  Lat=24.277489415° Lon=105.718442890° H=424.7692m
  原始数据:
2025/11/16 11:02:18.000   24.277489415  105.718442890   424.7692   2  24   0.0173   0.0302   0.0410  -0.0092  -0.0120  -0.0096  29.00    1.1 6541864

[TCP数据流] 2025/11/16 19:02:01 - 浮点解 (18颗卫星)
  ECEF: X=-1576092.6824 Y=5600207.8498 Z=2606505.3199
  LLH:  Lat=24.277489444° Lon=105.718442886° H=424.7723m
  原始数据:
2025/11/16 11:02:19.000   24.277489444  105.718442886   424.7723   2  18   0.0173   0.0302   0.0410  -0.0092  -0.0121  -0.0096  30.00    1.1 6541864

[TCP数据流] 2025/11/16 19:02:23 - 浮点解 (25颗卫星)
  ECEF: X=-1576092.6445 Y=5600207.8464 Z=2606505.4267
  LLH:  Lat=24.277490373° Lon=105.718442536° H=424.8038m
  原始数据:
2025/11/16 11:02:41.000   24.277490373  105.718442536   424.8038   2  25   0.0172   0.0299   0.0408  -0.0090  -0.0120  -0.0095   4.00    1.0 6541864

[TCP数据流] 2025/11/16 19:02:24 - 浮点解 (25颗卫星)
  ECEF: X=-1576092.6437 Y=5600207.8480 Z=2606505.4349
  LLH:  Lat=24.277490436° Lon=105.718442524° H=424.8084m
  原始数据:
2025/11/16 11:02:42.000   24.277490436  105.718442524   424.8084   2  25   0.0172   0.0299   0.0408  -0.0090  -0.0120  -0.0095   5.00    1.1 6541864

[TCP数据流] 2025/11/16 19:02:25 - 浮点解 (25颗卫星)
  ECEF: X=-1576092.6431 Y=5600207.8495 Z=2606505.4423
  LLH:  Lat=24.277490492° Lon=105.718442515° H=424.8127m
  原始数据:
2025/11/16 11:02:43.000   24.277490492  105.718442515   424.8127   2  25   0.0172   0.0299   0.0408  -0.0090  -0.0120  -0.0095   6.00    1.1 6541864

[TCP数据流] 2025/11/16 19:02:26 - 浮点解 (19颗卫星)
  ECEF: X=-1576092.6427 Y=5600207.8509 Z=2606505.4473
  LLH:  Lat=24.277490528° Lon=105.718442507° H=424.8158m
  原始数据:
2025/11/16 11:02:44.000   24.277490528  105.718442507   424.8158   2  19   0.0172   0.0299   0.0408  -0.0090  -0.0121  -0.0095   7.00    1.2 6541864

[TCP数据流] 2025/11/16 19:02:27 - 浮点解 (25颗卫星)
  ECEF: X=-1576092.6420 Y=5600207.8525 Z=2606505.4538
  LLH:  Lat=24.277490577° Lon=105.718442496° H=424.8197m
  原始数据:
2025/11/16 11:02:45.000   24.277490577  105.718442496   424.8197   2  25   0.0172   0.0298   0.0407  -0.0090  -0.0121  -0.0095   8.00    1.0 6541864

[TCP数据流] 2025/11/16 19:02:28 - 浮点解 (19颗卫星)
  ECEF: X=-1576092.6407 Y=5600207.8530 Z=2606505.4581
  LLH:  Lat=24.277490612° Lon=105.718442483° H=424.8216m
  原始数据:
2025/11/16 11:02:46.000   24.277490612  105.718442483   424.8216   2  19   0.0172   0.0298   0.0407  -0.0090  -0.0121  -0.0095   9.00    1.1 6541864

[TCP数据流] 2025/11/16 19:02:29 - 浮点解 (25颗卫星)
  ECEF: X=-1576092.6398 Y=5600207.8537 Z=2606505.4640
  LLH:  Lat=24.277490659° Lon=105.718442472° H=424.8244m
  原始数据:
2025/11/16 11:02:47.000   24.277490659  105.718442472   424.8244   2  25   0.0172   0.0298   0.0407  -0.0089  -0.0121  -0.0095  10.00    1.0 6541864

[TCP数据流] 2025/11/16 19:02:30 - 浮点解 (25颗卫星)
  ECEF: X=-1576092.6392 Y=5600207.8542 Z=2606505.4695
  LLH:  Lat=24.277490703° Lon=105.718442465° H=424.8270m
  原始数据:
2025/11/16 11:02:48.000   24.277490703  105.718442465   424.8270   2  25   0.0172   0.0298   0.0407  -0.0089  -0.0121  -0.0095  11.00    1.0 6541864

[TCP数据流] 2025/11/16 19:02:31 - 浮点解 (25颗卫星)
  ECEF: X=-1576092.6352 Y=5600207.8547 Z=2606505.4846
  LLH:  Lat=24.277490829° Lon=105.718442426° H=424.8326m
  原始数据:
2025/11/16 11:02:49.000   24.277490829  105.718442426   424.8326   2  25   0.0172   0.0298   0.0407  -0.0089  -0.0121  -0.0094   1.00    1.0 6541864

[TCP数据流] 2025/11/16 19:02:32 - 浮点解 (19颗卫星)
  ECEF: X=-1576092.6326 Y=5600207.8550 Z=2606505.4928
  LLH:  Lat=24.277490898° Lon=105.718442401° H=424.8356m
  原始数据:
2025/11/16 11:02:50.000   24.277490898  105.718442401   424.8356   2  19   0.0171   0.0297   0.0407  -0.0089  -0.0121  -0.0094   2.00    1.0 6541864

[TCP数据流] 2025/11/16 19:02:33 - 浮点解 (25颗卫星)
  ECEF: X=-1576092.6297 Y=5600207.8557 Z=2606505.5042
  LLH:  Lat=24.277490993° Lon=105.718442371° H=424.8402m
  原始数据:
2025/11/16 11:02:51.000   24.277490993  105.718442371   424.8402   2  25   0.0171   0.0297   0.0407  -0.0089  -0.0120  -0.0094   3.00    1.2 6541864

[TCP数据流] 2025/11/16 19:02:34 - 浮点解 (25颗卫星)
  ECEF: X=-1576092.6279 Y=5600207.8563 Z=2606505.5141
  LLH:  Lat=24.277491074° Lon=105.718442352° H=424.8444m
  原始数据:
2025/11/16 11:02:52.000   24.277491074  105.718442352   424.8444   2  25   0.0171   0.0297   0.0407  -0.0089  -0.0120  -0.0094   4.00    1.3 6541864

[TCP数据流] 2025/11/16 19:02:35 - 浮点解 (25颗卫星)
  ECEF: X=-1576092.6266 Y=5600207.8571 Z=2606505.5229
  LLH:  Lat=24.277491144° Lon=105.718442338° H=424.8484m
  原始数据:
2025/11/16 11:02:53.000   24.277491144  105.718442338   424.8484   2  25   0.0171   0.0297   0.0406  -0.0089  -0.0120  -0.0094   5.00    1.0 6541864

[TCP数据流] 2025/11/16 19:02:36 - 浮点解 (25颗卫星)
  ECEF: X=-1576092.6261 Y=5600207.8584 Z=2606505.5309
  LLH:  Lat=24.277491206° Lon=105.718442330° H=424.8527m
  原始数据:
2025/11/16 11:02:54.000   24.277491206  105.718442330   424.8527   2  25   0.0171   0.0296   0.0406  -0.0088  -0.0120  -0.0094   6.00    1.1 6541864

[TCP数据流] 2025/11/16 19:02:37 - 浮点解 (19颗卫星)
  ECEF: X=-1576092.6259 Y=5600207.8592 Z=2606505.5359
  LLH:  Lat=24.277491245° Lon=105.718442326° H=424.8554m
  原始数据:
2025/11/16 11:02:55.000   24.277491245  105.718442326   424.8554   2  19   0.0171   0.0296   0.0406  -0.0088  -0.0120  -0.0094   7.00    1.1 6541864

[TCP数据流] 2025/11/16 19:02:38 - 浮点解 (25颗卫星)
  ECEF: X=-1576092.6256 Y=5600207.8604 Z=2606505.5430
  LLH:  Lat=24.277491299° Lon=105.718442320° H=424.8593m
  原始数据:
2025/11/16 11:02:56.000   24.277491299  105.718442320   424.8593   2  25   0.0171   0.0296   0.0406  -0.0088  -0.0120  -0.0094   8.00    1.0 6541864

[TCP数据流] 2025/11/16 19:02:39 - 浮点解 (25颗卫星)
  ECEF: X=-1576092.6253 Y=5600207.8614 Z=2606505.5496
  LLH:  Lat=24.277491350° Lon=105.718442314° H=424.8628m
  原始数据:
2025/11/16 11:02:57.000   24.277491350  105.718442314   424.8628   2  25   0.0171   0.0296   0.0406  -0.0088  -0.0120  -0.0094   9.00    1.2 6541864

[TCP数据流] 2025/11/16 19:02:40 - 浮点解 (25颗卫星)
  ECEF: X=-1576092.6252 Y=5600207.8624 Z=2606505.5557
  LLH:  Lat=24.277491397° Lon=105.718442310° H=424.8662m
  原始数据:
2025/11/16 11:02:58.000   24.277491397  105.718442310   424.8662   2  25   0.0171   0.0296   0.0406  -0.0088  -0.0120  -0.0094  10.00    1.0 6541864

[TCP数据流] 2025/11/16 19:02:41 - 浮点解 (25颗卫星)
  ECEF: X=-1576092.6254 Y=5600207.8636 Z=2606505.5618
  LLH:  Lat=24.277491443° Lon=105.718442309° H=424.8698m
  原始数据:
2025/11/16 11:02:59.000   24.277491443  105.718442309   424.8698   2  25   0.0171   0.0295   0.0406  -0.0088  -0.0120  -0.0094  11.00    1.1 6541864

[TCP数据流] 2025/11/16 19:02:42 - 浮点解 (25颗卫星)
  ECEF: X=-1576092.6253 Y=5600207.8648 Z=2606505.5676
  LLH:  Lat=24.277491486° Lon=105.718442305° H=424.8732m
  原始数据:
2025/11/16 11:03:00.000   24.277491486  105.718442305   424.8732   2  25   0.0171   0.0295   0.0406  -0.0088  -0.0120  -0.0094  12.00    1.2 6541864

[TCP数据流] 2025/11/16 19:02:43 - 浮点解 (25颗卫星)
  ECEF: X=-1576092.6255 Y=5600207.8660 Z=2606505.5731
  LLH:  Lat=24.277491527° Lon=105.718442304° H=424.8766m
  原始数据:
2025/11/16 11:03:01.000   24.277491527  105.718442304   424.8766   2  25   0.0171   0.0295   0.0406  -0.0087  -0.0120  -0.0094  13.00    1.2 6541864

[TCP数据流] 2025/11/16 19:02:44 - 浮点解 (25颗卫星)
  ECEF: X=-1576092.6255 Y=5600207.8671 Z=2606505.5783
  LLH:  Lat=24.277491566° Lon=105.718442301° H=424.8797m
  原始数据:
2025/11/16 11:03:02.000   24.277491566  105.718442301   424.8797   2  25   0.0171   0.0295   0.0406  -0.0087  -0.0120  -0.0094  14.00    1.1 6541864

[TCP数据流] 2025/11/16 19:02:45 - 浮点解 (25颗卫星)
  ECEF: X=-1576092.6256 Y=5600207.8684 Z=2606505.5836
  LLH:  Lat=24.277491605° Lon=105.718442298° H=424.8830m
  原始数据:
2025/11/16 11:03:03.000   24.277491605  105.718442298   424.8830   2  25   0.0171   0.0294   0.0405  -0.0087  -0.0120  -0.0094  15.00    1.2 6541864

[TCP数据流] 2025/11/16 19:02:46 - 浮点解 (25颗卫星)
  ECEF: X=-1576092.6261 Y=5600207.8694 Z=2606505.5886
  LLH:  Lat=24.277491642° Lon=105.718442300° H=424.8861m
  原始数据:
2025/11/16 11:03:04.000   24.277491642  105.718442300   424.8861   2  25   0.0171   0.0294   0.0405  -0.0087  -0.0120  -0.0094  16.00    1.0 6541864

[TCP数据流] 2025/11/16 19:02:47 - 浮点解 (25颗卫星)
  ECEF: X=-1576092.6267 Y=5600207.8707 Z=2606505.5939
  LLH:  Lat=24.277491680° Lon=105.718442303° H=424.8895m
  原始数据:
2025/11/16 11:03:05.000   24.277491680  105.718442303   424.8895   2  25   0.0171   0.0294   0.0405  -0.0087  -0.0120  -0.0094  17.00    1.0 6541864

[TCP数据流] 2025/11/16 19:02:48 - 浮点解 (25颗卫星)
  ECEF: X=-1576092.6271 Y=5600207.8718 Z=2606505.5988
  LLH:  Lat=24.277491716° Lon=105.718442303° H=424.8926m
  原始数据:
2025/11/16 11:03:06.000   24.277491716  105.718442303   424.8926   2  25   0.0171   0.0294   0.0405  -0.0087  -0.0120  -0.0094  18.00    1.1 6541864

[TCP数据流] 2025/11/16 19:02:49 - 浮点解 (25颗卫星)
  ECEF: X=-1576092.6278 Y=5600207.8730 Z=2606505.6038
  LLH:  Lat=24.277491752° Lon=105.718442307° H=424.8959m
  原始数据:
2025/11/16 11:03:07.000   24.277491752  105.718442307   424.8959   2  25   0.0171   0.0294   0.0405  -0.0087  -0.0120  -0.0094  19.00    1.1 6541864

[TCP数据流] 2025/11/16 19:02:50 - 浮点解 (25颗卫星)
  ECEF: X=-1576092.6285 Y=5600207.8742 Z=2606505.6087
  LLH:  Lat=24.277491788° Lon=105.718442310° H=424.8991m
  原始数据:
2025/11/16 11:03:08.000   24.277491788  105.718442310   424.8991   2  25   0.0171   0.0293   0.0405  -0.0087  -0.0120  -0.0094  20.00    1.0 6541864

[TCP数据流] 2025/11/16 19:02:51 - 浮点解 (25颗卫星)
  ECEF: X=-1576092.6290 Y=5600207.8754 Z=2606505.6136
  LLH:  Lat=24.277491823° Lon=105.718442312° H=424.9023m
  原始数据:
2025/11/16 11:03:09.000   24.277491823  105.718442312   424.9023   2  25   0.0170   0.0293   0.0405  -0.0087  -0.0120  -0.0094  21.00    1.0 6541864

[TCP数据流] 2025/11/16 19:02:52 - 浮点解 (25颗卫星)
  ECEF: X=-1576092.6297 Y=5600207.8764 Z=2606505.6185
  LLH:  Lat=24.277491859° Lon=105.718442316° H=424.9054m
  原始数据:
2025/11/16 11:03:10.000   24.277491859  105.718442316   424.9054   2  25   0.0170   0.0293   0.0405  -0.0086  -0.0120  -0.0094  22.00    1.0 6541864

[TCP数据流] 2025/11/16 19:02:53 - 浮点解 (25颗卫星)
  ECEF: X=-1576092.6304 Y=5600207.8773 Z=2606505.6232
  LLH:  Lat=24.277491894° Lon=105.718442320° H=424.9083m
  原始数据:
2025/11/16 11:03:11.000   24.277491894  105.718442320   424.9083   2  25   0.0170   0.0293   0.0405  -0.0086  -0.0120  -0.0094  23.00    1.2 6541864

[TCP数据流] 2025/11/16 19:02:54 - 浮点解 (25颗卫星)
  ECEF: X=-1576092.6311 Y=5600207.8782 Z=2606505.6282
  LLH:  Lat=24.277491931° Lon=105.718442324° H=424.9113m
  原始数据:
2025/11/16 11:03:12.000   24.277491931  105.718442324   424.9113   2  25   0.0170   0.0293   0.0405  -0.0086  -0.0120  -0.0094  24.00    1.3 6541864

[TCP数据流] 2025/11/16 19:02:55 - 浮点解 (25颗卫星)
  ECEF: X=-1576092.6310 Y=5600207.8790 Z=2606505.6331
  LLH:  Lat=24.277491969° Lon=105.718442321° H=424.9140m
  原始数据:
2025/11/16 11:03:13.000   24.277491969  105.718442321   424.9140   2  25   0.0170   0.0292   0.0405  -0.0086  -0.0120  -0.0094  25.00    1.0 6541864

[TCP数据流] 2025/11/16 19:02:56 - 浮点解 (25颗卫星)
  ECEF: X=-1576092.6309 Y=5600207.8797 Z=2606505.6378
  LLH:  Lat=24.277492005° Lon=105.718442318° H=424.9165m
  原始数据:
2025/11/16 11:03:14.000   24.277492005  105.718442318   424.9165   2  25   0.0170   0.0292   0.0405  -0.0086  -0.0120  -0.0093  26.00    1.2 6541864

[TCP数据流] 2025/11/16 19:02:57 - 浮点解 (25颗卫星)
  ECEF: X=-1576092.6317 Y=5600207.8805 Z=2606505.6425
  LLH:  Lat=24.277492040° Lon=105.718442324° H=424.9194m
  原始数据:
2025/11/16 11:03:15.000   24.277492040  105.718442324   424.9194   2  25   0.0170   0.0292   0.0405  -0.0086  -0.0120  -0.0093  27.00    1.1 6541864

[TCP数据流] 2025/11/16 19:02:58 - 浮点解 (25颗卫星)
  ECEF: X=-1576092.6306 Y=5600207.8802 Z=2606505.6470
  LLH:  Lat=24.277492079° Lon=105.718442314° H=424.9207m
  原始数据:
2025/11/16 11:03:16.000   24.277492079  105.718442314   424.9207   2  25   0.0170   0.0292   0.0405  -0.0086  -0.0120  -0.0093  28.00    1.0 6541864

[TCP数据流] 2025/11/16 19:02:59 - 浮点解 (25颗卫星)
  ECEF: X=-1576092.6323 Y=5600207.8813 Z=2606505.6517
  LLH:  Lat=24.277492112° Lon=105.718442327° H=424.9240m
  原始数据:
2025/11/16 11:03:17.000   24.277492112  105.718442327   424.9240   2  25   0.0170   0.0291   0.0404  -0.0085  -0.0120  -0.0093  29.00    1.0 6541864

[TCP数据流] 2025/11/16 19:03:00 - 浮点解 (25颗卫星)
  ECEF: X=-1576092.6335 Y=5600207.8825 Z=2606505.6565
  LLH:  Lat=24.277492146° Lon=105.718442336° H=424.9273m
  原始数据:
2025/11/16 11:03:18.000   24.277492146  105.718442336   424.9273   2  25   0.0170   0.0291   0.0404  -0.0085  -0.0120  -0.0093  30.00    1.1 6541864

[TCP数据流] 2025/11/16 19:04:41 - 浮点解 (20颗卫星)
  ECEF: X=-1576092.5528 Y=5600207.8085 Z=2606505.7948
  LLH:  Lat=24.277493630° Lon=105.718441768° H=424.8993m
  原始数据:
2025/11/16 11:04:59.000   24.277493630  105.718441768   424.8993   2  20   0.0169   0.0290   0.0401  -0.0084  -0.0120  -0.0090   0.00    1.6 6541864

[TCP数据流] 2025/11/16 19:04:42 - 浮点解 (24颗卫星)
  ECEF: X=-1576092.4806 Y=5600207.7495 Z=2606505.9226
  LLH:  Lat=24.277494965° Lon=105.718441241° H=424.8823m
  原始数据:
2025/11/16 11:05:00.000   24.277494965  105.718441241   424.8823   2  24   0.0167   0.0290   0.0398  -0.0083  -0.0120  -0.0087   0.00    1.6 6541864

[TCP数据流] 2025/11/16 19:04:43 - 浮点解 (24颗卫星)
  ECEF: X=-1576092.4200 Y=5600207.7008 Z=2606506.0337
  LLH:  Lat=24.277496114° Lon=105.718440796° H=424.8702m
  原始数据:
2025/11/16 11:05:01.000   24.277496114  105.718440796   424.8702   2  24   0.0166   0.0289   0.0396  -0.0083  -0.0119  -0.0085   1.00    2.4 6541864

[TCP数据流] 2025/11/16 19:04:44 - 浮点解 (24颗卫星)
  ECEF: X=-1576092.3732 Y=5600207.6652 Z=2606506.1238
  LLH:  Lat=24.277497030° Lon=105.718440448° H=424.8645m
  原始数据:
2025/11/16 11:05:02.000   24.277497030  105.718440448   424.8645   2  24   0.0165   0.0288   0.0393  -0.0082  -0.0119  -0.0082   2.00    1.3 6541864

[TCP数据流] 2025/11/16 19:04:45 - 浮点解 (24颗卫星)
  ECEF: X=-1576092.3386 Y=5600207.6413 Z=2606506.1947
  LLH:  Lat=24.277497734° Lon=105.718440184° H=424.8641m
  原始数据:
2025/11/16 11:05:03.000   24.277497734  105.718440184   424.8641   2  24   0.0165   0.0288   0.0392  -0.0081  -0.0119  -0.0081   3.00    1.1 6541864

[TCP数据流] 2025/11/16 19:04:46 - 浮点解 (24颗卫星)
  ECEF: X=-1576092.3135 Y=5600207.6253 Z=2606506.2504
  LLH:  Lat=24.277498274° Lon=105.718439988° H=424.8668m
  原始数据:
2025/11/16 11:05:04.000   24.277498274  105.718439988   424.8668   2  24   0.0164   0.0287   0.0390  -0.0081  -0.0118  -0.0080   4.00    1.3 6541864

[TCP数据流] 2025/11/16 19:04:47 - 浮点解 (24颗卫星)
  ECEF: X=-1576092.2949 Y=5600207.6139 Z=2606506.2939
  LLH:  Lat=24.277498692° Lon=105.718439842° H=424.8701m
  原始数据:
2025/11/16 11:05:05.000   24.277498692  105.718439842   424.8701   2  24   0.0164   0.0287   0.0389  -0.0081  -0.0118  -0.0079   5.00    1.0 6541864

[TCP数据流] 2025/11/16 19:04:48 - 浮点解 (24颗卫星)
  ECEF: X=-1576092.2808 Y=5600207.6065 Z=2606506.3293
  LLH:  Lat=24.277499024° Lon=105.718439728° H=424.8747m
  原始数据:
2025/11/16 11:05:06.000   24.277499024  105.718439728   424.8747   2  24   0.0164   0.0287   0.0388  -0.0080  -0.0118  -0.0078   6.00    1.0 6541864

[TCP数据流] 2025/11/16 19:04:49 - 浮点解 (24颗卫星)
  ECEF: X=-1576092.2701 Y=5600207.6016 Z=2606506.3585
  LLH:  Lat=24.277499292° Lon=105.718439640° H=424.8797m
  原始数据:
2025/11/16 11:05:07.000   24.277499292  105.718439640   424.8797   2  24   0.0163   0.0286   0.0388  -0.0080  -0.0118  -0.0077   7.00    1.1 6541864

[TCP数据流] 2025/11/16 19:04:50 - 浮点解 (24颗卫星)
  ECEF: X=-1576092.2614 Y=5600207.5976 Z=2606506.3829
  LLH:  Lat=24.277499516° Lon=105.718439568° H=424.8841m
  原始数据:
2025/11/16 11:05:08.000   24.277499516  105.718439568   424.8841   2  24   0.0163   0.0286   0.0387  -0.0080  -0.0118  -0.0077   8.00    1.1 6541864

[TCP数据流] 2025/11/16 19:04:51 - 浮点解 (24颗卫星)
  ECEF: X=-1576092.2544 Y=5600207.5956 Z=2606506.4039
  LLH:  Lat=24.277499703° Lon=105.718439507° H=424.8892m
  原始数据:
2025/11/16 11:05:09.000   24.277499703  105.718439507   424.8892   2  24   0.0163   0.0286   0.0387  -0.0080  -0.0118  -0.0076   9.00    1.1 6541864

[TCP数据流] 2025/11/16 19:04:53 - 浮点解 (23颗卫星)
  ECEF: X=-1576092.2506 Y=5600207.5908 Z=2606506.4190
  LLH:  Lat=24.277499848° Lon=105.718439484° H=424.8903m
  原始数据:
2025/11/16 11:05:11.000   24.277499848  105.718439484   424.8903   2  23   0.0163   0.0286   0.0386  -0.0079  -0.0118  -0.0076  11.00    1.1 6541864

[TCP数据流] 2025/11/16 19:04:54 - 浮点解 (24颗卫星)
  ECEF: X=-1576092.2468 Y=5600207.5895 Z=2606506.4333
  LLH:  Lat=24.277499975° Lon=105.718439451° H=424.8941m
  原始数据:
2025/11/16 11:05:12.000   24.277499975  105.718439451   424.8941   2  24   0.0163   0.0285   0.0386  -0.0079  -0.0118  -0.0076  12.00    1.1 6541864

[TCP数据流] 2025/11/16 19:04:55 - 浮点解 (23颗卫星)
  ECEF: X=-1576092.2443 Y=5600207.5860 Z=2606506.4455
  LLH:  Lat=24.277500090° Lon=105.718439437° H=424.8954m
  原始数据:
2025/11/16 11:05:13.000   24.277500090  105.718439437   424.8954   2  23   0.0162   0.0285   0.0386  -0.0079  -0.0118  -0.0075  13.00    1.3 6541864

[TCP数据流] 2025/11/16 19:04:56 - 浮点解 (23颗卫星)
  ECEF: X=-1576092.2438 Y=5600207.5837 Z=2606506.4568
  LLH:  Lat=24.277500192° Lon=105.718439438° H=424.8979m
  原始数据:
2025/11/16 11:05:14.000   24.277500192  105.718439438   424.8979   2  23   0.0162   0.0285   0.0386  -0.0079  -0.0118  -0.0075  14.00    1.1 6541864

[TCP数据流] 2025/11/16 19:04:57 - 浮点解 (23颗卫星)
  ECEF: X=-1576092.2434 Y=5600207.5817 Z=2606506.4671
  LLH:  Lat=24.277500284° Lon=105.718439440° H=424.9003m
  原始数据:
2025/11/16 11:05:15.000   24.277500284  105.718439440   424.9003   2  23   0.0162   0.0285   0.0386  -0.0079  -0.0118  -0.0075  15.00    1.0 6541864

[TCP数据流] 2025/11/16 19:04:58 - 浮点解 (23颗卫星)
  ECEF: X=-1576092.2437 Y=5600207.5801 Z=2606506.4768
  LLH:  Lat=24.277500369° Lon=105.718439447° H=424.9030m
  原始数据:
2025/11/16 11:05:16.000   24.277500369  105.718439447   424.9030   2  23   0.0162   0.0284   0.0385  -0.0079  -0.0118  -0.0075  16.00    1.0 6541864

[TCP数据流] 2025/11/16 19:04:59 - 浮点解 (18颗卫星)
  ECEF: X=-1576092.2442 Y=5600207.5822 Z=2606506.4840
  LLH:  Lat=24.277500420° Lon=105.718439446° H=424.9079m
  原始数据:
2025/11/16 11:05:17.000   24.277500420  105.718439446   424.9079   2  18   0.0162   0.0284   0.0385  -0.0078  -0.0118  -0.0075  17.00    1.1 6541864

[TCP数据流] 2025/11/16 19:05:00 - 浮点解 (23颗卫星)
  ECEF: X=-1576092.2435 Y=5600207.5807 Z=2606506.4927
  LLH:  Lat=24.277500498° Lon=105.718439443° H=424.9100m
  原始数据:
2025/11/16 11:05:18.000   24.277500498  105.718439443   424.9100   2  23   0.0162   0.0284   0.0385  -0.0078  -0.0118  -0.0075  18.00    1.1 6541864

[TCP数据流] 2025/11/16 19:05:01 - 浮点解 (23颗卫星)
  ECEF: X=-1576092.2432 Y=5600207.5796 Z=2606506.5009
  LLH:  Lat=24.277500570° Lon=105.718439444° H=424.9123m
  原始数据:
2025/11/16 11:05:19.000   24.277500570  105.718439444   424.9123   2  23   0.0162   0.0284   0.0385  -0.0078  -0.0118  -0.0075  19.00    1.1 6541864

[TCP数据流] 2025/11/16 19:05:02 - 浮点解 (23颗卫星)
  ECEF: X=-1576092.2433 Y=5600207.5787 Z=2606506.5088
  LLH:  Lat=24.277500638° Lon=105.718439447° H=424.9148m
  原始数据:
2025/11/16 11:05:20.000   24.277500638  105.718439447   424.9148   2  23   0.0162   0.0284   0.0385  -0.0078  -0.0118  -0.0074  20.00    1.1 6541864

[TCP数据流] 2025/11/16 19:05:03 - 浮点解 (23颗卫星)
  ECEF: X=-1576092.2444 Y=5600207.5783 Z=2606506.5161
  LLH:  Lat=24.277500698° Lon=105.718439458° H=424.9177m
  原始数据:
2025/11/16 11:05:21.000   24.277500698  105.718439458   424.9177   2  23   0.0162   0.0284   0.0385  -0.0078  -0.0118  -0.0074  21.00    1.1 6541864

[TCP数据流] 2025/11/16 19:05:04 - 浮点解 (17颗卫星)
  ECEF: X=-1576092.2456 Y=5600207.5776 Z=2606506.5200
  LLH:  Lat=24.277500732° Lon=105.718439472° H=424.9190m
  原始数据:
2025/11/16 11:05:22.000   24.277500732  105.718439472   424.9190   2  17   0.0162   0.0283   0.0385  -0.0078  -0.0118  -0.0074  22.00    1.0 6541864

[TCP数据流] 2025/11/16 19:05:05 - 浮点解 (23颗卫星)
  ECEF: X=-1576092.2468 Y=5600207.5775 Z=2606506.5268
  LLH:  Lat=24.277500787° Lon=105.718439483° H=424.9220m
  原始数据:
2025/11/16 11:05:23.000   24.277500787  105.718439483   424.9220   2  23   0.0162   0.0283   0.0385  -0.0078  -0.0118  -0.0074  23.00    1.1 6541864

[TCP数据流] 2025/11/16 19:05:06 - 浮点解 (23颗卫星)
  ECEF: X=-1576092.2021 Y=5600207.5253 Z=2606506.6253
  LLH:  Lat=24.277501829° Lon=105.718439199° H=424.9057m
  原始数据:
2025/11/16 11:05:24.000   24.277501829  105.718439199   424.9057   2  23   0.0161   0.0283   0.0383  -0.0077  -0.0119  -0.0072   0.00    1.3 6541864

[TCP数据流] 2025/11/16 19:05:07 - 浮点解 (23颗卫星)
  ECEF: X=-1576092.1614 Y=5600207.4794 Z=2606506.7174
  LLH:  Lat=24.277502792° Lon=105.718438936° H=424.8932m
  原始数据:
2025/11/16 11:05:25.000   24.277502792  105.718438936   424.8932   2  23   0.0160   0.0282   0.0381  -0.0076  -0.0119  -0.0070   0.00    1.4 6541864

[TCP数据流] 2025/11/16 19:05:08 - 浮点解 (23颗卫星)
  ECEF: X=-1576092.1266 Y=5600207.4403 Z=2606506.7994
  LLH:  Lat=24.277503641° Lon=105.718438710° H=424.8840m
  原始数据:
2025/11/16 11:05:26.000   24.277503641  105.718438710   424.8840   2  23   0.0159   0.0282   0.0380  -0.0075  -0.0119  -0.0068   1.00    1.2 6541864

[TCP数据流] 2025/11/16 19:05:09 - 浮点解 (23颗卫星)
  ECEF: X=-1576092.0992 Y=5600207.4100 Z=2606506.8664
  LLH:  Lat=24.277504329° Lon=105.718438531° H=424.8782m
  原始数据:
2025/11/16 11:05:27.000   24.277504329  105.718438531   424.8782   2  23   0.0158   0.0281   0.0379  -0.0075  -0.0120  -0.0067   2.00    1.1 6541864

[TCP数据流] 2025/11/16 19:05:10 - 浮点解 (23颗卫星)
  ECEF: X=-1576092.0787 Y=5600207.3875 Z=2606506.9199
  LLH:  Lat=24.277504870° Lon=105.718438397° H=424.8754m
  原始数据:
2025/11/16 11:05:28.000   24.277504870  105.718438397   424.8754   2  23   0.0158   0.0281   0.0378  -0.0074  -0.0120  -0.0065   3.00    1.0 6541864

[TCP数据流] 2025/11/16 19:05:11 - 浮点解 (23颗卫星)
  ECEF: X=-1576092.0639 Y=5600207.3708 Z=2606506.9619
  LLH:  Lat=24.277505290° Lon=105.718438301° H=424.8744m
  原始数据:
2025/11/16 11:05:29.000   24.277505290  105.718438301   424.8744   2  23   0.0157   0.0281   0.0377  -0.0074  -0.0120  -0.0064   4.00    1.1 6541864

[TCP数据流] 2025/11/16 19:05:12 - 浮点解 (23颗卫星)
  ECEF: X=-1576092.0530 Y=5600207.3580 Z=2606506.9950
  LLH:  Lat=24.277505619° Lon=105.718438232° H=424.8741m
  原始数据:
2025/11/16 11:05:30.000   24.277505619  105.718438232   424.8741   2  23   0.0157   0.0280   0.0377  -0.0074  -0.0120  -0.0064   5.00    1.0 6541864

[TCP数据流] 2025/11/16 19:05:13 - 浮点解 (23颗卫星)
  ECEF: X=-1576092.0456 Y=5600207.3491 Z=2606507.0222
  LLH:  Lat=24.277505882° Lon=105.718438185° H=424.8756m
  原始数据:
2025/11/16 11:05:31.000   24.277505882  105.718438185   424.8756   2  23   0.0157   0.0280   0.0376  -0.0073  -0.0120  -0.0063   6.00    1.0 6541864

[TCP数据流] 2025/11/16 19:05:14 - 浮点解 (23颗卫星)
  ECEF: X=-1576092.0395 Y=5600207.3416 Z=2606507.0443
  LLH:  Lat=24.277506097° Lon=105.718438148° H=424.8766m
  原始数据:
2025/11/16 11:05:32.000   24.277506097  105.718438148   424.8766   2  23   0.0157   0.0280   0.0376  -0.0073  -0.0120  -0.0063   7.00    1.0 6541864

[TCP数据流] 2025/11/16 19:05:16 - 浮点解 (23颗卫星)
  ECEF: X=-1576092.0367 Y=5600207.3371 Z=2606507.0606
  LLH:  Lat=24.277506250° Lon=105.718438133° H=424.8787m
  原始数据:
2025/11/16 11:05:34.000   24.277506250  105.718438133   424.8787   2  23   0.0156   0.0280   0.0376  -0.0073  -0.0120  -0.0062   9.00    1.0 6541864

[TCP数据流] 2025/11/16 19:05:17 - 浮点解 (23颗卫星)
  ECEF: X=-1576092.0352 Y=5600207.3338 Z=2606507.0750
  LLH:  Lat=24.277506382° Lon=105.718438128° H=424.8813m
  原始数据:
2025/11/16 11:05:35.000   24.277506382  105.718438128   424.8813   2  23   0.0156   0.0279   0.0375  -0.0073  -0.0120  -0.0062  10.00    1.0 6541864

[TCP数据流] 2025/11/16 19:05:18 - 浮点解 (23颗卫星)
  ECEF: X=-1576092.0336 Y=5600207.3310 Z=2606507.0877
  LLH:  Lat=24.277506498° Lon=105.718438120° H=424.8837m
  原始数据:
2025/11/16 11:05:36.000   24.277506498  105.718438120   424.8837   2  23   0.0156   0.0279   0.0375  -0.0073  -0.0120  -0.0062  11.00    1.0 6541864

[TCP数据流] 2025/11/16 19:05:19 - 浮点解 (23颗卫星)
  ECEF: X=-1576092.0330 Y=5600207.3287 Z=2606507.0990
  LLH:  Lat=24.277506600° Lon=105.718438120° H=424.8862m
  原始数据:
2025/11/16 11:05:37.000   24.277506600  105.718438120   424.8862   2  23   0.0156   0.0279   0.0375  -0.0072  -0.0120  -0.0062  12.00    1.0 6541864

[TCP数据流] 2025/11/16 19:05:20 - 浮点解 (23颗卫星)
  ECEF: X=-1576092.0326 Y=5600207.3269 Z=2606507.1095
  LLH:  Lat=24.277506693° Lon=105.718438121° H=424.8888m
  原始数据:
2025/11/16 11:05:38.000   24.277506693  105.718438121   424.8888   2  23   0.0156   0.0279   0.0375  -0.0072  -0.0120  -0.0061  13.00    1.0 6541864

[TCP数据流] 2025/11/16 19:05:21 - 浮点解 (23颗卫星)
  ECEF: X=-1576092.0326 Y=5600207.3254 Z=2606507.1191
  LLH:  Lat=24.277506777° Lon=105.718438125° H=424.8914m
  原始数据:
2025/11/16 11:05:39.000   24.277506777  105.718438125   424.8914   2  23   0.0156   0.0279   0.0375  -0.0072  -0.0121  -0.0061  14.00    1.1 6541864

[TCP数据流] 2025/11/16 19:05:22 - 浮点解 (24颗卫星)
  ECEF: X=-1576092.0326 Y=5600207.3240 Z=2606507.1278
  LLH:  Lat=24.277506854° Lon=105.718438129° H=424.8938m
  原始数据:
2025/11/16 11:05:40.000   24.277506854  105.718438129   424.8938   2  24   0.0156   0.0278   0.0374  -0.0072  -0.0121  -0.0061  15.00    1.0 6541864

[TCP数据流] 2025/11/16 19:05:23 - 浮点解 (24颗卫星)
  ECEF: X=-1576092.0334 Y=5600207.3232 Z=2606507.1359
  LLH:  Lat=24.277506923° Lon=105.718438139° H=424.8966m
  原始数据:
2025/11/16 11:05:41.000   24.277506923  105.718438139   424.8966   2  24   0.0156   0.0278   0.0374  -0.0072  -0.0121  -0.0061  16.00    1.0 6541864

[TCP数据流] 2025/11/16 19:05:24 - 浮点解 (24颗卫星)
  ECEF: X=-1576092.0346 Y=5600207.3226 Z=2606507.1437
  LLH:  Lat=24.277506988° Lon=105.718438152° H=424.8996m
  原始数据:
2025/11/16 11:05:42.000   24.277506988  105.718438152   424.8996   2  24   0.0156   0.0278   0.0374  -0.0072  -0.0121  -0.0061  17.00    1.0 6541864

[TCP数据流] 2025/11/16 19:05:25 - 浮点解 (24颗卫星)
  ECEF: X=-1576092.0355 Y=5600207.3221 Z=2606507.1510
  LLH:  Lat=24.277507049° Lon=105.718438162° H=424.9024m
  原始数据:
2025/11/16 11:05:43.000   24.277507049  105.718438162   424.9024   2  24   0.0156   0.0278   0.0374  -0.0072  -0.0121  -0.0061  18.00    1.1 6541864

[TCP数据流] 2025/11/16 19:05:26 - 浮点解 (24颗卫星)
  ECEF: X=-1576092.0372 Y=5600207.3218 Z=2606507.1582
  LLH:  Lat=24.277507107° Lon=105.718438178° H=424.9055m
  原始数据:
2025/11/16 11:05:44.000   24.277507107  105.718438178   424.9055   2  24   0.0156   0.0278   0.0374  -0.0071  -0.0121  -0.0061  19.00    1.0 6541864

[TCP数据流] 2025/11/16 19:05:27 - 浮点解 (20颗卫星)
  ECEF: X=-1576092.0373 Y=5600207.3221 Z=2606507.1649
  LLH:  Lat=24.277507161° Lon=105.718438179° H=424.9085m
  原始数据:
2025/11/16 11:05:45.000   24.277507161  105.718438179   424.9085   2  20   0.0156   0.0278   0.0374  -0.0071  -0.0121  -0.0061  20.00    1.1 6541864

[TCP数据流] 2025/11/16 19:05:28 - 浮点解 (25颗卫星)
  ECEF: X=-1576092.0386 Y=5600207.3219 Z=2606507.1713
  LLH:  Lat=24.277507213° Lon=105.718438191° H=424.9113m
  原始数据:
2025/11/16 11:05:46.000   24.277507213  105.718438191   424.9113   2  25   0.0155   0.0277   0.0374  -0.0071  -0.0121  -0.0060  21.00    1.0 6541864

[TCP数据流] 2025/11/16 19:05:29 - 浮点解 (25颗卫星)
  ECEF: X=-1576092.0403 Y=5600207.3221 Z=2606507.1775
  LLH:  Lat=24.277507262° Lon=105.718438207° H=424.9144m
  原始数据:
2025/11/16 11:05:47.000   24.277507262  105.718438207   424.9144   2  25   0.0155   0.0277   0.0374  -0.0071  -0.0121  -0.0060  22.00    1.0 6541864

[TCP数据流] 2025/11/16 19:05:30 - 浮点解 (25颗卫星)
  ECEF: X=-1576092.0415 Y=5600207.3222 Z=2606507.1834
  LLH:  Lat=24.277507309° Lon=105.718438218° H=424.9172m
  原始数据:
2025/11/16 11:05:48.000   24.277507309  105.718438218   424.9172   2  25   0.0155   0.0277   0.0374  -0.0071  -0.0121  -0.0060  23.00    1.0 6541864

[TCP数据流] 2025/11/16 19:05:31 - 浮点解 (26颗卫星)
  ECEF: X=-1576092.0115 Y=5600207.2910 Z=2606507.2678
  LLH:  Lat=24.277508145° Lon=105.718438017° H=424.9172m
  原始数据:
2025/11/16 11:05:49.000   24.277508145  105.718438017   424.9172   2  26   0.0155   0.0277   0.0372  -0.0070  -0.0121  -0.0058   0.00    1.0 6541864

[TCP数据流] 2025/11/16 19:05:32 - 浮点解 (26颗卫星)
  ECEF: X=-1576091.9837 Y=5600207.2627 Z=2606507.3477
  LLH:  Lat=24.277508932° Lon=105.718437829° H=424.9183m
  原始数据:
2025/11/16 11:05:50.000   24.277508932  105.718437829   424.9183   2  26   0.0154   0.0276   0.0371  -0.0070  -0.0121  -0.0057   0.00    1.0 6541864

[TCP数据流] 2025/11/16 19:05:33 - 浮点解 (26颗卫星)
  ECEF: X=-1576091.9583 Y=5600207.2380 Z=2606507.4242
  LLH:  Lat=24.277509675° Lon=105.718437654° H=424.9218m
  原始数据:
2025/11/16 11:05:51.000   24.277509675  105.718437654   424.9218   2  26   0.0153   0.0276   0.0370  -0.0069  -0.0121  -0.0055   0.00    1.1 6541864

[TCP数据流] 2025/11/16 19:05:34 - 浮点解 (25颗卫星)
  ECEF: X=-1576091.9345 Y=5600207.2142 Z=2606507.4965
  LLH:  Lat=24.277510379° Lon=105.718437492° H=424.9248m
  原始数据:
2025/11/16 11:05:52.000   24.277510379  105.718437492   424.9248   2  25   0.0152   0.0275   0.0368  -0.0069  -0.0121  -0.0053   0.00    1.7 6541864

[TCP数据流] 2025/11/16 19:05:35 - 浮点解 (26颗卫星)
  ECEF: X=-1576091.9137 Y=5600207.1933 Z=2606507.5616
  LLH:  Lat=24.277511010° Lon=105.718437350° H=424.9281m
  原始数据:
2025/11/16 11:05:53.000   24.277511010  105.718437350   424.9281   2  26   0.0152   0.0275   0.0367  -0.0068  -0.0122  -0.0051   1.00    1.5 6541864

[TCP数据流] 2025/11/16 19:05:36 - 浮点解 (25颗卫星)
  ECEF: X=-1576091.8975 Y=5600207.1763 Z=2606507.6157
  LLH:  Lat=24.277511533° Lon=105.718437242° H=424.9314m
  原始数据:
2025/11/16 11:05:54.000   24.277511533  105.718437242   424.9314   2  25   0.0151   0.0274   0.0366  -0.0068  -0.0122  -0.0050   2.00    1.2 6541864

[TCP数据流] 2025/11/16 19:05:37 - 浮点解 (26颗卫星)
  ECEF: X=-1576091.8854 Y=5600207.1635 Z=2606507.6594
  LLH:  Lat=24.277511950° Lon=105.718437162° H=424.9352m
  原始数据:
2025/11/16 11:05:55.000   24.277511950  105.718437162   424.9352   2  26   0.0151   0.0274   0.0366  -0.0067  -0.0122  -0.0049   3.00    1.0 6541864

[TCP数据流] 2025/11/16 19:05:38 - 浮点解 (25颗卫星)
  ECEF: X=-1576091.8772 Y=5600207.1543 Z=2606507.6939
  LLH:  Lat=24.277512275° Lon=105.718437109° H=424.9392m
  原始数据:
2025/11/16 11:05:56.000   24.277512275  105.718437109   424.9392   2  25   0.0151   0.0274   0.0365  -0.0067  -0.0122  -0.0048   4.00    1.2 6541864

[TCP数据流] 2025/11/16 19:05:39 - 浮点解 (25颗卫星)
  ECEF: X=-1576091.8717 Y=5600207.1473 Z=2606507.7213
  LLH:  Lat=24.277512531° Lon=105.718437075° H=424.9430m
  原始数据:
2025/11/16 11:05:57.000   24.277512531  105.718437075   424.9430   2  25   0.0150   0.0274   0.0364  -0.0067  -0.0122  -0.0047   5.00    1.0 6541864

[TCP数据流] 2025/11/16 19:05:40 - 浮点解 (25颗卫星)
  ECEF: X=-1576091.8682 Y=5600207.1425 Z=2606507.7438
  LLH:  Lat=24.277512737° Lon=105.718437055° H=424.9472m
  原始数据:
2025/11/16 11:05:58.000   24.277512737  105.718437055   424.9472   2  25   0.0150   0.0273   0.0364  -0.0066  -0.0122  -0.0047   6.00    1.1 6541864

[TCP数据流] 2025/11/16 19:05:41 - 浮点解 (25颗卫星)
  ECEF: X=-1576091.8656 Y=5600207.1386 Z=2606507.7622
  LLH:  Lat=24.277512905° Lon=105.718437041° H=424.9507m
  原始数据:
2025/11/16 11:05:59.000   24.277512905  105.718437041   424.9507   2  25   0.0150   0.0273   0.0364  -0.0066  -0.0122  -0.0046   7.00    1.0 6541864

[TCP数据流] 2025/11/16 19:05:42 - 浮点解 (25颗卫星)
  ECEF: X=-1576091.8640 Y=5600207.1359 Z=2606507.7780
  LLH:  Lat=24.277513046° Lon=105.718437033° H=424.9544m
  原始数据:
2025/11/16 11:06:00.000   24.277513046  105.718437033   424.9544   2  25   0.0150   0.0273   0.0363  -0.0066  -0.0122  -0.0046   8.00    1.0 6541864

[TCP数据流] 2025/11/16 19:05:43 - 浮点解 (25颗卫星)
  ECEF: X=-1576091.8627 Y=5600207.1336 Z=2606507.7914
  LLH:  Lat=24.277513166° Lon=105.718437026° H=424.9576m
  原始数据:
2025/11/16 11:06:01.000   24.277513166  105.718437026   424.9576   2  25   0.0150   0.0273   0.0363  -0.0066  -0.0122  -0.0046   9.00    1.0 6541864

[TCP数据流] 2025/11/16 19:05:44 - 浮点解 (26颗卫星)
  ECEF: X=-1576091.8624 Y=5600207.1319 Z=2606507.8033
  LLH:  Lat=24.277513270° Lon=105.718437028° H=424.9609m
  原始数据:
2025/11/16 11:06:02.000   24.277513270  105.718437028   424.9609   2  26   0.0150   0.0272   0.0363  -0.0066  -0.0122  -0.0045  10.00    1.1 6541864

[TCP数据流] 2025/11/16 19:05:45 - 浮点解 (26颗卫星)
  ECEF: X=-1576091.8622 Y=5600207.1308 Z=2606507.8138
  LLH:  Lat=24.277513361° Lon=105.718437029° H=424.9642m
  原始数据:
2025/11/16 11:06:03.000   24.277513361  105.718437029   424.9642   2  26   0.0149   0.0272   0.0363  -0.0066  -0.0122  -0.0045  11.00    1.0 6541864

[TCP数据流] 2025/11/16 19:05:46 - 浮点解 (26颗卫星)
  ECEF: X=-1576091.8629 Y=5600207.1297 Z=2606507.8232
  LLH:  Lat=24.277513441° Lon=105.718437039° H=424.9673m
  原始数据:
2025/11/16 11:06:04.000   24.277513441  105.718437039   424.9673   2  26   0.0149   0.0272   0.0363  -0.0065  -0.0122  -0.0045  12.00    1.0 6541864

[TCP数据流] 2025/11/16 19:05:47 - 浮点解 (26颗卫星)
  ECEF: X=-1576091.8635 Y=5600207.1290 Z=2606507.8317
  LLH:  Lat=24.277513513° Lon=105.718437046° H=424.9703m
  原始数据:
2025/11/16 11:06:05.000   24.277513513  105.718437046   424.9703   2  26   0.0149   0.0272   0.0362  -0.0065  -0.0122  -0.0045  13.00    1.0 6541864

[TCP数据流] 2025/11/16 19:05:48 - 浮点解 (26颗卫星)
  ECEF: X=-1576091.8646 Y=5600207.1287 Z=2606507.8397
  LLH:  Lat=24.277513579° Lon=105.718437058° H=424.9736m
  原始数据:
2025/11/16 11:06:06.000   24.277513579  105.718437058   424.9736   2  26   0.0149   0.0272   0.0362  -0.0065  -0.0122  -0.0045  14.00    1.0 6541864

[TCP数据流] 2025/11/16 19:05:49 - 浮点解 (26颗卫星)
  ECEF: X=-1576091.8653 Y=5600207.1285 Z=2606507.8470
  LLH:  Lat=24.277513639° Lon=105.718437065° H=424.9766m
  原始数据:
2025/11/16 11:06:07.000   24.277513639  105.718437065   424.9766   2  26   0.0149   0.0271   0.0362  -0.0065  -0.0122  -0.0044  15.00    1.0 6541864

[TCP数据流] 2025/11/16 19:05:50 - 浮点解 (26颗卫星)
  ECEF: X=-1576091.8665 Y=5600207.1285 Z=2606507.8539
  LLH:  Lat=24.277513695° Lon=105.718437076° H=424.9798m
  原始数据:
2025/11/16 11:06:08.000   24.277513695  105.718437076   424.9798   2  26   0.0149   0.0271   0.0362  -0.0065  -0.0122  -0.0044  16.00    1.1 6541864

[TCP数据流] 2025/11/16 19:05:51 - 浮点解 (26颗卫星)
  ECEF: X=-1576091.8673 Y=5600207.1287 Z=2606507.8605
  LLH:  Lat=24.277513748° Lon=105.718437083° H=424.9828m
  原始数据:
2025/11/16 11:06:09.000   24.277513748  105.718437083   424.9828   2  26   0.0149   0.0271   0.0362  -0.0065  -0.0122  -0.0044  17.00    1.0 6541864

[TCP数据流] 2025/11/16 19:05:52 - 浮点解 (21颗卫星)
  ECEF: X=-1576091.8676 Y=5600207.1295 Z=2606507.8666
  LLH:  Lat=24.277513795° Lon=105.718437084° H=424.9861m
  原始数据:
2025/11/16 11:06:10.000   24.277513795  105.718437084   424.9861   2  21   0.0149   0.0271   0.0362  -0.0065  -0.0122  -0.0044  18.00    1.1 6541864

[TCP数据流] 2025/11/16 19:05:53 - 浮点解 (26颗卫星)
  ECEF: X=-1576091.8689 Y=5600207.1295 Z=2606507.8728
  LLH:  Lat=24.277513844° Lon=105.718437096° H=424.9890m
  原始数据:
2025/11/16 11:06:11.000   24.277513844  105.718437096   424.9890   2  26   0.0149   0.0271   0.0362  -0.0065  -0.0122  -0.0044  19.00    1.0 6541864

[TCP数据流] 2025/11/16 19:05:54 - 浮点解 (26颗卫星)
  ECEF: X=-1576091.8697 Y=5600207.1298 Z=2606507.8786
  LLH:  Lat=24.277513890° Lon=105.718437103° H=424.9918m
  原始数据:
2025/11/16 11:06:12.000   24.277513890  105.718437103   424.9918   2  26   0.0149   0.0271   0.0362  -0.0065  -0.0122  -0.0044  20.00    1.1 6541864

[TCP数据流] 2025/11/16 19:05:55 - 浮点解 (26颗卫星)
  ECEF: X=-1576091.8701 Y=5600207.1298 Z=2606507.8841
  LLH:  Lat=24.277513935° Lon=105.718437107° H=424.9942m
  原始数据:
2025/11/16 11:06:13.000   24.277513935  105.718437107   424.9942   2  26   0.0149   0.0270   0.0362  -0.0064  -0.0122  -0.0044  21.00    1.0 6541864

[TCP数据流] 2025/11/16 19:05:56 - 浮点解 (26颗卫星)
  ECEF: X=-1576091.8701 Y=5600207.1297 Z=2606507.8895
  LLH:  Lat=24.277513980° Lon=105.718437107° H=424.9963m
  原始数据:
2025/11/16 11:06:14.000   24.277513980  105.718437107   424.9963   2  26   0.0149   0.0270   0.0362  -0.0064  -0.0122  -0.0044  22.00    1.0 6541864

[TCP数据流] 2025/11/16 19:05:57 - 浮点解 (26颗卫星)
  ECEF: X=-1576091.8706 Y=5600207.1300 Z=2606507.8951
  LLH:  Lat=24.277514024° Lon=105.718437111° H=424.9990m
  原始数据:
2025/11/16 11:06:15.000   24.277514024  105.718437111   424.9990   2  26   0.0149   0.0270   0.0361  -0.0064  -0.0122  -0.0044  23.00    1.0 6541864

[TCP数据流] 2025/11/16 19:05:58 - 浮点解 (26颗卫星)
  ECEF: X=-1576091.8708 Y=5600207.1304 Z=2606507.9004
  LLH:  Lat=24.277514066° Lon=105.718437112° H=425.0016m
  原始数据:
2025/11/16 11:06:16.000   24.277514066  105.718437112   425.0016   2  26   0.0149   0.0270   0.0361  -0.0064  -0.0122  -0.0044  24.00    1.0 6541864

[TCP数据流] 2025/11/16 19:05:59 - 浮点解 (26颗卫星)
  ECEF: X=-1576091.8709 Y=5600207.1308 Z=2606507.9055
  LLH:  Lat=24.277514107° Lon=105.718437112° H=425.0041m
  原始数据:
2025/11/16 11:06:17.000   24.277514107  105.718437112   425.0041   2  26   0.0149   0.0270   0.0361  -0.0064  -0.0122  -0.0044  25.00    1.0 6541864

[TCP数据流] 2025/11/16 19:06:00 - 浮点解 (26颗卫星)
  ECEF: X=-1576091.8705 Y=5600207.1312 Z=2606507.9104
  LLH:  Lat=24.277514146° Lon=105.718437107° H=425.0063m
  原始数据:
2025/11/16 11:06:18.000   24.277514146  105.718437107   425.0063   2  26   0.0149   0.0270   0.0361  -0.0064  -0.0122  -0.0044  26.00    1.0 6541864

[TCP数据流] 2025/11/16 19:06:01 - 浮点解 (26颗卫星)
  ECEF: X=-1576091.8698 Y=5600207.1316 Z=2606507.9154
  LLH:  Lat=24.277514186° Lon=105.718437099° H=425.0086m
  原始数据:
2025/11/16 11:06:19.000   24.277514186  105.718437099   425.0086   2  26   0.0149   0.0269   0.0361  -0.0064  -0.0122  -0.0044  27.00    1.0 6541864

[TCP数据流] 2025/11/16 19:11:32 - 浮点解 (25颗卫星)
  ECEF: X=-1576091.7090 Y=5600206.8658 Z=2606508.9863
  LLH:  Lat=24.277524111° Lon=105.718436284° H=425.1759m
  原始数据:
2025/11/16 11:11:50.000   24.277524111  105.718436284   425.1759   2  25   0.0145   0.0267   0.0353  -0.0059  -0.0120  -0.0037   0.00    1.3 6541864

[TCP数据流] 2025/11/16 19:11:33 - 浮点解 (27颗卫星)
  ECEF: X=-1576091.7079 Y=5600207.6593 Z=2606510.0956
  LLH:  Lat=24.277530406° Lon=105.718434156° H=426.3280m
  原始数据:
2025/11/16 11:11:51.000   24.277530406  105.718434156   426.3280   2  27   0.0143   0.0266   0.0349  -0.0053  -0.0121  -0.0040   0.00    1.2 6541864

[TCP数据流] 2025/11/16 19:11:35 - 浮点解 (27颗卫星)
  ECEF: X=-1576091.7287 Y=5600208.3522 Z=2606511.0607
  LLH:  Lat=24.277535851° Lon=105.718432505° H=427.3380m
  原始数据:
2025/11/16 11:11:53.000   24.277535851  105.718432505   427.3380   2  27   0.0140   0.0265   0.0346  -0.0048  -0.0121  -0.0043   0.00    1.1 6541864

[TCP数据流] 2025/11/16 19:11:36 - 浮点解 (27颗卫星)
  ECEF: X=-1576091.7687 Y=5600208.9417 Z=2606511.8742
  LLH:  Lat=24.277540399° Lon=105.718431311° H=428.1996m
  原始数据:
2025/11/16 11:11:54.000   24.277540399  105.718431311   428.1996   2  27   0.0139   0.0263   0.0343  -0.0042  -0.0122  -0.0045   1.00    1.5 6541864

[TCP数据流] 2025/11/16 19:11:37 - 浮点解 (22颗卫星)
  ECEF: X=-1576091.8210 Y=5600209.4246 Z=2606512.5278
  LLH:  Lat=24.277544000° Lon=105.718430519° H=428.9050m
  原始数据:
2025/11/16 11:11:55.000   24.277544000  105.718430519   428.9050   2  22   0.0137   0.0262   0.0341  -0.0037  -0.0122  -0.0047   2.00    1.5 6541864

[TCP数据流] 2025/11/16 19:11:39 - 浮点解 (27颗卫星)
  ECEF: X=-1576091.8749 Y=5600209.7614 Z=2606512.9644
  LLH:  Lat=24.277546335° Lon=105.718430131° H=429.3933m
  原始数据:
2025/11/16 11:11:57.000   24.277546335  105.718430131   429.3933   2  27   0.0136   0.0262   0.0340  -0.0034  -0.0123  -0.0048   4.00    1.1 6541864

[TCP数据流] 2025/11/16 19:11:41 - 浮点解 (27颗卫星)
  ECEF: X=-1576091.9195 Y=5600209.9906 Z=2606513.2521
  LLH:  Lat=24.277547839° Lon=105.718429942° H=429.7238m
  原始数据:
2025/11/16 11:11:59.000   24.277547839  105.718429942   429.7238   2  27   0.0136   0.0261   0.0339  -0.0032  -0.0123  -0.0048   6.00    1.1 6541864

[TCP数据流] 2025/11/16 19:11:44 - 浮点解 (27颗卫星)
  ECEF: X=-1576091.9498 Y=5600210.1285 Z=2606513.4208
  LLH:  Lat=24.277548704° Lon=105.718429862° H=429.9216m
  原始数据:
2025/11/16 11:12:02.000   24.277548704  105.718429862   429.9216   2  27   0.0135   0.0261   0.0338  -0.0031  -0.0123  -0.0049   9.00    1.0 6541864

[TCP数据流] 2025/11/16 19:11:45 - 浮点解 (27颗卫星)
  ECEF: X=-1576091.9762 Y=5600210.2437 Z=2606513.5615
  LLH:  Lat=24.277549424° Lon=105.718429804° H=430.0871m
  原始数据:
2025/11/16 11:12:03.000   24.277549424  105.718429804   430.0871   2  27   0.0135   0.0261   0.0338  -0.0030  -0.0123  -0.0049  10.00    1.0 6541864

[TCP数据流] 2025/11/16 19:11:46 - 浮点解 (27颗卫星)
  ECEF: X=-1576091.9990 Y=5600210.3409 Z=2606513.6803
  LLH:  Lat=24.277550031° Lon=105.718429761° H=430.2268m
  原始数据:
2025/11/16 11:12:04.000   24.277550031  105.718429761   430.2268   2  27   0.0135   0.0260   0.0338  -0.0029  -0.0123  -0.0049  11.00    1.0 6541864

[TCP数据流] 2025/11/16 19:11:50 - 浮点解 (27颗卫星)
  ECEF: X=-1576092.0146 Y=5600210.3994 Z=2606513.7515
  LLH:  Lat=24.277550392° Lon=105.718429753° H=430.3113m
  原始数据:
2025/11/16 11:12:08.000   24.277550392  105.718429753   430.3113   2  27   0.0135   0.0260   0.0337  -0.0028  -0.0123  -0.0050  15.00    1.0 6541864

[TCP数据流] 2025/11/16 19:11:51 - 浮点解 (27颗卫星)
  ECEF: X=-1576092.0290 Y=5600210.4508 Z=2606513.8145
  LLH:  Lat=24.277550713° Lon=105.718429752° H=430.3859m
  原始数据:
2025/11/16 11:12:09.000   24.277550713  105.718429752   430.3859   2  27   0.0134   0.0260   0.0337  -0.0028  -0.0123  -0.0050  16.00    1.1 6541864

[TCP数据流] 2025/11/16 19:11:52 - 浮点解 (27颗卫星)
  ECEF: X=-1576092.0417 Y=5600210.4966 Z=2606513.8705
  LLH:  Lat=24.277550997° Lon=105.718429751° H=430.4522m
  原始数据:
2025/11/16 11:12:10.000   24.277550997  105.718429751   430.4522   2  27   0.0134   0.0260   0.0337  -0.0027  -0.0123  -0.0050  17.00    1.1 6541864

[TCP数据流] 2025/11/16 19:11:53 - 浮点解 (27颗卫星)
  ECEF: X=-1576092.0534 Y=5600210.5374 Z=2606513.9208
  LLH:  Lat=24.277551253° Lon=105.718429753° H=430.5116m
  原始数据:
2025/11/16 11:12:11.000   24.277551253  105.718429753   430.5116   2  27   0.0134   0.0260   0.0337  -0.0027  -0.0123  -0.0050  18.00    1.0 6541864

[TCP数据流] 2025/11/16 19:11:54 - 浮点解 (26颗卫星)
  ECEF: X=-1576092.0640 Y=5600210.5743 Z=2606513.9661
  LLH:  Lat=24.277551484° Lon=105.718429755° H=430.5652m
  原始数据:
2025/11/16 11:12:12.000   24.277551484  105.718429755   430.5652   2  26   0.0134   0.0259   0.0337  -0.0026  -0.0123  -0.0050  19.00    1.0 6541864

[TCP数据流] 2025/11/16 19:11:55 - 浮点解 (26颗卫星)
  ECEF: X=-1576092.0743 Y=5600210.6075 Z=2606514.0072
  LLH:  Lat=24.277551693° Lon=105.718429764° H=430.6138m
  原始数据:
2025/11/16 11:12:13.000   24.277551693  105.718429764   430.6138   2  26   0.0134   0.0259   0.0337  -0.0026  -0.0123  -0.0050  20.00    1.0 6541864

[TCP数据流] 2025/11/16 19:11:56 - 浮点解 (26颗卫星)
  ECEF: X=-1576092.0838 Y=5600210.6378 Z=2606514.0447
  LLH:  Lat=24.277551884° Lon=105.718429773° H=430.6581m
  原始数据:
2025/11/16 11:12:14.000   24.277551884  105.718429773   430.6581   2  26   0.0134   0.0259   0.0336  -0.0026  -0.0123  -0.0050  21.00    1.0 6541864

[TCP数据流] 2025/11/16 19:11:57 - 浮点解 (26颗卫星)
  ECEF: X=-1576092.0926 Y=5600210.6654 Z=2606514.0791
  LLH:  Lat=24.277552059° Lon=105.718429783° H=430.6987m
  原始数据:
2025/11/16 11:12:15.000   24.277552059  105.718429783   430.6987   2  26   0.0134   0.0259   0.0336  -0.0025  -0.0123  -0.0050  22.00    1.1 6541864

[TCP数据流] 2025/11/16 19:11:58 - 浮点解 (26颗卫星)
  ECEF: X=-1576092.1006 Y=5600210.6909 Z=2606514.1105
  LLH:  Lat=24.277552219° Lon=105.718429791° H=430.7359m
  原始数据:
2025/11/16 11:12:16.000   24.277552219  105.718429791   430.7359   2  26   0.0134   0.0259   0.0336  -0.0025  -0.0123  -0.0050  23.00    1.1 6541864

[TCP数据流] 2025/11/16 19:11:59 - 浮点解 (26颗卫星)
  ECEF: X=-1576092.1083 Y=5600210.7140 Z=2606514.1395
  LLH:  Lat=24.277552367° Lon=105.718429802° H=430.7700m
  原始数据:
2025/11/16 11:12:17.000   24.277552367  105.718429802   430.7700   2  26   0.0134   0.0259   0.0336  -0.0025  -0.0123  -0.0051  24.00    1.1 6541864

[TCP数据流] 2025/11/16 19:12:00 - 浮点解 (26颗卫星)
  ECEF: X=-1576092.1154 Y=5600210.7356 Z=2606514.1664
  LLH:  Lat=24.277552504° Lon=105.718429812° H=430.8018m
  原始数据:
2025/11/16 11:12:18.000   24.277552504  105.718429812   430.8018   2  26   0.0134   0.0259   0.0336  -0.0024  -0.0123  -0.0051  25.00    1.0 6541864

[TCP数据流] 2025/11/16 19:12:01 - 浮点解 (26颗卫星)
  ECEF: X=-1576092.1220 Y=5600210.7555 Z=2606514.1914
  LLH:  Lat=24.277552632° Lon=105.718429821° H=430.8311m
  原始数据:
2025/11/16 11:12:19.000   24.277552632  105.718429821   430.8311   2  26   0.0134   0.0258   0.0336  -0.0024  -0.0123  -0.0051  26.00    1.0 6541864

[TCP数据流] 2025/11/16 19:12:02 - 浮点解 (26颗卫星)
  ECEF: X=-1576092.1285 Y=5600210.7739 Z=2606514.2146
  LLH:  Lat=24.277552751° Lon=105.718429834° H=430.8585m
  原始数据:
2025/11/16 11:12:20.000   24.277552751  105.718429834   430.8585   2  26   0.0134   0.0258   0.0336  -0.0024  -0.0123  -0.0051  27.00    1.0 6541864

[TCP数据流] 2025/11/16 19:12:03 - 浮点解 (26颗卫星)
  ECEF: X=-1576092.1353 Y=5600210.7911 Z=2606514.2363
  LLH:  Lat=24.277552861° Lon=105.718429852° H=430.8841m
  原始数据:
2025/11/16 11:12:21.000   24.277552861  105.718429852   430.8841   2  26   0.0134   0.0258   0.0336  -0.0023  -0.0123  -0.0051  28.00    1.0 6541864

[TCP数据流] 2025/11/16 19:12:04 - 浮点解 (26颗卫星)
  ECEF: X=-1576092.1416 Y=5600210.8071 Z=2606514.2566
  LLH:  Lat=24.277552965° Lon=105.718429869° H=430.9081m
  原始数据:
2025/11/16 11:12:22.000   24.277552965  105.718429869   430.9081   2  26   0.0133   0.0258   0.0336  -0.0023  -0.0123  -0.0051  29.00    1.0 6541864

[TCP数据流] 2025/11/16 19:12:05 - 浮点解 (26颗卫星)
  ECEF: X=-1576092.1475 Y=5600210.8221 Z=2606514.2756
  LLH:  Lat=24.277553062° Lon=105.718429885° H=430.9305m
  原始数据:
2025/11/16 11:12:23.000   24.277553062  105.718429885   430.9305   2  26   0.0133   0.0258   0.0335  -0.0023  -0.0123  -0.0051  30.00    1.0 6541864

[TCP数据流] 2025/11/16 19:12:46 - 浮点解 (27颗卫星)
  ECEF: X=-1576092.5662 Y=5600212.7229 Z=2606517.0722
  LLH:  Lat=24.277568863° Lon=105.718428783° H=433.8516m
  原始数据:
2025/11/16 11:13:04.000   24.277568863  105.718428783   433.8516   2  27   0.0125   0.0252   0.0322   0.0037  -0.0126  -0.0057   3.00    1.1 6541864

[TCP数据流] 2025/11/16 19:12:47 - 浮点解 (27颗卫星)
  ECEF: X=-1576092.6268 Y=5600212.8912 Z=2606517.3023
  LLH:  Lat=24.277570094° Lon=105.718428909° H=434.1089m
  原始数据:
2025/11/16 11:13:05.000   24.277570094  105.718428909   434.1089   2  27   0.0124   0.0252   0.0321   0.0039  -0.0126  -0.0057   4.00    1.0 6541864

[TCP数据流] 2025/11/16 19:12:48 - 浮点解 (27颗卫星)
  ECEF: X=-1576092.6790 Y=5600213.0272 Z=2606517.4849
  LLH:  Lat=24.277571059° Lon=105.718429041° H=434.3162m
  原始数据:
2025/11/16 11:13:06.000   24.277571059  105.718429041   434.3162   2  27   0.0124   0.0252   0.0320   0.0041  -0.0126  -0.0057   5.00    1.1 6541864

[TCP数据流] 2025/11/16 19:12:49 - 浮点解 (27颗卫星)
  ECEF: X=-1576092.7235 Y=5600213.1373 Z=2606517.6309
  LLH:  Lat=24.277571822° Lon=105.718429169° H=434.4839m
  原始数据:
2025/11/16 11:13:07.000   24.277571822  105.718429169   434.4839   2  27   0.0123   0.0251   0.0320   0.0042  -0.0126  -0.0058   6.00    1.0 6541864

[TCP数据流] 2025/11/16 19:12:50 - 浮点解 (27颗卫星)
  ECEF: X=-1576092.7612 Y=5600213.2277 Z=2606517.7494
  LLH:  Lat=24.277572436° Lon=105.718429285° H=434.6212m
  原始数据:
2025/11/16 11:13:08.000   24.277572436  105.718429285   434.6212   2  27   0.0123   0.0251   0.0319   0.0042  -0.0127  -0.0058   7.00    1.1 6541864

[TCP数据流] 2025/11/16 19:12:51 - 浮点解 (27颗卫星)
  ECEF: X=-1576092.7936 Y=5600213.3021 Z=2606517.8463
  LLH:  Lat=24.277572935° Lon=105.718429394° H=434.7343m
  原始数据:
2025/11/16 11:13:09.000   24.277572935  105.718429394   434.7343   2  27   0.0123   0.0251   0.0319   0.0043  -0.0127  -0.0058   8.00    1.2 6541864

[TCP数据流] 2025/11/16 19:12:52 - 浮点解 (27颗卫星)
  ECEF: X=-1576092.8214 Y=5600213.3642 Z=2606517.9268
  LLH:  Lat=24.277573348° Lon=105.718429492° H=434.8288m
  原始数据:
2025/11/16 11:13:10.000   24.277573348  105.718429492   434.8288   2  27   0.0122   0.0250   0.0318   0.0043  -0.0127  -0.0058   9.00    1.1 6541864

[TCP数据流] 2025/11/16 19:12:53 - 浮点解 (27颗卫星)
  ECEF: X=-1576092.8394 Y=5600213.3968 Z=2606517.9764
  LLH:  Lat=24.277573622° Lon=105.718429575° H=434.8822m
  原始数据:
2025/11/16 11:13:11.000   24.277573622  105.718429575   434.8822   2  27   0.0122   0.0250   0.0318   0.0044  -0.0127  -0.0058  10.00    1.1 6541864

[TCP数据流] 2025/11/16 19:12:54 - 浮点解 (27颗卫星)
  ECEF: X=-1576092.8553 Y=5600213.4242 Z=2606518.0182
  LLH:  Lat=24.277573852° Lon=105.718429653° H=434.9274m
  原始数据:
2025/11/16 11:13:12.000   24.277573852  105.718429653   434.9274   2  27   0.0122   0.0250   0.0318   0.0044  -0.0127  -0.0059  11.00    1.1 6541864

[TCP数据流] 2025/11/16 19:12:55 - 浮点解 (27颗卫星)
  ECEF: X=-1576092.8694 Y=5600213.4473 Z=2606518.0541
  LLH:  Lat=24.277574050° Lon=105.718429725° H=434.9659m
  原始数据:
2025/11/16 11:13:13.000   24.277574050  105.718429725   434.9659   2  27   0.0122   0.0250   0.0318   0.0044  -0.0127  -0.0059  12.00    1.0 6541864

[TCP数据流] 2025/11/16 19:12:56 - 浮点解 (27颗卫星)
  ECEF: X=-1576092.9259 Y=5600213.5755 Z=2606518.2950
  LLH:  Lat=24.277575518° Lon=105.718429918° H=435.1914m
  原始数据:
2025/11/16 11:13:14.000   24.277575518  105.718429918   435.1914   2  27   0.0121   0.0249   0.0316   0.0047  -0.0127  -0.0059   0.00    1.0 6541864

[TCP数据流] 2025/11/16 19:12:57 - 浮点解 (27颗卫星)
  ECEF: X=-1576092.9832 Y=5600213.6938 Z=2606518.5184
  LLH:  Lat=24.277576876° Lon=105.718430146° H=435.4012m
  原始数据:
2025/11/16 11:13:15.000   24.277576876  105.718430146   435.4012   2  27   0.0120   0.0249   0.0314   0.0049  -0.0127  -0.0059   0.00    1.1 6541864

[TCP数据流] 2025/11/16 19:12:58 - 浮点解 (27颗卫星)
  ECEF: X=-1576093.0399 Y=5600213.7999 Z=2606518.7173
  LLH:  Lat=24.277578077° Lon=105.718430400° H=435.5901m
  原始数据:
2025/11/16 11:13:16.000   24.277578077  105.718430400   435.5901   2  27   0.0119   0.0248   0.0313   0.0051  -0.0128  -0.0060   1.00    1.2 6541864

[TCP数据流] 2025/11/16 19:12:59 - 浮点解 (27颗卫星)
  ECEF: X=-1576093.0933 Y=5600213.8903 Z=2606518.8824
  LLH:  Lat=24.277579059° Lon=105.718430666° H=435.7505m
  原始数据:
2025/11/16 11:13:17.000   24.277579059  105.718430666   435.7505   2  27   0.0118   0.0247   0.0312   0.0052  -0.0128  -0.0060   2.00    1.0 6541864

[TCP数据流] 2025/11/16 19:13:00 - 浮点解 (27颗卫星)
  ECEF: X=-1576093.1401 Y=5600213.9638 Z=2606519.0140
  LLH:  Lat=24.277579832° Lon=105.718430913° H=435.8806m
  原始数据:
2025/11/16 11:13:18.000   24.277579832  105.718430913   435.8806   2  27   0.0118   0.0247   0.0311   0.0053  -0.0128  -0.0060   3.00    1.0 6541864

[TCP数据流] 2025/11/16 19:13:01 - 浮点解 (27颗卫星)
  ECEF: X=-1576093.1802 Y=5600214.0226 Z=2606519.1168
  LLH:  Lat=24.277580428° Lon=105.718431136° H=435.9844m
  原始数据:
2025/11/16 11:13:19.000   24.277580428  105.718431136   435.9844   2  27   0.0117   0.0247   0.0310   0.0054  -0.0128  -0.0061   4.00    1.0 6541864

[TCP数据流] 2025/11/16 19:13:02 - 浮点解 (27颗卫星)
  ECEF: X=-1576093.2138 Y=5600214.0695 Z=2606519.1978
  LLH:  Lat=24.277580893° Lon=105.718431330° H=436.0672m
  原始数据:
2025/11/16 11:13:20.000   24.277580893  105.718431330   436.0672   2  27   0.0117   0.0246   0.0310   0.0055  -0.0128  -0.0061   5.00    1.0 6541864

[TCP数据流] 2025/11/16 19:13:03 - 浮点解 (27颗卫星)
  ECEF: X=-1576093.2420 Y=5600214.1069 Z=2606519.2617
  LLH:  Lat=24.277581257° Lon=105.718431497° H=436.1332m
  原始数据:
2025/11/16 11:13:21.000   24.277581257  105.718431497   436.1332   2  27   0.0117   0.0246   0.0309   0.0055  -0.0129  -0.0061   6.00    1.0 6541864

[TCP数据流] 2025/11/16 19:13:04 - 浮点解 (27颗卫星)
  ECEF: X=-1576093.2657 Y=5600214.1367 Z=2606519.3132
  LLH:  Lat=24.277581550° Lon=105.718431642° H=436.1864m
  原始数据:
2025/11/16 11:13:22.000   24.277581550  105.718431642   436.1864   2  27   0.0117   0.0246   0.0309   0.0055  -0.0129  -0.0061   7.00    1.0 6541864

[TCP数据流] 2025/11/16 19:13:05 - 浮点解 (27颗卫星)
  ECEF: X=-1576093.2860 Y=5600214.1609 Z=2606519.3550
  LLH:  Lat=24.277581787° Lon=105.718431770° H=436.2298m
  原始数据:
2025/11/16 11:13:23.000   24.277581787  105.718431770   436.2298   2  27   0.0116   0.0246   0.0309   0.0056  -0.0129  -0.0061   8.00    1.0 6541864

[TCP数据流] 2025/11/16 19:13:06 - 浮点解 (27颗卫星)
  ECEF: X=-1576093.3036 Y=5600214.1809 Z=2606519.3896
  LLH:  Lat=24.277581983° Lon=105.718431884° H=436.2660m
  原始数据:
2025/11/16 11:13:24.000   24.277581983  105.718431884   436.2660   2  27   0.0116   0.0246   0.0308   0.0056  -0.0129  -0.0061   9.00    1.0 6541864

[TCP数据流] 2025/11/16 19:13:07 - 浮点解 (27颗卫星)
  ECEF: X=-1576093.3190 Y=5600214.1974 Z=2606519.4185
  LLH:  Lat=24.277582146° Lon=105.718431986° H=436.2961m
  原始数据:
2025/11/16 11:13:25.000   24.277582146  105.718431986   436.2961   2  27   0.0116   0.0245   0.0308   0.0056  -0.0129  -0.0061  10.00    1.1 6541864

[TCP数据流] 2025/11/16 19:13:08 - 浮点解 (27颗卫星)
  ECEF: X=-1576093.3323 Y=5600214.2111 Z=2606519.4428
  LLH:  Lat=24.277582284° Lon=105.718432075° H=436.3214m
  原始数据:
2025/11/16 11:13:26.000   24.277582284  105.718432075   436.3214   2  27   0.0116   0.0245   0.0308   0.0056  -0.0129  -0.0061  11.00    1.0 6541864

[TCP数据流] 2025/11/16 19:13:09 - 浮点解 (27颗卫星)
  ECEF: X=-1576093.3441 Y=5600214.2226 Z=2606519.4637
  LLH:  Lat=24.277582403° Lon=105.718432157° H=436.3430m
  原始数据:
2025/11/16 11:13:27.000   24.277582403  105.718432157   436.3430   2  27   0.0116   0.0245   0.0308   0.0056  -0.0129  -0.0061  12.00    1.0 6541864

[TCP数据流] 2025/11/16 19:13:10 - 浮点解 (27颗卫星)
  ECEF: X=-1576093.3552 Y=5600214.2323 Z=2606519.4819
  LLH:  Lat=24.277582507° Lon=105.718432236° H=436.3617m
  原始数据:
2025/11/16 11:13:28.000   24.277582507  105.718432236   436.3617   2  27   0.0116   0.0245   0.0308   0.0057  -0.0129  -0.0061  13.00    1.0 6541864

[TCP数据流] 2025/11/16 19:13:11 - 浮点解 (27颗卫星)
  ECEF: X=-1576093.3650 Y=5600214.2406 Z=2606519.4976
  LLH:  Lat=24.277582597° Lon=105.718432307° H=436.3779m
  原始数据:
2025/11/16 11:13:29.000   24.277582597  105.718432307   436.3779   2  27   0.0116   0.0245   0.0307   0.0057  -0.0129  -0.0061  14.00    1.0 6541864

[TCP数据流] 2025/11/16 19:13:12 - 浮点解 (27颗卫星)
  ECEF: X=-1576093.3739 Y=5600214.2477 Z=2606519.5114
  LLH:  Lat=24.277582676° Lon=105.718432372° H=436.3920m
  原始数据:
2025/11/16 11:13:30.000   24.277582676  105.718432372   436.3920   2  27   0.0116   0.0245   0.0307   0.0057  -0.0129  -0.0061  15.00    1.0 6541864

[TCP数据流] 2025/11/16 19:13:13 - 浮点解 (27颗卫星)
  ECEF: X=-1576093.3819 Y=5600214.2538 Z=2606519.5235
  LLH:  Lat=24.277582746° Lon=105.718432432° H=436.4043m
  原始数据:
2025/11/16 11:13:31.000   24.277582746  105.718432432   436.4043   2  27   0.0116   0.0244   0.0307   0.0057  -0.0129  -0.0061  16.00    1.0 6541864

[TCP数据流] 2025/11/16 19:13:14 - 浮点解 (27颗卫星)
  ECEF: X=-1576093.3895 Y=5600214.2589 Z=2606519.5343
  LLH:  Lat=24.277582809° Lon=105.718432490° H=436.4151m
  原始数据:
2025/11/16 11:13:32.000   24.277582809  105.718432490   436.4151   2  27   0.0116   0.0244   0.0307   0.0057  -0.0129  -0.0061  17.00    1.0 6541864

[TCP数据流] 2025/11/16 19:13:15 - 浮点解 (27颗卫星)
  ECEF: X=-1576093.3969 Y=5600214.2632 Z=2606519.5441
  LLH:  Lat=24.277582866° Lon=105.718432549° H=436.4247m
  原始数据:
2025/11/16 11:13:33.000   24.277582866  105.718432549   436.4247   2  27   0.0116   0.0244   0.0307   0.0057  -0.0129  -0.0061  18.00    1.0 6541864

[TCP数据流] 2025/11/16 19:13:16 - 浮点解 (27颗卫星)
  ECEF: X=-1576093.4037 Y=5600214.2671 Z=2606519.5526
  LLH:  Lat=24.277582916° Lon=105.718432603° H=436.4333m
  原始数据:
2025/11/16 11:13:34.000   24.277582916  105.718432603   436.4333   2  27   0.0115   0.0244   0.0307   0.0057  -0.0129  -0.0061  19.00    1.0 6541864

[TCP数据流] 2025/11/16 19:13:17 - 浮点解 (27颗卫星)
  ECEF: X=-1576093.4101 Y=5600214.2705 Z=2606519.5606
  LLH:  Lat=24.277582963° Lon=105.718432654° H=436.4412m
  原始数据:
2025/11/16 11:13:35.000   24.277582963  105.718432654   436.4412   2  27   0.0115   0.0244   0.0307   0.0057  -0.0129  -0.0061  20.00    1.0 6541864

[TCP数据流] 2025/11/16 19:13:18 - 浮点解 (27颗卫星)
  ECEF: X=-1576093.4163 Y=5600214.2734 Z=2606519.5677
  LLH:  Lat=24.277583005° Lon=105.718432705° H=436.4482m
  原始数据:
2025/11/16 11:13:36.000   24.277583005  105.718432705   436.4482   2  27   0.0115   0.0244   0.0307   0.0057  -0.0129  -0.0061  21.00    1.0 6541864

[TCP数据流] 2025/11/16 19:13:19 - 浮点解 (27颗卫星)
  ECEF: X=-1576093.4219 Y=5600214.2758 Z=2606519.5741
  LLH:  Lat=24.277583043° Lon=105.718432752° H=436.4543m
  原始数据:
2025/11/16 11:13:37.000   24.277583043  105.718432752   436.4543   2  27   0.0115   0.0244   0.0307   0.0057  -0.0129  -0.0061  22.00    1.1 6541864

[TCP数据流] 2025/11/16 19:13:20 - 浮点解 (27颗卫星)
  ECEF: X=-1576093.4270 Y=5600214.2780 Z=2606519.5799
  LLH:  Lat=24.277583078° Lon=105.718432795° H=436.4599m
  原始数据:
2025/11/16 11:13:38.000   24.277583078  105.718432795   436.4599   2  27   0.0115   0.0244   0.0307   0.0057  -0.0129  -0.0061  23.00    1.1 6541864

[TCP数据流] 2025/11/16 19:13:21 - 浮点解 (27颗卫星)
  ECEF: X=-1576093.4323 Y=5600214.2798 Z=2606519.5854
  LLH:  Lat=24.277583111° Lon=105.718432840° H=436.4650m
  原始数据:
2025/11/16 11:13:39.000   24.277583111  105.718432840   436.4650   2  27   0.0115   0.0243   0.0307   0.0057  -0.0129  -0.0061  24.00    1.0 6541864

[TCP数据流] 2025/11/16 19:13:22 - 浮点解 (27颗卫星)
  ECEF: X=-1576093.4373 Y=5600214.2814 Z=2606519.5903
  LLH:  Lat=24.277583141° Lon=105.718432883° H=436.4697m
  原始数据:
2025/11/16 11:13:40.000   24.277583141  105.718432883   436.4697   2  27   0.0115   0.0243   0.0307   0.0057  -0.0129  -0.0061  25.00    1.1 6541864

[TCP数据流] 2025/11/16 19:13:23 - 浮点解 (27颗卫星)
  ECEF: X=-1576093.4420 Y=5600214.2829 Z=2606519.5948
  LLH:  Lat=24.277583168° Lon=105.718432924° H=436.4740m
  原始数据:
2025/11/16 11:13:41.000   24.277583168  105.718432924   436.4740   2  27   0.0115   0.0243   0.0307   0.0057  -0.0129  -0.0061  26.00    1.1 6541864

[TCP数据流] 2025/11/16 19:13:24 - 浮点解 (26颗卫星)
  ECEF: X=-1576093.4462 Y=5600214.2843 Z=2606519.5992
  LLH:  Lat=24.277583195° Lon=105.718432960° H=436.4781m
  原始数据:
2025/11/16 11:13:42.000   24.277583195  105.718432960   436.4781   2  26   0.0115   0.0243   0.0306   0.0057  -0.0129  -0.0061  27.00    1.0 6541864

[TCP数据流] 2025/11/16 19:13:25 - 浮点解 (26颗卫星)
  ECEF: X=-1576093.4503 Y=5600214.2854 Z=2606519.6032
  LLH:  Lat=24.277583220° Lon=105.718432996° H=436.4817m
  原始数据:
2025/11/16 11:13:43.000   24.277583220  105.718432996   436.4817   2  26   0.0115   0.0243   0.0306   0.0057  -0.0129  -0.0061  28.00    1.0 6541864

[TCP数据流] 2025/11/16 19:13:26 - 浮点解 (26颗卫星)
  ECEF: X=-1576093.4544 Y=5600214.2864 Z=2606519.6070
  LLH:  Lat=24.277583243° Lon=105.718433032° H=436.4851m
  原始数据:
2025/11/16 11:13:44.000   24.277583243  105.718433032   436.4851   2  26   0.0115   0.0243   0.0306   0.0057  -0.0129  -0.0062  29.00    1.1 6541864

[TCP数据流] 2025/11/16 19:13:27 - 浮点解 (26颗卫星)
  ECEF: X=-1576093.4579 Y=5600214.2873 Z=2606519.6104
  LLH:  Lat=24.277583265° Lon=105.718433063° H=436.4882m
  原始数据:
2025/11/16 11:13:45.000   24.277583265  105.718433063   436.4882   2  26   0.0115   0.0243   0.0306   0.0057  -0.0129  -0.0062  30.00    1.1 6541864

[TCP数据流] 2025/11/16 19:14:12 - 浮点解 (26颗卫星)
  ECEF: X=-1576093.6350 Y=5600214.5101 Z=2606520.0539
  LLH:  Lat=24.277585940° Lon=105.718434147° H=436.9098m
  原始数据:
2025/11/16 11:14:30.000   24.277585940  105.718434147   436.9098   2  26   0.0113   0.0241   0.0302   0.0060  -0.0129  -0.0062  13.00    1.0 6541864

[TCP数据流] 2025/11/16 19:14:13 - 浮点解 (26颗卫星)
  ECEF: X=-1576093.6429 Y=5600214.5178 Z=2606520.0685
  LLH:  Lat=24.277586025° Lon=105.718434202° H=436.9245m
  原始数据:
2025/11/16 11:14:31.000   24.277586025  105.718434202   436.9245   2  26   0.0113   0.0241   0.0302   0.0060  -0.0129  -0.0062  14.00    1.0 6541864

[TCP数据流] 2025/11/16 19:14:14 - 浮点解 (26颗卫星)
  ECEF: X=-1576093.6503 Y=5600214.5244 Z=2606520.0814
  LLH:  Lat=24.277586100° Lon=105.718434254° H=436.9374m
  原始数据:
2025/11/16 11:14:32.000   24.277586100  105.718434254   436.9374   2  26   0.0113   0.0241   0.0302   0.0061  -0.0129  -0.0062  15.00    1.1 6541864

[TCP数据流] 2025/11/16 19:14:22 - 浮点解 (26颗卫星)
  ECEF: X=-1576093.6546 Y=5600214.5265 Z=2606520.0869
  LLH:  Lat=24.277586133° Lon=105.718434289° H=436.9426m
  原始数据:
2025/11/16 11:14:40.000   24.277586133  105.718434289   436.9426   2  26   0.0113   0.0240   0.0302   0.0061  -0.0129  -0.0062  23.00    1.0 6541864

[TCP数据流] 2025/11/16 19:14:23 - 浮点解 (25颗卫星)
  ECEF: X=-1576093.6589 Y=5600214.5285 Z=2606520.0920
  LLH:  Lat=24.277586164° Lon=105.718434325° H=436.9475m
  原始数据:
2025/11/16 11:14:41.000   24.277586164  105.718434325   436.9475   2  25   0.0112   0.0240   0.0302   0.0061  -0.0129  -0.0062  24.00    1.0 6541864

[TCP数据流] 2025/11/16 19:14:24 - 浮点解 (25颗卫星)
  ECEF: X=-1576093.6626 Y=5600214.5302 Z=2606520.0966
  LLH:  Lat=24.277586192° Lon=105.718434355° H=436.9518m
  原始数据:
2025/11/16 11:14:42.000   24.277586192  105.718434355   436.9518   2  25   0.0112   0.0240   0.0302   0.0061  -0.0129  -0.0062  25.00    1.0 6541864

[TCP数据流] 2025/11/16 19:14:25 - 浮点解 (25颗卫星)
  ECEF: X=-1576093.6661 Y=5600214.5317 Z=2606520.1008
  LLH:  Lat=24.277586218° Lon=105.718434385° H=436.9557m
  原始数据:
2025/11/16 11:14:43.000   24.277586218  105.718434385   436.9557   2  25   0.0112   0.0240   0.0302   0.0061  -0.0129  -0.0062  26.00    1.0 6541864

[TCP数据流] 2025/11/16 19:14:26 - 浮点解 (21颗卫星)
  ECEF: X=-1576093.6692 Y=5600214.5331 Z=2606520.1049
  LLH:  Lat=24.277586243° Lon=105.718434410° H=436.9594m
  原始数据:
2025/11/16 11:14:44.000   24.277586243  105.718434410   436.9594   2  21   0.0112   0.0240   0.0302   0.0061  -0.0129  -0.0062  27.00    1.0 6541864

[TCP数据流] 2025/11/16 19:14:27 - 浮点解 (25颗卫星)
  ECEF: X=-1576093.6718 Y=5600214.5334 Z=2606520.1077
  LLH:  Lat=24.277586263° Lon=105.718434434° H=436.9614m
  原始数据:
2025/11/16 11:14:45.000   24.277586263  105.718434434   436.9614   2  25   0.0112   0.0240   0.0301   0.0061  -0.0129  -0.0062  28.00    1.0 6541864

[TCP数据流] 2025/11/16 19:14:29 - 浮点解 (25颗卫星)
  ECEF: X=-1576093.6744 Y=5600214.5333 Z=2606520.1101
  LLH:  Lat=24.277586280° Lon=105.718434459° H=436.9630m
  原始数据:
2025/11/16 11:14:47.000   24.277586280  105.718434459   436.9630   2  25   0.0112   0.0240   0.0301   0.0061  -0.0129  -0.0062  30.00    1.0 6541864

[TCP数据流] 2025/11/16 19:14:32 - 浮点解 (26颗卫星)
  ECEF: X=-1576093.7274 Y=5600214.5745 Z=2606520.2470
  LLH:  Lat=24.277587206° Lon=105.718434851° H=437.0685m
  原始数据:
2025/11/16 11:14:50.000   24.277587206  105.718434851   437.0685   2  26   0.0111   0.0239   0.0300   0.0062  -0.0129  -0.0062   0.00    1.2 6541864

[TCP数据流] 2025/11/16 19:14:33 - 浮点解 (26颗卫星)
  ECEF: X=-1576093.7788 Y=5600214.6119 Z=2606520.3691
  LLH:  Lat=24.277588026° Lon=105.718435239° H=437.1642m
  原始数据:
2025/11/16 11:14:51.000   24.277588026  105.718435239   437.1642   2  26   0.0111   0.0239   0.0298   0.0063  -0.0130  -0.0062   1.00    1.9 6541864

[TCP数据流] 2025/11/16 19:14:34 - 浮点解 (26颗卫星)
  ECEF: X=-1576093.8257 Y=5600214.6444 Z=2606520.4705
  LLH:  Lat=24.277588697° Lon=105.718435597° H=437.2460m
  原始数据:
2025/11/16 11:14:52.000   24.277588697  105.718435597   437.2460   2  26   0.0110   0.0238   0.0297   0.0064  -0.0130  -0.0062   2.00    1.8 6541864

[TCP数据流] 2025/11/16 19:14:35 - 浮点解 (25颗卫星)
  ECEF: X=-1576093.8644 Y=5600214.6698 Z=2606520.5497
  LLH:  Lat=24.277589219° Lon=105.718435896° H=437.3104m
  原始数据:
2025/11/16 11:14:53.000   24.277589219  105.718435896   437.3104   2  25   0.0109   0.0238   0.0296   0.0064  -0.0130  -0.0062   3.00    1.1 6541864

[TCP数据流] 2025/11/16 19:14:36 - 浮点解 (25颗卫星)
  ECEF: X=-1576093.8966 Y=5600214.6902 Z=2606520.6110
  LLH:  Lat=24.277589618° Lon=105.718436147° H=437.3615m
  原始数据:
2025/11/16 11:14:54.000   24.277589618  105.718436147   437.3615   2  25   0.0109   0.0238   0.0295   0.0065  -0.0130  -0.0062   4.00    1.1 6541864

[TCP数据流] 2025/11/16 19:14:37 - 浮点解 (25颗卫星)
  ECEF: X=-1576093.9227 Y=5600214.7058 Z=2606520.6586
  LLH:  Lat=24.277589928° Lon=105.718436352° H=437.4012m
  原始数据:
2025/11/16 11:14:55.000   24.277589928  105.718436352   437.4012   2  25   0.0109   0.0237   0.0295   0.0065  -0.0130  -0.0062   5.00    1.0 6541864

[TCP数据流] 2025/11/16 19:14:38 - 浮点解 (26颗卫星)
  ECEF: X=-1576093.9450 Y=5600214.7182 Z=2606520.6961
  LLH:  Lat=24.277590170° Lon=105.718436531° H=437.4330m
  原始数据:
2025/11/16 11:14:56.000   24.277590170  105.718436531   437.4330   2  26   0.0108   0.0237   0.0294   0.0065  -0.0130  -0.0062   6.00    1.0 6541864

[TCP数据流] 2025/11/16 19:14:39 - 浮点解 (26颗卫星)
  ECEF: X=-1576093.9635 Y=5600214.7281 Z=2606520.7259
  LLH:  Lat=24.277590361° Lon=105.718436680° H=437.4585m
  原始数据:
2025/11/16 11:14:57.000   24.277590361  105.718436680   437.4585   2  26   0.0108   0.0237   0.0294   0.0065  -0.0130  -0.0062   7.00    1.0 6541864

[TCP数据流] 2025/11/16 19:14:40 - 浮点解 (27颗卫星)
  ECEF: X=-1576093.9789 Y=5600214.7355 Z=2606520.7497
  LLH:  Lat=24.277590515° Lon=105.718436806° H=437.4786m
  原始数据:
2025/11/16 11:14:58.000   24.277590515  105.718436806   437.4786   2  27   0.0108   0.0237   0.0294   0.0066  -0.0130  -0.0062   8.00    1.1 6541864

[TCP数据流] 2025/11/16 19:14:41 - 浮点解 (27颗卫星)
  ECEF: X=-1576093.9920 Y=5600214.7416 Z=2606520.7694
  LLH:  Lat=24.277590642° Lon=105.718436914° H=437.4953m
  原始数据:
2025/11/16 11:14:59.000   24.277590642  105.718436914   437.4953   2  27   0.0108   0.0237   0.0293   0.0066  -0.0130  -0.0062   9.00    1.0 6541864

[TCP数据流] 2025/11/16 19:14:42 - 浮点解 (27颗卫星)
  ECEF: X=-1576094.0036 Y=5600214.7463 Z=2606520.7857
  LLH:  Lat=24.277590748° Lon=105.718437011° H=437.5090m
  原始数据:
2025/11/16 11:15:00.000   24.277590748  105.718437011   437.5090   2  27   0.0108   0.0236   0.0293   0.0066  -0.0130  -0.0062  10.00    1.0 6541864

[TCP数据流] 2025/11/16 19:14:43 - 浮点解 (27颗卫星)
  ECEF: X=-1576094.0138 Y=5600214.7500 Z=2606520.7995
  LLH:  Lat=24.277590838° Lon=105.718437098° H=437.5204m
  原始数据:
2025/11/16 11:15:01.000   24.277590838  105.718437098   437.5204   2  27   0.0108   0.0236   0.0293   0.0066  -0.0130  -0.0062  11.00    1.0 6541864

[TCP数据流] 2025/11/16 19:14:44 - 浮点解 (27颗卫星)
  ECEF: X=-1576094.0227 Y=5600214.7528 Z=2606520.8110
  LLH:  Lat=24.277590913° Lon=105.718437175° H=437.5298m
  原始数据:
2025/11/16 11:15:02.000   24.277590913  105.718437175   437.5298   2  27   0.0107   0.0236   0.0293   0.0066  -0.0130  -0.0062  12.00    1.1 6541864

[TCP数据流] 2025/11/16 19:14:45 - 浮点解 (27颗卫星)
  ECEF: X=-1576094.0307 Y=5600214.7550 Z=2606520.8208
  LLH:  Lat=24.277590978° Lon=105.718437245° H=437.5377m
  原始数据:
2025/11/16 11:15:03.000   24.277590978  105.718437245   437.5377   2  27   0.0107   0.0236   0.0293   0.0066  -0.0130  -0.0062  13.00    1.0 6541864

[TCP数据流] 2025/11/16 19:14:46 - 浮点解 (27颗卫星)
  ECEF: X=-1576094.0377 Y=5600214.7567 Z=2606520.8293
  LLH:  Lat=24.277591035° Lon=105.718437307° H=437.5444m
  原始数据:
2025/11/16 11:15:04.000   24.277591035  105.718437307   437.5444   2  27   0.0107   0.0236   0.0292   0.0066  -0.0130  -0.0062  14.00    1.2 6541864

[TCP数据流] 2025/11/16 19:14:47 - 浮点解 (27颗卫星)
  ECEF: X=-1576094.0442 Y=5600214.7580 Z=2606520.8366
  LLH:  Lat=24.277591084° Lon=105.718437365° H=437.5502m
  原始数据:
2025/11/16 11:15:05.000   24.277591084  105.718437365   437.5502   2  27   0.0107   0.0236   0.0292   0.0066  -0.0130  -0.0062  15.00    1.0 6541864

[TCP数据流] 2025/11/16 19:14:48 - 浮点解 (27颗卫星)
  ECEF: X=-1576094.0498 Y=5600214.7591 Z=2606520.8430
  LLH:  Lat=24.277591127° Lon=105.718437415° H=437.5551m
  原始数据:
2025/11/16 11:15:06.000   24.277591127  105.718437415   437.5551   2  27   0.0107   0.0236   0.0292   0.0066  -0.0130  -0.0062  16.00    1.1 6541864

[TCP数据流] 2025/11/16 19:14:51 - 浮点解 (27颗卫星)
  ECEF: X=-1576094.0540 Y=5600214.7593 Z=2606520.8475
  LLH:  Lat=24.277591159° Lon=105.718437455° H=437.5582m
  原始数据:
2025/11/16 11:15:09.000   24.277591159  105.718437455   437.5582   2  27   0.0107   0.0236   0.0292   0.0066  -0.0130  -0.0062  19.00    1.1 6541864

[TCP数据流] 2025/11/16 19:14:52 - 浮点解 (27颗卫星)
  ECEF: X=-1576094.0582 Y=5600214.7594 Z=2606520.8513
  LLH:  Lat=24.277591186° Lon=105.718437494° H=437.5609m
  原始数据:
2025/11/16 11:15:10.000   24.277591186  105.718437494   437.5609   2  27   0.0107   0.0235   0.0292   0.0066  -0.0130  -0.0062  20.00    1.0 6541864

[TCP数据流] 2025/11/16 19:14:54 - 浮点解 (26颗卫星)
  ECEF: X=-1576094.0621 Y=5600214.7591 Z=2606520.8545
  LLH:  Lat=24.277591209° Lon=105.718437532° H=437.5629m
  原始数据:
2025/11/16 11:15:12.000   24.277591209  105.718437532   437.5629   2  26   0.0107   0.0235   0.0292   0.0066  -0.0130  -0.0062  22.00    1.1 6541864

[TCP数据流] 2025/11/16 19:14:55 - 浮点解 (26颗卫星)
  ECEF: X=-1576094.0658 Y=5600214.7586 Z=2606520.8572
  LLH:  Lat=24.277591230° Lon=105.718437568° H=437.5645m
  原始数据:
2025/11/16 11:15:13.000   24.277591230  105.718437568   437.5645   2  26   0.0107   0.0235   0.0292   0.0066  -0.0130  -0.0062  23.00    1.0 6541864

[TCP数据流] 2025/11/16 19:14:57 - 浮点解 (26颗卫星)
  ECEF: X=-1576094.1154 Y=5600214.7859 Z=2606520.9596
  LLH:  Lat=24.277591925° Lon=105.718437966° H=437.6428m
  原始数据:
2025/11/16 11:15:15.000   24.277591925  105.718437966   437.6428   2  26   0.0106   0.0235   0.0291   0.0067  -0.0130  -0.0062   0.00    1.2 6541864

[TCP数据流] 2025/11/16 19:14:58 - 浮点解 (26颗卫星)
  ECEF: X=-1576094.1462 Y=5600214.8025 Z=2606521.0154
  LLH:  Lat=24.277592294° Lon=105.718438213° H=437.6879m
  原始数据:
2025/11/16 11:15:16.000   24.277592294  105.718438213   437.6879   2  26   0.0106   0.0234   0.0290   0.0067  -0.0131  -0.0062  -4.00    1.2 6541864

[TCP数据流] 2025/11/16 19:14:59 - 浮点解 (26颗卫星)
  ECEF: X=-1576094.1822 Y=5600214.8218 Z=2606521.0823
  LLH:  Lat=24.277592739° Lon=105.718438503° H=437.7412m
  原始数据:
2025/11/16 11:15:17.000   24.277592739  105.718438503   437.7412   2  26   0.0105   0.0234   0.0289   0.0068  -0.0131  -0.0062  -3.00    1.1 6541864

[TCP数据流] 2025/11/16 19:15:01 - 浮点解 (26颗卫星)
  ECEF: X=-1576094.2287 Y=5600214.8456 Z=2606521.1708
  LLH:  Lat=24.277593336° Lon=105.718438881° H=437.8100m
  原始数据:
2025/11/16 11:15:19.000   24.277593336  105.718438881   437.8100   2  26   0.0105   0.0234   0.0288   0.0068  -0.0131  -0.0062  -1.00    1.4 6541864

[TCP数据流] 2025/11/16 19:15:02 - 浮点解 (26颗卫星)
  ECEF: X=-1576094.2767 Y=5600214.8687 Z=2606521.2589
  LLH:  Lat=24.277593930° Lon=105.718439274° H=437.8784m
  原始数据:
2025/11/16 11:15:20.000   24.277593930  105.718439274   437.8784   2  26   0.0104   0.0233   0.0287   0.0069  -0.0131  -0.0062   0.00    1.4 6541864

[TCP数据流] 2025/11/16 19:15:03 - 浮点解 (26颗卫星)
  ECEF: X=-1576094.3229 Y=5600214.8899 Z=2606521.3387
  LLH:  Lat=24.277594464° Lon=105.718439655° H=437.9412m
  原始数据:
2025/11/16 11:15:21.000   24.277594464  105.718439655   437.9412   2  26   0.0104   0.0233   0.0285   0.0069  -0.0131  -0.0062   1.00    1.0 6541864

[TCP数据流] 2025/11/16 19:15:05 - 浮点解 (26颗卫星)
  ECEF: X=-1576094.3579 Y=5600214.9047 Z=2606521.3931
  LLH:  Lat=24.277594824° Lon=105.718439948° H=437.9852m
  原始数据:
2025/11/16 11:15:23.000   24.277594824  105.718439948   437.9852   2  26   0.0103   0.0233   0.0285   0.0070  -0.0131  -0.0062   3.00    1.0 6541864

[TCP数据流] 2025/11/16 19:15:06 - 浮点解 (27颗卫星)
  ECEF: X=-1576094.3868 Y=5600214.9162 Z=2606521.4354
  LLH:  Lat=24.277595102° Lon=105.718440191° H=438.0198m
  原始数据:
2025/11/16 11:15:24.000   24.277595102  105.718440191   438.0198   2  27   0.0103   0.0232   0.0284   0.0070  -0.0131  -0.0062   4.00    1.0 6541864

[TCP数据流] 2025/11/16 19:15:07 - 浮点解 (27颗卫星)
  ECEF: X=-1576094.4108 Y=5600214.9251 Z=2606521.4682
  LLH:  Lat=24.277595316° Lon=105.718440395° H=438.0470m
  原始数据:
2025/11/16 11:15:25.000   24.277595316  105.718440395   438.0470   2  27   0.0103   0.0232   0.0284   0.0070  -0.0131  -0.0062   5.00    1.0 6541864

[TCP数据流] 2025/11/16 19:15:08 - 浮点解 (27颗卫星)
  ECEF: X=-1576094.4302 Y=5600214.9320 Z=2606521.4940
  LLH:  Lat=24.277595484° Lon=105.718440560° H=438.0685m
  原始数据:
2025/11/16 11:15:26.000   24.277595484  105.718440560   438.0685   2  27   0.0102   0.0232   0.0283   0.0070  -0.0131  -0.0062   6.00    1.1 6541864

[TCP数据流] 2025/11/16 19:15:09 - 浮点解 (26颗卫星)
  ECEF: X=-1576094.4457 Y=5600214.9373 Z=2606521.5143
  LLH:  Lat=24.277595617° Lon=105.718440693° H=438.0853m
  原始数据:
2025/11/16 11:15:27.000   24.277595617  105.718440693   438.0853   2  26   0.0102   0.0232   0.0283   0.0070  -0.0131  -0.0062   7.00    1.0 6541864

[TCP数据流] 2025/11/16 19:15:10 - 浮点解 (27颗卫星)
  ECEF: X=-1576094.4587 Y=5600214.9415 Z=2606521.5308
  LLH:  Lat=24.277595724° Lon=105.718440805° H=438.0990m
  原始数据:
2025/11/16 11:15:28.000   24.277595724  105.718440805   438.0990   2  27   0.0102   0.0232   0.0283   0.0070  -0.0131  -0.0062   8.00    1.1 6541864

[TCP数据流] 2025/11/16 19:15:11 - 浮点解 (26颗卫星)
  ECEF: X=-1576094.4695 Y=5600214.9447 Z=2606521.5442
  LLH:  Lat=24.277595812° Lon=105.718440899° H=438.1100m
  原始数据:
2025/11/16 11:15:29.000   24.277595812  105.718440899   438.1100   2  26   0.0102   0.0232   0.0282   0.0071  -0.0131  -0.0062   9.00    1.0 6541864

[TCP数据流] 2025/11/16 19:15:12 - 浮点解 (21颗卫星)
  ECEF: X=-1576094.4784 Y=5600214.9478 Z=2606521.5554
  LLH:  Lat=24.277595884° Lon=105.718440975° H=438.1195m
  原始数据:
2025/11/16 11:15:30.000   24.277595884  105.718440975   438.1195   2  21   0.0102   0.0231   0.0282   0.0071  -0.0131  -0.0062  10.00    1.0 6541864

[TCP数据流] 2025/11/16 19:15:13 - 浮点解 (27颗卫星)
  ECEF: X=-1576094.4864 Y=5600214.9496 Z=2606521.5646
  LLH:  Lat=24.277595946° Lon=105.718441046° H=438.1268m
  原始数据:
2025/11/16 11:15:31.000   24.277595946  105.718441046   438.1268   2  27   0.0102   0.0231   0.0282   0.0071  -0.0131  -0.0062  11.00    1.0 6541864

[TCP数据流] 2025/11/16 19:15:14 - 浮点解 (27颗卫星)
  ECEF: X=-1576094.4931 Y=5600214.9509 Z=2606521.5723
  LLH:  Lat=24.277595998° Lon=105.718441106° H=438.1328m
  原始数据:
2025/11/16 11:15:32.000   24.277595998  105.718441106   438.1328   2  27   0.0102   0.0231   0.0282   0.0071  -0.0131  -0.0062  12.00    1.0 6541864

[TCP数据流] 2025/11/16 19:15:15 - 浮点解 (27颗卫星)
  ECEF: X=-1576094.4991 Y=5600214.9518 Z=2606521.5789
  LLH:  Lat=24.277596043° Lon=105.718441161° H=438.1378m
  原始数据:
2025/11/16 11:15:33.000   24.277596043  105.718441161   438.1378   2  27   0.0102   0.0231   0.0282   0.0071  -0.0131  -0.0062  13.00    1.0 6541864

[TCP数据流] 2025/11/16 19:15:16 - 浮点解 (21颗卫星)
  ECEF: X=-1576094.5050 Y=5600214.9536 Z=2606521.5815
  LLH:  Lat=24.277596052° Lon=105.718441212° H=438.1419m
  原始数据:
2025/11/16 11:15:34.000   24.277596052  105.718441212   438.1419   2  21   0.0102   0.0231   0.0282   0.0071  -0.0131  -0.0062  14.00    1.1 6541864

[TCP数据流] 2025/11/16 19:15:17 - 浮点解 (27颗卫星)
  ECEF: X=-1576094.5097 Y=5600214.9538 Z=2606521.5865
  LLH:  Lat=24.277596087° Lon=105.718441256° H=438.1453m
  原始数据:
2025/11/16 11:15:35.000   24.277596087  105.718441256   438.1453   2  27   0.0102   0.0231   0.0282   0.0071  -0.0131  -0.0062  15.00    1.1 6541864

[TCP数据流] 2025/11/16 19:15:18 - 浮点解 (27颗卫星)
  ECEF: X=-1576094.5139 Y=5600214.9539 Z=2606521.5906
  LLH:  Lat=24.277596117° Lon=105.718441295° H=438.1481m
  原始数据:
2025/11/16 11:15:36.000   24.277596117  105.718441295   438.1481   2  27   0.0102   0.0231   0.0282   0.0071  -0.0131  -0.0062  16.00    1.0 6541864

[TCP数据流] 2025/11/16 19:15:19 - 浮点解 (27颗卫星)
  ECEF: X=-1576094.5179 Y=5600214.9540 Z=2606521.5943
  LLH:  Lat=24.277596143° Lon=105.718441333° H=438.1507m
  原始数据:
2025/11/16 11:15:37.000   24.277596143  105.718441333   438.1507   2  27   0.0102   0.0231   0.0282   0.0071  -0.0131  -0.0062  17.00    1.0 6541864

[TCP数据流] 2025/11/16 19:15:20 - 浮点解 (26颗卫星)
  ECEF: X=-1576094.5217 Y=5600214.9539 Z=2606521.5977
  LLH:  Lat=24.277596167° Lon=105.718441369° H=438.1529m
  原始数据:
2025/11/16 11:15:38.000   24.277596167  105.718441369   438.1529   2  26   0.0102   0.0231   0.0281   0.0071  -0.0131  -0.0062  18.00    1.0 6541864

[TCP数据流] 2025/11/16 19:15:21 - 浮点解 (26颗卫星)
  ECEF: X=-1576094.5252 Y=5600214.9536 Z=2606521.6005
  LLH:  Lat=24.277596188° Lon=105.718441403° H=438.1547m
  原始数据:
2025/11/16 11:15:39.000   24.277596188  105.718441403   438.1547   2  26   0.0102   0.0230   0.0281   0.0071  -0.0131  -0.0062  19.00    1.0 6541864

[TCP数据流] 2025/11/16 19:15:22 - 浮点解 (26颗卫星)
  ECEF: X=-1576094.5287 Y=5600214.9533 Z=2606521.6031
  LLH:  Lat=24.277596207° Lon=105.718441437° H=438.1563m
  原始数据:
2025/11/16 11:15:40.000   24.277596207  105.718441437   438.1563   2  26   0.0102   0.0230   0.0281   0.0071  -0.0131  -0.0062  20.00    1.0 6541864

[TCP数据流] 2025/11/16 19:15:23 - 浮点解 (26颗卫星)
  ECEF: X=-1576094.5320 Y=5600214.9527 Z=2606521.6054
  LLH:  Lat=24.277596224° Lon=105.718441470° H=438.1576m
  原始数据:
2025/11/16 11:15:41.000   24.277596224  105.718441470   438.1576   2  26   0.0102   0.0230   0.0281   0.0071  -0.0131  -0.0062  21.00    1.0 6541864

[TCP数据流] 2025/11/16 19:15:25 - 浮点解 (26颗卫星)
  ECEF: X=-1576094.5348 Y=5600214.9521 Z=2606521.6071
  LLH:  Lat=24.277596238° Lon=105.718441498° H=438.1585m
  原始数据:
2025/11/16 11:15:43.000   24.277596238  105.718441498   438.1585   2  26   0.0101   0.0230   0.0281   0.0071  -0.0131  -0.0062  23.00    1.0 6541864

[TCP数据流] 2025/11/16 19:15:26 - 浮点解 (26颗卫星)
  ECEF: X=-1576094.5378 Y=5600214.9516 Z=2606521.6087
  LLH:  Lat=24.277596250° Lon=105.718441528° H=438.1594m
  原始数据:
2025/11/16 11:15:44.000   24.277596250  105.718441528   438.1594   2  26   0.0101   0.0230   0.0281   0.0071  -0.0131  -0.0062  24.00    1.0 6541864

[TCP数据流] 2025/11/16 19:15:27 - 浮点解 (27颗卫星)
  ECEF: X=-1576094.5403 Y=5600214.9510 Z=2606521.6102
  LLH:  Lat=24.277596262° Lon=105.718441553° H=438.1601m
  原始数据:
2025/11/16 11:15:45.000   24.277596262  105.718441553   438.1601   2  27   0.0101   0.0230   0.0281   0.0071  -0.0131  -0.0062  25.00    1.0 6541864

[TCP数据流] 2025/11/16 19:15:28 - 浮点解 (27颗卫星)
  ECEF: X=-1576094.5427 Y=5600214.9504 Z=2606521.6115
  LLH:  Lat=24.277596272° Lon=105.718441578° H=438.1607m
  原始数据:
2025/11/16 11:15:46.000   24.277596272  105.718441578   438.1607   2  27   0.0101   0.0230   0.0281   0.0071  -0.0131  -0.0062  26.00    1.0 6541864

[TCP数据流] 2025/11/16 19:15:29 - 浮点解 (27颗卫星)
  ECEF: X=-1576094.5452 Y=5600214.9498 Z=2606521.6126
  LLH:  Lat=24.277596281° Lon=105.718441603° H=438.1613m
  原始数据:
2025/11/16 11:15:47.000   24.277596281  105.718441603   438.1613   2  27   0.0101   0.0230   0.0281   0.0071  -0.0131  -0.0062  27.00    1.1 6541864

[TCP数据流] 2025/11/16 19:15:30 - 浮点解 (27颗卫星)
  ECEF: X=-1576094.5474 Y=5600214.9492 Z=2606521.6137
  LLH:  Lat=24.277596290° Lon=105.718441625° H=438.1617m
  原始数据:
2025/11/16 11:15:48.000   24.277596290  105.718441625   438.1617   2  27   0.0101   0.0230   0.0281   0.0071  -0.0131  -0.0062  28.00    1.0 6541864

[TCP数据流] 2025/11/16 19:15:31 - 浮点解 (27颗卫星)
  ECEF: X=-1576094.5498 Y=5600214.9485 Z=2606521.6147
  LLH:  Lat=24.277596298° Lon=105.718441650° H=438.1621m
  原始数据:
2025/11/16 11:15:49.000   24.277596298  105.718441650   438.1621   2  27   0.0101   0.0230   0.0281   0.0071  -0.0131  -0.0062  29.00    1.0 6541864

[TCP数据流] 2025/11/16 19:15:32 - 浮点解 (27颗卫星)
  ECEF: X=-1576094.5520 Y=5600214.9478 Z=2606521.6155
  LLH:  Lat=24.277596305° Lon=105.718441673° H=438.1624m
  原始数据:
2025/11/16 11:15:50.000   24.277596305  105.718441673   438.1624   2  27   0.0101   0.0230   0.0281   0.0071  -0.0131  -0.0062  30.00    1.0 6541864

[TCP数据流] 2025/11/16 19:15:37 - 浮点解 (27颗卫星)
  ECEF: X=-1576094.5983 Y=5600214.9619 Z=2606521.6908
  LLH:  Lat=24.277596828° Lon=105.718442074° H=438.2171m
  原始数据:
2025/11/16 11:15:55.000   24.277596828  105.718442074   438.2171   2  27   0.0101   0.0229   0.0280   0.0071  -0.0131  -0.0062   0.00    1.2 6541864

[TCP数据流] 2025/11/16 19:15:38 - 浮点解 (27颗卫星)
  ECEF: X=-1576094.6443 Y=5600214.9757 Z=2606521.7623
  LLH:  Lat=24.277597321° Lon=105.718442473° H=438.2700m
  原始数据:
2025/11/16 11:15:56.000   24.277597321  105.718442473   438.2700   2  27   0.0100   0.0229   0.0278   0.0071  -0.0131  -0.0062   0.00    1.9 6541864

[TCP数据流] 2025/11/16 19:15:39 - 浮点解 (20颗卫星)
  ECEF: X=-1576094.6884 Y=5600214.9884 Z=2606521.8307
  LLH:  Lat=24.277597794° Lon=105.718442857° H=438.3202m
  原始数据:
2025/11/16 11:15:57.000   24.277597794  105.718442857   438.3202   2  20   0.0100   0.0228   0.0277   0.0072  -0.0131  -0.0062   0.00    1.3 6541864

[TCP数据流] 2025/11/16 19:15:40 - 浮点解 (27颗卫星)
  ECEF: X=-1576094.7327 Y=5600215.0003 Z=2606521.8964
  LLH:  Lat=24.277598247° Lon=105.718443246° H=438.3686m
  原始数据:
2025/11/16 11:15:58.000   24.277598247  105.718443246   438.3686   2  27   0.0099   0.0228   0.0276   0.0072  -0.0131  -0.0062   0.00    1.1 6541864

[TCP数据流] 2025/11/16 19:15:41 - 浮点解 (27颗卫星)
  ECEF: X=-1576094.7768 Y=5600215.0116 Z=2606521.9594
  LLH:  Lat=24.277598681° Lon=105.718443634° H=438.4153m
  原始数据:
2025/11/16 11:15:59.000   24.277598681  105.718443634   438.4153   2  27   0.0099   0.0228   0.0275   0.0073  -0.0131  -0.0062   0.00    1.1 6541864

[TCP数据流] 2025/11/16 19:15:42 - 浮点解 (27颗卫星)
  ECEF: X=-1576094.8183 Y=5600215.0222 Z=2606522.0166
  LLH:  Lat=24.277599072° Lon=105.718443999° H=438.4583m
  原始数据:
2025/11/16 11:16:00.000   24.277599072  105.718443999   438.4583   2  27   0.0098   0.0227   0.0274   0.0073  -0.0131  -0.0061   1.00    1.2 6541864

[TCP数据流] 2025/11/16 19:15:43 - 浮点解 (27颗卫星)
  ECEF: X=-1576094.8607 Y=5600215.0320 Z=2606522.0747
  LLH:  Lat=24.277599473° Lon=105.718444375° H=438.5013m
  原始数据:
2025/11/16 11:16:01.000   24.277599473  105.718444375   438.5013   2  27   0.0098   0.0227   0.0273   0.0073  -0.0131  -0.0061   0.00    1.2 6541864

[TCP数据流] 2025/11/16 19:15:44 - 浮点解 (27颗卫星)
  ECEF: X=-1576094.9004 Y=5600215.0407 Z=2606522.1272
  LLH:  Lat=24.277599834° Lon=105.718444728° H=438.5403m
  原始数据:
2025/11/16 11:16:02.000   24.277599834  105.718444728   438.5403   2  27   0.0097   0.0227   0.0272   0.0073  -0.0131  -0.0061   1.00    1.2 6541864

[TCP数据流] 2025/11/16 19:15:45 - 浮点解 (27颗卫星)
  ECEF: X=-1576094.9353 Y=5600215.0477 Z=2606522.1711
  LLH:  Lat=24.277600135° Lon=105.718445040° H=438.5731m
  原始数据:
2025/11/16 11:16:03.000   24.277600135  105.718445040   438.5731   2  27   0.0097   0.0227   0.0272   0.0074  -0.0131  -0.0061   2.00    1.2 6541864

[TCP数据流] 2025/11/16 19:15:46 - 浮点解 (27颗卫星)
  ECEF: X=-1576094.9646 Y=5600215.0536 Z=2606522.2060
  LLH:  Lat=24.277600372° Lon=105.718445302° H=438.5999m
  原始数据:
2025/11/16 11:16:04.000   24.277600372  105.718445302   438.5999   2  27   0.0096   0.0226   0.0271   0.0074  -0.0131  -0.0061   3.00    1.3 6541864

[TCP数据流] 2025/11/16 19:15:47 - 浮点解 (27颗卫星)
  ECEF: X=-1576094.9887 Y=5600215.0581 Z=2606522.2334
  LLH:  Lat=24.277600557° Lon=105.718445518° H=438.6211m
  原始数据:
2025/11/16 11:16:05.000   24.277600557  105.718445518   438.6211   2  27   0.0096   0.0226   0.0270   0.0074  -0.0131  -0.0061   4.00    1.3 6541864

[TCP数据流] 2025/11/16 19:15:48 - 浮点解 (27颗卫星)
  ECEF: X=-1576095.0079 Y=5600215.0618 Z=2606522.2549
  LLH:  Lat=24.277600701° Lon=105.718445691° H=438.6379m
  原始数据:
2025/11/16 11:16:06.000   24.277600701  105.718445691   438.6379   2  27   0.0096   0.0226   0.0270   0.0074  -0.0131  -0.0061   5.00    1.0 6541864

[TCP数据流] 2025/11/16 19:15:49 - 浮点解 (27颗卫星)
  ECEF: X=-1576095.0235 Y=5600215.0645 Z=2606522.2716
  LLH:  Lat=24.277600813° Lon=105.718445831° H=438.6510m
  原始数据:
2025/11/16 11:16:07.000   24.277600813  105.718445831   438.6510   2  27   0.0096   0.0226   0.0270   0.0074  -0.0131  -0.0061   6.00    1.0 6541864

[TCP数据流] 2025/11/16 19:15:50 - 浮点解 (27颗卫星)
  ECEF: X=-1576095.0367 Y=5600215.0664 Z=2606522.2848
  LLH:  Lat=24.277600902° Lon=105.718445951° H=438.6613m
  原始数据:
2025/11/16 11:16:08.000   24.277600902  105.718445951   438.6613   2  27   0.0096   0.0226   0.0269   0.0074  -0.0131  -0.0061   7.00    1.0 6541864

[TCP数据流] 2025/11/16 19:15:51 - 浮点解 (27颗卫星)
  ECEF: X=-1576095.0475 Y=5600215.0677 Z=2606522.2955
  LLH:  Lat=24.277600974° Lon=105.718446050° H=438.6695m
  原始数据:
2025/11/16 11:16:09.000   24.277600974  105.718446050   438.6695   2  27   0.0096   0.0226   0.0269   0.0074  -0.0131  -0.0061   8.00    1.0 6541864

[TCP数据流] 2025/11/16 19:15:52 - 浮点解 (27颗卫星)
  ECEF: X=-1576095.0565 Y=5600215.0686 Z=2606522.3040
  LLH:  Lat=24.277601032° Lon=105.718446133° H=438.6760m
  原始数据:
2025/11/16 11:16:10.000   24.277601032  105.718446133   438.6760   2  27   0.0096   0.0225   0.0269   0.0074  -0.0131  -0.0061   9.00    1.0 6541864

[TCP数据流] 2025/11/16 19:15:53 - 浮点解 (26颗卫星)
  ECEF: X=-1576095.0641 Y=5600215.0690 Z=2606522.3111
  LLH:  Lat=24.277601081° Lon=105.718446204° H=438.6812m
  原始数据:
2025/11/16 11:16:11.000   24.277601081  105.718446204   438.6812   2  26   0.0096   0.0225   0.0269   0.0074  -0.0131  -0.0061  10.00    1.0 6541864

[TCP数据流] 2025/11/16 19:15:54 - 浮点解 (26颗卫星)
  ECEF: X=-1576095.0705 Y=5600215.0694 Z=2606522.3169
  LLH:  Lat=24.277601121° Lon=105.718446264° H=438.6855m
  原始数据:
2025/11/16 11:16:12.000   24.277601121  105.718446264   438.6855   2  26   0.0096   0.0225   0.0269   0.0074  -0.0131  -0.0061  11.00    1.0 6541864

[TCP数据流] 2025/11/16 19:15:55 - 浮点解 (26颗卫星)
  ECEF: X=-1576095.0761 Y=5600215.0696 Z=2606522.3218
  LLH:  Lat=24.277601155° Lon=105.718446316° H=438.6891m
  原始数据:
2025/11/16 11:16:13.000   24.277601155  105.718446316   438.6891   2  26   0.0095   0.0225   0.0269   0.0074  -0.0131  -0.0061  12.00    1.0 6541864

[TCP数据流] 2025/11/16 19:15:56 - 浮点解 (26颗卫星)
  ECEF: X=-1576095.0810 Y=5600215.0695 Z=2606522.3259
  LLH:  Lat=24.277601184° Lon=105.718446363° H=438.6919m
  原始数据:
2025/11/16 11:16:14.000   24.277601184  105.718446363   438.6919   2  26   0.0095   0.0225   0.0269   0.0074  -0.0131  -0.0061  13.00    1.0 6541864

[TCP数据流] 2025/11/16 19:15:57 - 浮点解 (26颗卫星)
  ECEF: X=-1576095.0856 Y=5600215.0692 Z=2606522.3294
  LLH:  Lat=24.277601210° Lon=105.718446407° H=438.6942m
  原始数据:
2025/11/16 11:16:15.000   24.277601210  105.718446407   438.6942   2  26   0.0095   0.0225   0.0268   0.0074  -0.0131  -0.0061  14.00    1.0 6541864

[TCP数据流] 2025/11/16 19:15:58 - 浮点解 (26颗卫星)
  ECEF: X=-1576095.0895 Y=5600215.0687 Z=2606522.3324
  LLH:  Lat=24.277601232° Lon=105.718446446° H=438.6960m
  原始数据:
2025/11/16 11:16:16.000   24.277601232  105.718446446   438.6960   2  26   0.0095   0.0225   0.0268   0.0074  -0.0131  -0.0061  15.00    1.0 6541864

[TCP数据流] 2025/11/16 19:15:59 - 浮点解 (26颗卫星)
  ECEF: X=-1576095.0931 Y=5600215.0683 Z=2606522.3351
  LLH:  Lat=24.277601252° Lon=105.718446481° H=438.6976m
  原始数据:
2025/11/16 11:16:17.000   24.277601252  105.718446481   438.6976   2  26   0.0095   0.0225   0.0268   0.0074  -0.0131  -0.0061  16.00    1.1 6541864

[TCP数据流] 2025/11/16 19:16:00 - 浮点解 (26颗卫星)
  ECEF: X=-1576095.0962 Y=5600215.0678 Z=2606522.3373
  LLH:  Lat=24.277601269° Lon=105.718446512° H=438.6988m
  原始数据:
2025/11/16 11:16:18.000   24.277601269  105.718446512   438.6988   2  26   0.0095   0.0225   0.0268   0.0074  -0.0131  -0.0061  17.00    1.0 6541864

[TCP数据流] 2025/11/16 19:16:01 - 浮点解 (26颗卫星)
  ECEF: X=-1576095.0990 Y=5600215.0673 Z=2606522.3391
  LLH:  Lat=24.277601283° Lon=105.718446540° H=438.6998m
  原始数据:
2025/11/16 11:16:19.000   24.277601283  105.718446540   438.6998   2  26   0.0095   0.0224   0.0268   0.0074  -0.0131  -0.0061  18.00    1.0 6541864

========== RTKRCV 退出 ==========
时间: 2025-11-16T11:17:33.394Z
退出码: 0
信号: null
================================

