
========== RTKRCV 启动 ==========
时间: 2025-11-16T10:24:28.638Z
配置文件: 6541861.conf
进程 PID: 3587655
================================


[TCP数据流] 2025/11/16 18:25:30 - 浮点解 (26颗卫星)
  ECEF: X=-1462905.0238 Y=5615310.5029 Z=2640751.1144
  LLH:  Lat=24.615047343° Lon=104.602161324° H=919.4437m
  原始数据:
2025/11/16 10:25:48.000   24.615047343  104.602161324   919.4437   2  26   0.3466   0.3183   1.2751   0.0773   0.2090  -0.3351   0.00    0.0 6541861

[TCP数据流] 2025/11/16 18:25:31 - 浮点解 (8颗卫星)
  ECEF: X=-1462904.9483 Y=5615310.3626 Z=2640751.0594
  LLH:  Lat=24.615047474° Lon=104.602160952° H=919.2800m
  原始数据:
2025/11/16 10:25:49.000   24.615047474  104.602160952   919.2800   2   8   0.3435   0.3121   1.2377   0.0743   0.2106  -0.3415   1.00    0.0 6541861

[TCP数据流] 2025/11/16 18:25:33 - 浮点解 (15颗卫星)
  ECEF: X=-1462904.6493 Y=5615309.3350 Z=2640750.6078
  LLH:  Lat=24.615047790° Lon=104.602160653° H=918.1194m
  原始数据:
2025/11/16 10:25:51.000   24.615047790  104.602160653   918.1194   2  15   0.3276   0.2949   1.1700   0.0671   0.2026  -0.3263   3.00    0.0 6541861

[TCP数据流] 2025/11/16 18:25:35 - 浮点解 (26颗卫星)
  ECEF: X=-1462904.6830 Y=5615308.7824 Z=2640750.4946
  LLH:  Lat=24.615048840° Lon=104.602162350° H=917.5938m
  原始数据:
2025/11/16 10:25:53.000   24.615048840  104.602162350   917.5938   2  26   0.3014   0.2743   1.0589   0.0632   0.1774  -0.2961   5.00    0.0 6541861

[TCP数据流] 2025/11/16 18:25:36 - 浮点解 (20颗卫星)
  ECEF: X=-1462904.4844 Y=5615308.1216 Z=2640750.1776
  LLH:  Lat=24.615048831° Lon=104.602162098° H=916.8349m
  原始数据:
2025/11/16 10:25:54.000   24.615048831  104.602162098   916.8349   2  20   0.2840   0.2597   0.9920   0.0629   0.1645  -0.2748   6.00    0.0 6541861

[TCP数据流] 2025/11/16 18:25:37 - 浮点解 (26颗卫星)
  ECEF: X=-1462904.3694 Y=5615307.7116 Z=2640749.9675
  LLH:  Lat=24.615048707° Lon=104.602162019° H=916.3603m
  原始数据:
2025/11/16 10:25:55.000   24.615048707  104.602162019   916.3603   2  26   0.2671   0.2459   0.9281   0.0612   0.1528  -0.2555   7.00    0.0 6541861

[TCP数据流] 2025/11/16 18:25:38 - 浮点解 (26颗卫星)
  ECEF: X=-1462904.4338 Y=5615307.5787 Z=2640750.0132
  LLH:  Lat=24.615049505° Lon=104.602162966° H=916.2772m
  原始数据:
2025/11/16 10:25:56.000   24.615049505  104.602162966   916.2772   2  26   0.2527   0.2337   0.8744   0.0578   0.1407  -0.2416   8.00    0.0 6541861

[TCP数据流] 2025/11/16 18:25:39 - 浮点解 (26颗卫星)
  ECEF: X=-1462904.4662 Y=5615307.4862 Z=2640750.0249
  LLH:  Lat=24.615049907° Lon=104.602163506° H=916.2081m
  原始数据:
2025/11/16 10:25:57.000   24.615049907  104.602163506   916.2081   2  26   0.2404   0.2231   0.8297   0.0549   0.1309  -0.2299   9.00    0.0 6541861

[TCP数据流] 2025/11/16 18:25:40 - 浮点解 (26颗卫星)
  ECEF: X=-1462904.5236 Y=5615307.4506 Z=2640750.0644
  LLH:  Lat=24.615050306° Lon=104.602164143° H=916.2064m
  原始数据:
2025/11/16 10:25:58.000   24.615050306  104.602164143   916.2064   2  26   0.2298   0.2139   0.7917   0.0525   0.1227  -0.2199  10.00    0.0 6541861

[TCP数据流] 2025/11/16 18:25:41 - 浮点解 (26颗卫星)
  ECEF: X=-1462904.5716 Y=5615307.4915 Z=2640750.1207
  LLH:  Lat=24.615050574° Lon=104.602164499° H=916.2768m
  原始数据:
2025/11/16 10:25:59.000   24.615050574  104.602164499   916.2768   2  26   0.2205   0.2057   0.7587   0.0503   0.1158  -0.2111  11.00    0.0 6541861

[TCP数据流] 2025/11/16 18:25:42 - 浮点解 (26颗卫星)
  ECEF: X=-1462904.6250 Y=5615307.4562 Z=2640750.1522
  LLH:  Lat=24.615050910° Lon=104.602165098° H=916.2711m
  原始数据:
2025/11/16 10:26:00.000   24.615050910  104.602165098   916.2711   2  26   0.2123   0.1984   0.7297   0.0484   0.1099  -0.2034  12.00    0.0 6541861

[TCP数据流] 2025/11/16 18:25:43 - 浮点解 (26颗卫星)
  ECEF: X=-1462904.6493 Y=5615307.4516 Z=2640750.1644
  LLH:  Lat=24.615051004° Lon=104.602165341° H=916.2777m
  原始数据:
2025/11/16 10:26:01.000   24.615051004  104.602165341   916.2777   2  26   0.2049   0.1919   0.7039   0.0466   0.1047  -0.1964  13.00    0.0 6541861

[TCP数据流] 2025/11/16 18:25:44 - 浮点解 (26颗卫星)
  ECEF: X=-1462904.6913 Y=5615307.4731 Z=2640750.2016
  LLH:  Lat=24.615051191° Lon=104.602165689° H=916.3217m
  原始数据:
2025/11/16 10:26:02.000   24.615051191  104.602165689   916.3217   2  26   0.1982   0.1859   0.6807   0.0451   0.1002  -0.1902  14.00    0.0 6541861

[TCP数据流] 2025/11/16 18:25:46 - 浮点解 (20颗卫星)
  ECEF: X=-1462904.7370 Y=5615307.5214 Z=2640750.2528
  LLH:  Lat=24.615051392° Lon=104.602166005° H=916.3960m
  原始数据:
2025/11/16 10:26:04.000   24.615051392  104.602166005   916.3960   2  20   0.1930   0.1810   0.6630   0.0440   0.0963  -0.1853  16.00    0.0 6541861

[TCP数据流] 2025/11/16 18:25:47 - 浮点解 (21颗卫星)
  ECEF: X=-1462904.6597 Y=5615307.3622 Z=2640750.1278
  LLH:  Lat=24.615051019° Lon=104.602165663° H=916.1862m
  原始数据:
2025/11/16 10:26:05.000   24.615051019  104.602165663   916.1862   2  21   0.1893   0.1769   0.6492   0.0423   0.0961  -0.1819  17.00    0.0 6541861

[TCP数据流] 2025/11/16 18:25:49 - 浮点解 (14颗卫星)
  ECEF: X=-1462904.6582 Y=5615307.4575 Z=2640750.1561
  LLH:  Lat=24.615050906° Lon=104.602165412° H=916.2815m
  原始数据:
2025/11/16 10:26:07.000   24.615050906  104.602165412   916.2815   2  14   0.1879   0.1753   0.6402   0.0411   0.0964  -0.1819  19.00    0.0 6541861

[TCP数据流] 2025/11/16 18:25:50 - 浮点解 (26颗卫星)
  ECEF: X=-1462904.5722 Y=5615307.2015 Z=2640749.9832
  LLH:  Lat=24.615050500° Lon=104.602165227° H=915.9646m
  原始数据:
2025/11/16 10:26:08.000   24.615050500  104.602165227   915.9646   2  26   0.1828   0.1709   0.6231   0.0407   0.0939  -0.1764  20.00    0.0 6541861

[TCP数据流] 2025/11/16 18:25:51 - 浮点解 (26颗卫星)
  ECEF: X=-1462904.4988 Y=5615306.9692 Z=2640749.8236
  LLH:  Lat=24.615050105° Lon=104.602165104° H=915.6769m
  原始数据:
2025/11/16 10:26:09.000   24.615050105  104.602165104   915.6769   2  26   0.1782   0.1668   0.6074   0.0402   0.0916  -0.1713  21.00    0.0 6541861

[TCP数据流] 2025/11/16 18:25:52 - 浮点解 (26颗卫星)
  ECEF: X=-1462904.4861 Y=5615307.1453 Z=2640749.7786
  LLH:  Lat=24.615049107° Lon=104.602164544° H=915.8102m
  原始数据:
2025/11/16 10:26:10.000   24.615049107  104.602164544   915.8102   2  26   0.1735   0.1629   0.5904   0.0393   0.0904  -0.1650  22.00    0.0 6541861

[TCP数据流] 2025/11/16 18:25:53 - 浮点解 (26颗卫星)
  ECEF: X=-1462904.4672 Y=5615307.2393 Z=2640749.6999
  LLH:  Lat=24.615048137° Lon=104.602164130° H=915.8557m
  原始数据:
2025/11/16 10:26:11.000   24.615048137  104.602164130   915.8557   2  26   0.1693   0.1593   0.5749   0.0385   0.0891  -0.1592  23.00    0.0 6541861

[TCP数据流] 2025/11/16 18:25:54 - 浮点解 (26颗卫星)
  ECEF: X=-1462904.4265 Y=5615307.2842 Z=2640749.6170
  LLH:  Lat=24.615047332° Lon=104.602163629° H=915.8514m
  原始数据:
2025/11/16 10:26:12.000   24.615047332  104.602163629   915.8514   2  26   0.1653   0.1560   0.5605   0.0378   0.0879  -0.1540  24.00    0.0 6541861

[TCP数据流] 2025/11/16 18:25:55 - 浮点解 (20颗卫星)
  ECEF: X=-1462904.3403 Y=5615307.0703 Z=2640749.4822
  LLH:  Lat=24.615047086° Lon=104.602163338° H=915.5873m
  原始数据:
2025/11/16 10:26:13.000   24.615047086  104.602163338   915.5873   2  20   0.1623   0.1531   0.5509   0.0376   0.0862  -0.1510  25.00    0.0 6541861

[TCP数据流] 2025/11/16 18:25:56 - 浮点解 (26颗卫星)
  ECEF: X=-1462904.2943 Y=5615307.0419 Z=2640749.3865
  LLH:  Lat=24.615046447° Lon=104.602162969° H=915.5119m
  原始数据:
2025/11/16 10:26:14.000   24.615046447  104.602162969   915.5119   2  26   0.1588   0.1501   0.5382   0.0369   0.0850  -0.1465  26.00    0.0 6541861

[TCP数据流] 2025/11/16 18:25:57 - 浮点解 (19颗卫星)
  ECEF: X=-1462904.2930 Y=5615307.1738 Z=2640749.3857
  LLH:  Lat=24.615045962° Lon=104.602162628° H=915.6273m
  原始数据:
2025/11/16 10:26:15.000   24.615045962  104.602162628   915.6273   2  19   0.1567   0.1486   0.5285   0.0365   0.0844  -0.1441  27.00    0.0 6541861

[TCP数据流] 2025/11/16 18:25:58 - 浮点解 (8颗卫星)
  ECEF: X=-1462904.2926 Y=5615307.2295 Z=2640749.4172
  LLH:  Lat=24.615046018° Lon=104.602162486° H=915.6893m
  原始数据:
2025/11/16 10:26:16.000   24.615046018  104.602162486   915.6893   2   8   0.1564   0.1480   0.5258   0.0363   0.0848  -0.1447  28.00    0.0 6541861

[TCP数据流] 2025/11/16 18:25:59 - 浮点解 (15颗卫星)
  ECEF: X=-1462904.2320 Y=5615307.0736 Z=2640749.3273
  LLH:  Lat=24.615045905° Lon=104.602162295° H=915.5009m
  原始数据:
2025/11/16 10:26:17.000   24.615045905  104.602162295   915.5009   2  15   0.1548   0.1460   0.5204   0.0355   0.0844  -0.1435  29.00    0.0 6541861

[TCP数据流] 2025/11/16 18:26:00 - 浮点解 (15颗卫星)
  ECEF: X=-1462904.1747 Y=5615306.9083 Z=2640749.2318
  LLH:  Lat=24.615045777° Lon=104.602162159° H=915.3025m
  原始数据:
2025/11/16 10:26:18.000   24.615045777  104.602162159   915.3025   2  15   0.1534   0.1442   0.5157   0.0350   0.0843  -0.1423  30.00    0.0 6541861

[TCP数据流] 2025/11/16 18:26:42 - 浮点解 (26颗卫星)
  ECEF: X=-1462904.7845 Y=5615308.9978 Z=2640750.4048
  LLH:  Lat=24.615047223° Lon=104.602162784° H=917.7691m
  原始数据:
2025/11/16 10:27:00.000   24.615047223  104.602162784   917.7691   2  26   0.1224   0.1351   0.3011   0.0359   0.0603  -0.0398   0.00    1.2 6541861

[TCP数据流] 2025/11/16 18:26:44 - 浮点解 (21颗卫星)
  ECEF: X=-1462904.8200 Y=5615309.1103 Z=2640750.4567
  LLH:  Lat=24.615047206° Lon=104.602162843° H=917.8978m
  原始数据:
2025/11/16 10:27:02.000   24.615047206  104.602162843   917.8978   2  21   0.1185   0.1322   0.2887   0.0346   0.0557  -0.0423   2.00    1.2 6541861

[TCP数据流] 2025/11/16 18:26:46 - 浮点解 (8颗卫星)
  ECEF: X=-1462904.8127 Y=5615309.1025 Z=2640750.4395
  LLH:  Lat=24.615047100° Lon=104.602162793° H=917.8822m
  原始数据:
2025/11/16 10:27:04.000   24.615047100  104.602162793   917.8822   2   8   0.1182   0.1317   0.2880   0.0344   0.0557  -0.0434   4.00    0.0 6541861

[TCP数据流] 2025/11/16 18:26:47 - 浮点解 (26颗卫星)
  ECEF: X=-1462904.8294 Y=5615309.1477 Z=2640750.4257
  LLH:  Lat=24.615046806° Lon=104.602162840° H=917.9200m
  原始数据:
2025/11/16 10:27:05.000   24.615046806  104.602162840   917.9200   2  26   0.1141   0.1291   0.2700   0.0336   0.0543  -0.0333   5.00    1.4 6541861

[TCP数据流] 2025/11/16 18:26:48 - 浮点解 (21颗卫星)
  ECEF: X=-1462904.8128 Y=5615309.1231 Z=2640750.3850
  LLH:  Lat=24.615046578° Lon=104.602162743° H=917.8776m
  原始数据:
2025/11/16 10:27:06.000   24.615046578  104.602162743   917.8776   2  21   0.1123   0.1272   0.2653   0.0328   0.0528  -0.0349   6.00    1.8 6541861

[TCP数据流] 2025/11/16 18:26:49 - 浮点解 (26颗卫星)
  ECEF: X=-1462904.8099 Y=5615309.0982 Z=2640750.3426
  LLH:  Lat=24.615046323° Lon=104.602162777° H=917.8374m
  原始数据:
2025/11/16 10:27:07.000   24.615046323  104.602162777   917.8374   2  26   0.1096   0.1250   0.2553   0.0321   0.0519  -0.0293   7.00    1.2 6541861

[TCP数据流] 2025/11/16 18:26:50 - 浮点解 (13颗卫星)
  ECEF: X=-1462904.8086 Y=5615309.0866 Z=2640750.3246
  LLH:  Lat=24.615046219° Lon=104.602162793° H=917.8194m
  原始数据:
2025/11/16 10:27:08.000   24.615046219  104.602162793   917.8194   2  13   0.1085   0.1242   0.2501   0.0320   0.0520  -0.0248   8.00    2.7 6541861

[TCP数据流] 2025/11/16 18:26:51 - 浮点解 (15颗卫星)
  ECEF: X=-1462904.7998 Y=5615309.0451 Z=2640750.2966
  LLH:  Lat=24.615046148° Lon=104.602162812° H=917.7692m
  原始数据:
2025/11/16 10:27:09.000   24.615046148  104.602162812   917.7692   2  15   0.1079   0.1229   0.2490   0.0315   0.0518  -0.0253   9.00    1.1 6541861

[TCP数据流] 2025/11/16 18:26:52 - 浮点解 (15颗卫星)
  ECEF: X=-1462904.7824 Y=5615308.9907 Z=2640750.2583
  LLH:  Lat=24.615046048° Lon=104.602162782° H=917.7014m
  原始数据:
2025/11/16 10:27:10.000   24.615046048  104.602162782   917.7014   2  15   0.1073   0.1217   0.2480   0.0310   0.0516  -0.0258  10.00    1.0 6541861

[TCP数据流] 2025/11/16 18:26:54 - 浮点解 (26颗卫星)
  ECEF: X=-1462904.7613 Y=5615308.9319 Z=2640750.1925
  LLH:  Lat=24.615045742° Lon=104.602162726° H=917.6174m
  原始数据:
2025/11/16 10:27:12.000   24.615045742  104.602162726   917.6174   2  26   0.1056   0.1200   0.2434   0.0304   0.0509  -0.0241  12.00    1.0 6541861

[TCP数据流] 2025/11/16 18:26:56 - 浮点解 (26颗卫星)
  ECEF: X=-1462904.7480 Y=5615308.8886 Z=2640750.1361
  LLH:  Lat=24.615045450° Lon=104.602162707° H=917.5528m
  原始数据:
2025/11/16 10:27:14.000   24.615045450  104.602162707   917.5528   2  26   0.1042   0.1183   0.2397   0.0299   0.0502  -0.0230  14.00    1.2 6541861

[TCP数据流] 2025/11/16 18:26:57 - 浮点解 (26颗卫星)
  ECEF: X=-1462904.7315 Y=5615308.8461 Z=2640750.0830
  LLH:  Lat=24.615045184° Lon=104.602162655° H=917.4895m
  原始数据:
2025/11/16 10:27:15.000   24.615045184  104.602162655   917.4895   2  26   0.1028   0.1168   0.2364   0.0295   0.0497  -0.0222  15.00    1.1 6541861

[TCP数据流] 2025/11/16 18:27:00 - 浮点解 (26颗卫星)
  ECEF: X=-1462904.7140 Y=5615308.8116 Z=2640750.0257
  LLH:  Lat=24.615044856° Lon=104.602162574° H=917.4312m
  原始数据:
2025/11/16 10:27:18.000   24.615044856  104.602162574   917.4312   2  26   0.1016   0.1154   0.2338   0.0291   0.0492  -0.0218  18.00    1.1 6541861

[TCP数据流] 2025/11/16 18:27:01 - 浮点解 (8颗卫星)
  ECEF: X=-1462904.7122 Y=5615308.7975 Z=2640750.0114
  LLH:  Lat=24.615044792° Lon=104.602162592° H=917.4125m
  原始数据:
2025/11/16 10:27:19.000   24.615044792  104.602162592   917.4125   2   8   0.1015   0.1150   0.2335   0.0290   0.0492  -0.0229  19.00    1.2 6541861

[TCP数据流] 2025/11/16 18:27:03 - 浮点解 (21颗卫星)
  ECEF: X=-1462904.7015 Y=5615308.7637 Z=2640749.9663
  LLH:  Lat=24.615044555° Lon=104.602162574° H=917.3615m
  原始数据:
2025/11/16 10:27:21.000   24.615044555  104.602162574   917.3615   2  21   0.1007   0.1139   0.2323   0.0286   0.0490  -0.0237  21.00    1.1 6541861

[TCP数据流] 2025/11/16 18:27:04 - 浮点解 (20颗卫星)
  ECEF: X=-1462904.6946 Y=5615308.7180 Z=2640749.9282
  LLH:  Lat=24.615044415° Lon=104.602162622° H=917.3039m
  原始数据:
2025/11/16 10:27:22.000   24.615044415  104.602162622   917.3039   2  20   0.0999   0.1127   0.2307   0.0283   0.0485  -0.0236  22.00    1.2 6541861

[TCP数据流] 2025/11/16 18:27:05 - 浮点解 (26颗卫星)
  ECEF: X=-1462904.6825 Y=5615308.6970 Z=2640749.8829
  LLH:  Lat=24.615044131° Lon=104.602162558° H=917.2637m
  原始数据:
2025/11/16 10:27:23.000   24.615044131  104.602162558   917.2637   2  26   0.0988   0.1114   0.2287   0.0279   0.0480  -0.0236  23.00    1.1 6541861

[TCP数据流] 2025/11/16 18:27:06 - 浮点解 (26颗卫星)
  ECEF: X=-1462904.6766 Y=5615308.6755 Z=2640749.8450
  LLH:  Lat=24.615043904° Lon=104.602162555° H=917.2277m
  原始数据:
2025/11/16 10:27:24.000   24.615043904  104.602162555   917.2277   2  26   0.0978   0.1102   0.2267   0.0275   0.0476  -0.0237  24.00    1.1 6541861

[TCP数据流] 2025/11/16 18:27:07 - 浮点解 (26颗卫星)
  ECEF: X=-1462904.6627 Y=5615308.6598 Z=2640749.8059
  LLH:  Lat=24.615043653° Lon=104.602162462° H=917.1944m
  原始数据:
2025/11/16 10:27:25.000   24.615043653  104.602162462   917.1944   2  26   0.0969   0.1090   0.2249   0.0271   0.0471  -0.0238  25.00    1.0 6541861

[TCP数据流] 2025/11/16 18:27:08 - 浮点解 (26颗卫星)
  ECEF: X=-1462904.6568 Y=5615308.6328 Z=2640749.7714
  LLH:  Lat=24.615043474° Lon=104.602162473° H=917.1549m
  原始数据:
2025/11/16 10:27:26.000   24.615043474  104.602162473   917.1549   2  26   0.0959   0.1078   0.2232   0.0267   0.0467  -0.0239  26.00    1.1 6541861

[TCP数据流] 2025/11/16 18:27:09 - 浮点解 (26颗卫星)
  ECEF: X=-1462904.6505 Y=5615308.6169 Z=2640749.7418
  LLH:  Lat=24.615043295° Lon=104.602162452° H=917.1272m
  原始数据:
2025/11/16 10:27:27.000   24.615043295  104.602162452   917.1272   2  26   0.0950   0.1067   0.2216   0.0264   0.0463  -0.0241  27.00    1.2 6541861

[TCP数据流] 2025/11/16 18:27:11 - 浮点解 (26颗卫星)
  ECEF: X=-1462904.6392 Y=5615308.5932 Z=2640749.7060
  LLH:  Lat=24.615043098° Lon=104.602162403° H=917.0888m
  原始数据:
2025/11/16 10:27:29.000   24.615043098  104.602162403   917.0888   2  26   0.0942   0.1056   0.2200   0.0261   0.0459  -0.0243  29.00    1.0 6541861

[TCP数据流] 2025/11/16 18:27:18 - 浮点解 (26颗卫星)
  ECEF: X=-1462904.6911 Y=5615308.7345 Z=2640749.9691
  LLH:  Lat=24.615044694° Lon=104.602162547° H=917.3346m
  原始数据:
2025/11/16 10:27:36.000   24.615044694  104.602162547   917.3346   2  26   0.0881   0.1032   0.1959   0.0253   0.0426   0.0095   0.00    1.1 6541861

[TCP数据流] 2025/11/16 18:27:19 - 浮点解 (26颗卫星)
  ECEF: X=-1462904.7404 Y=5615308.8424 Z=2640750.1499
  LLH:  Lat=24.615045738° Lon=104.602162750° H=917.5161m
  原始数据:
2025/11/16 10:27:37.000   24.615045738  104.602162750   917.5161   2  26   0.0836   0.1011   0.1802   0.0247   0.0404   0.0198   0.00    1.0 6541861

[TCP数据流] 2025/11/16 18:27:20 - 浮点解 (26颗卫星)
  ECEF: X=-1462904.7671 Y=5615308.9147 Z=2640750.2697
  LLH:  Lat=24.615046433° Lon=104.602162825° H=917.6358m
  原始数据:
2025/11/16 10:27:38.000   24.615046433  104.602162825   917.6358   2  26   0.0802   0.0993   0.1690   0.0241   0.0388   0.0233   0.00    1.2 6541861

[TCP数据流] 2025/11/16 18:27:21 - 浮点解 (26颗卫星)
  ECEF: X=-1462904.7977 Y=5615308.9670 Z=2640750.3668
  LLH:  Lat=24.615047011° Lon=104.602162987° H=917.7292m
  原始数据:
2025/11/16 10:27:39.000   24.615047011  104.602162987   917.7292   2  26   0.0774   0.0976   0.1605   0.0235   0.0375   0.0250   0.00    1.0 6541861

[TCP数据流] 2025/11/16 18:27:22 - 浮点解 (26颗卫星)
  ECEF: X=-1462904.8220 Y=5615309.0115 Z=2640750.4320
  LLH:  Lat=24.615047361° Lon=104.602163108° H=917.8011m
  原始数据:
2025/11/16 10:27:40.000   24.615047361  104.602163108   917.8011   2  26   0.0752   0.0961   0.1541   0.0230   0.0364   0.0257   1.00    1.1 6541861

[TCP数据流] 2025/11/16 18:27:23 - 浮点解 (26颗卫星)
  ECEF: X=-1462904.8294 Y=5615308.9634 Z=2640750.4787
  LLH:  Lat=24.615047912° Lon=104.602163299° H=917.7799m
  原始数据:
2025/11/16 10:27:41.000   24.615047912  104.602163299   917.7799   2  26   0.0732   0.0947   0.1485   0.0226   0.0355   0.0262   0.00    1.0 6541861

[TCP数据流] 2025/11/16 18:27:24 - 浮点解 (26颗卫星)
  ECEF: X=-1462904.8294 Y=5615308.9191 Z=2640750.5001
  LLH:  Lat=24.615048249° Lon=104.602163409° H=917.7499m
  原始数据:
2025/11/16 10:27:42.000   24.615048249  104.602163409   917.7499   2  26   0.0715   0.0934   0.1440   0.0222   0.0347   0.0263   1.00    1.1 6541861

[TCP数据流] 2025/11/16 18:27:25 - 浮点解 (26颗卫星)
  ECEF: X=-1462904.8216 Y=5615308.8647 Z=2640750.4965
  LLH:  Lat=24.615048425° Lon=104.602163470° H=917.6987m
  原始数据:
2025/11/16 10:27:43.000   24.615048425  104.602163470   917.6987   2  26   0.0702   0.0923   0.1405   0.0218   0.0341   0.0263   2.00    1.1 6541861

[TCP数据流] 2025/11/16 18:27:26 - 浮点解 (26颗卫星)
  ECEF: X=-1462904.8158 Y=5615308.8131 Z=2640750.4817
  LLH:  Lat=24.615048496° Lon=104.602163543° H=917.6458m
  原始数据:
2025/11/16 10:27:44.000   24.615048496  104.602163543   917.6458   2  26   0.0691   0.0913   0.1378   0.0215   0.0336   0.0261   3.00    1.1 6541861

[TCP数据流] 2025/11/16 18:27:27 - 浮点解 (26颗卫星)
  ECEF: X=-1462904.8100 Y=5615308.7681 Z=2640750.4601
  LLH:  Lat=24.615048488° Lon=104.602163600° H=917.5959m
  原始数据:
2025/11/16 10:27:45.000   24.615048488  104.602163600   917.5959   2  26   0.0682   0.0903   0.1356   0.0212   0.0332   0.0260   4.00    1.0 6541861

[TCP数据流] 2025/11/16 18:27:28 - 浮点解 (26颗卫星)
  ECEF: X=-1462904.8015 Y=5615308.7242 Z=2640750.4336
  LLH:  Lat=24.615048439° Lon=104.602163628° H=917.5443m
  原始数据:
2025/11/16 10:27:46.000   24.615048439  104.602163628   917.5443   2  26   0.0675   0.0895   0.1339   0.0209   0.0329   0.0257   5.00    1.0 6541861

[TCP数据流] 2025/11/16 18:27:29 - 浮点解 (20颗卫星)
  ECEF: X=-1462904.7985 Y=5615308.6855 Z=2640750.4144
  LLH:  Lat=24.615048425° Lon=104.602163695° H=917.5016m
  原始数据:
2025/11/16 10:27:47.000   24.615048425  104.602163695   917.5016   2  20   0.0671   0.0888   0.1329   0.0207   0.0328   0.0259   6.00    1.0 6541861

[TCP数据流] 2025/11/16 18:27:30 - 浮点解 (26颗卫星)
  ECEF: X=-1462904.7917 Y=5615308.6502 Z=2640750.3874
  LLH:  Lat=24.615048338° Lon=104.602163718° H=917.4577m
  原始数据:
2025/11/16 10:27:48.000   24.615048338  104.602163718   917.4577   2  26   0.0665   0.0881   0.1317   0.0205   0.0325   0.0256   7.00    1.1 6541861

[TCP数据流] 2025/11/16 18:27:31 - 浮点解 (26颗卫星)
  ECEF: X=-1462904.7915 Y=5615308.6202 Z=2640750.3635
  LLH:  Lat=24.615048251° Lon=104.602163791° H=917.4213m
  原始数据:
2025/11/16 10:27:49.000   24.615048251  104.602163791   917.4213   2  26   0.0660   0.0874   0.1308   0.0203   0.0322   0.0254   8.00    1.0 6541861

[TCP数据流] 2025/11/16 18:27:32 - 浮点解 (26颗卫星)
  ECEF: X=-1462904.7847 Y=5615308.5929 Z=2640750.3380
  LLH:  Lat=24.615048148° Lon=104.602163794° H=917.3851m
  原始数据:
2025/11/16 10:27:50.000   24.615048148  104.602163794   917.3851   2  26   0.0656   0.0867   0.1299   0.0201   0.0320   0.0251   9.00    1.1 6541861

[TCP数据流] 2025/11/16 18:27:33 - 浮点解 (26颗卫星)
  ECEF: X=-1462904.7758 Y=5615308.5677 Z=2640750.3122
  LLH:  Lat=24.615048036° Lon=104.602163772° H=917.3502m
  原始数据:
2025/11/16 10:27:51.000   24.615048036  104.602163772   917.3502   2  26   0.0652   0.0860   0.1292   0.0199   0.0318   0.0248  10.00    1.1 6541861

[TCP数据流] 2025/11/16 18:27:34 - 浮点解 (26颗卫星)
  ECEF: X=-1462904.7730 Y=5615308.5463 Z=2640750.2915
  LLH:  Lat=24.615047947° Lon=104.602163798° H=917.3221m
  原始数据:
2025/11/16 10:27:52.000   24.615047947  104.602163798   917.3221   2  26   0.0648   0.0854   0.1285   0.0197   0.0316   0.0246  11.00    1.0 6541861

[TCP数据流] 2025/11/16 18:27:35 - 浮点解 (20颗卫星)
  ECEF: X=-1462904.7695 Y=5615308.5209 Z=2640750.2723
  LLH:  Lat=24.615047885° Lon=104.602163828° H=917.2910m
  原始数据:
2025/11/16 10:27:53.000   24.615047885  104.602163828   917.2910   2  20   0.0645   0.0849   0.1281   0.0196   0.0314   0.0245  12.00    1.0 6541861

[TCP数据流] 2025/11/16 18:27:36 - 浮点解 (26颗卫星)
  ECEF: X=-1462904.7625 Y=5615308.4998 Z=2640750.2496
  LLH:  Lat=24.615047782° Lon=104.602163814° H=917.2613m
  原始数据:
2025/11/16 10:27:54.000   24.615047782  104.602163814   917.2613   2  26   0.0642   0.0843   0.1275   0.0195   0.0312   0.0242  13.00    1.0 6541861

[TCP数据流] 2025/11/16 18:27:37 - 浮点解 (26颗卫星)
  ECEF: X=-1462904.7566 Y=5615308.4775 Z=2640750.2274
  LLH:  Lat=24.615047687° Lon=104.602163813° H=917.2311m
  原始数据:
2025/11/16 10:27:55.000   24.615047687  104.602163813   917.2311   2  26   0.0638   0.0837   0.1270   0.0193   0.0310   0.0239  14.00    1.2 6541861

[TCP数据流] 2025/11/16 18:27:38 - 浮点解 (26颗卫星)
  ECEF: X=-1462904.7501 Y=5615308.4620 Z=2640750.2074
  LLH:  Lat=24.615047585° Lon=104.602163789° H=917.2076m
  原始数据:
2025/11/16 10:27:56.000   24.615047585  104.602163789   917.2076   2  26   0.0635   0.0832   0.1265   0.0192   0.0309   0.0237  15.00    1.0 6541861

[TCP数据流] 2025/11/16 18:27:39 - 浮点解 (26颗卫星)
  ECEF: X=-1462904.7459 Y=5615308.4474 Z=2640750.1901
  LLH:  Lat=24.615047500° Lon=104.602163785° H=917.1866m
  原始数据:
2025/11/16 10:27:57.000   24.615047500  104.602163785   917.1866   2  26   0.0632   0.0826   0.1261   0.0190   0.0307   0.0234  16.00    1.1 6541861

[TCP数据流] 2025/11/16 18:27:40 - 浮点解 (26颗卫星)
  ECEF: X=-1462904.7415 Y=5615308.4323 Z=2640750.1699
  LLH:  Lat=24.615047394° Lon=104.602163781° H=917.1639m
  原始数据:
2025/11/16 10:27:58.000   24.615047394  104.602163781   917.1639   2  26   0.0629   0.0821   0.1257   0.0189   0.0305   0.0232  17.00    1.0 6541861

[TCP数据流] 2025/11/16 18:27:41 - 浮点解 (26颗卫星)
  ECEF: X=-1462904.7374 Y=5615308.4132 Z=2640750.1468
  LLH:  Lat=24.615047277° Lon=104.602163789° H=917.1365m
  原始数据:
2025/11/16 10:27:59.000   24.615047277  104.602163789   917.1365   2  26   0.0627   0.0816   0.1253   0.0187   0.0304   0.0229  18.00    1.0 6541861

[TCP数据流] 2025/11/16 18:27:42 - 浮点解 (26颗卫星)
  ECEF: X=-1462904.7337 Y=5615308.3990 Z=2640750.1290
  LLH:  Lat=24.615047186° Lon=104.602163789° H=917.1158m
  原始数据:
2025/11/16 10:28:00.000   24.615047186  104.602163789   917.1158   2  26   0.0624   0.0811   0.1249   0.0186   0.0302   0.0227  19.00    1.1 6541861

[TCP数据流] 2025/11/16 18:27:43 - 浮点解 (26颗卫星)
  ECEF: X=-1462904.7324 Y=5615308.3831 Z=2640750.1100
  LLH:  Lat=24.615047090° Lon=104.602163817° H=917.0936m
  原始数据:
2025/11/16 10:28:01.000   24.615047090  104.602163817   917.0936   2  26   0.0621   0.0806   0.1246   0.0185   0.0301   0.0224  20.00    1.0 6541861

[TCP数据流] 2025/11/16 18:27:44 - 浮点解 (26颗卫星)
  ECEF: X=-1462904.7308 Y=5615308.3670 Z=2640750.0909
  LLH:  Lat=24.615046993° Lon=104.602163841° H=917.0711m
  原始数据:
2025/11/16 10:28:02.000   24.615046993  104.602163841   917.0711   2  26   0.0618   0.0801   0.1242   0.0184   0.0299   0.0222  21.00    1.0 6541861

[TCP数据流] 2025/11/16 18:27:45 - 浮点解 (26颗卫星)
  ECEF: X=-1462904.7272 Y=5615308.3506 Z=2640750.0692
  LLH:  Lat=24.615046878° Lon=104.602163848° H=917.0468m
  原始数据:
2025/11/16 10:28:03.000   24.615046878  104.602163848   917.0468   2  26   0.0616   0.0796   0.1239   0.0182   0.0298   0.0219  22.00    1.0 6541861

[TCP数据流] 2025/11/16 18:27:46 - 浮点解 (26颗卫星)
  ECEF: X=-1462904.7227 Y=5615308.3372 Z=2640750.0497
  LLH:  Lat=24.615046771° Lon=104.602163838° H=917.0259m
  原始数据:
2025/11/16 10:28:04.000   24.615046771  104.602163838   917.0259   2  26   0.0613   0.0792   0.1236   0.0181   0.0296   0.0217  23.00    1.0 6541861

[TCP数据流] 2025/11/16 18:27:47 - 浮点解 (20颗卫星)
  ECEF: X=-1462904.7233 Y=5615308.3229 Z=2640750.0367
  LLH:  Lat=24.615046716° Lon=104.602163879° H=917.0080m
  原始数据:
2025/11/16 10:28:05.000   24.615046716  104.602163879   917.0080   2  20   0.0611   0.0788   0.1234   0.0180   0.0295   0.0215  24.00    1.1 6541861

[TCP数据流] 2025/11/16 18:27:48 - 浮点解 (26颗卫星)
  ECEF: X=-1462904.7232 Y=5615308.3082 Z=2640750.0191
  LLH:  Lat=24.615046625° Lon=104.602163915° H=916.9877m
  原始数据:
2025/11/16 10:28:06.000   24.615046625  104.602163915   916.9877   2  26   0.0609   0.0783   0.1231   0.0179   0.0293   0.0213  25.00    1.2 6541861

[TCP数据流] 2025/11/16 18:27:49 - 浮点解 (26颗卫星)
  ECEF: X=-1462904.7216 Y=5615308.2934 Z=2640750.0002
  LLH:  Lat=24.615046525° Lon=104.602163937° H=916.9665m
  原始数据:
2025/11/16 10:28:07.000   24.615046525  104.602163937   916.9665   2  26   0.0607   0.0779   0.1228   0.0178   0.0292   0.0211  26.00    1.0 6541861

[TCP数据流] 2025/11/16 18:27:50 - 浮点解 (26颗卫星)
  ECEF: X=-1462904.7193 Y=5615308.2775 Z=2640749.9804
  LLH:  Lat=24.615046423° Lon=104.602163954° H=916.9437m
  原始数据:
2025/11/16 10:28:08.000   24.615046423  104.602163954   916.9437   2  26   0.0604   0.0775   0.1225   0.0177   0.0291   0.0208  27.00    1.2 6541861

[TCP数据流] 2025/11/16 18:27:51 - 浮点解 (26颗卫星)
  ECEF: X=-1462904.7154 Y=5615308.2625 Z=2640749.9598
  LLH:  Lat=24.615046312° Lon=104.602163954° H=916.9211m
  原始数据:
2025/11/16 10:28:09.000   24.615046312  104.602163954   916.9211   2  26   0.0602   0.0770   0.1223   0.0176   0.0290   0.0206  28.00    1.0 6541861

[TCP数据流] 2025/11/16 18:27:52 - 浮点解 (26颗卫星)
  ECEF: X=-1462904.7115 Y=5615308.2478 Z=2640749.9408
  LLH:  Lat=24.615046213° Lon=104.602163954° H=916.8993m
  原始数据:
2025/11/16 10:28:10.000   24.615046213  104.602163954   916.8993   2  26   0.0600   0.0766   0.1220   0.0175   0.0288   0.0204  29.00    1.1 6541861

[TCP数据流] 2025/11/16 18:27:53 - 浮点解 (26颗卫星)
  ECEF: X=-1462904.7091 Y=5615308.2339 Z=2640749.9227
  LLH:  Lat=24.615046117° Lon=104.602163965° H=916.8790m
  原始数据:
2025/11/16 10:28:11.000   24.615046117  104.602163965   916.8790   2  26   0.0598   0.0762   0.1218   0.0174   0.0287   0.0201  30.00    1.0 6541861

[TCP数据流] 2025/11/16 18:28:35 - 浮点解 (26颗卫星)
  ECEF: X=-1462904.8056 Y=5615308.5105 Z=2640750.4409
  LLH:  Lat=24.615049272° Lon=104.602164199° H=917.3603m
  原始数据:
2025/11/16 10:28:53.000   24.615049272  104.602164199   917.3603   2  26   0.0460   0.0679   0.0893   0.0137   0.0229   0.0195   0.00    1.1 6541861

[TCP数据流] 2025/11/16 18:28:36 - 浮点解 (26颗卫星)
  ECEF: X=-1462904.8148 Y=5615308.5259 Z=2640750.4663
  LLH:  Lat=24.615049416° Lon=104.602164248° H=917.3865m
  原始数据:
2025/11/16 10:28:54.000   24.615049416  104.602164248   917.3865   2  26   0.0451   0.0671   0.0873   0.0134   0.0226   0.0192   1.00    1.0 6541861

[TCP数据流] 2025/11/16 18:28:37 - 浮点解 (26颗卫星)
  ECEF: X=-1462904.8219 Y=5615308.5264 Z=2640750.4744
  LLH:  Lat=24.615049474° Lon=104.602164315° H=917.3920m
  原始数据:
2025/11/16 10:28:55.000   24.615049474  104.602164315   917.3920   2  26   0.0444   0.0665   0.0857   0.0132   0.0223   0.0190   2.00    1.1 6541861

[TCP数据流] 2025/11/16 18:28:38 - 浮点解 (26颗卫星)
  ECEF: X=-1462904.8258 Y=5615308.5259 Z=2640750.4739
  LLH:  Lat=24.615049468° Lon=104.602164353° H=917.3922m
  原始数据:
2025/11/16 10:28:56.000   24.615049468  104.602164353   917.3922   2  26   0.0438   0.0659   0.0844   0.0130   0.0221   0.0188   3.00    1.0 6541861

[TCP数据流] 2025/11/16 18:28:39 - 浮点解 (26颗卫星)
  ECEF: X=-1462904.8270 Y=5615308.5193 Z=2640750.4659
  LLH:  Lat=24.615049425° Lon=104.602164381° H=917.3833m
  原始数据:
2025/11/16 10:28:57.000   24.615049425  104.602164381   917.3833   2  26   0.0433   0.0654   0.0834   0.0129   0.0219   0.0186   4.00    1.0 6541861

[TCP数据流] 2025/11/16 18:28:40 - 浮点解 (26颗卫星)
  ECEF: X=-1462904.8251 Y=5615308.5168 Z=2640750.4562
  LLH:  Lat=24.615049356° Lon=104.602164369° H=917.3767m
  原始数据:
2025/11/16 10:28:58.000   24.615049356  104.602164369   917.3767   2  26   0.0430   0.0650   0.0826   0.0128   0.0218   0.0185   5.00    1.0 6541861

[TCP数据流] 2025/11/16 18:28:41 - 浮点解 (26颗卫星)
  ECEF: X=-1462904.8246 Y=5615308.5079 Z=2640750.4429
  LLH:  Lat=24.615049280° Lon=104.602164387° H=917.3632m
  原始数据:
2025/11/16 10:28:59.000   24.615049280  104.602164387   917.3632   2  26   0.0427   0.0646   0.0820   0.0127   0.0217   0.0184   6.00    1.0 6541861

[TCP数据流] 2025/11/16 18:28:42 - 浮点解 (26颗卫星)
  ECEF: X=-1462904.8230 Y=5615308.5006 Z=2640750.4308
  LLH:  Lat=24.615049209° Lon=104.602164390° H=917.3514m
  原始数据:
2025/11/16 10:29:00.000   24.615049209  104.602164390   917.3514   2  26   0.0424   0.0643   0.0814   0.0126   0.0216   0.0182   7.00    1.0 6541861

[TCP数据流] 2025/11/16 18:28:43 - 浮点解 (26颗卫星)
  ECEF: X=-1462904.8220 Y=5615308.4903 Z=2640750.4169
  LLH:  Lat=24.615049133° Lon=104.602164406° H=917.3363m
  原始数据:
2025/11/16 10:29:01.000   24.615049133  104.602164406   917.3363   2  26   0.0422   0.0640   0.0810   0.0125   0.0215   0.0181   8.00    1.0 6541861

[TCP数据流] 2025/11/16 18:28:44 - 浮点解 (26颗卫星)
  ECEF: X=-1462904.8214 Y=5615308.4825 Z=2640750.4037
  LLH:  Lat=24.615049054° Lon=104.602164419° H=917.3238m
  原始数据:
2025/11/16 10:29:02.000   24.615049054  104.602164419   917.3238   2  26   0.0420   0.0636   0.0806   0.0125   0.0214   0.0180   9.00    1.0 6541861

[TCP数据流] 2025/11/16 18:28:45 - 浮点解 (26颗卫星)
  ECEF: X=-1462904.8178 Y=5615308.4770 Z=2640750.3895
  LLH:  Lat=24.615048961° Lon=104.602164399° H=917.3122m
  原始数据:
2025/11/16 10:29:03.000   24.615048961  104.602164399   917.3122   2  26   0.0418   0.0633   0.0803   0.0124   0.0213   0.0179  10.00    1.0 6541861

[TCP数据流] 2025/11/16 18:28:46 - 浮点解 (26颗卫星)
  ECEF: X=-1462904.8157 Y=5615308.4688 Z=2640750.3773
  LLH:  Lat=24.615048892° Lon=104.602164399° H=917.2994m
  原始数据:
2025/11/16 10:29:04.000   24.615048892  104.602164399   917.2994   2  26   0.0417   0.0631   0.0800   0.0123   0.0212   0.0178  11.00    1.0 6541861

[TCP数据流] 2025/11/16 18:28:47 - 浮点解 (26颗卫星)
  ECEF: X=-1462904.8153 Y=5615308.4593 Z=2640750.3647
  LLH:  Lat=24.615048824° Lon=104.602164419° H=917.2857m
  原始数据:
2025/11/16 10:29:05.000   24.615048824  104.602164419   917.2857   2  26   0.0415   0.0628   0.0797   0.0122   0.0212   0.0177  12.00    1.0 6541861

[TCP数据流] 2025/11/16 18:28:48 - 浮点解 (26颗卫星)
  ECEF: X=-1462904.8160 Y=5615308.4502 Z=2640750.3532
  LLH:  Lat=24.615048762° Lon=104.602164448° H=917.2731m
  原始数据:
2025/11/16 10:29:06.000   24.615048762  104.602164448   917.2731   2  26   0.0414   0.0625   0.0795   0.0122   0.0211   0.0176  13.00    1.0 6541861

[TCP数据流] 2025/11/16 18:28:49 - 浮点解 (26颗卫星)
  ECEF: X=-1462904.8142 Y=5615308.4410 Z=2640750.3404
  LLH:  Lat=24.615048692° Lon=104.602164454° H=917.2593m
  原始数据:
2025/11/16 10:29:07.000   24.615048692  104.602164454   917.2593   2  26   0.0412   0.0623   0.0793   0.0121   0.0210   0.0175  14.00    1.0 6541861

[TCP数据流] 2025/11/16 18:28:50 - 浮点解 (26颗卫星)
  ECEF: X=-1462904.8131 Y=5615308.4321 Z=2640750.3277
  LLH:  Lat=24.615048621° Lon=104.602164466° H=917.2459m
  原始数据:
2025/11/16 10:29:08.000   24.615048621  104.602164466   917.2459   2  26   0.0411   0.0620   0.0791   0.0121   0.0209   0.0174  15.00    1.0 6541861

[TCP数据流] 2025/11/16 18:28:51 - 浮点解 (26颗卫星)
  ECEF: X=-1462904.8113 Y=5615308.4228 Z=2640750.3146
  LLH:  Lat=24.615048549° Lon=104.602164472° H=917.2318m
  原始数据:
2025/11/16 10:29:09.000   24.615048549  104.602164472   917.2318   2  26   0.0410   0.0618   0.0789   0.0120   0.0209   0.0173  16.00    1.0 6541861

[TCP数据流] 2025/11/16 18:28:52 - 浮点解 (26颗卫星)
  ECEF: X=-1462904.8097 Y=5615308.4137 Z=2640750.3024
  LLH:  Lat=24.615048484° Lon=104.602164479° H=917.2184m
  原始数据:
2025/11/16 10:29:10.000   24.615048484  104.602164479   917.2184   2  26   0.0409   0.0615   0.0788   0.0120   0.0208   0.0172  17.00    1.1 6541861

[TCP数据流] 2025/11/16 18:28:53 - 浮点解 (26颗卫星)
  ECEF: X=-1462904.8092 Y=5615308.4044 Z=2640750.2906
  LLH:  Lat=24.615048421° Lon=104.602164497° H=917.2052m
  原始数据:
2025/11/16 10:29:11.000   24.615048421  104.602164497   917.2052   2  26   0.0408   0.0613   0.0786   0.0120   0.0207   0.0172  18.00    1.0 6541861

[TCP数据流] 2025/11/16 18:28:54 - 浮点解 (26颗卫星)
  ECEF: X=-1462904.8085 Y=5615308.3965 Z=2640750.2794
  LLH:  Lat=24.615048359° Lon=104.602164510° H=917.1934m
  原始数据:
2025/11/16 10:29:12.000   24.615048359  104.602164510   917.1934   2  26   0.0407   0.0611   0.0785   0.0119   0.0207   0.0171  19.00    1.1 6541861

[TCP数据流] 2025/11/16 18:28:55 - 浮点解 (26颗卫星)
  ECEF: X=-1462904.8066 Y=5615308.3882 Z=2640750.2676
  LLH:  Lat=24.615048294° Lon=104.602164513° H=917.1807m
  原始数据:
2025/11/16 10:29:13.000   24.615048294  104.602164513   917.1807   2  26   0.0406   0.0609   0.0784   0.0119   0.0206   0.0170  20.00    1.0 6541861

[TCP数据流] 2025/11/16 18:28:56 - 浮点解 (26颗卫星)
  ECEF: X=-1462904.8040 Y=5615308.3804 Z=2640750.2565
  LLH:  Lat=24.615048234° Lon=104.602164507° H=917.1687m
  原始数据:
2025/11/16 10:29:14.000   24.615048234  104.602164507   917.1687   2  26   0.0405   0.0607   0.0782   0.0118   0.0205   0.0169  21.00    1.0 6541861

[TCP数据流] 2025/11/16 18:28:57 - 浮点解 (26颗卫星)
  ECEF: X=-1462904.8036 Y=5615308.3722 Z=2640750.2460
  LLH:  Lat=24.615048178° Lon=104.602164524° H=917.1570m
  原始数据:
2025/11/16 10:29:15.000   24.615048178  104.602164524   917.1570   2  26   0.0404   0.0604   0.0781   0.0118   0.0205   0.0169  22.00    1.0 6541861

[TCP数据流] 2025/11/16 18:28:58 - 浮点解 (26颗卫星)
  ECEF: X=-1462904.8038 Y=5615308.3649 Z=2640750.2360
  LLH:  Lat=24.615048122° Lon=104.602164544° H=917.1464m
  原始数据:
2025/11/16 10:29:16.000   24.615048122  104.602164544   917.1464   2  26   0.0404   0.0602   0.0780   0.0118   0.0204   0.0168  23.00    1.0 6541861

[TCP数据流] 2025/11/16 18:28:59 - 浮点解 (26颗卫星)
  ECEF: X=-1462904.8046 Y=5615308.3586 Z=2640750.2271
  LLH:  Lat=24.615048071° Lon=104.602164567° H=917.1373m
  原始数据:
2025/11/16 10:29:17.000   24.615048071  104.602164567   917.1373   2  26   0.0403   0.0600   0.0779   0.0117   0.0203   0.0167  24.00    1.0 6541861

[TCP数据流] 2025/11/16 18:29:00 - 浮点解 (26颗卫星)
  ECEF: X=-1462904.8033 Y=5615308.3522 Z=2640750.2170
  LLH:  Lat=24.615048013° Lon=104.602164571° H=917.1272m
  原始数据:
2025/11/16 10:29:18.000   24.615048013  104.602164571   917.1272   2  26   0.0402   0.0598   0.0778   0.0117   0.0203   0.0166  25.00    1.0 6541861

[TCP数据流] 2025/11/16 18:29:01 - 浮点解 (26颗卫星)
  ECEF: X=-1462904.8030 Y=5615308.3458 Z=2640750.2080
  LLH:  Lat=24.615047962° Lon=104.602164584° H=917.1178m
  原始数据:
2025/11/16 10:29:19.000   24.615047962  104.602164584   917.1178   2  26   0.0401   0.0596   0.0777   0.0117   0.0202   0.0165  26.00    1.0 6541861

[TCP数据流] 2025/11/16 18:29:02 - 浮点解 (26颗卫星)
  ECEF: X=-1462904.8012 Y=5615308.3396 Z=2640750.1974
  LLH:  Lat=24.615047900° Lon=104.602164582° H=917.1075m
  原始数据:
2025/11/16 10:29:20.000   24.615047900  104.602164582   917.1075   2  26   0.0400   0.0594   0.0776   0.0116   0.0202   0.0165  27.00    1.0 6541861

[TCP数据流] 2025/11/16 18:29:03 - 浮点解 (26颗卫星)
  ECEF: X=-1462904.8010 Y=5615308.3328 Z=2640750.1877
  LLH:  Lat=24.615047845° Lon=104.602164597° H=917.0974m
  原始数据:
2025/11/16 10:29:21.000   24.615047845  104.602164597   917.0974   2  26   0.0400   0.0592   0.0775   0.0116   0.0201   0.0164  28.00    1.1 6541861

[TCP数据流] 2025/11/16 18:31:27 - 浮点解 (20颗卫星)
  ECEF: X=-1462904.8661 Y=5615308.6298 Z=2640750.3051
  LLH:  Lat=24.615047666° Lon=104.602164480° H=917.4225m
  原始数据:
2025/11/16 10:31:45.000   24.615047666  104.602164480   917.4225   2  20   0.0340   0.0537   0.0643   0.0072   0.0167   0.0126  18.00    1.0 6541861

[TCP数据流] 2025/11/16 18:31:28 - 浮点解 (26颗卫星)
  ECEF: X=-1462904.8652 Y=5615308.6358 Z=2640750.3024
  LLH:  Lat=24.615047623° Lon=104.602164456° H=917.4265m
  原始数据:
2025/11/16 10:31:46.000   24.615047623  104.602164456   917.4265   2  26   0.0338   0.0535   0.0639   0.0071   0.0166   0.0126  19.00    1.0 6541861

[TCP数据流] 2025/11/16 18:31:29 - 浮点解 (26颗卫星)
  ECEF: X=-1462904.8626 Y=5615308.6413 Z=2640750.2994
  LLH:  Lat=24.615047581° Lon=104.602164418° H=917.4295m
  原始数据:
2025/11/16 10:31:47.000   24.615047581  104.602164418   917.4295   2  26   0.0336   0.0532   0.0635   0.0070   0.0165   0.0125  20.00    1.0 6541861

[TCP数据流] 2025/11/16 18:31:30 - 浮点解 (26颗卫星)
  ECEF: X=-1462904.8601 Y=5615308.6464 Z=2640750.2961
  LLH:  Lat=24.615047538° Lon=104.602164381° H=917.4320m
  原始数据:
2025/11/16 10:31:48.000   24.615047538  104.602164381   917.4320   2  26   0.0334   0.0530   0.0632   0.0069   0.0165   0.0124  21.00    1.0 6541861

[TCP数据流] 2025/11/16 18:31:32 - 浮点解 (26颗卫星)
  ECEF: X=-1462904.8570 Y=5615308.6503 Z=2640750.2917
  LLH:  Lat=24.615047490° Lon=104.602164342° H=917.4329m
  原始数据:
2025/11/16 10:31:50.000   24.615047490  104.602164342   917.4329   2  26   0.0333   0.0528   0.0629   0.0068   0.0164   0.0124  23.00    1.0 6541861

[TCP数据流] 2025/11/16 18:31:33 - 浮点解 (26颗卫星)
  ECEF: X=-1462904.8532 Y=5615308.6538 Z=2640750.2872
  LLH:  Lat=24.615047444° Lon=104.602164297° H=917.4332m
  原始数据:
2025/11/16 10:31:51.000   24.615047444  104.602164297   917.4332   2  26   0.0332   0.0526   0.0626   0.0067   0.0163   0.0123  24.00    1.0 6541861

[TCP数据流] 2025/11/16 18:31:34 - 浮点解 (26颗卫星)
  ECEF: X=-1462904.8508 Y=5615308.6559 Z=2640750.2818
  LLH:  Lat=24.615047395° Lon=104.602164269° H=917.4323m
  原始数据:
2025/11/16 10:31:52.000   24.615047395  104.602164269   917.4323   2  26   0.0330   0.0524   0.0624   0.0067   0.0163   0.0122  25.00    1.0 6541861

[TCP数据流] 2025/11/16 18:31:36 - 浮点解 (26颗卫星)
  ECEF: X=-1462904.8468 Y=5615308.6581 Z=2640750.2760
  LLH:  Lat=24.615047343° Lon=104.602164225° H=917.4309m
  原始数据:
2025/11/16 10:31:54.000   24.615047343  104.602164225   917.4309   2  26   0.0329   0.0522   0.0622   0.0066   0.0162   0.0122  27.00    1.1 6541861

[TCP数据流] 2025/11/16 18:31:37 - 浮点解 (21颗卫星)
  ECEF: X=-1462904.8415 Y=5615308.6594 Z=2640750.2707
  LLH:  Lat=24.615047300° Lon=104.602164171° H=917.4286m
  原始数据:
2025/11/16 10:31:55.000   24.615047300  104.602164171   917.4286   2  21   0.0329   0.0521   0.0621   0.0066   0.0162   0.0121  28.00    1.0 6541861

[TCP数据流] 2025/11/16 18:31:38 - 浮点解 (14颗卫星)
  ECEF: X=-1462904.8408 Y=5615308.6573 Z=2640750.2663
  LLH:  Lat=24.615047272° Lon=104.602164170° H=917.4248m
  原始数据:
2025/11/16 10:31:56.000   24.615047272  104.602164170   917.4248   2  14   0.0328   0.0520   0.0621   0.0066   0.0161   0.0120  29.00    1.3 6541861

[TCP数据流] 2025/11/16 18:32:08 - 浮点解 (8颗卫星)
  ECEF: X=-1462904.8394 Y=5615308.6574 Z=2640750.2653
  LLH:  Lat=24.615047265° Lon=104.602164156° H=917.4241m
  原始数据:
2025/11/16 10:32:26.000   24.615047265  104.602164156   917.4241   2   8   0.0328   0.0520   0.0620   0.0066   0.0161   0.0120   0.00    0.0 6541861

[TCP数据流] 2025/11/16 18:32:09 - 浮点解 (21颗卫星)
  ECEF: X=-1462904.9016 Y=5615308.7691 Z=2640750.4194
  LLH:  Lat=24.615048064° Lon=104.602164472° H=917.6009m
  原始数据:
2025/11/16 10:32:27.000   24.615048064  104.602164472   917.6009   2  21   0.0308   0.0501   0.0595   0.0041   0.0125   0.0075   0.00    2.0 6541861

[TCP数据流] 2025/11/16 18:32:10 - 浮点解 (14颗卫星)
  ECEF: X=-1462904.9433 Y=5615308.8363 Z=2640750.4985
  LLH:  Lat=24.615048429° Lon=104.602164703° H=917.7025m
  原始数据:
2025/11/16 10:32:28.000   24.615048429  104.602164703   917.7025   2  14   0.0296   0.0492   0.0578   0.0055   0.0101   0.0049   0.00    2.9 6541861

[TCP数据流] 2025/11/16 18:32:12 - 固定解 (14颗卫星)
  ECEF: X=-1462904.8872 Y=5615308.9581 Z=2640750.6104
  LLH:  Lat=24.615048957° Lon=104.602163864° H=917.8434m
  原始数据:
2025/11/16 10:32:30.000   24.615048957  104.602163864   917.8434   1  14   0.0013   0.0013   0.0047  -0.0004   0.0017  -0.0017   2.00    3.3 6541861

[TCP数据流] 2025/11/16 18:32:13 - 固定解 (14颗卫星)
  ECEF: X=-1462904.8863 Y=5615308.9573 Z=2640750.6100
  LLH:  Lat=24.615048958° Lon=104.602163858° H=917.8423m
  原始数据:
2025/11/16 10:32:31.000   24.615048958  104.602163858   917.8423   1  14   0.0013   0.0013   0.0046  -0.0004   0.0017  -0.0017   3.00    3.3 6541861

[TCP数据流] 2025/11/16 18:32:14 - 浮点解 (13颗卫星)
  ECEF: X=-1462905.0030 Y=5615308.9680 Z=2640750.5929
  LLH:  Lat=24.615048668° Lon=104.602164946° H=917.8713m
  原始数据:
2025/11/16 10:32:32.000   24.615048668  104.602164946   917.8713   2  13   0.0276   0.0478   0.0534   0.0070   0.0089   0.0055   4.00    0.0 6541861

[TCP数据流] 2025/11/16 18:32:15 - 浮点解 (26颗卫星)
  ECEF: X=-1462905.0178 Y=5615309.0357 Z=2640750.6280
  LLH:  Lat=24.615048696° Lon=104.602164919° H=917.9489m
  原始数据:
2025/11/16 10:32:33.000   24.615048696  104.602164919   917.9489   2  26   0.0267   0.0469   0.0513   0.0064   0.0092   0.0062   5.00    2.4 6541861

[TCP数据流] 2025/11/16 18:32:16 - 浮点解 (26颗卫星)
  ECEF: X=-1462905.0265 Y=5615309.0854 Z=2640750.6512
  LLH:  Lat=24.615048697° Lon=104.602164878° H=918.0043m
  原始数据:
2025/11/16 10:32:34.000   24.615048697  104.602164878   918.0043   2  26   0.0260   0.0462   0.0497   0.0059   0.0093   0.0065   6.00    1.1 6541861

[TCP数据流] 2025/11/16 18:32:17 - 固定解 (20颗卫星)
  ECEF: X=-1462905.1069 Y=5615309.0044 Z=2640750.8165
  LLH:  Lat=24.615050272° Lon=104.602165848° H=918.0203m
  原始数据:
2025/11/16 10:32:35.000   24.615050272  104.602165848   918.0203   1  20   0.0066   0.0025   0.0132  -0.0039   0.0055  -0.0087   7.00    4.0 6541861

[TCP数据流] 2025/11/16 18:32:21 - 浮点解 (21颗卫星)
  ECEF: X=-1462905.0235 Y=5615309.1154 Z=2640750.6617
  LLH:  Lat=24.615048677° Lon=104.602164775° H=918.0344m
  原始数据:
2025/11/16 10:32:39.000   24.615048677  104.602164775   918.0344   2  21   0.0256   0.0456   0.0486   0.0051   0.0095   0.0067  11.00    1.1 6541861

[TCP数据流] 2025/11/16 18:32:23 - 浮点解 (20颗卫星)
  ECEF: X=-1462905.0239 Y=5615309.1241 Z=2640750.6645
  LLH:  Lat=24.615048668° Lon=104.602164757° H=918.0433m
  原始数据:
2025/11/16 10:32:41.000   24.615048668  104.602164757   918.0433   2  20   0.0255   0.0454   0.0482   0.0048   0.0097   0.0069  13.00    1.5 6541861

[TCP数据流] 2025/11/16 18:32:25 - 浮点解 (21颗卫星)
  ECEF: X=-1462905.0215 Y=5615309.1252 Z=2640750.6616
  LLH:  Lat=24.615048642° Lon=104.602164731° H=918.0425m
  原始数据:
2025/11/16 10:32:43.000   24.615048642  104.602164731   918.0425   2  21   0.0254   0.0452   0.0481   0.0047   0.0095   0.0066  15.00    1.0 6541861

[TCP数据流] 2025/11/16 18:32:27 - 浮点解 (26颗卫星)
  ECEF: X=-1462905.0206 Y=5615309.1295 Z=2640750.6593
  LLH:  Lat=24.615048608° Lon=104.602164712° H=918.0451m
  原始数据:
2025/11/16 10:32:45.000   24.615048608  104.602164712   918.0451   2  26   0.0252   0.0450   0.0478   0.0046   0.0095   0.0067  17.00    1.0 6541861

[TCP数据流] 2025/11/16 18:32:28 - 浮点解 (26颗卫星)
  ECEF: X=-1462905.0201 Y=5615309.1335 Z=2640750.6567
  LLH:  Lat=24.615048573° Lon=104.602164698° H=918.0474m
  原始数据:
2025/11/16 10:32:46.000   24.615048573  104.602164698   918.0474   2  26   0.0251   0.0449   0.0476   0.0045   0.0095   0.0067  18.00    1.1 6541861

[TCP数据流] 2025/11/16 18:32:29 - 浮点解 (26颗卫星)
  ECEF: X=-1462905.0203 Y=5615309.1368 Z=2640750.6542
  LLH:  Lat=24.615048540° Lon=104.602164691° H=918.0493m
  原始数据:
2025/11/16 10:32:47.000   24.615048540  104.602164691   918.0493   2  26   0.0250   0.0447   0.0473   0.0044   0.0095   0.0067  19.00    1.0 6541861

[TCP数据流] 2025/11/16 18:32:30 - 浮点解 (26颗卫星)
  ECEF: X=-1462905.0202 Y=5615309.1399 Z=2640750.6513
  LLH:  Lat=24.615048505° Lon=104.602164683° H=918.0508m
  原始数据:
2025/11/16 10:32:48.000   24.615048505  104.602164683   918.0508   2  26   0.0249   0.0445   0.0471   0.0043   0.0096   0.0067  20.00    1.1 6541861

[TCP数据流] 2025/11/16 18:32:32 - 浮点解 (21颗卫星)
  ECEF: X=-1462905.0183 Y=5615309.1391 Z=2640750.6470
  LLH:  Lat=24.615048475° Lon=104.602164666° H=918.0479m
  原始数据:
2025/11/16 10:32:50.000   24.615048475  104.602164666   918.0479   2  21   0.0249   0.0444   0.0471   0.0042   0.0095   0.0066  22.00    1.0 6541861

[TCP数据流] 2025/11/16 18:32:33 - 浮点解 (26颗卫星)
  ECEF: X=-1462905.0179 Y=5615309.1412 Z=2640750.6438
  LLH:  Lat=24.615048441° Lon=104.602164657° H=918.0483m
  原始数据:
2025/11/16 10:32:51.000   24.615048441  104.602164657   918.0483   2  26   0.0248   0.0443   0.0469   0.0042   0.0095   0.0066  23.00    1.1 6541861

[TCP数据流] 2025/11/16 18:32:34 - 浮点解 (26颗卫星)
  ECEF: X=-1462905.0172 Y=5615309.1427 Z=2640750.6407
  LLH:  Lat=24.615048411° Lon=104.602164647° H=918.0482m
  原始数据:
2025/11/16 10:32:52.000   24.615048411  104.602164647   918.0482   2  26   0.0247   0.0441   0.0468   0.0041   0.0095   0.0066  24.00    1.0 6541861

[TCP数据流] 2025/11/16 18:32:35 - 浮点解 (26颗卫星)
  ECEF: X=-1462905.0166 Y=5615309.1437 Z=2640750.6373
  LLH:  Lat=24.615048380° Lon=104.602164639° H=918.0475m
  原始数据:
2025/11/16 10:32:53.000   24.615048380  104.602164639   918.0475   2  26   0.0247   0.0440   0.0466   0.0041   0.0095   0.0066  25.00    1.0 6541861

[TCP数据流] 2025/11/16 18:32:36 - 浮点解 (26颗卫星)
  ECEF: X=-1462905.0154 Y=5615309.1448 Z=2640750.6337
  LLH:  Lat=24.615048348° Lon=104.602164624° H=918.0467m
  原始数据:
2025/11/16 10:32:54.000   24.615048348  104.602164624   918.0467   2  26   0.0246   0.0439   0.0465   0.0040   0.0095   0.0066  26.00    1.0 6541861

[TCP数据流] 2025/11/16 18:32:37 - 浮点解 (26颗卫星)
  ECEF: X=-1462905.0143 Y=5615309.1452 Z=2640750.6301
  LLH:  Lat=24.615048318° Lon=104.602164613° H=918.0453m
  原始数据:
2025/11/16 10:32:55.000   24.615048318  104.602164613   918.0453   2  26   0.0246   0.0438   0.0464   0.0040   0.0095   0.0066  27.00    1.0 6541861

[TCP数据流] 2025/11/16 18:32:38 - 浮点解 (26颗卫星)
  ECEF: X=-1462905.0115 Y=5615309.1462 Z=2640750.6264
  LLH:  Lat=24.615048286° Lon=104.602164584° H=918.0440m
  原始数据:
2025/11/16 10:32:56.000   24.615048286  104.602164584   918.0440   2  26   0.0245   0.0437   0.0463   0.0040   0.0095   0.0066  28.00    1.0 6541861

[TCP数据流] 2025/11/16 18:32:39 - 浮点解 (26颗卫星)
  ECEF: X=-1462905.0094 Y=5615309.1465 Z=2640750.6222
  LLH:  Lat=24.615048253° Lon=104.602164563° H=918.0421m
  原始数据:
2025/11/16 10:32:57.000   24.615048253  104.602164563   918.0421   2  26   0.0245   0.0435   0.0462   0.0039   0.0095   0.0066  29.00    1.0 6541861

[TCP数据流] 2025/11/16 18:32:40 - 浮点解 (26颗卫星)
  ECEF: X=-1462905.0066 Y=5615309.1473 Z=2640750.6186
  LLH:  Lat=24.615048223° Lon=104.602164534° H=918.0406m
  原始数据:
2025/11/16 10:32:58.000   24.615048223  104.602164534   918.0406   2  26   0.0244   0.0434   0.0461   0.0039   0.0095   0.0066  30.00    1.0 6541861

[TCP数据流] 2025/11/16 18:32:43 - 浮点解 (26颗卫星)
  ECEF: X=-1462905.0355 Y=5615309.2833 Z=2640750.7145
  LLH:  Lat=24.615048488° Lon=104.602164472° H=918.2068m
  原始数据:
2025/11/16 10:33:01.000   24.615048488  104.602164472   918.2068   2  26   0.0230   0.0421   0.0432   0.0034   0.0092   0.0071   0.00    1.1 6541861

[TCP数据流] 2025/11/16 18:32:44 - 浮点解 (20颗卫星)
  ECEF: X=-1462905.0337 Y=5615309.3573 Z=2640750.7546
  LLH:  Lat=24.615048549° Lon=104.602164270° H=918.2882m
  原始数据:
2025/11/16 10:33:02.000   24.615048549  104.602164270   918.2882   2  20   0.0224   0.0414   0.0415   0.0021   0.0099   0.0080   1.00    1.2 6541861

[TCP数据流] 2025/11/16 18:32:45 - 浮点解 (26颗卫星)
  ECEF: X=-1462905.0520 Y=5615309.4267 Z=2640750.8041
  LLH:  Lat=24.615048686° Lon=104.602164272° H=918.3741m
  原始数据:
2025/11/16 10:33:03.000   24.615048686  104.602164272   918.3741   2  26   0.0215   0.0404   0.0397   0.0017   0.0097   0.0079   2.00    1.0 6541861

[TCP数据流] 2025/11/16 18:32:48 - 浮点解 (26颗卫星)
  ECEF: X=-1462905.0574 Y=5615309.4543 Z=2640750.8186
  LLH:  Lat=24.615048699° Lon=104.602164255° H=918.4056m
  原始数据:
2025/11/16 10:33:06.000   24.615048699  104.602164255   918.4056   2  26   0.0210   0.0399   0.0388   0.0013   0.0096   0.0078   5.00    1.2 6541861

[TCP数据流] 2025/11/16 18:32:49 - 浮点解 (26颗卫星)
  ECEF: X=-1462905.0618 Y=5615309.4740 Z=2640750.8278
  LLH:  Lat=24.615048699° Lon=104.602164248° H=918.4278m
  原始数据:
2025/11/16 10:33:07.000   24.615048699  104.602164248   918.4278   2  26   0.0207   0.0394   0.0381   0.0007   0.0095   0.0078   6.00    1.0 6541861

[TCP数据流] 2025/11/16 18:32:50 - 浮点解 (21颗卫星)
  ECEF: X=-1462905.0623 Y=5615309.4769 Z=2640750.8295
  LLH:  Lat=24.615048702° Lon=104.602164246° H=918.4312m
  原始数据:
2025/11/16 10:33:08.000   24.615048702  104.602164246   918.4312   2  21   0.0205   0.0391   0.0379  -0.0012   0.0091   0.0074   7.00    1.0 6541861

[TCP数据流] 2025/11/16 18:32:51 - 浮点解 (26颗卫星)
  ECEF: X=-1462905.0652 Y=5615309.4887 Z=2640750.8321
  LLH:  Lat=24.615048677° Lon=104.602164244° H=918.4433m
  原始数据:
2025/11/16 10:33:09.000   24.615048677  104.602164244   918.4433   2  26   0.0203   0.0389   0.0374  -0.0015   0.0091   0.0073   8.00    1.0 6541861

[TCP数据流] 2025/11/16 18:32:52 - 浮点解 (26颗卫星)
  ECEF: X=-1462905.0669 Y=5615309.4978 Z=2640750.8337
  LLH:  Lat=24.615048656° Lon=104.602164238° H=918.4524m
  原始数据:
2025/11/16 10:33:10.000   24.615048656  104.602164238   918.4524   2  26   0.0202   0.0386   0.0370  -0.0016   0.0091   0.0073   9.00    1.0 6541861

[TCP数据流] 2025/11/16 18:32:53 - 浮点解 (26颗卫星)
  ECEF: X=-1462905.0691 Y=5615309.5040 Z=2640750.8329
  LLH:  Lat=24.615048625° Lon=104.602164243° H=918.4580m
  原始数据:
2025/11/16 10:33:11.000   24.615048625  104.602164243   918.4580   2  26   0.0200   0.0384   0.0367  -0.0018   0.0091   0.0073  10.00    1.0 6541861

[TCP数据流] 2025/11/16 18:32:54 - 浮点解 (26颗卫星)
  ECEF: X=-1462905.0703 Y=5615309.5091 Z=2640750.8318
  LLH:  Lat=24.615048596° Lon=104.602164242° H=918.4623m
  原始数据:
2025/11/16 10:33:12.000   24.615048596  104.602164242   918.4623   2  26   0.0199   0.0382   0.0365  -0.0018   0.0091   0.0073  11.00    1.0 6541861

[TCP数据流] 2025/11/16 18:32:55 - 浮点解 (26颗卫星)
  ECEF: X=-1462905.0720 Y=5615309.5130 Z=2640750.8300
  LLH:  Lat=24.615048565° Lon=104.602164249° H=918.4654m
  原始数据:
2025/11/16 10:33:13.000   24.615048565  104.602164249   918.4654   2  26   0.0198   0.0380   0.0362  -0.0019   0.0091   0.0072  12.00    1.0 6541861

[TCP数据流] 2025/11/16 18:32:56 - 浮点解 (26颗卫星)
  ECEF: X=-1462905.0723 Y=5615309.5176 Z=2640750.8280
  LLH:  Lat=24.615048532° Lon=104.602164240° H=918.4687m
  原始数据:
2025/11/16 10:33:14.000   24.615048532  104.602164240   918.4687   2  26   0.0197   0.0379   0.0361  -0.0020   0.0090   0.0072  13.00    1.0 6541861

[TCP数据流] 2025/11/16 18:32:57 - 浮点解 (26颗卫星)
  ECEF: X=-1462905.0727 Y=5615309.5198 Z=2640750.8256
  LLH:  Lat=24.615048504° Lon=104.602164238° H=918.4697m
  原始数据:
2025/11/16 10:33:15.000   24.615048504  104.602164238   918.4697   2  26   0.0196   0.0377   0.0359  -0.0020   0.0090   0.0072  14.00    1.1 6541861

[TCP数据流] 2025/11/16 18:32:58 - 浮点解 (26颗卫星)
  ECEF: X=-1462905.0727 Y=5615309.5214 Z=2640750.8229
  LLH:  Lat=24.615048476° Lon=104.602164234° H=918.4700m
  原始数据:
2025/11/16 10:33:16.000   24.615048476  104.602164234   918.4700   2  26   0.0195   0.0376   0.0357  -0.0020   0.0090   0.0072  15.00    1.0 6541861

[TCP数据流] 2025/11/16 18:32:59 - 浮点解 (26颗卫星)
  ECEF: X=-1462905.0728 Y=5615309.5223 Z=2640750.8197
  LLH:  Lat=24.615048446° Lon=104.602164233° H=918.4694m
  原始数据:
2025/11/16 10:33:17.000   24.615048446  104.602164233   918.4694   2  26   0.0195   0.0375   0.0356  -0.0021   0.0090   0.0072  16.00    1.0 6541861

[TCP数据流] 2025/11/16 18:33:00 - 浮点解 (26颗卫星)
  ECEF: X=-1462905.0729 Y=5615309.5224 Z=2640750.8163
  LLH:  Lat=24.615048418° Lon=104.602164234° H=918.4682m
  原始数据:
2025/11/16 10:33:18.000   24.615048418  104.602164234   918.4682   2  26   0.0194   0.0374   0.0355  -0.0021   0.0090   0.0071  17.00    1.0 6541861

[TCP数据流] 2025/11/16 18:33:01 - 浮点解 (26颗卫星)
  ECEF: X=-1462905.0743 Y=5615309.5224 Z=2640750.8138
  LLH:  Lat=24.615048396° Lon=104.602164247° H=918.4674m
  原始数据:
2025/11/16 10:33:19.000   24.615048396  104.602164247   918.4674   2  26   0.0194   0.0373   0.0354  -0.0021   0.0090   0.0071  18.00    1.0 6541861

[TCP数据流] 2025/11/16 18:33:02 - 浮点解 (26颗卫星)
  ECEF: X=-1462905.0755 Y=5615309.5224 Z=2640750.8112
  LLH:  Lat=24.615048374° Lon=104.602164259° H=918.4666m
  原始数据:
2025/11/16 10:33:20.000   24.615048374  104.602164259   918.4666   2  26   0.0193   0.0372   0.0353  -0.0021   0.0090   0.0071  19.00    1.0 6541861

[TCP数据流] 2025/11/16 18:33:03 - 浮点解 (26颗卫星)
  ECEF: X=-1462905.0765 Y=5615309.5233 Z=2640750.8087
  LLH:  Lat=24.615048349° Lon=104.602164266° H=918.4666m
  原始数据:
2025/11/16 10:33:21.000   24.615048349  104.602164266   918.4666   2  26   0.0193   0.0371   0.0352  -0.0021   0.0090   0.0071  20.00    1.0 6541861

[TCP数据流] 2025/11/16 18:33:04 - 浮点解 (26颗卫星)
  ECEF: X=-1462905.0770 Y=5615309.5243 Z=2640750.8064
  LLH:  Lat=24.615048326° Lon=104.602164268° H=918.4666m
  原始数据:
2025/11/16 10:33:22.000   24.615048326  104.602164268   918.4666   2  26   0.0192   0.0370   0.0351  -0.0022   0.0090   0.0071  21.00    1.0 6541861

[TCP数据流] 2025/11/16 18:33:05 - 浮点解 (26颗卫星)
  ECEF: X=-1462905.0770 Y=5615309.5251 Z=2640750.8042
  LLH:  Lat=24.615048305° Lon=104.602164266° H=918.4664m
  原始数据:
2025/11/16 10:33:23.000   24.615048305  104.602164266   918.4664   2  26   0.0192   0.0369   0.0351  -0.0022   0.0089   0.0071  22.00    1.0 6541861

[TCP数据流] 2025/11/16 18:33:06 - 浮点解 (26颗卫星)
  ECEF: X=-1462905.0773 Y=5615309.5257 Z=2640750.8018
  LLH:  Lat=24.615048283° Lon=104.602164268° H=918.4660m
  原始数据:
2025/11/16 10:33:24.000   24.615048283  104.602164268   918.4660   2  26   0.0192   0.0369   0.0350  -0.0022   0.0089   0.0071  23.00    1.0 6541861

[TCP数据流] 2025/11/16 18:33:07 - 浮点解 (26颗卫星)
  ECEF: X=-1462905.0778 Y=5615309.5264 Z=2640750.7998
  LLH:  Lat=24.615048263° Lon=104.602164271° H=918.4659m
  原始数据:
2025/11/16 10:33:25.000   24.615048263  104.602164271   918.4659   2  26   0.0191   0.0368   0.0349  -0.0022   0.0089   0.0070  24.00    1.0 6541861

[TCP数据流] 2025/11/16 18:33:08 - 浮点解 (26颗卫星)
  ECEF: X=-1462905.0788 Y=5615309.5266 Z=2640750.7972
  LLH:  Lat=24.615048240° Lon=104.602164280° H=918.4652m
  原始数据:
2025/11/16 10:33:26.000   24.615048240  104.602164280   918.4652   2  26   0.0191   0.0367   0.0349  -0.0022   0.0089   0.0070  25.00    1.0 6541861

[TCP数据流] 2025/11/16 18:33:09 - 浮点解 (26颗卫星)
  ECEF: X=-1462905.0798 Y=5615309.5265 Z=2640750.7946
  LLH:  Lat=24.615048218° Lon=104.602164290° H=918.4643m
  原始数据:
2025/11/16 10:33:27.000   24.615048218  104.602164290   918.4643   2  26   0.0191   0.0366   0.0348  -0.0022   0.0089   0.0070  26.00    1.0 6541861

[TCP数据流] 2025/11/16 18:33:10 - 浮点解 (14颗卫星)
  ECEF: X=-1462905.0789 Y=5615309.5266 Z=2640750.7928
  LLH:  Lat=24.615048204° Lon=104.602164281° H=918.4634m
  原始数据:
2025/11/16 10:33:28.000   24.615048204  104.602164281   918.4634   2  14   0.0191   0.0366   0.0348  -0.0022   0.0089   0.0070  27.00    1.1 6541861

[TCP数据流] 2025/11/16 18:33:12 - 浮点解 (20颗卫星)
  ECEF: X=-1462905.0795 Y=5615309.5264 Z=2640750.7914
  LLH:  Lat=24.615048193° Lon=104.602164287° H=918.4628m
  原始数据:
2025/11/16 10:33:30.000   24.615048193  104.602164287   918.4628   2  20   0.0191   0.0366   0.0348  -0.0022   0.0089   0.0070  29.00    1.1 6541861

[TCP数据流] 2025/11/16 18:33:13 - 浮点解 (26颗卫星)
  ECEF: X=-1462905.0799 Y=5615309.5262 Z=2640750.7888
  LLH:  Lat=24.615048172° Lon=104.602164291° H=918.4616m
  原始数据:
2025/11/16 10:33:31.000   24.615048172  104.602164291   918.4616   2  26   0.0190   0.0365   0.0347  -0.0022   0.0089   0.0070  30.00    1.0 6541861

[TCP数据流] 2025/11/16 18:33:18 - 浮点解 (26颗卫星)
  ECEF: X=-1462905.0885 Y=5615309.5881 Z=2640750.8472
  LLH:  Lat=24.615048417° Lon=104.602164219° H=918.5424m
  原始数据:
2025/11/16 10:33:36.000   24.615048417  104.602164219   918.5424   2  26   0.0183   0.0357   0.0334  -0.0021   0.0086   0.0069   0.00    1.1 6541861

[TCP数据流] 2025/11/16 18:33:19 - 浮点解 (26颗卫星)
  ECEF: X=-1462905.0948 Y=5615309.6407 Z=2640750.8983
  LLH:  Lat=24.615048639° Lon=104.602164149° H=918.6114m
  原始数据:
2025/11/16 10:33:37.000   24.615048639  104.602164149   918.6114   2  26   0.0177   0.0349   0.0323  -0.0020   0.0083   0.0069   0.00    1.1 6541861

[TCP数据流] 2025/11/16 18:33:20 - 浮点解 (26颗卫星)
  ECEF: X=-1462905.0993 Y=5615309.6834 Z=2640750.9408
  LLH:  Lat=24.615048829° Lon=104.602164085° H=918.6677m
  原始数据:
2025/11/16 10:33:38.000   24.615048829  104.602164085   918.6677   2  26   0.0172   0.0342   0.0313  -0.0019   0.0081   0.0068   0.00    1.0 6541861

[TCP数据流] 2025/11/16 18:33:21 - 浮点解 (26颗卫星)
  ECEF: X=-1462905.1041 Y=5615309.7212 Z=2640750.9789
  LLH:  Lat=24.615048999° Lon=104.602164037° H=918.7179m
  原始数据:
2025/11/16 10:33:39.000   24.615048999  104.602164037   918.7179   2  26   0.0167   0.0336   0.0304  -0.0018   0.0079   0.0067   0.00    1.2 6541861

[TCP数据流] 2025/11/16 18:33:22 - 浮点解 (19颗卫星)
  ECEF: X=-1462905.1098 Y=5615309.7439 Z=2640751.0069
  LLH:  Lat=24.615049141° Lon=104.602164035° H=918.7508m
  原始数据:
2025/11/16 10:33:40.000   24.615049141  104.602164035   918.7508   2  19   0.0164   0.0333   0.0297   0.0009   0.0080   0.0068   0.00    2.3 6541861

[TCP数据流] 2025/11/16 18:33:23 - 浮点解 (21颗卫星)
  ECEF: X=-1462905.1225 Y=5615309.7529 Z=2640751.0237
  LLH:  Lat=24.615049234° Lon=104.602164134° H=918.7687m
  原始数据:
2025/11/16 10:33:41.000   24.615049234  104.602164134   918.7687   2  21   0.0161   0.0328   0.0294  -0.0012   0.0074   0.0064   0.00    1.1 6541861

[TCP数据流] 2025/11/16 18:33:25 - 浮点解 (26颗卫星)
  ECEF: X=-1462905.1260 Y=5615309.7726 Z=2640751.0479
  LLH:  Lat=24.615049358° Lon=104.602164118° H=918.7969m
  原始数据:
2025/11/16 10:33:43.000   24.615049358  104.602164118   918.7969   2  26   0.0158   0.0323   0.0288  -0.0012   0.0073   0.0063   1.00    1.1 6541861

[TCP数据流] 2025/11/16 18:33:26 - 浮点解 (26颗卫星)
  ECEF: X=-1462905.1276 Y=5615309.7862 Z=2640751.0636
  LLH:  Lat=24.615049435° Lon=104.602164100° H=918.8158m
  原始数据:
2025/11/16 10:33:44.000   24.615049435  104.602164100   918.8158   2  26   0.0155   0.0319   0.0282  -0.0013   0.0072   0.0062   2.00    1.1 6541861

[TCP数据流] 2025/11/16 18:33:27 - 浮点解 (26颗卫星)
  ECEF: X=-1462905.1295 Y=5615309.7950 Z=2640751.0738
  LLH:  Lat=24.615049485° Lon=104.602164096° H=918.8282m
  原始数据:
2025/11/16 10:33:45.000   24.615049485  104.602164096   918.8282   2  26   0.0153   0.0315   0.0278  -0.0014   0.0071   0.0062   3.00    1.1 6541861

[TCP数据流] 2025/11/16 18:33:28 - 浮点解 (26颗卫星)
  ECEF: X=-1462905.1307 Y=5615309.8015 Z=2640751.0792
  LLH:  Lat=24.615049505° Lon=104.602164091° H=918.8364m
  原始数据:
2025/11/16 10:33:46.000   24.615049505  104.602164091   918.8364   2  26   0.0151   0.0313   0.0274  -0.0015   0.0071   0.0061   4.00    1.1 6541861

[TCP数据流] 2025/11/16 18:33:29 - 浮点解 (26颗卫星)
  ECEF: X=-1462905.1319 Y=5615309.8059 Z=2640751.0826
  LLH:  Lat=24.615049516° Lon=104.602164092° H=918.8420m
  原始数据:
2025/11/16 10:33:47.000   24.615049516  104.602164092   918.8420   2  26   0.0150   0.0310   0.0272  -0.0016   0.0071   0.0061   5.00    1.1 6541861

[TCP数据流] 2025/11/16 18:33:30 - 浮点解 (26颗卫星)
  ECEF: X=-1462905.1333 Y=5615309.8086 Z=2640751.0846
  LLH:  Lat=24.615049521° Lon=104.602164099° H=918.8455m
  原始数据:
2025/11/16 10:33:48.000   24.615049521  104.602164099   918.8455   2  26   0.0149   0.0309   0.0270  -0.0016   0.0070   0.0061   6.00    1.1 6541861

[TCP数据流] 2025/11/16 18:33:31 - 浮点解 (26颗卫星)
  ECEF: X=-1462905.1354 Y=5615309.8098 Z=2640751.0853
  LLH:  Lat=24.615049520° Lon=104.602164116° H=918.8474m
  原始数据:
2025/11/16 10:33:49.000   24.615049520  104.602164116   918.8474   2  26   0.0148   0.0307   0.0268  -0.0017   0.0070   0.0060   7.00    1.1 6541861

[TCP数据流] 2025/11/16 18:33:32 - 浮点解 (26颗卫星)
  ECEF: X=-1462905.1366 Y=5615309.8105 Z=2640751.0851
  LLH:  Lat=24.615049515° Lon=104.602164125° H=918.8482m
  原始数据:
2025/11/16 10:33:50.000   24.615049515  104.602164125   918.8482   2  26   0.0147   0.0306   0.0266  -0.0017   0.0070   0.0060   8.00    1.1 6541861

[TCP数据流] 2025/11/16 18:33:33 - 浮点解 (26颗卫星)
  ECEF: X=-1462905.1362 Y=5615309.8109 Z=2640751.0836
  LLH:  Lat=24.615049502° Lon=104.602164121° H=918.8478m
  原始数据:
2025/11/16 10:33:51.000   24.615049502  104.602164121   918.8478   2  26   0.0146   0.0305   0.0265  -0.0017   0.0070   0.0060   9.00    1.2 6541861

[TCP数据流] 2025/11/16 18:33:35 - 浮点解 (26颗卫星)
  ECEF: X=-1462905.1354 Y=5615309.8108 Z=2640751.0813
  LLH:  Lat=24.615049484° Lon=104.602164113° H=918.8466m
  原始数据:
2025/11/16 10:33:53.000   24.615049484  104.602164113   918.8466   2  26   0.0146   0.0304   0.0264  -0.0018   0.0070   0.0060  11.00    1.1 6541861

[TCP数据流] 2025/11/16 18:33:36 - 浮点解 (26颗卫星)
  ECEF: X=-1462905.1347 Y=5615309.8108 Z=2640751.0789
  LLH:  Lat=24.615049465° Lon=104.602164107° H=918.8454m
  原始数据:
2025/11/16 10:33:54.000   24.615049465  104.602164107   918.8454   2  26   0.0146   0.0303   0.0264  -0.0018   0.0070   0.0060  12.00    1.1 6541861

[TCP数据流] 2025/11/16 18:33:37 - 浮点解 (26颗卫星)
  ECEF: X=-1462905.1340 Y=5615309.8107 Z=2640751.0766
  LLH:  Lat=24.615049447° Lon=104.602164100° H=918.8442m
  原始数据:
2025/11/16 10:33:55.000   24.615049447  104.602164100   918.8442   2  26   0.0145   0.0302   0.0263  -0.0018   0.0070   0.0059  13.00    1.1 6541861

[TCP数据流] 2025/11/16 18:33:38 - 浮点解 (26颗卫星)
  ECEF: X=-1462905.1343 Y=5615309.8097 Z=2640751.0742
  LLH:  Lat=24.615049431° Lon=104.602164105° H=918.8424m
  原始数据:
2025/11/16 10:33:56.000   24.615049431  104.602164105   918.8424   2  26   0.0145   0.0302   0.0262  -0.0018   0.0070   0.0059  14.00    1.1 6541861

[TCP数据流] 2025/11/16 18:33:39 - 浮点解 (26颗卫星)
  ECEF: X=-1462905.1343 Y=5615309.8083 Z=2640751.0717
  LLH:  Lat=24.615049415° Lon=104.602164109° H=918.8401m
  原始数据:
2025/11/16 10:33:57.000   24.615049415  104.602164109   918.8401   2  26   0.0145   0.0301   0.0262  -0.0018   0.0070   0.0059  15.00    1.1 6541861

[TCP数据流] 2025/11/16 18:33:40 - 浮点解 (26颗卫星)
  ECEF: X=-1462905.1349 Y=5615309.8069 Z=2640751.0690
  LLH:  Lat=24.615049398° Lon=104.602164118° H=918.8379m
  原始数据:
2025/11/16 10:33:58.000   24.615049398  104.602164118   918.8379   2  26   0.0145   0.0301   0.0262  -0.0018   0.0070   0.0059  16.00    1.1 6541861

[TCP数据流] 2025/11/16 18:33:41 - 浮点解 (26颗卫星)
  ECEF: X=-1462905.1352 Y=5615309.8056 Z=2640751.0667
  LLH:  Lat=24.615049383° Lon=104.602164124° H=918.8358m
  原始数据:
2025/11/16 10:33:59.000   24.615049383  104.602164124   918.8358   2  26   0.0144   0.0300   0.0261  -0.0018   0.0070   0.0059  17.00    1.1 6541861

[TCP数据流] 2025/11/16 18:33:42 - 浮点解 (26颗卫星)
  ECEF: X=-1462905.1353 Y=5615309.8039 Z=2640751.0641
  LLH:  Lat=24.615049368° Lon=104.602164129° H=918.8333m
  原始数据:
2025/11/16 10:34:00.000   24.615049368  104.602164129   918.8333   2  26   0.0144   0.0300   0.0261  -0.0018   0.0070   0.0059  18.00    1.1 6541861

[TCP数据流] 2025/11/16 18:33:43 - 浮点解 (26颗卫星)
  ECEF: X=-1462905.1346 Y=5615309.8027 Z=2640751.0614
  LLH:  Lat=24.615049351° Lon=104.602164126° H=918.8310m
  原始数据:
2025/11/16 10:34:01.000   24.615049351  104.602164126   918.8310   2  26   0.0144   0.0299   0.0260  -0.0018   0.0070   0.0059  19.00    1.1 6541861

[TCP数据流] 2025/11/16 18:33:44 - 浮点解 (26颗卫星)
  ECEF: X=-1462905.1344 Y=5615309.8015 Z=2640751.0589
  LLH:  Lat=24.615049335° Lon=104.602164127° H=918.8288m
  原始数据:
2025/11/16 10:34:02.000   24.615049335  104.602164127   918.8288   2  26   0.0144   0.0299   0.0260  -0.0018   0.0070   0.0059  20.00    1.2 6541861

[TCP数据流] 2025/11/16 18:33:45 - 浮点解 (26颗卫星)
  ECEF: X=-1462905.1333 Y=5615309.8002 Z=2640751.0561
  LLH:  Lat=24.615049318° Lon=104.602164119° H=918.8263m
  原始数据:
2025/11/16 10:34:03.000   24.615049318  104.602164119   918.8263   2  26   0.0144   0.0298   0.0260  -0.0018   0.0070   0.0059  21.00    1.2 6541861

[TCP数据流] 2025/11/16 18:33:46 - 浮点解 (26颗卫星)
  ECEF: X=-1462905.1333 Y=5615309.7989 Z=2640751.0535
  LLH:  Lat=24.615049301° Lon=104.602164123° H=918.8240m
  原始数据:
2025/11/16 10:34:04.000   24.615049301  104.602164123   918.8240   2  26   0.0144   0.0298   0.0260  -0.0018   0.0070   0.0059  22.00    1.1 6541861

[TCP数据流] 2025/11/16 18:33:47 - 浮点解 (26颗卫星)
  ECEF: X=-1462905.1329 Y=5615309.7975 Z=2640751.0510
  LLH:  Lat=24.615049286° Lon=104.602164122° H=918.8217m
  原始数据:
2025/11/16 10:34:05.000   24.615049286  104.602164122   918.8217   2  26   0.0143   0.0298   0.0259  -0.0018   0.0070   0.0059  23.00    1.1 6541861

[TCP数据流] 2025/11/16 18:33:48 - 浮点解 (26颗卫星)
  ECEF: X=-1462905.1324 Y=5615309.7962 Z=2640751.0484
  LLH:  Lat=24.615049270° Lon=104.602164121° H=918.8194m
  原始数据:
2025/11/16 10:34:06.000   24.615049270  104.602164121   918.8194   2  26   0.0143   0.0297   0.0259  -0.0018   0.0070   0.0059  24.00    1.1 6541861

[TCP数据流] 2025/11/16 18:33:49 - 浮点解 (26颗卫星)
  ECEF: X=-1462905.1323 Y=5615309.7948 Z=2640751.0458
  LLH:  Lat=24.615049254° Lon=104.602164123° H=918.8170m
  原始数据:
2025/11/16 10:34:07.000   24.615049254  104.602164123   918.8170   2  26   0.0143   0.0297   0.0259  -0.0018   0.0070   0.0058  25.00    1.1 6541861

[TCP数据流] 2025/11/16 18:33:50 - 浮点解 (26颗卫星)
  ECEF: X=-1462905.1316 Y=5615309.7933 Z=2640751.0430
  LLH:  Lat=24.615049237° Lon=104.602164120° H=918.8144m
  原始数据:
2025/11/16 10:34:08.000   24.615049237  104.602164120   918.8144   2  26   0.0143   0.0296   0.0259  -0.0018   0.0069   0.0058  26.00    1.1 6541861

[TCP数据流] 2025/11/16 18:33:51 - 浮点解 (26颗卫星)
  ECEF: X=-1462905.1309 Y=5615309.7919 Z=2640751.0401
  LLH:  Lat=24.615049219° Lon=104.602164117° H=918.8117m
  原始数据:
2025/11/16 10:34:09.000   24.615049219  104.602164117   918.8117   2  26   0.0143   0.0296   0.0259  -0.0018   0.0069   0.0058  27.00    1.2 6541861

[TCP数据流] 2025/11/16 18:33:52 - 浮点解 (26颗卫星)
  ECEF: X=-1462905.1304 Y=5615309.7904 Z=2640751.0373
  LLH:  Lat=24.615049202° Lon=104.602164116° H=918.8092m
  原始数据:
2025/11/16 10:34:10.000   24.615049202  104.602164116   918.8092   2  26   0.0143   0.0296   0.0258  -0.0018   0.0069   0.0058  28.00    1.2 6541861

[TCP数据流] 2025/11/16 18:33:53 - 浮点解 (26颗卫星)
  ECEF: X=-1462905.1300 Y=5615309.7889 Z=2640751.0346
  LLH:  Lat=24.615049186° Lon=104.602164116° H=918.8066m
  原始数据:
2025/11/16 10:34:11.000   24.615049186  104.602164116   918.8066   2  26   0.0143   0.0295   0.0258  -0.0018   0.0069   0.0058  29.00    1.1 6541861

[TCP数据流] 2025/11/16 18:33:54 - 浮点解 (26颗卫星)
  ECEF: X=-1462905.1302 Y=5615309.7875 Z=2640751.0324
  LLH:  Lat=24.615049172° Lon=104.602164121° H=918.8045m
  原始数据:
2025/11/16 10:34:12.000   24.615049172  104.602164121   918.8045   2  26   0.0143   0.0295   0.0258  -0.0018   0.0069   0.0058  30.00    1.1 6541861

[TCP数据流] 2025/11/16 18:34:20 - 浮点解 (26颗卫星)
  ECEF: X=-1462905.1307 Y=5615309.8004 Z=2640751.0546
  LLH:  Lat=24.615049307° Lon=104.602164094° H=918.8252m
  原始数据:
2025/11/16 10:34:38.000   24.615049307  104.602164094   918.8252   2  26   0.0140   0.0290   0.0252  -0.0017   0.0068   0.0057   0.00    1.2 6541861

[TCP数据流] 2025/11/16 18:34:21 - 浮点解 (26颗卫星)
  ECEF: X=-1462905.1317 Y=5615309.8115 Z=2640751.0748
  LLH:  Lat=24.615049432° Lon=104.602164076° H=918.8436m
  原始数据:
2025/11/16 10:34:39.000   24.615049432  104.602164076   918.8436   2  26   0.0137   0.0286   0.0247  -0.0017   0.0066   0.0057   0.00    1.2 6541861

[TCP数据流] 2025/11/16 18:34:22 - 浮点解 (26颗卫星)
  ECEF: X=-1462905.1320 Y=5615309.8101 Z=2640751.0889
  LLH:  Lat=24.615049552° Lon=104.602164083° H=918.8483m
  原始数据:
2025/11/16 10:34:40.000   24.615049552  104.602164083   918.8483   2  26   0.0134   0.0282   0.0245  -0.0015   0.0062   0.0054   0.00    1.3 6541861

[TCP数据流] 2025/11/16 18:34:23 - 浮点解 (26颗卫星)
  ECEF: X=-1462905.1311 Y=5615309.8083 Z=2640751.1010
  LLH:  Lat=24.615049659° Lon=104.602164078° H=918.8516m
  原始数据:
2025/11/16 10:34:41.000   24.615049659  104.602164078   918.8516   2  26   0.0132   0.0279   0.0244  -0.0014   0.0057   0.0052   0.00    1.0 6541861

[TCP数据流] 2025/11/16 18:34:24 - 浮点解 (26颗卫星)
  ECEF: X=-1462905.1305 Y=5615309.8077 Z=2640751.1122
  LLH:  Lat=24.615049753° Lon=104.602164074° H=918.8556m
  原始数据:
2025/11/16 10:34:42.000   24.615049753  104.602164074   918.8556   2  26   0.0130   0.0276   0.0242  -0.0012   0.0053   0.0050   0.00    1.3 6541861

[TCP数据流] 2025/11/16 18:34:25 - 浮点解 (26颗卫星)
  ECEF: X=-1462905.1304 Y=5615309.8065 Z=2640751.1210
  LLH:  Lat=24.615049830° Lon=104.602164076° H=918.8582m
  原始数据:
2025/11/16 10:34:43.000   24.615049830  104.602164076   918.8582   2  26   0.0128   0.0273   0.0240  -0.0011   0.0048   0.0048   0.00    1.0 6541861

[TCP数据流] 2025/11/16 18:34:29 - 浮点解 (26颗卫星)
  ECEF: X=-1462905.1295 Y=5615309.8042 Z=2640751.1212
  LLH:  Lat=24.615049841° Lon=104.602164073° H=918.8560m
  原始数据:
2025/11/16 10:34:47.000   24.615049841  104.602164073   918.8560   2  26   0.0127   0.0271   0.0239  -0.0010   0.0046   0.0047   4.00    1.2 6541861

[TCP数据流] 2025/11/16 18:34:32 - 浮点解 (21颗卫星)
  ECEF: X=-1462905.1297 Y=5615309.8024 Z=2640751.1185
  LLH:  Lat=24.615049825° Lon=104.602164080° H=918.8534m
  原始数据:
2025/11/16 10:34:50.000   24.615049825  104.602164080   918.8534   2  21   0.0126   0.0270   0.0239  -0.0012   0.0044   0.0046   7.00    1.0 6541861

[TCP数据流] 2025/11/16 18:34:35 - 浮点解 (26颗卫星)
  ECEF: X=-1462905.1291 Y=5615309.8004 Z=2640751.1157
  LLH:  Lat=24.615049810° Lon=104.602164079° H=918.8503m
  原始数据:
2025/11/16 10:34:53.000   24.615049810  104.602164079   918.8503   2  26   0.0126   0.0269   0.0239  -0.0012   0.0044   0.0046  10.00    1.0 6541861

[TCP数据流] 2025/11/16 18:34:36 - 浮点解 (14颗卫星)
  ECEF: X=-1462905.1297 Y=5615309.7987 Z=2640751.1136
  LLH:  Lat=24.615049798° Lon=104.602164089° H=918.8481m
  原始数据:
2025/11/16 10:34:54.000   24.615049798  104.602164089   918.8481   2  14   0.0126   0.0269   0.0238  -0.0011   0.0043   0.0046  11.00    1.2 6541861

[TCP数据流] 2025/11/16 18:34:37 - 浮点解 (26颗卫星)
  ECEF: X=-1462905.1291 Y=5615309.7968 Z=2640751.1107
  LLH:  Lat=24.615049782° Lon=104.602164088° H=918.8451m
  原始数据:
2025/11/16 10:34:55.000   24.615049782  104.602164088   918.8451   2  26   0.0126   0.0268   0.0238  -0.0011   0.0043   0.0045  12.00    1.1 6541861

[TCP数据流] 2025/11/16 18:34:39 - 浮点解 (26颗卫星)
  ECEF: X=-1462905.1283 Y=5615309.7950 Z=2640751.1077
  LLH:  Lat=24.615049765° Lon=104.602164085° H=918.8421m
  原始数据:
2025/11/16 10:34:57.000   24.615049765  104.602164085   918.8421   2  26   0.0125   0.0268   0.0238  -0.0011   0.0042   0.0045  14.00    1.1 6541861

[TCP数据流] 2025/11/16 18:34:40 - 浮点解 (26颗卫星)
  ECEF: X=-1462905.1277 Y=5615309.7933 Z=2640751.1048
  LLH:  Lat=24.615049748° Lon=104.602164083° H=918.8392m
  原始数据:
2025/11/16 10:34:58.000   24.615049748  104.602164083   918.8392   2  26   0.0125   0.0267   0.0238  -0.0011   0.0042   0.0045  15.00    1.1 6541861

[TCP数据流] 2025/11/16 18:34:43 - 浮点解 (26颗卫星)
  ECEF: X=-1462905.1277 Y=5615309.7916 Z=2640751.1024
  LLH:  Lat=24.615049734° Lon=104.602164087° H=918.8367m
  原始数据:
2025/11/16 10:35:01.000   24.615049734  104.602164087   918.8367   2  26   0.0125   0.0267   0.0238  -0.0011   0.0041   0.0045  18.00    1.1 6541861

[TCP数据流] 2025/11/16 18:34:44 - 浮点解 (26颗卫星)
  ECEF: X=-1462905.1271 Y=5615309.7902 Z=2640751.0997
  LLH:  Lat=24.615049718° Lon=104.602164085° H=918.8342m
  原始数据:
2025/11/16 10:35:02.000   24.615049718  104.602164085   918.8342   2  26   0.0125   0.0267   0.0238  -0.0011   0.0041   0.0044  19.00    1.0 6541861

[TCP数据流] 2025/11/16 18:34:45 - 浮点解 (26颗卫星)
  ECEF: X=-1462905.1272 Y=5615309.7887 Z=2640751.0976
  LLH:  Lat=24.615049706° Lon=104.602164090° H=918.8320m
  原始数据:
2025/11/16 10:35:03.000   24.615049706  104.602164090   918.8320   2  26   0.0125   0.0266   0.0238  -0.0011   0.0041   0.0044  20.00    1.1 6541861

[TCP数据流] 2025/11/16 18:34:46 - 浮点解 (26颗卫星)
  ECEF: X=-1462905.1269 Y=5615309.7874 Z=2640751.0954
  LLH:  Lat=24.615049693° Lon=104.602164090° H=918.8299m
  原始数据:
2025/11/16 10:35:04.000   24.615049693  104.602164090   918.8299   2  26   0.0125   0.0266   0.0237  -0.0011   0.0041   0.0044  21.00    1.0 6541861

[TCP数据流] 2025/11/16 18:34:47 - 浮点解 (26颗卫星)
  ECEF: X=-1462905.1258 Y=5615309.7858 Z=2640751.0928
  LLH:  Lat=24.615049678° Lon=104.602164084° H=918.8272m
  原始数据:
2025/11/16 10:35:05.000   24.615049678  104.602164084   918.8272   2  26   0.0125   0.0266   0.0237  -0.0011   0.0040   0.0044  22.00    1.1 6541861

[TCP数据流] 2025/11/16 18:34:48 - 浮点解 (26颗卫星)
  ECEF: X=-1462905.1257 Y=5615309.7844 Z=2640751.0904
  LLH:  Lat=24.615049664° Lon=104.602164086° H=918.8249m
  原始数据:
2025/11/16 10:35:06.000   24.615049664  104.602164086   918.8249   2  26   0.0124   0.0266   0.0237  -0.0011   0.0040   0.0044  23.00    1.0 6541861

[TCP数据流] 2025/11/16 18:34:49 - 浮点解 (20颗卫星)
  ECEF: X=-1462905.1250 Y=5615309.7838 Z=2640751.0891
  LLH:  Lat=24.615049656° Lon=104.602164081° H=918.8237m
  原始数据:
2025/11/16 10:35:07.000   24.615049656  104.602164081   918.8237   2  20   0.0124   0.0265   0.0237  -0.0011   0.0040   0.0044  24.00    1.2 6541861

[TCP数据流] 2025/11/16 18:34:50 - 浮点解 (26颗卫星)
  ECEF: X=-1462905.1245 Y=5615309.7824 Z=2640751.0867
  LLH:  Lat=24.615049642° Lon=104.602164080° H=918.8214m
  原始数据:
2025/11/16 10:35:08.000   24.615049642  104.602164080   918.8214   2  26   0.0124   0.0265   0.0237  -0.0011   0.0040   0.0044  25.00    1.1 6541861

[TCP数据流] 2025/11/16 18:34:51 - 浮点解 (26颗卫星)
  ECEF: X=-1462905.1245 Y=5615309.7810 Z=2640751.0845
  LLH:  Lat=24.615049629° Lon=104.602164083° H=918.8192m
  原始数据:
2025/11/16 10:35:09.000   24.615049629  104.602164083   918.8192   2  26   0.0124   0.0265   0.0237  -0.0011   0.0040   0.0044  26.00    1.1 6541861

[TCP数据流] 2025/11/16 18:34:52 - 浮点解 (26颗卫星)
  ECEF: X=-1462905.1242 Y=5615309.7799 Z=2640751.0825
  LLH:  Lat=24.615049617° Lon=104.602164083° H=918.8173m
  原始数据:
2025/11/16 10:35:10.000   24.615049617  104.602164083   918.8173   2  26   0.0124   0.0265   0.0237  -0.0011   0.0040   0.0043  27.00    1.0 6541861

[TCP数据流] 2025/11/16 18:34:53 - 浮点解 (26颗卫星)
  ECEF: X=-1462905.1239 Y=5615309.7787 Z=2640751.0804
  LLH:  Lat=24.615049604° Lon=104.602164083° H=918.8153m
  原始数据:
2025/11/16 10:35:11.000   24.615049604  104.602164083   918.8153   2  26   0.0124   0.0264   0.0237  -0.0011   0.0039   0.0043  28.00    1.0 6541861

[TCP数据流] 2025/11/16 18:34:55 - 浮点解 (26颗卫星)
  ECEF: X=-1462905.1233 Y=5615309.7774 Z=2640751.0781
  LLH:  Lat=24.615049591° Lon=104.602164081° H=918.8131m
  原始数据:
2025/11/16 10:35:13.000   24.615049591  104.602164081   918.8131   2  26   0.0124   0.0264   0.0237  -0.0011   0.0039   0.0043  30.00    1.0 6541861

[TCP数据流] 2025/11/16 18:36:04 - 浮点解 (26颗卫星)
  ECEF: X=-1462905.1319 Y=5615309.7728 Z=2640751.0913
  LLH:  Lat=24.615049708° Lon=104.602164174° H=918.8165m
  原始数据:
2025/11/16 10:36:22.000   24.615049708  104.602164174   918.8165   2  26   0.0121   0.0260   0.0234  -0.0009   0.0030   0.0040   0.00    1.8 6541861

[TCP数据流] 2025/11/16 18:36:05 - 浮点解 (21颗卫星)
  ECEF: X=-1462905.1468 Y=5615309.7722 Z=2640751.0977
  LLH:  Lat=24.615049748° Lon=104.602164318° H=918.8221m
  原始数据:
2025/11/16 10:36:23.000   24.615049748  104.602164318   918.8221   2  21   0.0119   0.0256   0.0232  -0.0014   0.0020   0.0036   0.00    1.7 6541861

[TCP数据流] 2025/11/16 18:36:06 - 浮点解 (26颗卫星)
  ECEF: X=-1462905.1531 Y=5615309.7671 Z=2640751.1076
  LLH:  Lat=24.615049842° Lon=104.602164391° H=918.8231m
  原始数据:
2025/11/16 10:36:24.000   24.615049842  104.602164391   918.8231   2  26   0.0117   0.0252   0.0230  -0.0012  -0.0011   0.0034   0.00    1.8 6541861

[TCP数据流] 2025/11/16 18:36:08 - 浮点解 (26颗卫星)
  ECEF: X=-1462905.1578 Y=5615309.7621 Z=2640751.1116
  LLH:  Lat=24.615049888° Lon=104.602164448° H=918.8215m
  原始数据:
2025/11/16 10:36:26.000   24.615049888  104.602164448   918.8215   2  26   0.0115   0.0249   0.0228  -0.0011  -0.0022   0.0031   2.00    1.8 6541861

[TCP数据流] 2025/11/16 18:36:09 - 浮点解 (19颗卫星)
  ECEF: X=-1462905.1599 Y=5615309.7553 Z=2640751.1102
  LLH:  Lat=24.615049900° Lon=104.602164485° H=918.8154m
  原始数据:
2025/11/16 10:36:27.000   24.615049900  104.602164485   918.8154   2  19   0.0113   0.0248   0.0227   0.0006  -0.0026   0.0030   3.00    1.6 6541861

[TCP数据流] 2025/11/16 18:36:11 - 浮点解 (20颗卫星)
  ECEF: X=-1462905.1587 Y=5615309.7552 Z=2640751.1131
  LLH:  Lat=24.615049925° Lon=104.602164474° H=918.8162m
  原始数据:
2025/11/16 10:36:29.000   24.615049925  104.602164474   918.8162   2  20   0.0113   0.0247   0.0227  -0.0004  -0.0028   0.0030   5.00    1.0 6541861

[TCP数据流] 2025/11/16 18:36:12 - 浮点解 (26颗卫星)
  ECEF: X=-1462905.1602 Y=5615309.7518 Z=2640751.1116
  LLH:  Lat=24.615049924° Lon=104.602164497° H=918.8130m
  原始数据:
2025/11/16 10:36:30.000   24.615049924  104.602164497   918.8130   2  26   0.0112   0.0245   0.0226  -0.0004  -0.0030   0.0029   6.00    1.0 6541861

[TCP数据流] 2025/11/16 18:36:13 - 浮点解 (20颗卫星)
  ECEF: X=-1462905.1590 Y=5615309.7518 Z=2640751.1131
  LLH:  Lat=24.615049937° Lon=104.602164486° H=918.8133m
  原始数据:
2025/11/16 10:36:31.000   24.615049937  104.602164486   918.8133   2  20   0.0112   0.0245   0.0226  -0.0007  -0.0031   0.0028   7.00    1.2 6541861

[TCP数据流] 2025/11/16 18:36:18 - 浮点解 (26颗卫星)
  ECEF: X=-1462905.1599 Y=5615309.7493 Z=2640751.1107
  LLH:  Lat=24.615049926° Lon=104.602164500° H=918.8103m
  原始数据:
2025/11/16 10:36:36.000   24.615049926  104.602164500   918.8103   2  26   0.0111   0.0244   0.0225  -0.0007  -0.0032   0.0028  12.00    1.1 6541861

[TCP数据流] 2025/11/16 18:36:21 - 浮点解 (13颗卫星)
  ECEF: X=-1462905.1560 Y=5615309.7464 Z=2640751.1140
  LLH:  Lat=24.615049967° Lon=104.602164470° H=918.8082m
  原始数据:
2025/11/16 10:36:39.000   24.615049967  104.602164470   918.8082   2  13   0.0111   0.0244   0.0225   0.0006  -0.0033   0.0029   2.00    1.8 6541861

[TCP数据流] 2025/11/16 18:36:22 - 浮点解 (19颗卫星)
  ECEF: X=-1462905.1576 Y=5615309.7393 Z=2640751.1121
  LLH:  Lat=24.615049976° Lon=104.602164503° H=918.8016m
  原始数据:
2025/11/16 10:36:40.000   24.615049976  104.602164503   918.8016   2  19   0.0110   0.0243   0.0224   0.0013  -0.0035   0.0028   3.00    1.1 6541861

[TCP数据流] 2025/11/16 18:36:23 - 浮点解 (19颗卫星)
  ECEF: X=-1462905.1591 Y=5615309.7333 Z=2640751.1098
  LLH:  Lat=24.615049977° Lon=104.602164533° H=918.7957m
  原始数据:
2025/11/16 10:36:41.000   24.615049977  104.602164533   918.7957   2  19   0.0109   0.0242   0.0223   0.0016  -0.0037   0.0028   4.00    1.3 6541861

[TCP数据流] 2025/11/16 18:36:24 - 浮点解 (14颗卫星)
  ECEF: X=-1462905.1616 Y=5615309.7292 Z=2640751.1059
  LLH:  Lat=24.615049958° Lon=104.602164567° H=918.7910m
  原始数据:
2025/11/16 10:36:42.000   24.615049958  104.602164567   918.7910   2  14   0.0108   0.0241   0.0222   0.0017  -0.0038   0.0027   5.00    1.1 6541861

[TCP数据流] 2025/11/16 18:36:25 - 浮点解 (20颗卫星)
  ECEF: X=-1462905.1616 Y=5615309.7289 Z=2640751.1080
  LLH:  Lat=24.615049976° Lon=104.602164567° H=918.7916m
  原始数据:
2025/11/16 10:36:43.000   24.615049976  104.602164567   918.7916   2  20   0.0108   0.0240   0.0222   0.0016  -0.0039   0.0026   6.00    1.3 6541861

[TCP数据流] 2025/11/16 18:36:26 - 浮点解 (15颗卫星)
  ECEF: X=-1462905.1612 Y=5615309.7296 Z=2640751.1087
  LLH:  Lat=24.615049980° Lon=104.602164562° H=918.7925m
  原始数据:
2025/11/16 10:36:44.000   24.615049980  104.602164562   918.7925   2  15   0.0108   0.0240   0.0222   0.0014  -0.0039   0.0025   7.00    1.5 6541861

[TCP数据流] 2025/11/16 18:36:27 - 浮点解 (26颗卫星)
  ECEF: X=-1462905.1621 Y=5615309.7268 Z=2640751.1066
  LLH:  Lat=24.615049972° Lon=104.602164577° H=918.7893m
  原始数据:
2025/11/16 10:36:45.000   24.615049972  104.602164577   918.7893   2  26   0.0107   0.0239   0.0222   0.0014  -0.0040   0.0024   8.00    1.1 6541861

[TCP数据流] 2025/11/16 18:36:28 - 浮点解 (26颗卫星)
  ECEF: X=-1462905.1630 Y=5615309.7240 Z=2640751.1045
  LLH:  Lat=24.615049964° Lon=104.602164593° H=918.7862m
  原始数据:
2025/11/16 10:36:46.000   24.615049964  104.602164593   918.7862   2  26   0.0107   0.0238   0.0221   0.0014  -0.0041   0.0024   9.00    1.1 6541861

[TCP数据流] 2025/11/16 18:36:29 - 浮点解 (26颗卫星)
  ECEF: X=-1462905.1637 Y=5615309.7215 Z=2640751.1024
  LLH:  Lat=24.615049955° Lon=104.602164606° H=918.7833m
  原始数据:
2025/11/16 10:36:47.000   24.615049955  104.602164606   918.7833   2  26   0.0107   0.0237   0.0221   0.0013  -0.0042   0.0023  10.00    1.1 6541861

[TCP数据流] 2025/11/16 18:36:31 - 浮点解 (21颗卫星)
  ECEF: X=-1462905.1640 Y=5615309.7197 Z=2640751.0999
  LLH:  Lat=24.615049941° Lon=104.602164613° H=918.7807m
  原始数据:
2025/11/16 10:36:49.000   24.615049941  104.602164613   918.7807   2  21   0.0106   0.0237   0.0221   0.0013  -0.0042   0.0022  12.00    1.0 6541861

[TCP数据流] 2025/11/16 18:36:32 - 浮点解 (26颗卫星)
  ECEF: X=-1462905.1642 Y=5615309.7177 Z=2640751.0979
  LLH:  Lat=24.615049931° Lon=104.602164620° H=918.7782m
  原始数据:
2025/11/16 10:36:50.000   24.615049931  104.602164620   918.7782   2  26   0.0106   0.0236   0.0220   0.0013  -0.0043   0.0022  13.00    1.1 6541861

[TCP数据流] 2025/11/16 18:36:37 - 浮点解 (20颗卫星)
  ECEF: X=-1462905.1639 Y=5615309.7172 Z=2640751.0972
  LLH:  Lat=24.615049928° Lon=104.602164618° H=918.7774m
  原始数据:
2025/11/16 10:36:55.000   24.615049928  104.602164618   918.7774   2  20   0.0106   0.0236   0.0220   0.0012  -0.0043   0.0022  18.00    1.2 6541861

[TCP数据流] 2025/11/16 18:36:41 - 浮点解 (21颗卫星)
  ECEF: X=-1462905.1642 Y=5615309.7156 Z=2640751.0953
  LLH:  Lat=24.615049918° Lon=104.602164625° H=918.7752m
  原始数据:
2025/11/16 10:36:59.000   24.615049918  104.602164625   918.7752   2  21   0.0106   0.0236   0.0220   0.0012  -0.0043   0.0021  22.00    1.1 6541861

[TCP数据流] 2025/11/16 18:36:42 - 浮点解 (14颗卫星)
  ECEF: X=-1462905.1639 Y=5615309.7146 Z=2640751.0940
  LLH:  Lat=24.615049911° Lon=104.602164625° H=918.7738m
  原始数据:
2025/11/16 10:37:00.000   24.615049911  104.602164625   918.7738   2  14   0.0106   0.0236   0.0220   0.0012  -0.0043   0.0021  23.00    1.0 6541861

[TCP数据流] 2025/11/16 18:36:43 - 浮点解 (26颗卫星)
  ECEF: X=-1462905.1639 Y=5615309.7131 Z=2640751.0921
  LLH:  Lat=24.615049901° Lon=104.602164629° H=918.7717m
  原始数据:
2025/11/16 10:37:01.000   24.615049901  104.602164629   918.7717   2  26   0.0106   0.0235   0.0220   0.0012  -0.0043   0.0021  24.00    1.1 6541861

[TCP数据流] 2025/11/16 18:36:45 - 浮点解 (13颗卫星)
  ECEF: X=-1462905.1637 Y=5615309.7131 Z=2640751.0920
  LLH:  Lat=24.615049900° Lon=104.602164627° H=918.7716m
  原始数据:
2025/11/16 10:37:03.000   24.615049900  104.602164627   918.7716   2  13   0.0106   0.0235   0.0220   0.0013  -0.0043   0.0021  26.00    1.4 6541861

[TCP数据流] 2025/11/16 18:36:48 - 浮点解 (14颗卫星)
  ECEF: X=-1462905.1637 Y=5615309.7123 Z=2640751.0907
  LLH:  Lat=24.615049893° Lon=104.602164629° H=918.7703m
  原始数据:
2025/11/16 10:37:06.000   24.615049893  104.602164629   918.7703   2  14   0.0106   0.0235   0.0220   0.0013  -0.0043   0.0021  29.00    1.1 6541861

[TCP数据流] 2025/11/16 18:36:49 - 浮点解 (19颗卫星)
  ECEF: X=-1462905.1643 Y=5615309.7111 Z=2640751.0894
  LLH:  Lat=24.615049886° Lon=104.602164637° H=918.7689m
  原始数据:
2025/11/16 10:37:07.000   24.615049886  104.602164637   918.7689   2  19   0.0106   0.0235   0.0220   0.0013  -0.0043   0.0021  30.00    1.1 6541861

[TCP数据流] 2025/11/16 18:37:10 - 浮点解 (26颗卫星)
  ECEF: X=-1462905.2230 Y=5615309.5870 Z=2640751.0422
  LLH:  Lat=24.615049894° Lon=104.602165507° H=918.6535m
  原始数据:
2025/11/16 10:37:28.000   24.615049894  104.602165507   918.6535   2  26   0.0094   0.0216   0.0207   0.0016  -0.0061  -0.0014   1.00    1.2 6541861

[TCP数据流] 2025/11/16 18:37:11 - 浮点解 (26颗卫星)
  ECEF: X=-1462905.2289 Y=5615309.5735 Z=2640751.0348
  LLH:  Lat=24.615049877° Lon=104.602165597° H=918.6398m
  原始数据:
2025/11/16 10:37:29.000   24.615049877  104.602165597   918.6398   2  26   0.0093   0.0214   0.0206   0.0016  -0.0062  -0.0015   2.00    1.2 6541861

[TCP数据流] 2025/11/16 18:37:12 - 浮点解 (26颗卫星)
  ECEF: X=-1462905.2341 Y=5615309.5617 Z=2640751.0277
  LLH:  Lat=24.615049857° Lon=104.602165676° H=918.6277m
  原始数据:
2025/11/16 10:37:30.000   24.615049857  104.602165676   918.6277   2  26   0.0092   0.0212   0.0205   0.0016  -0.0062  -0.0017   3.00    1.2 6541861

[TCP数据流] 2025/11/16 18:37:13 - 浮点解 (26颗卫星)
  ECEF: X=-1462905.2381 Y=5615309.5512 Z=2640751.0209
  LLH:  Lat=24.615049835° Lon=104.602165741° H=918.6166m
  原始数据:
2025/11/16 10:37:31.000   24.615049835  104.602165741   918.6166   2  26   0.0092   0.0211   0.0204   0.0016  -0.0063  -0.0018   4.00    1.2 6541861

[TCP数据流] 2025/11/16 18:37:14 - 浮点解 (26颗卫星)
  ECEF: X=-1462905.2418 Y=5615309.5428 Z=2640751.0149
  LLH:  Lat=24.615049813° Lon=104.602165797° H=918.6075m
  原始数据:
2025/11/16 10:37:32.000   24.615049813  104.602165797   918.6075   2  26   0.0091   0.0210   0.0203   0.0016  -0.0063  -0.0019   5.00    1.1 6541861

[TCP数据流] 2025/11/16 18:37:15 - 浮点解 (26颗卫星)
  ECEF: X=-1462905.2445 Y=5615309.5360 Z=2640751.0097
  LLH:  Lat=24.615049793° Lon=104.602165840° H=918.6000m
  原始数据:
2025/11/16 10:37:33.000   24.615049793  104.602165840   918.6000   2  26   0.0091   0.0209   0.0203   0.0016  -0.0064  -0.0020   6.00    1.0 6541861

[TCP数据流] 2025/11/16 18:37:16 - 浮点解 (26颗卫星)
  ECEF: X=-1462905.2465 Y=5615309.5299 Z=2640751.0048
  LLH:  Lat=24.615049773° Lon=104.602165874° H=918.5931m
  原始数据:
2025/11/16 10:37:34.000   24.615049773  104.602165874   918.5931   2  26   0.0090   0.0209   0.0202   0.0016  -0.0064  -0.0020   7.00    1.1 6541861

[TCP数据流] 2025/11/16 18:37:17 - 浮点解 (26颗卫星)
  ECEF: X=-1462905.2485 Y=5615309.5246 Z=2640751.0004
  LLH:  Lat=24.615049754° Lon=104.602165906° H=918.5870m
  原始数据:
2025/11/16 10:37:35.000   24.615049754  104.602165906   918.5870   2  26   0.0090   0.0208   0.0202   0.0016  -0.0064  -0.0021   8.00    1.1 6541861

[TCP数据流] 2025/11/16 18:37:18 - 浮点解 (26颗卫星)
  ECEF: X=-1462905.2500 Y=5615309.5199 Z=2640750.9964
  LLH:  Lat=24.615049737° Lon=104.602165932° H=918.5816m
  原始数据:
2025/11/16 10:37:36.000   24.615049737  104.602165932   918.5816   2  26   0.0090   0.0208   0.0202   0.0016  -0.0064  -0.0021   9.00    1.1 6541861

[TCP数据流] 2025/11/16 18:37:19 - 浮点解 (21颗卫星)
  ECEF: X=-1462905.2512 Y=5615309.5164 Z=2640750.9927
  LLH:  Lat=24.615049718° Lon=104.602165952° H=918.5772m
  原始数据:
2025/11/16 10:37:37.000   24.615049718  104.602165952   918.5772   2  21   0.0090   0.0207   0.0202   0.0015  -0.0064  -0.0021  10.00    1.1 6541861

[TCP数据流] 2025/11/16 18:37:20 - 浮点解 (26颗卫星)
  ECEF: X=-1462905.2522 Y=5615309.5128 Z=2640750.9894
  LLH:  Lat=24.615049703° Lon=104.602165971° H=918.5729m
  原始数据:
2025/11/16 10:37:38.000   24.615049703  104.602165971   918.5729   2  26   0.0090   0.0207   0.0201   0.0015  -0.0064  -0.0022  11.00    1.1 6541861

[TCP数据流] 2025/11/16 18:37:21 - 浮点解 (26颗卫星)
  ECEF: X=-1462905.2528 Y=5615309.5095 Z=2640750.9862
  LLH:  Lat=24.615049688° Lon=104.602165985° H=918.5688m
  原始数据:
2025/11/16 10:37:39.000   24.615049688  104.602165985   918.5688   2  26   0.0090   0.0206   0.0201   0.0015  -0.0065  -0.0022  12.00    1.1 6541861

[TCP数据流] 2025/11/16 18:37:22 - 浮点解 (26颗卫星)
  ECEF: X=-1462905.2535 Y=5615309.5066 Z=2640750.9833
  LLH:  Lat=24.615049675° Lon=104.602165999° H=918.5652m
  原始数据:
2025/11/16 10:37:40.000   24.615049675  104.602165999   918.5652   2  26   0.0089   0.0206   0.0201   0.0015  -0.0065  -0.0022  13.00    1.1 6541861

[TCP数据流] 2025/11/16 18:37:23 - 浮点解 (26颗卫星)
  ECEF: X=-1462905.2540 Y=5615309.5039 Z=2640750.9808
  LLH:  Lat=24.615049663° Lon=104.602166010° H=918.5619m
  原始数据:
2025/11/16 10:37:41.000   24.615049663  104.602166010   918.5619   2  26   0.0089   0.0206   0.0201   0.0015  -0.0065  -0.0022  14.00    1.1 6541861

[TCP数据流] 2025/11/16 18:37:24 - 浮点解 (26颗卫星)
  ECEF: X=-1462905.2545 Y=5615309.5015 Z=2640750.9783
  LLH:  Lat=24.615049651° Lon=104.602166021° H=918.5589m
  原始数据:
2025/11/16 10:37:42.000   24.615049651  104.602166021   918.5589   2  26   0.0089   0.0206   0.0201   0.0015  -0.0065  -0.0022  15.00    1.1 6541861

[TCP数据流] 2025/11/16 18:37:25 - 浮点解 (26颗卫星)
  ECEF: X=-1462905.2547 Y=5615309.4992 Z=2640750.9760
  LLH:  Lat=24.615049640° Lon=104.602166029° H=918.5559m
  原始数据:
2025/11/16 10:37:43.000   24.615049640  104.602166029   918.5559   2  26   0.0089   0.0205   0.0201   0.0015  -0.0065  -0.0022  16.00    1.1 6541861

[TCP数据流] 2025/11/16 18:37:26 - 浮点解 (26颗卫星)
  ECEF: X=-1462905.2550 Y=5615309.4971 Z=2640750.9737
  LLH:  Lat=24.615049629° Lon=104.602166037° H=918.5532m
  原始数据:
2025/11/16 10:37:44.000   24.615049629  104.602166037   918.5532   2  26   0.0089   0.0205   0.0201   0.0015  -0.0065  -0.0023  17.00    1.1 6541861

[TCP数据流] 2025/11/16 18:37:27 - 浮点解 (26颗卫星)
  ECEF: X=-1462905.2553 Y=5615309.4949 Z=2640750.9717
  LLH:  Lat=24.615049620° Lon=104.602166045° H=918.5505m
  原始数据:
2025/11/16 10:37:45.000   24.615049620  104.602166045   918.5505   2  26   0.0089   0.0205   0.0200   0.0015  -0.0065  -0.0023  18.00    1.0 6541861

[TCP数据流] 2025/11/16 18:37:28 - 浮点解 (26颗卫星)
  ECEF: X=-1462905.2557 Y=5615309.4929 Z=2640750.9696
  LLH:  Lat=24.615049610° Lon=104.602166054° H=918.5479m
  原始数据:
2025/11/16 10:37:46.000   24.615049610  104.602166054   918.5479   2  26   0.0089   0.0205   0.0200   0.0015  -0.0065  -0.0023  19.00    1.0 6541861

[TCP数据流] 2025/11/16 18:37:29 - 浮点解 (26颗卫星)
  ECEF: X=-1462905.2558 Y=5615309.4910 Z=2640750.9678
  LLH:  Lat=24.615049602° Lon=104.602166060° H=918.5456m
  原始数据:
2025/11/16 10:37:47.000   24.615049602  104.602166060   918.5456   2  26   0.0089   0.0205   0.0200   0.0015  -0.0065  -0.0023  20.00    1.0 6541861

[TCP数据流] 2025/11/16 18:37:30 - 浮点解 (26颗卫星)
  ECEF: X=-1462905.2560 Y=5615309.4893 Z=2640750.9660
  LLH:  Lat=24.615049593° Lon=104.602166066° H=918.5433m
  原始数据:
2025/11/16 10:37:48.000   24.615049593  104.602166066   918.5433   2  26   0.0089   0.0204   0.0200   0.0015  -0.0065  -0.0023  21.00    1.1 6541861

[TCP数据流] 2025/11/16 18:37:31 - 浮点解 (26颗卫星)
  ECEF: X=-1462905.2565 Y=5615309.4875 Z=2640750.9642
  LLH:  Lat=24.615049585° Lon=104.602166075° H=918.5411m
  原始数据:
2025/11/16 10:37:49.000   24.615049585  104.602166075   918.5411   2  26   0.0089   0.0204   0.0200   0.0015  -0.0065  -0.0023  22.00    1.1 6541861

[TCP数据流] 2025/11/16 18:37:32 - 浮点解 (26颗卫星)
  ECEF: X=-1462905.2567 Y=5615309.4857 Z=2640750.9625
  LLH:  Lat=24.615049577° Lon=104.602166081° H=918.5389m
  原始数据:
2025/11/16 10:37:50.000   24.615049577  104.602166081   918.5389   2  26   0.0089   0.0204   0.0200   0.0015  -0.0065  -0.0023  23.00    1.1 6541861

[TCP数据流] 2025/11/16 18:37:33 - 浮点解 (26颗卫星)
  ECEF: X=-1462905.2570 Y=5615309.4841 Z=2640750.9608
  LLH:  Lat=24.615049569° Lon=104.602166088° H=918.5368m
  原始数据:
2025/11/16 10:37:51.000   24.615049569  104.602166088   918.5368   2  26   0.0089   0.0204   0.0200   0.0015  -0.0065  -0.0023  24.00    1.1 6541861

[TCP数据流] 2025/11/16 18:37:34 - 浮点解 (26颗卫星)
  ECEF: X=-1462905.2572 Y=5615309.4826 Z=2640750.9592
  LLH:  Lat=24.615049561° Lon=104.602166094° H=918.5349m
  原始数据:
2025/11/16 10:37:52.000   24.615049561  104.602166094   918.5349   2  26   0.0089   0.0204   0.0200   0.0015  -0.0065  -0.0023  25.00    1.0 6541861

[TCP数据流] 2025/11/16 18:37:35 - 浮点解 (26颗卫星)
  ECEF: X=-1462905.2573 Y=5615309.4811 Z=2640750.9578
  LLH:  Lat=24.615049554° Lon=104.602166099° H=918.5330m
  原始数据:
2025/11/16 10:37:53.000   24.615049554  104.602166099   918.5330   2  26   0.0089   0.0204   0.0200   0.0015  -0.0065  -0.0023  26.00    1.1 6541861

[TCP数据流] 2025/11/16 18:37:36 - 浮点解 (26颗卫星)
  ECEF: X=-1462905.2574 Y=5615309.4798 Z=2640750.9562
  LLH:  Lat=24.615049546° Lon=104.602166103° H=918.5312m
  原始数据:
2025/11/16 10:37:54.000   24.615049546  104.602166103   918.5312   2  26   0.0089   0.0204   0.0200   0.0015  -0.0065  -0.0023  27.00    1.0 6541861

[TCP数据流] 2025/11/16 18:37:37 - 浮点解 (26颗卫星)
  ECEF: X=-1462905.2577 Y=5615309.4783 Z=2640750.9547
  LLH:  Lat=24.615049539° Lon=104.602166109° H=918.5294m
  原始数据:
2025/11/16 10:37:55.000   24.615049539  104.602166109   918.5294   2  26   0.0088   0.0203   0.0200   0.0015  -0.0065  -0.0023  28.00    1.1 6541861

[TCP数据流] 2025/11/16 18:37:38 - 浮点解 (26颗卫星)
  ECEF: X=-1462905.2580 Y=5615309.4768 Z=2640750.9532
  LLH:  Lat=24.615049532° Lon=104.602166116° H=918.5275m
  原始数据:
2025/11/16 10:37:56.000   24.615049532  104.602166116   918.5275   2  26   0.0088   0.0203   0.0200   0.0015  -0.0065  -0.0023  29.00    1.0 6541861

[TCP数据流] 2025/11/16 18:37:39 - 浮点解 (19颗卫星)
  ECEF: X=-1462905.2581 Y=5615309.4758 Z=2640750.9522
  LLH:  Lat=24.615049527° Lon=104.602166119° H=918.5262m
  原始数据:
2025/11/16 10:37:57.000   24.615049527  104.602166119   918.5262   2  19   0.0088   0.0203   0.0200   0.0015  -0.0065  -0.0023  30.00    1.1 6541861

[TCP数据流] 2025/11/16 18:38:29 - 浮点解 (26颗卫星)
  ECEF: X=-1462905.2639 Y=5615309.4630 Z=2640750.9524
  LLH:  Lat=24.615049570° Lon=104.602166207° H=918.5164m
  原始数据:
2025/11/16 10:38:47.000   24.615049570  104.602166207   918.5164   2  26   0.0087   0.0201   0.0198   0.0015  -0.0066  -0.0024   0.00    1.2 6541861

[TCP数据流] 2025/11/16 18:38:30 - 浮点解 (26颗卫星)
  ECEF: X=-1462905.2697 Y=5615309.4498 Z=2640750.9518
  LLH:  Lat=24.615049607° Lon=104.602166295° H=918.5058m
  原始数据:
2025/11/16 10:38:48.000   24.615049607  104.602166295   918.5058   2  26   0.0086   0.0199   0.0196   0.0016  -0.0067  -0.0025   0.00    1.2 6541861

[TCP数据流] 2025/11/16 18:38:31 - 浮点解 (26颗卫星)
  ECEF: X=-1462905.2760 Y=5615309.4376 Z=2640750.9517
  LLH:  Lat=24.615049645° Lon=104.602166386° H=918.4965m
  原始数据:
2025/11/16 10:38:49.000   24.615049645  104.602166386   918.4965   2  26   0.0084   0.0197   0.0195   0.0016  -0.0068  -0.0026   0.00    1.3 6541861

[TCP数据流] 2025/11/16 18:38:32 - 浮点解 (26颗卫星)
  ECEF: X=-1462905.2820 Y=5615309.4250 Z=2640750.9501
  LLH:  Lat=24.615049672° Lon=104.602166474° H=918.4861m
  原始数据:
2025/11/16 10:38:50.000   24.615049672  104.602166474   918.4861   2  26   0.0083   0.0195   0.0193   0.0016  -0.0069  -0.0026   1.00    1.6 6541861

[TCP数据流] 2025/11/16 18:38:33 - 浮点解 (26颗卫星)
  ECEF: X=-1462905.2870 Y=5615309.4143 Z=2640750.9474
  LLH:  Lat=24.615049684° Lon=104.602166549° H=918.4767m
  原始数据:
2025/11/16 10:38:51.000   24.615049684  104.602166549   918.4767   2  26   0.0082   0.0193   0.0192   0.0017  -0.0069  -0.0027   2.00    1.9 6541861

[TCP数据流] 2025/11/16 18:38:34 - 浮点解 (26颗卫星)
  ECEF: X=-1462905.2915 Y=5615309.4048 Z=2640750.9437
  LLH:  Lat=24.615049684° Lon=104.602166615° H=918.4678m
  原始数据:
2025/11/16 10:38:52.000   24.615049684  104.602166615   918.4678   2  26   0.0082   0.0192   0.0191   0.0017  -0.0070  -0.0027   3.00    1.1 6541861

[TCP数据流] 2025/11/16 18:38:35 - 浮点解 (26颗卫星)
  ECEF: X=-1462905.2947 Y=5615309.3968 Z=2640750.9398
  LLH:  Lat=24.615049678° Lon=104.602166666° H=918.4599m
  原始数据:
2025/11/16 10:38:53.000   24.615049678  104.602166666   918.4599   2  26   0.0081   0.0190   0.0190   0.0017  -0.0070  -0.0028   4.00    1.2 6541861

[TCP数据流] 2025/11/16 18:38:36 - 浮点解 (26颗卫星)
  ECEF: X=-1462905.2977 Y=5615309.3898 Z=2640750.9362
  LLH:  Lat=24.615049671° Lon=104.602166712° H=918.4530m
  原始数据:
2025/11/16 10:38:54.000   24.615049671  104.602166712   918.4530   2  26   0.0081   0.0190   0.0189   0.0016  -0.0070  -0.0028   5.00    1.2 6541861

[TCP数据流] 2025/11/16 18:38:37 - 浮点解 (26颗卫星)
  ECEF: X=-1462905.3000 Y=5615309.3841 Z=2640750.9327
  LLH:  Lat=24.615049661° Lon=104.602166748° H=918.4470m
  原始数据:
2025/11/16 10:38:55.000   24.615049661  104.602166748   918.4470   2  26   0.0080   0.0189   0.0189   0.0016  -0.0070  -0.0028   6.00    1.2 6541861

[TCP数据流] 2025/11/16 18:38:38 - 浮点解 (26颗卫星)
  ECEF: X=-1462905.3020 Y=5615309.3793 Z=2640750.9296
  LLH:  Lat=24.615049651° Lon=104.602166779° H=918.4419m
  原始数据:
2025/11/16 10:38:56.000   24.615049651  104.602166779   918.4419   2  26   0.0080   0.0188   0.0188   0.0016  -0.0070  -0.0028   7.00    1.2 6541861

[TCP数据流] 2025/11/16 18:38:39 - 浮点解 (26颗卫星)
  ECEF: X=-1462905.3039 Y=5615309.3749 Z=2640750.9265
  LLH:  Lat=24.615049640° Lon=104.602166808° H=918.4372m
  原始数据:
2025/11/16 10:38:57.000   24.615049640  104.602166808   918.4372   2  26   0.0080   0.0188   0.0188   0.0016  -0.0070  -0.0029   8.00    1.2 6541861

[TCP数据流] 2025/11/16 18:38:40 - 浮点解 (26颗卫星)
  ECEF: X=-1462905.3049 Y=5615309.3709 Z=2640750.9234
  LLH:  Lat=24.615049628° Lon=104.602166828° H=918.4327m
  原始数据:
2025/11/16 10:38:58.000   24.615049628  104.602166828   918.4327   2  26   0.0080   0.0187   0.0188   0.0016  -0.0070  -0.0029   9.00    1.2 6541861

[TCP数据流] 2025/11/16 18:38:41 - 浮点解 (26颗卫星)
  ECEF: X=-1462905.3060 Y=5615309.3674 Z=2640750.9208
  LLH:  Lat=24.615049618° Lon=104.602166847° H=918.4287m
  原始数据:
2025/11/16 10:38:59.000   24.615049618  104.602166847   918.4287   2  26   0.0080   0.0187   0.0187   0.0016  -0.0070  -0.0029  10.00    1.2 6541861

[TCP数据流] 2025/11/16 18:38:42 - 浮点解 (26颗卫星)
  ECEF: X=-1462905.3071 Y=5615309.3642 Z=2640750.9181
  LLH:  Lat=24.615049607° Lon=104.602166865° H=918.4251m
  原始数据:
2025/11/16 10:39:00.000   24.615049607  104.602166865   918.4251   2  26   0.0079   0.0187   0.0187   0.0016  -0.0070  -0.0029  11.00    1.2 6541861

[TCP数据流] 2025/11/16 18:38:43 - 浮点解 (21颗卫星)
  ECEF: X=-1462905.3077 Y=5615309.3615 Z=2640750.9158
  LLH:  Lat=24.615049597° Lon=104.602166878° H=918.4219m
  原始数据:
2025/11/16 10:39:01.000   24.615049597  104.602166878   918.4219   2  21   0.0079   0.0186   0.0187   0.0016  -0.0070  -0.0029  12.00    1.2 6541861

[TCP数据流] 2025/11/16 18:38:44 - 浮点解 (26颗卫星)
  ECEF: X=-1462905.3087 Y=5615309.3589 Z=2640750.9135
  LLH:  Lat=24.615049587° Lon=104.602166894° H=918.4189m
  原始数据:
2025/11/16 10:39:02.000   24.615049587  104.602166894   918.4189   2  26   0.0079   0.0186   0.0187   0.0016  -0.0070  -0.0029  13.00    1.2 6541861

[TCP数据流] 2025/11/16 18:38:45 - 浮点解 (26颗卫星)
  ECEF: X=-1462905.3096 Y=5615309.3565 Z=2640750.9115
  LLH:  Lat=24.615049578° Lon=104.602166908° H=918.4161m
  原始数据:
2025/11/16 10:39:03.000   24.615049578  104.602166908   918.4161   2  26   0.0079   0.0186   0.0187   0.0016  -0.0070  -0.0029  14.00    1.2 6541861

[TCP数据流] 2025/11/16 18:38:46 - 浮点解 (26颗卫星)
  ECEF: X=-1462905.3102 Y=5615309.3544 Z=2640750.9096
  LLH:  Lat=24.615049570° Lon=104.602166920° H=918.4136m
  原始数据:
2025/11/16 10:39:04.000   24.615049570  104.602166920   918.4136   2  26   0.0079   0.0186   0.0187   0.0016  -0.0070  -0.0030  15.00    1.2 6541861

[TCP数据流] 2025/11/16 18:38:47 - 浮点解 (26颗卫星)
  ECEF: X=-1462905.3110 Y=5615309.3522 Z=2640750.9076
  LLH:  Lat=24.615049561° Lon=104.602166933° H=918.4110m
  原始数据:
2025/11/16 10:39:05.000   24.615049561  104.602166933   918.4110   2  26   0.0079   0.0186   0.0187   0.0016  -0.0070  -0.0030  16.00    1.2 6541861

[TCP数据流] 2025/11/16 18:38:48 - 浮点解 (26颗卫星)
  ECEF: X=-1462905.3119 Y=5615309.3500 Z=2640750.9058
  LLH:  Lat=24.615049553° Lon=104.602166947° H=918.4086m
  原始数据:
2025/11/16 10:39:06.000   24.615049553  104.602166947   918.4086   2  26   0.0079   0.0185   0.0186   0.0016  -0.0070  -0.0030  17.00    1.2 6541861

[TCP数据流] 2025/11/16 18:38:49 - 浮点解 (26颗卫星)
  ECEF: X=-1462905.3127 Y=5615309.3482 Z=2640750.9041
  LLH:  Lat=24.615049545° Lon=104.602166959° H=918.4064m
  原始数据:
2025/11/16 10:39:07.000   24.615049545  104.602166959   918.4064   2  26   0.0079   0.0185   0.0186   0.0016  -0.0070  -0.0030  18.00    1.1 6541861

[TCP数据流] 2025/11/16 18:38:50 - 浮点解 (26颗卫星)
  ECEF: X=-1462905.3134 Y=5615309.3463 Z=2640750.9025
  LLH:  Lat=24.615049538° Lon=104.602166970° H=918.4042m
  原始数据:
2025/11/16 10:39:08.000   24.615049538  104.602166970   918.4042   2  26   0.0079   0.0185   0.0186   0.0016  -0.0070  -0.0030  19.00    1.2 6541861

[TCP数据流] 2025/11/16 18:38:51 - 浮点解 (21颗卫星)
  ECEF: X=-1462905.3138 Y=5615309.3445 Z=2640750.9009
  LLH:  Lat=24.615049531° Lon=104.602166979° H=918.4021m
  原始数据:
2025/11/16 10:39:09.000   24.615049531  104.602166979   918.4021   2  21   0.0079   0.0185   0.0186   0.0016  -0.0070  -0.0030  20.00    1.3 6541861

[TCP数据流] 2025/11/16 18:38:52 - 浮点解 (26颗卫星)
  ECEF: X=-1462905.3145 Y=5615309.3428 Z=2640750.8994
  LLH:  Lat=24.615049524° Lon=104.602166990° H=918.4001m
  原始数据:
2025/11/16 10:39:10.000   24.615049524  104.602166990   918.4001   2  26   0.0079   0.0185   0.0186   0.0016  -0.0070  -0.0030  21.00    1.2 6541861

[TCP数据流] 2025/11/16 18:38:53 - 浮点解 (25颗卫星)
  ECEF: X=-1462905.3154 Y=5615309.3412 Z=2640750.8979
  LLH:  Lat=24.615049517° Lon=104.602167002° H=918.3983m
  原始数据:
2025/11/16 10:39:11.000   24.615049517  104.602167002   918.3983   2  25   0.0079   0.0185   0.0186   0.0016  -0.0070  -0.0030  22.00    1.3 6541861

[TCP数据流] 2025/11/16 18:38:54 - 浮点解 (26颗卫星)
  ECEF: X=-1462905.3173 Y=5615309.3334 Z=2640750.8985
  LLH:  Lat=24.615049548° Lon=104.602167040° H=918.3921m
  原始数据:
2025/11/16 10:39:12.000   24.615049548  104.602167040   918.3921   2  26   0.0078   0.0183   0.0185   0.0016  -0.0071  -0.0030   0.00    1.4 6541861

[TCP数据流] 2025/11/16 18:38:55 - 浮点解 (25颗卫星)
  ECEF: X=-1462905.3198 Y=5615309.3252 Z=2640750.8979
  LLH:  Lat=24.615049571° Lon=104.602167084° H=918.3852m
  原始数据:
2025/11/16 10:39:13.000   24.615049571  104.602167084   918.3852   2  25   0.0077   0.0182   0.0184   0.0016  -0.0071  -0.0030   1.00    1.4 6541861

[TCP数据流] 2025/11/16 18:38:56 - 浮点解 (26颗卫星)
  ECEF: X=-1462905.3221 Y=5615309.3179 Z=2640750.8963
  LLH:  Lat=24.615049582° Lon=104.602167124° H=918.3787m
  原始数据:
2025/11/16 10:39:14.000   24.615049582  104.602167124   918.3787   2  26   0.0076   0.0180   0.0183   0.0016  -0.0071  -0.0030   2.00    1.5 6541861

[TCP数据流] 2025/11/16 18:38:57 - 浮点解 (25颗卫星)
  ECEF: X=-1462905.3241 Y=5615309.3111 Z=2640750.8941
  LLH:  Lat=24.615049587° Lon=104.602167160° H=918.3722m
  原始数据:
2025/11/16 10:39:15.000   24.615049587  104.602167160   918.3722   2  25   0.0076   0.0179   0.0182   0.0016  -0.0072  -0.0031   3.00    1.6 6541861

[TCP数据流] 2025/11/16 18:38:58 - 浮点解 (25颗卫星)
  ECEF: X=-1462905.3256 Y=5615309.3050 Z=2640750.8915
  LLH:  Lat=24.615049586° Lon=104.602167190° H=918.3661m
  原始数据:
2025/11/16 10:39:16.000   24.615049586  104.602167190   918.3661   2  25   0.0075   0.0178   0.0181   0.0016  -0.0072  -0.0031   4.00    1.2 6541861

[TCP数据流] 2025/11/16 18:38:59 - 浮点解 (25颗卫星)
  ECEF: X=-1462905.3272 Y=5615309.2998 Z=2640750.8891
  LLH:  Lat=24.615049584° Lon=104.602167218° H=918.3609m
  原始数据:
2025/11/16 10:39:17.000   24.615049584  104.602167218   918.3609   2  25   0.0075   0.0178   0.0180   0.0016  -0.0072  -0.0031   5.00    1.2 6541861

[TCP数据流] 2025/11/16 18:39:00 - 浮点解 (25颗卫星)
  ECEF: X=-1462905.3285 Y=5615309.2952 Z=2640750.8865
  LLH:  Lat=24.615049578° Lon=104.602167242° H=918.3561m
  原始数据:
2025/11/16 10:39:18.000   24.615049578  104.602167242   918.3561   2  25   0.0075   0.0177   0.0180   0.0016  -0.0072  -0.0031   6.00    1.1 6541861

[TCP数据流] 2025/11/16 18:39:01 - 浮点解 (25颗卫星)
  ECEF: X=-1462905.3296 Y=5615309.2913 Z=2640750.8841
  LLH:  Lat=24.615049572° Lon=104.602167262° H=918.3519m
  原始数据:
2025/11/16 10:39:19.000   24.615049572  104.602167262   918.3519   2  25   0.0074   0.0177   0.0180   0.0016  -0.0072  -0.0031   7.00    1.3 6541861

[TCP数据流] 2025/11/16 18:39:02 - 浮点解 (25颗卫星)
  ECEF: X=-1462905.3305 Y=5615309.2879 Z=2640750.8820
  LLH:  Lat=24.615049566° Lon=104.602167279° H=918.3483m
  原始数据:
2025/11/16 10:39:20.000   24.615049566  104.602167279   918.3483   2  25   0.0074   0.0176   0.0179   0.0016  -0.0072  -0.0031   8.00    1.1 6541861

[TCP数据流] 2025/11/16 18:39:03 - 浮点解 (25颗卫星)
  ECEF: X=-1462905.3312 Y=5615309.2849 Z=2640750.8800
  LLH:  Lat=24.615049560° Lon=104.602167293° H=918.3450m
  原始数据:
2025/11/16 10:39:21.000   24.615049560  104.602167293   918.3450   2  25   0.0074   0.0176   0.0179   0.0016  -0.0072  -0.0031   9.00    1.2 6541861

[TCP数据流] 2025/11/16 18:43:30 - 浮点解 (26颗卫星)
  ECEF: X=-1462905.2700 Y=5615309.2666 Z=2640750.8908
  LLH:  Lat=24.615049773° Lon=104.602166754° H=918.3193m
  原始数据:
2025/11/16 10:43:48.000   24.615049773  104.602166754   918.3193   2  26   0.0068   0.0168   0.0174   0.0024  -0.0078  -0.0022   6.00    1.1 6541861

[TCP数据流] 2025/11/16 18:43:31 - 浮点解 (26颗卫星)
  ECEF: X=-1462905.2676 Y=5615309.2666 Z=2640750.8909
  LLH:  Lat=24.615049776° Lon=104.602166731° H=918.3188m
  原始数据:
2025/11/16 10:43:49.000   24.615049776  104.602166731   918.3188   2  26   0.0068   0.0167   0.0174   0.0024  -0.0078  -0.0021   7.00    1.1 6541861

[TCP数据流] 2025/11/16 18:43:32 - 浮点解 (26颗卫星)
  ECEF: X=-1462905.2658 Y=5615309.2665 Z=2640750.8907
  LLH:  Lat=24.615049777° Lon=104.602166714° H=918.3182m
  原始数据:
2025/11/16 10:43:50.000   24.615049777  104.602166714   918.3182   2  26   0.0067   0.0167   0.0173   0.0024  -0.0078  -0.0021   8.00    1.1 6541861

[TCP数据流] 2025/11/16 18:43:33 - 浮点解 (26颗卫星)
  ECEF: X=-1462905.2642 Y=5615309.2664 Z=2640750.8905
  LLH:  Lat=24.615049777° Lon=104.602166699° H=918.3177m
  原始数据:
2025/11/16 10:43:51.000   24.615049777  104.602166699   918.3177   2  26   0.0067   0.0167   0.0173   0.0025  -0.0078  -0.0020   9.00    1.1 6541861

[TCP数据流] 2025/11/16 18:43:34 - 浮点解 (26颗卫星)
  ECEF: X=-1462905.2630 Y=5615309.2663 Z=2640750.8902
  LLH:  Lat=24.615049776° Lon=104.602166688° H=918.3172m
  原始数据:
2025/11/16 10:43:52.000   24.615049776  104.602166688   918.3172   2  26   0.0067   0.0167   0.0173   0.0025  -0.0078  -0.0020  10.00    1.1 6541861

[TCP数据流] 2025/11/16 18:43:35 - 浮点解 (26颗卫星)
  ECEF: X=-1462905.2622 Y=5615309.2662 Z=2640750.8899
  LLH:  Lat=24.615049774° Lon=104.602166680° H=918.3168m
  原始数据:
2025/11/16 10:43:53.000   24.615049774  104.602166680   918.3168   2  26   0.0067   0.0166   0.0173   0.0025  -0.0078  -0.0020  11.00    1.1 6541861

[TCP数据流] 2025/11/16 18:43:36 - 浮点解 (26颗卫星)
  ECEF: X=-1462905.2616 Y=5615309.2660 Z=2640750.8895
  LLH:  Lat=24.615049773° Lon=104.602166675° H=918.3163m
  原始数据:
2025/11/16 10:43:54.000   24.615049773  104.602166675   918.3163   2  26   0.0067   0.0166   0.0173   0.0025  -0.0078  -0.0020  12.00    1.1 6541861

[TCP数据流] 2025/11/16 18:43:37 - 浮点解 (26颗卫星)
  ECEF: X=-1462905.2610 Y=5615309.2658 Z=2640750.8892
  LLH:  Lat=24.615049771° Lon=104.602166670° H=918.3159m
  原始数据:
2025/11/16 10:43:55.000   24.615049771  104.602166670   918.3159   2  26   0.0067   0.0166   0.0173   0.0025  -0.0079  -0.0020  13.00    1.1 6541861

[TCP数据流] 2025/11/16 18:43:38 - 浮点解 (26颗卫星)
  ECEF: X=-1462905.2607 Y=5615309.2656 Z=2640750.8887
  LLH:  Lat=24.615049768° Lon=104.602166668° H=918.3154m
  原始数据:
2025/11/16 10:43:56.000   24.615049768  104.602166668   918.3154   2  26   0.0066   0.0166   0.0173   0.0025  -0.0079  -0.0019  14.00    1.1 6541861

[TCP数据流] 2025/11/16 18:43:39 - 浮点解 (25颗卫星)
  ECEF: X=-1462905.2504 Y=5615309.2641 Z=2640750.8933
  LLH:  Lat=24.615049821° Lon=104.602166573° H=918.3137m
  原始数据:
2025/11/16 10:43:57.000   24.615049821  104.602166573   918.3137   2  25   0.0065   0.0165   0.0172   0.0026  -0.0079  -0.0017   0.00    1.2 6541861

[TCP数据流] 2025/11/16 18:43:40 - 浮点解 (26颗卫星)
  ECEF: X=-1462905.2416 Y=5615309.2633 Z=2640750.8970
  LLH:  Lat=24.615049863° Lon=104.602166491° H=918.3125m
  原始数据:
2025/11/16 10:43:58.000   24.615049863  104.602166491   918.3125   2  26   0.0065   0.0164   0.0171   0.0026  -0.0080  -0.0015   1.00    1.3 6541861

[TCP数据流] 2025/11/16 18:43:41 - 浮点解 (19颗卫星)
  ECEF: X=-1462905.2349 Y=5615309.2629 Z=2640750.8997
  LLH:  Lat=24.615049893° Lon=104.602166428° H=918.3117m
  原始数据:
2025/11/16 10:43:59.000   24.615049893  104.602166428   918.3117   2  19   0.0064   0.0163   0.0170   0.0027  -0.0081  -0.0014   2.00    2.9 6541861

[TCP数据流] 2025/11/16 18:43:42 - 浮点解 (25颗卫星)
  ECEF: X=-1462905.2298 Y=5615309.2626 Z=2640750.9013
  LLH:  Lat=24.615049912° Lon=104.602166380° H=918.3110m
  原始数据:
2025/11/16 10:44:00.000   24.615049912  104.602166380   918.3110   2  25   0.0063   0.0162   0.0170   0.0027  -0.0081  -0.0012   3.00    1.9 6541861

[TCP数据流] 2025/11/16 18:43:43 - 固定解 (20颗卫星)
  ECEF: X=-1462905.1421 Y=5615309.1187 Z=2640750.8694
  LLH:  Lat=24.615050257° Lon=104.602165900° H=918.1510m
  原始数据:
2025/11/16 10:44:01.000   24.615050257  104.602165900   918.1510   1  20   0.0021   0.0012   0.0067   0.0009   0.0023   0.0015   4.00    3.6 6541861

[TCP数据流] 2025/11/16 18:43:44 - 浮点解 (26颗卫星)
  ECEF: X=-1462905.2269 Y=5615309.2615 Z=2640750.9019
  LLH:  Lat=24.615049923° Lon=104.602166355° H=918.3096m
  原始数据:
2025/11/16 10:44:02.000   24.615049923  104.602166355   918.3096   2  26   0.0063   0.0161   0.0169   0.0028  -0.0081  -0.0010   5.00    2.4 6541861

[TCP数据流] 2025/11/16 18:43:45 - 浮点解 (25颗卫星)
  ECEF: X=-1462905.2247 Y=5615309.2615 Z=2640750.9021
  LLH:  Lat=24.615049927° Lon=104.602166334° H=918.3091m
  原始数据:
2025/11/16 10:44:03.000   24.615049927  104.602166334   918.3091   2  25   0.0062   0.0161   0.0169   0.0028  -0.0081  -0.0010   6.00    1.1 6541861

[TCP数据流] 2025/11/16 18:43:46 - 浮点解 (25颗卫星)
  ECEF: X=-1462905.2233 Y=5615309.2611 Z=2640750.9019
  LLH:  Lat=24.615049928° Lon=104.602166321° H=918.3084m
  原始数据:
2025/11/16 10:44:04.000   24.615049928  104.602166321   918.3084   2  25   0.0062   0.0161   0.0169   0.0028  -0.0082  -0.0009   7.00    1.2 6541861

[TCP数据流] 2025/11/16 18:43:47 - 浮点解 (25颗卫星)
  ECEF: X=-1462905.2220 Y=5615309.2610 Z=2640750.9018
  LLH:  Lat=24.615049929° Lon=104.602166309° H=918.3079m
  原始数据:
2025/11/16 10:44:05.000   24.615049929  104.602166309   918.3079   2  25   0.0062   0.0161   0.0169   0.0028  -0.0082  -0.0008   8.00    1.3 6541861

[TCP数据流] 2025/11/16 18:43:48 - 浮点解 (25颗卫星)
  ECEF: X=-1462905.2210 Y=5615309.2607 Z=2640750.9014
  LLH:  Lat=24.615049928° Lon=104.602166300° H=918.3073m
  原始数据:
2025/11/16 10:44:06.000   24.615049928  104.602166300   918.3073   2  25   0.0062   0.0160   0.0169   0.0028  -0.0082  -0.0008   9.00    1.2 6541861

[TCP数据流] 2025/11/16 18:43:49 - 浮点解 (25颗卫星)
  ECEF: X=-1462905.2202 Y=5615309.2603 Z=2640750.9010
  LLH:  Lat=24.615049927° Lon=104.602166294° H=918.3066m
  原始数据:
2025/11/16 10:44:07.000   24.615049927  104.602166294   918.3066   2  25   0.0062   0.0160   0.0169   0.0028  -0.0082  -0.0008  10.00    1.2 6541861

[TCP数据流] 2025/11/16 18:43:50 - 浮点解 (25颗卫星)
  ECEF: X=-1462905.2196 Y=5615309.2601 Z=2640750.9006
  LLH:  Lat=24.615049925° Lon=104.602166289° H=918.3061m
  原始数据:
2025/11/16 10:44:08.000   24.615049925  104.602166289   918.3061   2  25   0.0062   0.0160   0.0168   0.0028  -0.0082  -0.0007  11.00    1.2 6541861

[TCP数据流] 2025/11/16 18:43:51 - 浮点解 (25颗卫星)
  ECEF: X=-1462905.2192 Y=5615309.2596 Z=2640750.9001
  LLH:  Lat=24.615049923° Lon=104.602166286° H=918.3054m
  原始数据:
2025/11/16 10:44:09.000   24.615049923  104.602166286   918.3054   2  25   0.0061   0.0160   0.0168   0.0028  -0.0082  -0.0007  12.00    1.2 6541861

[TCP数据流] 2025/11/16 18:43:52 - 浮点解 (25颗卫星)
  ECEF: X=-1462905.2188 Y=5615309.2594 Z=2640750.8996
  LLH:  Lat=24.615049920° Lon=104.602166283° H=918.3049m
  原始数据:
2025/11/16 10:44:10.000   24.615049920  104.602166283   918.3049   2  25   0.0061   0.0160   0.0168   0.0028  -0.0082  -0.0007  13.00    1.1 6541861

[TCP数据流] 2025/11/16 18:43:53 - 浮点解 (25颗卫星)
  ECEF: X=-1462905.2184 Y=5615309.2591 Z=2640750.8992
  LLH:  Lat=24.615049918° Lon=104.602166280° H=918.3044m
  原始数据:
2025/11/16 10:44:11.000   24.615049918  104.602166280   918.3044   2  25   0.0061   0.0160   0.0168   0.0028  -0.0082  -0.0007  14.00    1.1 6541861

[TCP数据流] 2025/11/16 18:43:54 - 浮点解 (25颗卫星)
  ECEF: X=-1462905.2183 Y=5615309.2589 Z=2640750.8988
  LLH:  Lat=24.615049916° Lon=104.602166279° H=918.3040m
  原始数据:
2025/11/16 10:44:12.000   24.615049916  104.602166279   918.3040   2  25   0.0061   0.0159   0.0168   0.0028  -0.0082  -0.0006  15.00    1.2 6541861

[TCP数据流] 2025/11/16 18:43:55 - 浮点解 (25颗卫星)
  ECEF: X=-1462905.2180 Y=5615309.2585 Z=2640750.8983
  LLH:  Lat=24.615049913° Lon=104.602166277° H=918.3034m
  原始数据:
2025/11/16 10:44:13.000   24.615049913  104.602166277   918.3034   2  25   0.0061   0.0159   0.0168   0.0028  -0.0082  -0.0006  16.00    1.2 6541861

[TCP数据流] 2025/11/16 18:43:56 - 浮点解 (25颗卫星)
  ECEF: X=-1462905.2180 Y=5615309.2581 Z=2640750.8977
  LLH:  Lat=24.615049910° Lon=104.602166278° H=918.3028m
  原始数据:
2025/11/16 10:44:14.000   24.615049910  104.602166278   918.3028   2  25   0.0061   0.0159   0.0168   0.0028  -0.0082  -0.0006  17.00    1.2 6541861

[TCP数据流] 2025/11/16 18:43:57 - 浮点解 (25颗卫星)
  ECEF: X=-1462905.2179 Y=5615309.2577 Z=2640750.8972
  LLH:  Lat=24.615049907° Lon=104.602166278° H=918.3022m
  原始数据:
2025/11/16 10:44:15.000   24.615049907  104.602166278   918.3022   2  25   0.0061   0.0159   0.0168   0.0028  -0.0082  -0.0006  18.00    1.1 6541861

[TCP数据流] 2025/11/16 18:43:58 - 浮点解 (25颗卫星)
  ECEF: X=-1462905.2177 Y=5615309.2573 Z=2640750.8966
  LLH:  Lat=24.615049904° Lon=104.602166277° H=918.3016m
  原始数据:
2025/11/16 10:44:16.000   24.615049904  104.602166277   918.3016   2  25   0.0061   0.0159   0.0168   0.0028  -0.0082  -0.0006  19.00    1.1 6541861

[TCP数据流] 2025/11/16 18:43:59 - 浮点解 (25颗卫星)
  ECEF: X=-1462905.2175 Y=5615309.2571 Z=2640750.8961
  LLH:  Lat=24.615049901° Lon=104.602166276° H=918.3011m
  原始数据:
2025/11/16 10:44:17.000   24.615049901  104.602166276   918.3011   2  25   0.0061   0.0159   0.0168   0.0028  -0.0082  -0.0006  20.00    1.0 6541861

[TCP数据流] 2025/11/16 18:44:00 - 浮点解 (25颗卫星)
  ECEF: X=-1462905.2173 Y=5615309.2567 Z=2640750.8956
  LLH:  Lat=24.615049898° Lon=104.602166275° H=918.3005m
  原始数据:
2025/11/16 10:44:18.000   24.615049898  104.602166275   918.3005   2  25   0.0061   0.0159   0.0168   0.0028  -0.0082  -0.0006  21.00    1.2 6541861

[TCP数据流] 2025/11/16 18:44:01 - 浮点解 (25颗卫星)
  ECEF: X=-1462905.2170 Y=5615309.2564 Z=2640750.8950
  LLH:  Lat=24.615049895° Lon=104.602166273° H=918.3000m
  原始数据:
2025/11/16 10:44:19.000   24.615049895  104.602166273   918.3000   2  25   0.0061   0.0159   0.0168   0.0028  -0.0082  -0.0005  22.00    1.2 6541861

[TCP数据流] 2025/11/16 18:44:02 - 浮点解 (25颗卫星)
  ECEF: X=-1462905.2168 Y=5615309.2562 Z=2640750.8945
  LLH:  Lat=24.615049892° Lon=104.602166272° H=918.2995m
  原始数据:
2025/11/16 10:44:20.000   24.615049892  104.602166272   918.2995   2  25   0.0061   0.0159   0.0168   0.0028  -0.0082  -0.0005  23.00    1.1 6541861

[TCP数据流] 2025/11/16 18:44:03 - 浮点解 (25颗卫星)
  ECEF: X=-1462905.2167 Y=5615309.2559 Z=2640750.8940
  LLH:  Lat=24.615049889° Lon=104.602166271° H=918.2990m
  原始数据:
2025/11/16 10:44:21.000   24.615049889  104.602166271   918.2990   2  25   0.0061   0.0159   0.0168   0.0028  -0.0082  -0.0005  24.00    1.1 6541861

[TCP数据流] 2025/11/16 18:44:04 - 浮点解 (25颗卫星)
  ECEF: X=-1462905.2166 Y=5615309.2554 Z=2640750.8936
  LLH:  Lat=24.615049887° Lon=104.602166271° H=918.2984m
  原始数据:
2025/11/16 10:44:22.000   24.615049887  104.602166271   918.2984   2  25   0.0061   0.0159   0.0168   0.0028  -0.0082  -0.0005  25.00    1.1 6541861

[TCP数据流] 2025/11/16 18:44:05 - 浮点解 (25颗卫星)
  ECEF: X=-1462905.2165 Y=5615309.2551 Z=2640750.8931
  LLH:  Lat=24.615049884° Lon=104.602166271° H=918.2979m
  原始数据:
2025/11/16 10:44:23.000   24.615049884  104.602166271   918.2979   2  25   0.0061   0.0159   0.0168   0.0028  -0.0082  -0.0005  26.00    1.1 6541861

[TCP数据流] 2025/11/16 18:44:06 - 浮点解 (25颗卫星)
  ECEF: X=-1462905.2163 Y=5615309.2548 Z=2640750.8925
  LLH:  Lat=24.615049881° Lon=104.602166270° H=918.2973m
  原始数据:
2025/11/16 10:44:24.000   24.615049881  104.602166270   918.2973   2  25   0.0061   0.0159   0.0168   0.0028  -0.0082  -0.0005  27.00    1.1 6541861

[TCP数据流] 2025/11/16 18:44:07 - 浮点解 (25颗卫星)
  ECEF: X=-1462905.2161 Y=5615309.2545 Z=2640750.8921
  LLH:  Lat=24.615049879° Lon=104.602166269° H=918.2969m
  原始数据:
2025/11/16 10:44:25.000   24.615049879  104.602166269   918.2969   2  25   0.0061   0.0159   0.0168   0.0029  -0.0082  -0.0005  28.00    1.1 6541861

[TCP数据流] 2025/11/16 18:44:08 - 浮点解 (25颗卫星)
  ECEF: X=-1462905.2161 Y=5615309.2541 Z=2640750.8916
  LLH:  Lat=24.615049876° Lon=104.602166270° H=918.2963m
  原始数据:
2025/11/16 10:44:26.000   24.615049876  104.602166270   918.2963   2  25   0.0061   0.0158   0.0168   0.0029  -0.0082  -0.0005  29.00    1.1 6541861

[TCP数据流] 2025/11/16 18:44:09 - 浮点解 (25颗卫星)
  ECEF: X=-1462905.2160 Y=5615309.2539 Z=2640750.8912
  LLH:  Lat=24.615049874° Lon=104.602166270° H=918.2959m
  原始数据:
2025/11/16 10:44:27.000   24.615049874  104.602166270   918.2959   2  25   0.0061   0.0158   0.0168   0.0029  -0.0082  -0.0005  30.00    1.1 6541861

[TCP数据流] 2025/11/16 18:44:36 - 浮点解 (26颗卫星)
  ECEF: X=-1462905.2188 Y=5615309.1710 Z=2640750.8158
  LLH:  Lat=24.615049554° Lon=104.602166503° H=918.1923m
  原始数据:
2025/11/16 10:44:54.000   24.615049554  104.602166503   918.1923   2  26   0.0060   0.0157   0.0167   0.0029  -0.0082   0.0005   1.00    2.6 6541861

[TCP数据流] 2025/11/16 18:44:37 - 固定解 (14颗卫星)
  ECEF: X=-1462905.1649 Y=5615309.1144 Z=2640750.7928
  LLH:  Lat=24.615049622° Lon=104.602166129° H=918.1205m
  原始数据:
2025/11/16 10:44:55.000   24.615049622  104.602166129   918.1205   1  14   0.0057   0.0023   0.0115  -0.0031   0.0017   0.0047   2.00    6.1 6541861

[TCP数据流] 2025/11/16 18:44:38 - 固定解 (26颗卫星)
  ECEF: X=-1462905.0991 Y=5615309.0304 Z=2640750.8231
  LLH:  Lat=24.615050239° Lon=104.602165709° H=918.0442m
  原始数据:
2025/11/16 10:44:56.000   24.615050239  104.602165709   918.0442   1  26   0.0009   0.0009   0.0026   0.0005   0.0012  -0.0004   3.00    3.0 6541861

[TCP数据流] 2025/11/16 18:44:39 - 固定解 (26颗卫星)
  ECEF: X=-1462905.0991 Y=5615309.0264 Z=2640750.8213
  LLH:  Lat=24.615050238° Lon=104.602165719° H=918.0399m
  原始数据:
2025/11/16 10:44:57.000   24.615050238  104.602165719   918.0399   1  26   0.0009   0.0009   0.0025   0.0005   0.0012  -0.0004   4.00    3.2 6541861

[TCP数据流] 2025/11/16 18:44:40 - 固定解 (20颗卫星)
  ECEF: X=-1462905.0809 Y=5615309.0167 Z=2640750.8025
  LLH:  Lat=24.615050137° Lon=104.602165569° H=918.0193m
  原始数据:
2025/11/16 10:44:58.000   24.615050137  104.602165569   918.0193   1  20   0.0012   0.0014   0.0028   0.0011   0.0016   0.0008   5.00    3.6 6541861

[TCP数据流] 2025/11/16 18:44:41 - 浮点解 (26颗卫星)
  ECEF: X=-1462905.2335 Y=5615308.9747 Z=2640750.6424
  LLH:  Lat=24.615048831° Lon=104.602167132° H=917.9507m
  原始数据:
2025/11/16 10:44:59.000   24.615048831  104.602167132   917.9507   2  26   0.0059   0.0155   0.0165   0.0029  -0.0083   0.0010   6.00    2.9 6541861

[TCP数据流] 2025/11/16 18:44:42 - 浮点解 (20颗卫星)
  ECEF: X=-1462905.2342 Y=5615308.9734 Z=2640750.6420
  LLH:  Lat=24.615048832° Lon=104.602167142° H=917.9495m
  原始数据:
2025/11/16 10:45:00.000   24.615048832  104.602167142   917.9495   2  20   0.0058   0.0155   0.0165   0.0029  -0.0083   0.0010   7.00    1.4 6541861

[TCP数据流] 2025/11/16 18:44:43 - 浮点解 (26颗卫星)
  ECEF: X=-1462905.2366 Y=5615308.9490 Z=2640750.6206
  LLH:  Lat=24.615048743° Lon=104.602167225° H=917.9197m
  原始数据:
2025/11/16 10:45:01.000   24.615048743  104.602167225   917.9197   2  26   0.0058   0.0155   0.0165   0.0029  -0.0083   0.0011   8.00    1.1 6541861

[TCP数据流] 2025/11/16 18:44:44 - 浮点解 (8颗卫星)
  ECEF: X=-1462905.2372 Y=5615308.9481 Z=2640750.6203
  LLH:  Lat=24.615048743° Lon=104.602167233° H=917.9189m
  原始数据:
2025/11/16 10:45:02.000   24.615048743  104.602167233   917.9189   2   8   0.0058   0.0155   0.0165   0.0029  -0.0083   0.0011   9.00    0.0 6541861

[TCP数据流] 2025/11/16 18:44:46 - 浮点解 (8颗卫星)
  ECEF: X=-1462905.2375 Y=5615308.9476 Z=2640750.6200
  LLH:  Lat=24.615048742° Lon=104.602167238° H=917.9184m
  原始数据:
2025/11/16 10:45:04.000   24.615048742  104.602167238   917.9184   2   8   0.0058   0.0155   0.0165   0.0029  -0.0083   0.0011  11.00    0.0 6541861

[TCP数据流] 2025/11/16 18:44:47 - 浮点解 (26颗卫星)
  ECEF: X=-1462905.2389 Y=5615308.9344 Z=2640750.6083
  LLH:  Lat=24.615048693° Lon=104.602167284° H=917.9023m
  原始数据:
2025/11/16 10:45:05.000   24.615048693  104.602167284   917.9023   2  26   0.0058   0.0155   0.0165   0.0029  -0.0083   0.0011  12.00    1.1 6541861

[TCP数据流] 2025/11/16 18:44:48 - 浮点解 (20颗卫星)
  ECEF: X=-1462905.2400 Y=5615308.9230 Z=2640750.5982
  LLH:  Lat=24.615048650° Lon=104.602167323° H=917.8883m
  原始数据:
2025/11/16 10:45:06.000   24.615048650  104.602167323   917.8883   2  20   0.0058   0.0155   0.0165   0.0029  -0.0083   0.0011  13.00    1.2 6541861

[TCP数据流] 2025/11/16 18:44:49 - 浮点解 (20颗卫星)
  ECEF: X=-1462905.2409 Y=5615308.9131 Z=2640750.5892
  LLH:  Lat=24.615048612° Lon=104.602167356° H=917.8760m
  原始数据:
2025/11/16 10:45:07.000   24.615048612  104.602167356   917.8760   2  20   0.0058   0.0155   0.0165   0.0029  -0.0083   0.0011  14.00    1.3 6541861

[TCP数据流] 2025/11/16 18:44:51 - 浮点解 (26颗卫星)
  ECEF: X=-1462905.2437 Y=5615308.8320 Z=2640750.5212
  LLH:  Lat=24.615048346° Lon=104.602167584° H=917.7770m
  原始数据:
2025/11/16 10:45:09.000   24.615048346  104.602167584   917.7770   2  26   0.0057   0.0154   0.0164   0.0029  -0.0083   0.0013   0.00    1.2 6541861

[TCP数据流] 2025/11/16 18:44:53 - 浮点解 (19颗卫星)
  ECEF: X=-1462905.2488 Y=5615308.7640 Z=2640750.4620
  LLH:  Lat=24.615048103° Lon=104.602167802° H=917.6937m
  原始数据:
2025/11/16 10:45:11.000   24.615048103  104.602167802   917.6937   2  19   0.0057   0.0153   0.0164   0.0029  -0.0084   0.0013   2.00    1.2 6541861

[TCP数据流] 2025/11/16 18:44:55 - 浮点解 (19颗卫星)
  ECEF: X=-1462905.2493 Y=5615308.7609 Z=2640750.4622
  LLH:  Lat=24.615048115° Lon=104.602167815° H=917.6911m
  原始数据:
2025/11/16 10:45:13.000   24.615048115  104.602167815   917.6911   2  19   0.0057   0.0153   0.0164   0.0029  -0.0084   0.0013   4.00    1.3 6541861

[TCP数据流] 2025/11/16 18:44:57 - 浮点解 (14颗卫星)
  ECEF: X=-1462905.2525 Y=5615308.7278 Z=2640750.4336
  LLH:  Lat=24.615047998° Lon=104.602167928° H=917.6508m
  原始数据:
2025/11/16 10:45:15.000   24.615047998  104.602167928   917.6508   2  14   0.0057   0.0153   0.0163   0.0029  -0.0084   0.0013   6.00    1.4 6541861

[TCP数据流] 2025/11/16 18:44:58 - 固定解 (13颗卫星)
  ECEF: X=-1462905.1561 Y=5615308.8780 Z=2640750.4445
  LLH:  Lat=24.615047632° Lon=104.602166633° H=917.7654m
  原始数据:
2025/11/16 10:45:16.000   24.615047632  104.602166633   917.7654   1  13   0.0043   0.0013   0.0111  -0.0018  -0.0021   0.0058   7.00    4.2 6541861

[TCP数据流] 2025/11/16 18:44:59 - 浮点解 (19颗卫星)
  ECEF: X=-1462905.2556 Y=5615308.7033 Z=2640750.4132
  LLH:  Lat=24.615047917° Lon=104.602168019° H=917.6215m
  原始数据:
2025/11/16 10:45:17.000   24.615047917  104.602168019   917.6215   2  19   0.0057   0.0152   0.0163   0.0029  -0.0084   0.0013   8.00    1.0 6541861

[TCP数据流] 2025/11/16 18:45:00 - 浮点解 (13颗卫星)
  ECEF: X=-1462905.2562 Y=5615308.7023 Z=2640750.4127
  LLH:  Lat=24.615047916° Lon=104.602168027° H=917.6206m
  原始数据:
2025/11/16 10:45:18.000   24.615047916  104.602168027   917.6206   2  13   0.0057   0.0152   0.0163   0.0029  -0.0084   0.0013   9.00    1.4 6541861

[TCP数据流] 2025/11/16 18:45:02 - 浮点解 (8颗卫星)
  ECEF: X=-1462905.2565 Y=5615308.7018 Z=2640750.4125
  LLH:  Lat=24.615047916° Lon=104.602168031° H=917.6201m
  原始数据:
2025/11/16 10:45:20.000   24.615047916  104.602168031   917.6201   2   8   0.0057   0.0152   0.0163   0.0029  -0.0084   0.0013  11.00    0.0 6541861

[TCP数据流] 2025/11/16 18:45:03 - 浮点解 (25颗卫星)
  ECEF: X=-1462905.2577 Y=5615308.6888 Z=2640750.4017
  LLH:  Lat=24.615047873° Lon=104.602168075° H=917.6045m
  原始数据:
2025/11/16 10:45:21.000   24.615047873  104.602168075   917.6045   2  25   0.0057   0.0152   0.0163   0.0029  -0.0084   0.0013  12.00    1.1 6541861

[TCP数据流] 2025/11/16 18:45:04 - 浮点解 (14颗卫星)
  ECEF: X=-1462905.2579 Y=5615308.6882 Z=2640750.4017
  LLH:  Lat=24.615047875° Lon=104.602168078° H=917.6039m
  原始数据:
2025/11/16 10:45:22.000   24.615047875  104.602168078   917.6039   2  14   0.0057   0.0152   0.0163   0.0029  -0.0084   0.0014  13.00    1.2 6541861

[TCP数据流] 2025/11/16 18:45:05 - 浮点解 (19颗卫星)
  ECEF: X=-1462905.2589 Y=5615308.6784 Z=2640750.3932
  LLH:  Lat=24.615047840° Lon=104.602168112° H=917.5920m
  原始数据:
2025/11/16 10:45:23.000   24.615047840  104.602168112   917.5920   2  19   0.0057   0.0152   0.0163   0.0029  -0.0084   0.0014  14.00    1.1 6541861

[TCP数据流] 2025/11/16 18:45:08 - 浮点解 (25颗卫星)
  ECEF: X=-1462905.2596 Y=5615308.6711 Z=2640750.3871
  LLH:  Lat=24.615047816° Lon=104.602168137° H=917.5832m
  原始数据:
2025/11/16 10:45:26.000   24.615047816  104.602168137   917.5832   2  25   0.0057   0.0152   0.0163   0.0029  -0.0084   0.0014  17.00    1.1 6541861

[TCP数据流] 2025/11/16 18:45:09 - 浮点解 (19颗卫星)
  ECEF: X=-1462905.2602 Y=5615308.6646 Z=2640750.3816
  LLH:  Lat=24.615047794° Lon=104.602168159° H=917.5754m
  原始数据:
2025/11/16 10:45:27.000   24.615047794  104.602168159   917.5754   2  19   0.0057   0.0152   0.0163   0.0029  -0.0084   0.0014  18.00    1.0 6541861

[TCP数据流] 2025/11/16 18:45:10 - 浮点解 (25颗卫星)
  ECEF: X=-1462905.2610 Y=5615308.6587 Z=2640750.3768
  LLH:  Lat=24.615047775° Lon=104.602168181° H=917.5683m
  原始数据:
2025/11/16 10:45:28.000   24.615047775  104.602168181   917.5683   2  25   0.0057   0.0152   0.0163   0.0029  -0.0084   0.0014  19.00    1.0 6541861

[TCP数据流] 2025/11/16 18:45:11 - 浮点解 (19颗卫星)
  ECEF: X=-1462905.2615 Y=5615308.6533 Z=2640750.3721
  LLH:  Lat=24.615047756° Lon=104.602168199° H=917.5618m
  原始数据:
2025/11/16 10:45:29.000   24.615047756  104.602168199   917.5618   2  19   0.0057   0.0152   0.0163   0.0029  -0.0084   0.0014  20.00    1.2 6541861

[TCP数据流] 2025/11/16 18:45:12 - 浮点解 (25颗卫星)
  ECEF: X=-1462905.2620 Y=5615308.6485 Z=2640750.3680
  LLH:  Lat=24.615047739° Lon=104.602168216° H=917.5559m
  原始数据:
2025/11/16 10:45:30.000   24.615047739  104.602168216   917.5559   2  25   0.0056   0.0152   0.0163   0.0029  -0.0084   0.0014  21.00    1.0 6541861

[TCP数据流] 2025/11/16 18:45:13 - 浮点解 (19颗卫星)
  ECEF: X=-1462905.2624 Y=5615308.6440 Z=2640750.3641
  LLH:  Lat=24.615047723° Lon=104.602168231° H=917.5504m
  原始数据:
2025/11/16 10:45:31.000   24.615047723  104.602168231   917.5504   2  19   0.0056   0.0152   0.0163   0.0029  -0.0084   0.0014  22.00    1.5 6541861

[TCP数据流] 2025/11/16 18:45:14 - 浮点解 (19颗卫星)
  ECEF: X=-1462905.2624 Y=5615308.6437 Z=2640750.3639
  LLH:  Lat=24.615047723° Lon=104.602168232° H=917.5501m
  原始数据:
2025/11/16 10:45:32.000   24.615047723  104.602168232   917.5501   2  19   0.0056   0.0152   0.0163   0.0029  -0.0084   0.0014  23.00    1.1 6541861

[TCP数据流] 2025/11/16 18:45:15 - 浮点解 (25颗卫星)
  ECEF: X=-1462905.2627 Y=5615308.6397 Z=2640750.3605
  LLH:  Lat=24.615047709° Lon=104.602168245° H=917.5453m
  原始数据:
2025/11/16 10:45:33.000   24.615047709  104.602168245   917.5453   2  25   0.0056   0.0152   0.0163   0.0029  -0.0084   0.0014  24.00    1.1 6541861

[TCP数据流] 2025/11/16 18:45:16 - 浮点解 (25颗卫星)
  ECEF: X=-1462905.2631 Y=5615308.6361 Z=2640750.3575
  LLH:  Lat=24.615047697° Lon=104.602168257° H=917.5409m
  原始数据:
2025/11/16 10:45:34.000   24.615047697  104.602168257   917.5409   2  25   0.0056   0.0152   0.0163   0.0029  -0.0084   0.0014  25.00    1.0 6541861

[TCP数据流] 2025/11/16 18:45:17 - 浮点解 (13颗卫星)
  ECEF: X=-1462905.2632 Y=5615308.6357 Z=2640750.3572
  LLH:  Lat=24.615047696° Lon=104.602168259° H=917.5405m
  原始数据:
2025/11/16 10:45:35.000   24.615047696  104.602168259   917.5405   2  13   0.0056   0.0151   0.0163   0.0029  -0.0084   0.0014  26.00    1.0 6541861

[TCP数据流] 2025/11/16 18:45:18 - 浮点解 (25颗卫星)
  ECEF: X=-1462905.2635 Y=5615308.6326 Z=2640750.3545
  LLH:  Lat=24.615047685° Lon=104.602168270° H=917.5367m
  原始数据:
2025/11/16 10:45:36.000   24.615047685  104.602168270   917.5367   2  25   0.0056   0.0151   0.0163   0.0029  -0.0084   0.0014  27.00    1.1 6541861

[TCP数据流] 2025/11/16 18:45:19 - 浮点解 (20颗卫星)
  ECEF: X=-1462905.2638 Y=5615308.6298 Z=2640750.3520
  LLH:  Lat=24.615047674° Lon=104.602168280° H=917.5332m
  原始数据:
2025/11/16 10:45:37.000   24.615047674  104.602168280   917.5332   2  20   0.0056   0.0151   0.0163   0.0029  -0.0084   0.0014  28.00    1.0 6541861

[TCP数据流] 2025/11/16 18:45:20 - 浮点解 (19颗卫星)
  ECEF: X=-1462905.2639 Y=5615308.6294 Z=2640750.3518
  LLH:  Lat=24.615047674° Lon=104.602168282° H=917.5328m
  原始数据:
2025/11/16 10:45:38.000   24.615047674  104.602168282   917.5328   2  19   0.0056   0.0151   0.0163   0.0029  -0.0084   0.0014  29.00    1.0 6541861

[TCP数据流] 2025/11/16 18:45:21 - 浮点解 (8颗卫星)
  ECEF: X=-1462905.2640 Y=5615308.6293 Z=2640750.3518
  LLH:  Lat=24.615047674° Lon=104.602168283° H=917.5327m
  原始数据:
2025/11/16 10:45:39.000   24.615047674  104.602168283   917.5327   2   8   0.0056   0.0151   0.0163   0.0029  -0.0083   0.0014  30.00    1.5 6541861

[TCP数据流] 2025/11/16 18:47:05 - 浮点解 (25颗卫星)
  ECEF: X=-1462905.2502 Y=5615308.6293 Z=2640750.3573
  LLH:  Lat=24.615047732° Lon=104.602168151° H=917.5319m
  原始数据:
2025/11/16 10:47:23.000   24.615047732  104.602168151   917.5319   2  25   0.0056   0.0150   0.0162   0.0029  -0.0084   0.0017   0.00    1.7 6541861

[TCP数据流] 2025/11/16 18:47:06 - 浮点解 (25颗卫星)
  ECEF: X=-1462905.2380 Y=5615308.6292 Z=2640750.3618
  LLH:  Lat=24.615047781° Lon=104.602168035° H=917.5309m
  原始数据:
2025/11/16 10:47:24.000   24.615047781  104.602168035   917.5309   2  25   0.0055   0.0149   0.0161   0.0029  -0.0084   0.0019   1.00    1.6 6541861

[TCP数据流] 2025/11/16 18:47:07 - 浮点解 (25颗卫星)
  ECEF: X=-1462905.2282 Y=5615308.6289 Z=2640750.3650
  LLH:  Lat=24.615047818° Lon=104.602167942° H=917.5297m
  原始数据:
2025/11/16 10:47:25.000   24.615047818  104.602167942   917.5297   2  25   0.0054   0.0148   0.0160   0.0029  -0.0084   0.0021   2.00    2.5 6541861

[TCP数据流] 2025/11/16 18:47:08 - 浮点解 (25颗卫星)
  ECEF: X=-1462905.2207 Y=5615308.6287 Z=2640750.3674
  LLH:  Lat=24.615047845° Lon=104.602167871° H=917.5288m
  原始数据:
2025/11/16 10:47:26.000   24.615047845  104.602167871   917.5288   2  25   0.0054   0.0147   0.0159   0.0029  -0.0084   0.0022   3.00    2.8 6541861

[TCP数据流] 2025/11/16 18:47:09 - 浮点解 (25颗卫星)
  ECEF: X=-1462905.2147 Y=5615308.6286 Z=2640750.3689
  LLH:  Lat=24.615047864° Lon=104.602167814° H=917.5280m
  原始数据:
2025/11/16 10:47:27.000   24.615047864  104.602167814   917.5280   2  25   0.0054   0.0146   0.0159   0.0029  -0.0084   0.0022   4.00    2.5 6541861

[TCP数据流] 2025/11/16 18:47:10 - 浮点解 (25颗卫星)
  ECEF: X=-1462905.2102 Y=5615308.6284 Z=2640750.3700
  LLH:  Lat=24.615047878° Lon=104.602167771° H=917.5272m
  原始数据:
2025/11/16 10:47:28.000   24.615047878  104.602167771   917.5272   2  25   0.0053   0.0146   0.0159   0.0028  -0.0084   0.0023   5.00    1.0 6541861

[TCP数据流] 2025/11/16 18:47:11 - 浮点解 (25颗卫星)
  ECEF: X=-1462905.2067 Y=5615308.6282 Z=2640750.3706
  LLH:  Lat=24.615047887° Lon=104.602167738° H=917.5265m
  原始数据:
2025/11/16 10:47:29.000   24.615047887  104.602167738   917.5265   2  25   0.0053   0.0146   0.0158   0.0028  -0.0084   0.0023   6.00    1.0 6541861

[TCP数据流] 2025/11/16 18:47:12 - 浮点解 (25颗卫星)
  ECEF: X=-1462905.2039 Y=5615308.6280 Z=2640750.3711
  LLH:  Lat=24.615047894° Lon=104.602167712° H=917.5259m
  原始数据:
2025/11/16 10:47:30.000   24.615047894  104.602167712   917.5259   2  25   0.0053   0.0145   0.0158   0.0028  -0.0084   0.0024   7.00    1.0 6541861

[TCP数据流] 2025/11/16 18:47:13 - 浮点解 (25颗卫星)
  ECEF: X=-1462905.2016 Y=5615308.6281 Z=2640750.3713
  LLH:  Lat=24.615047898° Lon=104.602167690° H=917.5255m
  原始数据:
2025/11/16 10:47:31.000   24.615047898  104.602167690   917.5255   2  25   0.0053   0.0145   0.0158   0.0028  -0.0084   0.0024   8.00    1.0 6541861

[TCP数据流] 2025/11/16 18:47:14 - 浮点解 (25颗卫星)
  ECEF: X=-1462905.1998 Y=5615308.6281 Z=2640750.3714
  LLH:  Lat=24.615047900° Lon=104.602167673° H=917.5251m
  原始数据:
2025/11/16 10:47:32.000   24.615047900  104.602167673   917.5251   2  25   0.0053   0.0145   0.0158   0.0028  -0.0084   0.0024   9.00    1.0 6541861

[TCP数据流] 2025/11/16 18:47:15 - 浮点解 (25颗卫星)
  ECEF: X=-1462905.1983 Y=5615308.6280 Z=2640750.3714
  LLH:  Lat=24.615047902° Lon=104.602167659° H=917.5247m
  原始数据:
2025/11/16 10:47:33.000   24.615047902  104.602167659   917.5247   2  25   0.0053   0.0145   0.0158   0.0028  -0.0084   0.0024  10.00    1.0 6541861

[TCP数据流] 2025/11/16 18:47:16 - 浮点解 (25颗卫星)
  ECEF: X=-1462905.1971 Y=5615308.6278 Z=2640750.3713
  LLH:  Lat=24.615047903° Lon=104.602167648° H=917.5242m
  原始数据:
2025/11/16 10:47:34.000   24.615047903  104.602167648   917.5242   2  25   0.0053   0.0144   0.0158   0.0028  -0.0084   0.0025  11.00    1.0 6541861

[TCP数据流] 2025/11/16 18:47:17 - 浮点解 (25颗卫星)
  ECEF: X=-1462905.1961 Y=5615308.6276 Z=2640750.3712
  LLH:  Lat=24.615047904° Lon=104.602167638° H=917.5238m
  原始数据:
2025/11/16 10:47:35.000   24.615047904  104.602167638   917.5238   2  25   0.0053   0.0144   0.0158   0.0028  -0.0084   0.0025  12.00    1.0 6541861

[TCP数据流] 2025/11/16 18:47:18 - 浮点解 (25颗卫星)
  ECEF: X=-1462905.1952 Y=5615308.6275 Z=2640750.3711
  LLH:  Lat=24.615047904° Lon=104.602167630° H=917.5234m
  原始数据:
2025/11/16 10:47:36.000   24.615047904  104.602167630   917.5234   2  25   0.0053   0.0144   0.0157   0.0028  -0.0084   0.0025  13.00    1.0 6541861

[TCP数据流] 2025/11/16 18:47:19 - 浮点解 (25颗卫星)
  ECEF: X=-1462905.1944 Y=5615308.6273 Z=2640750.3708
  LLH:  Lat=24.615047903° Lon=104.602167623° H=917.5230m
  原始数据:
2025/11/16 10:47:37.000   24.615047903  104.602167623   917.5230   2  25   0.0052   0.0144   0.0157   0.0028  -0.0084   0.0025  14.00    1.0 6541861

[TCP数据流] 2025/11/16 18:47:20 - 浮点解 (25颗卫星)
  ECEF: X=-1462905.1843 Y=5615308.6273 Z=2640750.3743
  LLH:  Lat=24.615047942° Lon=104.602167527° H=917.5221m
  原始数据:
2025/11/16 10:47:38.000   24.615047942  104.602167527   917.5221   2  25   0.0052   0.0143   0.0157   0.0028  -0.0084   0.0026   0.00    1.1 6541861

[TCP数据流] 2025/11/16 18:47:21 - 浮点解 (25颗卫星)
  ECEF: X=-1462905.1757 Y=5615308.6267 Z=2640750.3771
  LLH:  Lat=24.615047975° Lon=104.602167446° H=917.5208m
  原始数据:
2025/11/16 10:47:39.000   24.615047975  104.602167446   917.5208   2  25   0.0051   0.0142   0.0156   0.0028  -0.0085   0.0027   1.00    1.2 6541861

[TCP数据流] 2025/11/16 18:47:22 - 浮点解 (25颗卫星)
  ECEF: X=-1462905.1682 Y=5615308.6267 Z=2640750.3794
  LLH:  Lat=24.615048001° Lon=104.602167374° H=917.5200m
  原始数据:
2025/11/16 10:47:40.000   24.615048001  104.602167374   917.5200   2  25   0.0051   0.0142   0.0156   0.0027  -0.0085   0.0028   2.00    1.2 6541861

[TCP数据流] 2025/11/16 18:47:24 - 浮点解 (25颗卫星)
  ECEF: X=-1462905.1637 Y=5615308.6268 Z=2640750.3805
  LLH:  Lat=24.615048014° Lon=104.602167331° H=917.5195m
  原始数据:
2025/11/16 10:47:42.000   24.615048014  104.602167331   917.5195   2  25   0.0051   0.0141   0.0155   0.0027  -0.0085   0.0028   4.00    1.2 6541861

[TCP数据流] 2025/11/16 18:47:25 - 浮点解 (25颗卫星)
  ECEF: X=-1462905.1601 Y=5615308.6270 Z=2640750.3811
  LLH:  Lat=24.615048022° Lon=104.602167296° H=917.5191m
  原始数据:
2025/11/16 10:47:43.000   24.615048022  104.602167296   917.5191   2  25   0.0051   0.0141   0.0155   0.0027  -0.0085   0.0028   5.00    1.3 6541861

[TCP数据流] 2025/11/16 18:47:26 - 浮点解 (25颗卫星)
  ECEF: X=-1462905.1574 Y=5615308.6271 Z=2640750.3816
  LLH:  Lat=24.615048028° Lon=104.602167270° H=917.5188m
  原始数据:
2025/11/16 10:47:44.000   24.615048028  104.602167270   917.5188   2  25   0.0050   0.0140   0.0155   0.0027  -0.0085   0.0029   6.00    1.1 6541861

[TCP数据流] 2025/11/16 18:47:27 - 浮点解 (25颗卫星)
  ECEF: X=-1462905.1552 Y=5615308.6271 Z=2640750.3819
  LLH:  Lat=24.615048032° Lon=104.602167249° H=917.5184m
  原始数据:
2025/11/16 10:47:45.000   24.615048032  104.602167249   917.5184   2  25   0.0050   0.0140   0.0155   0.0027  -0.0085   0.0029   7.00    1.1 6541861

[TCP数据流] 2025/11/16 18:47:28 - 浮点解 (25颗卫星)
  ECEF: X=-1462905.1535 Y=5615308.6271 Z=2640750.3819
  LLH:  Lat=24.615048034° Lon=104.602167233° H=917.5181m
  原始数据:
2025/11/16 10:47:46.000   24.615048034  104.602167233   917.5181   2  25   0.0050   0.0140   0.0155   0.0027  -0.0085   0.0029   8.00    1.0 6541861

[TCP数据流] 2025/11/16 18:47:29 - 浮点解 (25颗卫星)
  ECEF: X=-1462905.1521 Y=5615308.6272 Z=2640750.3820
  LLH:  Lat=24.615048036° Lon=104.602167219° H=917.5178m
  原始数据:
2025/11/16 10:47:47.000   24.615048036  104.602167219   917.5178   2  25   0.0050   0.0140   0.0155   0.0027  -0.0085   0.0029   9.00    1.0 6541861

[TCP数据流] 2025/11/16 18:47:30 - 浮点解 (25颗卫星)
  ECEF: X=-1462905.1509 Y=5615308.6271 Z=2640750.3820
  LLH:  Lat=24.615048037° Lon=104.602167208° H=917.5175m
  原始数据:
2025/11/16 10:47:48.000   24.615048037  104.602167208   917.5175   2  25   0.0050   0.0140   0.0155   0.0027  -0.0085   0.0029  10.00    1.1 6541861

[TCP数据流] 2025/11/16 18:47:31 - 浮点解 (25颗卫星)
  ECEF: X=-1462905.1500 Y=5615308.6269 Z=2640750.3819
  LLH:  Lat=24.615048038° Lon=104.602167200° H=917.5171m
  原始数据:
2025/11/16 10:47:49.000   24.615048038  104.602167200   917.5171   2  25   0.0050   0.0139   0.0154   0.0027  -0.0085   0.0029  11.00    1.0 6541861

[TCP数据流] 2025/11/16 18:47:32 - 浮点解 (25颗卫星)
  ECEF: X=-1462905.1494 Y=5615308.6267 Z=2640750.3818
  LLH:  Lat=24.615048038° Lon=104.602167194° H=917.5167m
  原始数据:
2025/11/16 10:47:50.000   24.615048038  104.602167194   917.5167   2  25   0.0050   0.0139   0.0154   0.0027  -0.0085   0.0029  12.00    1.0 6541861

[TCP数据流] 2025/11/16 18:47:33 - 浮点解 (25颗卫星)
  ECEF: X=-1462905.1486 Y=5615308.6266 Z=2640750.3816
  LLH:  Lat=24.615048038° Lon=104.602167187° H=917.5164m
  原始数据:
2025/11/16 10:47:51.000   24.615048038  104.602167187   917.5164   2  25   0.0050   0.0139   0.0154   0.0027  -0.0085   0.0029  13.00    1.0 6541861

[TCP数据流] 2025/11/16 18:47:34 - 浮点解 (25颗卫星)
  ECEF: X=-1462905.1482 Y=5615308.6265 Z=2640750.3814
  LLH:  Lat=24.615048037° Lon=104.602167183° H=917.5161m
  原始数据:
2025/11/16 10:47:52.000   24.615048037  104.602167183   917.5161   2  25   0.0050   0.0139   0.0154   0.0027  -0.0085   0.0029  14.00    1.0 6541861

[TCP数据流] 2025/11/16 18:47:35 - 浮点解 (25颗卫星)
  ECEF: X=-1462905.1477 Y=5615308.6264 Z=2640750.3813
  LLH:  Lat=24.615048037° Lon=104.602167179° H=917.5158m
  原始数据:
2025/11/16 10:47:53.000   24.615048037  104.602167179   917.5158   2  25   0.0050   0.0139   0.0154   0.0027  -0.0085   0.0029  15.00    1.1 6541861

[TCP数据流] 2025/11/16 18:47:36 - 浮点解 (25颗卫星)
  ECEF: X=-1462905.1472 Y=5615308.6263 Z=2640750.3811
  LLH:  Lat=24.615048036° Lon=104.602167175° H=917.5155m
  原始数据:
2025/11/16 10:47:54.000   24.615048036  104.602167175   917.5155   2  25   0.0050   0.0139   0.0154   0.0027  -0.0085   0.0029  16.00    1.0 6541861

[TCP数据流] 2025/11/16 18:47:37 - 浮点解 (25颗卫星)
  ECEF: X=-1462905.1467 Y=5615308.6262 Z=2640750.3809
  LLH:  Lat=24.615048035° Lon=104.602167170° H=917.5153m
  原始数据:
2025/11/16 10:47:55.000   24.615048035  104.602167170   917.5153   2  25   0.0050   0.0139   0.0154   0.0027  -0.0085   0.0029  17.00    1.0 6541861

[TCP数据流] 2025/11/16 18:47:38 - 浮点解 (25颗卫星)
  ECEF: X=-1462905.1466 Y=5615308.6260 Z=2640750.3807
  LLH:  Lat=24.615048035° Lon=104.602167169° H=917.5150m
  原始数据:
2025/11/16 10:47:56.000   24.615048035  104.602167169   917.5150   2  25   0.0050   0.0139   0.0154   0.0027  -0.0085   0.0030  18.00    1.0 6541861

[TCP数据流] 2025/11/16 18:47:39 - 浮点解 (25颗卫星)
  ECEF: X=-1462905.1462 Y=5615308.6259 Z=2640750.3805
  LLH:  Lat=24.615048034° Lon=104.602167166° H=917.5147m
  原始数据:
2025/11/16 10:47:57.000   24.615048034  104.602167166   917.5147   2  25   0.0050   0.0139   0.0154   0.0027  -0.0085   0.0030  19.00    1.0 6541861

[TCP数据流] 2025/11/16 18:47:40 - 浮点解 (19颗卫星)
  ECEF: X=-1462905.1458 Y=5615308.6258 Z=2640750.3803
  LLH:  Lat=24.615048033° Lon=104.602167162° H=917.5145m
  原始数据:
2025/11/16 10:47:58.000   24.615048033  104.602167162   917.5145   2  19   0.0050   0.0139   0.0154   0.0027  -0.0085   0.0030  20.00    1.1 6541861

[TCP数据流] 2025/11/16 18:47:41 - 浮点解 (25颗卫星)
  ECEF: X=-1462905.1454 Y=5615308.6258 Z=2640750.3802
  LLH:  Lat=24.615048032° Lon=104.602167159° H=917.5143m
  原始数据:
2025/11/16 10:47:59.000   24.615048032  104.602167159   917.5143   2  25   0.0050   0.0139   0.0154   0.0027  -0.0085   0.0030  21.00    1.0 6541861

[TCP数据流] 2025/11/16 18:47:42 - 浮点解 (25颗卫星)
  ECEF: X=-1462905.1452 Y=5615308.6257 Z=2640750.3800
  LLH:  Lat=24.615048031° Lon=104.602167157° H=917.5141m
  原始数据:
2025/11/16 10:48:00.000   24.615048031  104.602167157   917.5141   2  25   0.0050   0.0139   0.0154   0.0027  -0.0085   0.0030  22.00    1.0 6541861

[TCP数据流] 2025/11/16 18:47:43 - 浮点解 (19颗卫星)
  ECEF: X=-1462905.1453 Y=5615308.6255 Z=2640750.3797
  LLH:  Lat=24.615048030° Lon=104.602167158° H=917.5138m
  原始数据:
2025/11/16 10:48:01.000   24.615048030  104.602167158   917.5138   2  19   0.0050   0.0139   0.0154   0.0027  -0.0085   0.0030  23.00    1.1 6541861

[TCP数据流] 2025/11/16 18:47:44 - 浮点解 (25颗卫星)
  ECEF: X=-1462905.1451 Y=5615308.6253 Z=2640750.3795
  LLH:  Lat=24.615048029° Lon=104.602167157° H=917.5135m
  原始数据:
2025/11/16 10:48:02.000   24.615048029  104.602167157   917.5135   2  25   0.0050   0.0138   0.0154   0.0027  -0.0085   0.0030  24.00    1.1 6541861

[TCP数据流] 2025/11/16 18:47:45 - 浮点解 (25颗卫星)
  ECEF: X=-1462905.1378 Y=5615308.6281 Z=2640750.3841
  LLH:  Lat=24.615048063° Lon=104.602167080° H=917.5162m
  原始数据:
2025/11/16 10:48:03.000   24.615048063  104.602167080   917.5162   2  25   0.0049   0.0138   0.0153   0.0026  -0.0085   0.0030   0.00    1.0 6541861

[TCP数据流] 2025/11/16 18:47:46 - 浮点解 (25颗卫星)
  ECEF: X=-1462905.1310 Y=5615308.6301 Z=2640750.3881
  LLH:  Lat=24.615048095° Lon=104.602167010° H=917.5181m
  原始数据:
2025/11/16 10:48:04.000   24.615048095  104.602167010   917.5181   2  25   0.0049   0.0137   0.0153   0.0026  -0.0085   0.0031   0.00    1.3 6541861

[TCP数据流] 2025/11/16 18:47:47 - 浮点解 (25颗卫星)
  ECEF: X=-1462905.1250 Y=5615308.6323 Z=2640750.3916
  LLH:  Lat=24.615048122° Lon=104.602166947° H=917.5201m
  原始数据:
2025/11/16 10:48:05.000   24.615048122  104.602166947   917.5201   2  25   0.0048   0.0136   0.0153   0.0026  -0.0085   0.0031   1.00    1.3 6541861

[TCP数据流] 2025/11/16 18:47:48 - 浮点解 (25颗卫星)
  ECEF: X=-1462905.1201 Y=5615308.6347 Z=2640750.3947
  LLH:  Lat=24.615048143° Lon=104.602166895° H=917.5224m
  原始数据:
2025/11/16 10:48:06.000   24.615048143  104.602166895   917.5224   2  25   0.0048   0.0136   0.0152   0.0026  -0.0085   0.0032   2.00    1.2 6541861

[TCP数据流] 2025/11/16 18:47:49 - 浮点解 (25颗卫星)
  ECEF: X=-1462905.1161 Y=5615308.6365 Z=2640750.3969
  LLH:  Lat=24.615048158° Lon=104.602166852° H=917.5240m
  原始数据:
2025/11/16 10:48:07.000   24.615048158  104.602166852   917.5240   2  25   0.0048   0.0135   0.0152   0.0026  -0.0085   0.0032   3.00    1.3 6541861

[TCP数据流] 2025/11/16 18:47:50 - 浮点解 (25颗卫星)
  ECEF: X=-1462905.1129 Y=5615308.6383 Z=2640750.3985
  LLH:  Lat=24.615048168° Lon=104.602166817° H=917.5255m
  原始数据:
2025/11/16 10:48:08.000   24.615048168  104.602166817   917.5255   2  25   0.0048   0.0135   0.0152   0.0025  -0.0085   0.0032   4.00    1.1 6541861

[TCP数据流] 2025/11/16 18:47:51 - 浮点解 (25颗卫星)
  ECEF: X=-1462905.1103 Y=5615308.6400 Z=2640750.3998
  LLH:  Lat=24.615048175° Lon=104.602166788° H=917.5270m
  原始数据:
2025/11/16 10:48:09.000   24.615048175  104.602166788   917.5270   2  25   0.0048   0.0134   0.0151   0.0025  -0.0085   0.0032   5.00    1.0 6541861

[TCP数据流] 2025/11/16 18:47:52 - 浮点解 (25颗卫星)
  ECEF: X=-1462905.1082 Y=5615308.6412 Z=2640750.4007
  LLH:  Lat=24.615048180° Lon=104.602166765° H=917.5279m
  原始数据:
2025/11/16 10:48:10.000   24.615048180  104.602166765   917.5279   2  25   0.0047   0.0134   0.0151   0.0025  -0.0085   0.0032   6.00    1.0 6541861

[TCP数据流] 2025/11/16 18:47:53 - 浮点解 (25颗卫星)
  ECEF: X=-1462905.1067 Y=5615308.6421 Z=2640750.4014
  LLH:  Lat=24.615048184° Lon=104.602166748° H=917.5286m
  原始数据:
2025/11/16 10:48:11.000   24.615048184  104.602166748   917.5286   2  25   0.0047   0.0134   0.0151   0.0025  -0.0085   0.0033   7.00    1.0 6541861

[TCP数据流] 2025/11/16 18:47:54 - 浮点解 (25颗卫星)
  ECEF: X=-1462905.1054 Y=5615308.6428 Z=2640750.4018
  LLH:  Lat=24.615048186° Lon=104.602166734° H=917.5291m
  原始数据:
2025/11/16 10:48:12.000   24.615048186  104.602166734   917.5291   2  25   0.0047   0.0134   0.0151   0.0025  -0.0085   0.0033   8.00    1.0 6541861

[TCP数据流] 2025/11/16 18:47:55 - 浮点解 (25颗卫星)
  ECEF: X=-1462905.1043 Y=5615308.6434 Z=2640750.4022
  LLH:  Lat=24.615048188° Lon=104.602166722° H=917.5296m
  原始数据:
2025/11/16 10:48:13.000   24.615048188  104.602166722   917.5296   2  25   0.0047   0.0134   0.0151   0.0025  -0.0085   0.0033   9.00    1.0 6541861

[TCP数据流] 2025/11/16 18:47:56 - 浮点解 (25颗卫星)
  ECEF: X=-1462905.1033 Y=5615308.6440 Z=2640750.4025
  LLH:  Lat=24.615048189° Lon=104.602166711° H=917.5300m
  原始数据:
2025/11/16 10:48:14.000   24.615048189  104.602166711   917.5300   2  25   0.0047   0.0134   0.0151   0.0025  -0.0085   0.0033  10.00    1.0 6541861

[TCP数据流] 2025/11/16 18:47:57 - 浮点解 (25颗卫星)
  ECEF: X=-1462905.1026 Y=5615308.6445 Z=2640750.4026
  LLH:  Lat=24.615048189° Lon=104.602166703° H=917.5303m
  原始数据:
2025/11/16 10:48:15.000   24.615048189  104.602166703   917.5303   2  25   0.0047   0.0133   0.0151   0.0025  -0.0085   0.0033  11.00    1.0 6541861

[TCP数据流] 2025/11/16 18:47:58 - 浮点解 (25颗卫星)
  ECEF: X=-1462905.1020 Y=5615308.6448 Z=2640750.4027
  LLH:  Lat=24.615048189° Lon=104.602166696° H=917.5305m
  原始数据:
2025/11/16 10:48:16.000   24.615048189  104.602166696   917.5305   2  25   0.0047   0.0133   0.0151   0.0025  -0.0085   0.0033  12.00    1.0 6541861

[TCP数据流] 2025/11/16 18:47:59 - 浮点解 (25颗卫星)
  ECEF: X=-1462905.1013 Y=5615308.6451 Z=2640750.4028
  LLH:  Lat=24.615048189° Lon=104.602166689° H=917.5306m
  原始数据:
2025/11/16 10:48:17.000   24.615048189  104.602166689   917.5306   2  25   0.0047   0.0133   0.0151   0.0025  -0.0085   0.0033  13.00    1.0 6541861

[TCP数据流] 2025/11/16 18:48:00 - 浮点解 (25颗卫星)
  ECEF: X=-1462905.1009 Y=5615308.6453 Z=2640750.4028
  LLH:  Lat=24.615048189° Lon=104.602166685° H=917.5307m
  原始数据:
2025/11/16 10:48:18.000   24.615048189  104.602166685   917.5307   2  25   0.0047   0.0133   0.0151   0.0025  -0.0085   0.0033  14.00    1.0 6541861

[TCP数据流] 2025/11/16 18:48:01 - 浮点解 (25颗卫星)
  ECEF: X=-1462905.1005 Y=5615308.6454 Z=2640750.4028
  LLH:  Lat=24.615048189° Lon=104.602166681° H=917.5307m
  原始数据:
2025/11/16 10:48:19.000   24.615048189  104.602166681   917.5307   2  25   0.0047   0.0133   0.0151   0.0025  -0.0085   0.0033  15.00    1.1 6541861

[TCP数据流] 2025/11/16 18:48:02 - 浮点解 (25颗卫星)
  ECEF: X=-1462905.1002 Y=5615308.6456 Z=2640750.4027
  LLH:  Lat=24.615048188° Lon=104.602166677° H=917.5308m
  原始数据:
2025/11/16 10:48:20.000   24.615048188  104.602166677   917.5308   2  25   0.0047   0.0133   0.0151   0.0025  -0.0085   0.0033  16.00    1.0 6541861

[TCP数据流] 2025/11/16 18:48:03 - 浮点解 (25颗卫星)
  ECEF: X=-1462905.0998 Y=5615308.6458 Z=2640750.4028
  LLH:  Lat=24.615048188° Lon=104.602166673° H=917.5309m
  原始数据:
2025/11/16 10:48:21.000   24.615048188  104.602166673   917.5309   2  25   0.0047   0.0133   0.0151   0.0025  -0.0085   0.0033  17.00    1.0 6541861

[TCP数据流] 2025/11/16 18:48:04 - 浮点解 (25颗卫星)
  ECEF: X=-1462905.0995 Y=5615308.6460 Z=2640750.4027
  LLH:  Lat=24.615048187° Lon=104.602166670° H=917.5309m
  原始数据:
2025/11/16 10:48:22.000   24.615048187  104.602166670   917.5309   2  25   0.0047   0.0133   0.0151   0.0025  -0.0085   0.0033  18.00    1.0 6541861

[TCP数据流] 2025/11/16 18:48:05 - 浮点解 (25颗卫星)
  ECEF: X=-1462905.0992 Y=5615308.6461 Z=2640750.4026
  LLH:  Lat=24.615048186° Lon=104.602166667° H=917.5309m
  原始数据:
2025/11/16 10:48:23.000   24.615048186  104.602166667   917.5309   2  25   0.0047   0.0133   0.0151   0.0025  -0.0085   0.0033  19.00    1.0 6541861

[TCP数据流] 2025/11/16 18:48:06 - 浮点解 (25颗卫星)
  ECEF: X=-1462905.0990 Y=5615308.6461 Z=2640750.4024
  LLH:  Lat=24.615048185° Lon=104.602166665° H=917.5308m
  原始数据:
2025/11/16 10:48:24.000   24.615048185  104.602166665   917.5308   2  25   0.0047   0.0133   0.0150   0.0025  -0.0085   0.0033  20.00    1.0 6541861

[TCP数据流] 2025/11/16 18:48:07 - 浮点解 (25颗卫星)
  ECEF: X=-1462905.0987 Y=5615308.6461 Z=2640750.4023
  LLH:  Lat=24.615048184° Lon=104.602166662° H=917.5307m
  原始数据:
2025/11/16 10:48:25.000   24.615048184  104.602166662   917.5307   2  25   0.0047   0.0133   0.0150   0.0025  -0.0085   0.0033  21.00    1.0 6541861

[TCP数据流] 2025/11/16 18:48:08 - 浮点解 (25颗卫星)
  ECEF: X=-1462905.0984 Y=5615308.6462 Z=2640750.4022
  LLH:  Lat=24.615048183° Lon=104.602166659° H=917.5307m
  原始数据:
2025/11/16 10:48:26.000   24.615048183  104.602166659   917.5307   2  25   0.0047   0.0133   0.0150   0.0025  -0.0085   0.0033  22.00    1.0 6541861

[TCP数据流] 2025/11/16 18:48:09 - 浮点解 (25颗卫星)
  ECEF: X=-1462905.0982 Y=5615308.6462 Z=2640750.4019
  LLH:  Lat=24.615048181° Lon=104.602166657° H=917.5305m
  原始数据:
2025/11/16 10:48:27.000   24.615048181  104.602166657   917.5305   2  25   0.0047   0.0133   0.0150   0.0025  -0.0085   0.0033  23.00    1.0 6541861

[TCP数据流] 2025/11/16 18:48:10 - 浮点解 (25颗卫星)
  ECEF: X=-1462905.0980 Y=5615308.6462 Z=2640750.4018
  LLH:  Lat=24.615048180° Lon=104.602166655° H=917.5304m
  原始数据:
2025/11/16 10:48:28.000   24.615048180  104.602166655   917.5304   2  25   0.0047   0.0133   0.0150   0.0025  -0.0085   0.0033  24.00    1.0 6541861

[TCP数据流] 2025/11/16 18:48:11 - 浮点解 (25颗卫星)
  ECEF: X=-1462905.0979 Y=5615308.6461 Z=2640750.4016
  LLH:  Lat=24.615048179° Lon=104.602166654° H=917.5302m
  原始数据:
2025/11/16 10:48:29.000   24.615048179  104.602166654   917.5302   2  25   0.0047   0.0133   0.0150   0.0025  -0.0085   0.0033  25.00    1.0 6541861

[TCP数据流] 2025/11/16 18:48:12 - 浮点解 (25颗卫星)
  ECEF: X=-1462905.0977 Y=5615308.6461 Z=2640750.4014
  LLH:  Lat=24.615048178° Lon=104.602166652° H=917.5301m
  原始数据:
2025/11/16 10:48:30.000   24.615048178  104.602166652   917.5301   2  25   0.0047   0.0133   0.0150   0.0025  -0.0085   0.0033  26.00    1.1 6541861

[TCP数据流] 2025/11/16 18:48:13 - 浮点解 (25颗卫星)
  ECEF: X=-1462905.0975 Y=5615308.6460 Z=2640750.4013
  LLH:  Lat=24.615048177° Lon=104.602166651° H=917.5299m
  原始数据:
2025/11/16 10:48:31.000   24.615048177  104.602166651   917.5299   2  25   0.0047   0.0133   0.0150   0.0025  -0.0085   0.0033  27.00    1.1 6541861

[TCP数据流] 2025/11/16 18:48:14 - 浮点解 (25颗卫星)
  ECEF: X=-1462905.0975 Y=5615308.6458 Z=2640750.4010
  LLH:  Lat=24.615048176° Lon=104.602166651° H=917.5296m
  原始数据:
2025/11/16 10:48:32.000   24.615048176  104.602166651   917.5296   2  25   0.0047   0.0133   0.0150   0.0025  -0.0085   0.0033  28.00    1.1 6541861

[TCP数据流] 2025/11/16 18:48:15 - 浮点解 (25颗卫星)
  ECEF: X=-1462905.0974 Y=5615308.6457 Z=2640750.4008
  LLH:  Lat=24.615048175° Lon=104.602166650° H=917.5294m
  原始数据:
2025/11/16 10:48:33.000   24.615048175  104.602166650   917.5294   2  25   0.0047   0.0133   0.0150   0.0025  -0.0085   0.0033  29.00    1.0 6541861

[TCP数据流] 2025/11/16 18:48:16 - 浮点解 (25颗卫星)
  ECEF: X=-1462905.0972 Y=5615308.6455 Z=2640750.4006
  LLH:  Lat=24.615048174° Lon=104.602166649° H=917.5291m
  原始数据:
2025/11/16 10:48:34.000   24.615048174  104.602166649   917.5291   2  25   0.0047   0.0132   0.0150   0.0025  -0.0085   0.0033  30.00    1.0 6541861

[TCP数据流] 2025/11/16 18:48:45 - 浮点解 (25颗卫星)
  ECEF: X=-1462905.0910 Y=5615308.6498 Z=2640750.4062
  LLH:  Lat=24.615048210° Lon=104.602166579° H=917.5338m
  原始数据:
2025/11/16 10:49:03.000   24.615048210  104.602166579   917.5338   2  25   0.0046   0.0132   0.0150   0.0024  -0.0084   0.0033   0.00    1.2 6541861

[TCP数据流] 2025/11/16 18:48:46 - 浮点解 (25颗卫星)
  ECEF: X=-1462905.0855 Y=5615308.6538 Z=2640750.4116
  LLH:  Lat=24.615048245° Lon=104.602166516° H=917.5383m
  原始数据:
2025/11/16 10:49:04.000   24.615048245  104.602166516   917.5383   2  25   0.0046   0.0131   0.0149   0.0024  -0.0084   0.0034   0.00    1.1 6541861

[TCP数据流] 2025/11/16 18:48:47 - 浮点解 (25颗卫星)
  ECEF: X=-1462905.0797 Y=5615308.6581 Z=2640750.4167
  LLH:  Lat=24.615048277° Lon=104.602166450° H=917.5429m
  原始数据:
2025/11/16 10:49:05.000   24.615048277  104.602166450   917.5429   2  25   0.0046   0.0130   0.0149   0.0024  -0.0084   0.0034   0.00    1.1 6541861

[TCP数据流] 2025/11/16 18:48:48 - 浮点解 (25颗卫星)
  ECEF: X=-1462905.0744 Y=5615308.6619 Z=2640750.4212
  LLH:  Lat=24.615048305° Lon=104.602166390° H=917.5469m
  原始数据:
2025/11/16 10:49:06.000   24.615048305  104.602166390   917.5469   2  25   0.0046   0.0130   0.0148   0.0024  -0.0084   0.0034   1.00    1.3 6541861

[TCP数据流] 2025/11/16 18:48:49 - 浮点解 (25颗卫星)
  ECEF: X=-1462905.0699 Y=5615308.6652 Z=2640750.4249
  LLH:  Lat=24.615048327° Lon=104.602166339° H=917.5503m
  原始数据:
2025/11/16 10:49:07.000   24.615048327  104.602166339   917.5503   2  25   0.0045   0.0129   0.0148   0.0023  -0.0084   0.0035   2.00    1.0 6541861

[TCP数据流] 2025/11/16 18:48:50 - 浮点解 (25颗卫星)
  ECEF: X=-1462905.0664 Y=5615308.6683 Z=2640750.4278
  LLH:  Lat=24.615048343° Lon=104.602166298° H=917.5534m
  原始数据:
2025/11/16 10:49:08.000   24.615048343  104.602166298   917.5534   2  25   0.0045   0.0129   0.0148   0.0023  -0.0084   0.0035   3.00    1.0 6541861

[TCP数据流] 2025/11/16 18:48:51 - 浮点解 (25颗卫星)
  ECEF: X=-1462905.0635 Y=5615308.6709 Z=2640750.4299
  LLH:  Lat=24.615048354° Lon=104.602166264° H=917.5559m
  原始数据:
2025/11/16 10:49:09.000   24.615048354  104.602166264   917.5559   2  25   0.0045   0.0128   0.0147   0.0023  -0.0084   0.0035   4.00    1.0 6541861

[TCP数据流] 2025/11/16 18:48:52 - 浮点解 (25颗卫星)
  ECEF: X=-1462905.0610 Y=5615308.6730 Z=2640750.4315
  LLH:  Lat=24.615048362° Lon=104.602166235° H=917.5579m
  原始数据:
2025/11/16 10:49:10.000   24.615048362  104.602166235   917.5579   2  25   0.0045   0.0128   0.0147   0.0023  -0.0084   0.0035   5.00    1.0 6541861

[TCP数据流] 2025/11/16 18:48:54 - 浮点解 (25颗卫星)
  ECEF: X=-1462905.0596 Y=5615308.6743 Z=2640750.4326
  LLH:  Lat=24.615048367° Lon=104.602166218° H=917.5591m
  原始数据:
2025/11/16 10:49:12.000   24.615048367  104.602166218   917.5591   2  25   0.0045   0.0128   0.0147   0.0023  -0.0084   0.0035   7.00    1.0 6541861

[TCP数据流] 2025/11/16 18:48:55 - 浮点解 (25颗卫星)
  ECEF: X=-1462905.0582 Y=5615308.6754 Z=2640750.4331
  LLH:  Lat=24.615048369° Lon=104.602166202° H=917.5600m
  原始数据:
2025/11/16 10:49:13.000   24.615048369  104.602166202   917.5600   2  25   0.0045   0.0128   0.0147   0.0023  -0.0084   0.0035   8.00    1.0 6541861

[TCP数据流] 2025/11/16 18:48:56 - 浮点解 (25颗卫星)
  ECEF: X=-1462905.0571 Y=5615308.6761 Z=2640750.4336
  LLH:  Lat=24.615048371° Lon=104.602166190° H=917.5606m
  原始数据:
2025/11/16 10:49:14.000   24.615048371  104.602166190   917.5606   2  25   0.0045   0.0128   0.0147   0.0023  -0.0084   0.0035   9.00    1.0 6541861

[TCP数据流] 2025/11/16 18:48:57 - 浮点解 (25颗卫星)
  ECEF: X=-1462905.0562 Y=5615308.6768 Z=2640750.4340
  LLH:  Lat=24.615048373° Lon=104.602166179° H=917.5612m
  原始数据:
2025/11/16 10:49:15.000   24.615048373  104.602166179   917.5612   2  25   0.0045   0.0128   0.0147   0.0023  -0.0084   0.0035  10.00    1.0 6541861

[TCP数据流] 2025/11/16 18:48:58 - 浮点解 (25颗卫星)
  ECEF: X=-1462905.0553 Y=5615308.6775 Z=2640750.4342
  LLH:  Lat=24.615048373° Lon=104.602166169° H=917.5617m
  原始数据:
2025/11/16 10:49:16.000   24.615048373  104.602166169   917.5617   2  25   0.0045   0.0127   0.0147   0.0023  -0.0084   0.0035  11.00    1.0 6541861

[TCP数据流] 2025/11/16 18:48:59 - 浮点解 (25颗卫星)
  ECEF: X=-1462905.0545 Y=5615308.6781 Z=2640750.4344
  LLH:  Lat=24.615048373° Lon=104.602166160° H=917.5621m
  原始数据:
2025/11/16 10:49:17.000   24.615048373  104.602166160   917.5621   2  25   0.0044   0.0127   0.0147   0.0023  -0.0084   0.0035  12.00    1.0 6541861

[TCP数据流] 2025/11/16 18:49:00 - 浮点解 (25颗卫星)
  ECEF: X=-1462905.0540 Y=5615308.6784 Z=2640750.4345
  LLH:  Lat=24.615048373° Lon=104.602166154° H=917.5623m
  原始数据:
2025/11/16 10:49:18.000   24.615048373  104.602166154   917.5623   2  25   0.0044   0.0127   0.0146   0.0023  -0.0084   0.0035  13.00    1.0 6541861

[TCP数据流] 2025/11/16 18:49:01 - 浮点解 (25颗卫星)
  ECEF: X=-1462905.0535 Y=5615308.6787 Z=2640750.4346
  LLH:  Lat=24.615048373° Lon=104.602166149° H=917.5625m
  原始数据:
2025/11/16 10:49:19.000   24.615048373  104.602166149   917.5625   2  25   0.0044   0.0127   0.0146   0.0023  -0.0084   0.0035  14.00    1.0 6541861

[TCP数据流] 2025/11/16 18:49:02 - 浮点解 (25颗卫星)
  ECEF: X=-1462905.0531 Y=5615308.6791 Z=2640750.4347
  LLH:  Lat=24.615048373° Lon=104.602166144° H=917.5627m
  原始数据:
2025/11/16 10:49:20.000   24.615048373  104.602166144   917.5627   2  25   0.0044   0.0127   0.0146   0.0023  -0.0084   0.0035  15.00    1.0 6541861

[TCP数据流] 2025/11/16 18:49:03 - 浮点解 (25颗卫星)
  ECEF: X=-1462905.0526 Y=5615308.6793 Z=2640750.4346
  LLH:  Lat=24.615048372° Lon=104.602166139° H=917.5628m
  原始数据:
2025/11/16 10:49:21.000   24.615048372  104.602166139   917.5628   2  25   0.0044   0.0127   0.0146   0.0023  -0.0084   0.0035  16.00    1.0 6541861

[TCP数据流] 2025/11/16 18:51:58 - 浮点解 (25颗卫星)
  ECEF: X=-1462905.0535 Y=5615308.6803 Z=2640750.4404
  LLH:  Lat=24.615048415° Lon=104.602166145° H=917.5663m
  原始数据:
2025/11/16 10:52:16.000   24.615048415  104.602166145   917.5663   2  25   0.0044   0.0126   0.0146   0.0022  -0.0084   0.0036   0.00    1.2 6541861

[TCP数据流] 2025/11/16 18:51:59 - 浮点解 (19颗卫星)
  ECEF: X=-1462905.0529 Y=5615308.6778 Z=2640750.4416
  LLH:  Lat=24.615048435° Lon=104.602166145° H=917.5644m
  原始数据:
2025/11/16 10:52:17.000   24.615048435  104.602166145   917.5644   2  19   0.0044   0.0126   0.0146   0.0022  -0.0084   0.0036   0.00    2.8 6541861

[TCP数据流] 2025/11/16 18:52:00 - 浮点解 (25颗卫星)
  ECEF: X=-1462905.0533 Y=5615308.6785 Z=2640750.4460
  LLH:  Lat=24.615048468° Lon=104.602166147° H=917.5670m
  原始数据:
2025/11/16 10:52:18.000   24.615048468  104.602166147   917.5670   2  25   0.0043   0.0125   0.0145   0.0022  -0.0084   0.0036   1.00    1.2 6541861

[TCP数据流] 2025/11/16 18:52:01 - 浮点解 (25颗卫星)
  ECEF: X=-1462905.0538 Y=5615308.6789 Z=2640750.4493
  LLH:  Lat=24.615048493° Lon=104.602166151° H=917.5688m
  原始数据:
2025/11/16 10:52:19.000   24.615048493  104.602166151   917.5688   2  25   0.0043   0.0124   0.0145   0.0022  -0.0084   0.0036   2.00    1.2 6541861

[TCP数据流] 2025/11/16 18:52:02 - 浮点解 (25颗卫星)
  ECEF: X=-1462905.0542 Y=5615308.6792 Z=2640750.4518
  LLH:  Lat=24.615048512° Lon=104.602166154° H=917.5702m
  原始数据:
2025/11/16 10:52:20.000   24.615048512  104.602166154   917.5702   2  25   0.0043   0.0124   0.0145   0.0021  -0.0084   0.0036   3.00    1.1 6541861

[TCP数据流] 2025/11/16 18:52:03 - 浮点解 (25颗卫星)
  ECEF: X=-1462905.0546 Y=5615308.6793 Z=2640750.4536
  LLH:  Lat=24.615048526° Lon=104.602166158° H=917.5712m
  原始数据:
2025/11/16 10:52:21.000   24.615048526  104.602166158   917.5712   2  25   0.0043   0.0123   0.0144   0.0021  -0.0084   0.0036   4.00    1.1 6541861

[TCP数据流] 2025/11/16 18:52:04 - 浮点解 (25颗卫星)
  ECEF: X=-1462905.0551 Y=5615308.6794 Z=2640750.4549
  LLH:  Lat=24.615048536° Lon=104.602166162° H=917.5719m
  原始数据:
2025/11/16 10:52:22.000   24.615048536  104.602166162   917.5719   2  25   0.0042   0.0123   0.0144   0.0021  -0.0084   0.0037   5.00    1.1 6541861

[TCP数据流] 2025/11/16 18:52:07 - 浮点解 (25颗卫星)
  ECEF: X=-1462905.0557 Y=5615308.6794 Z=2640750.4555
  LLH:  Lat=24.615048540° Lon=104.602166168° H=917.5723m
  原始数据:
2025/11/16 10:52:25.000   24.615048540  104.602166168   917.5723   2  25   0.0042   0.0123   0.0144   0.0021  -0.0084   0.0037   8.00    1.0 6541861

[TCP数据流] 2025/11/16 18:52:09 - 浮点解 (25颗卫星)
  ECEF: X=-1462905.0564 Y=5615308.6795 Z=2640750.4559
  LLH:  Lat=24.615048543° Lon=104.602166174° H=917.5727m
  原始数据:
2025/11/16 10:52:27.000   24.615048543  104.602166174   917.5727   2  25   0.0042   0.0123   0.0144   0.0021  -0.0084   0.0037  10.00    1.0 6541861

[TCP数据流] 2025/11/16 18:52:10 - 浮点解 (19颗卫星)
  ECEF: X=-1462905.0566 Y=5615308.6800 Z=2640750.4564
  LLH:  Lat=24.615048545° Lon=104.602166175° H=917.5734m
  原始数据:
2025/11/16 10:52:28.000   24.615048545  104.602166175   917.5734   2  19   0.0042   0.0123   0.0144   0.0021  -0.0084   0.0037  11.00    1.1 6541861

[TCP数据流] 2025/11/16 18:52:11 - 浮点解 (25颗卫星)
  ECEF: X=-1462905.0571 Y=5615308.6800 Z=2640750.4568
  LLH:  Lat=24.615048547° Lon=104.602166180° H=917.5737m
  原始数据:
2025/11/16 10:52:29.000   24.615048547  104.602166180   917.5737   2  25   0.0042   0.0123   0.0144   0.0021  -0.0084   0.0037  12.00    1.1 6541861

[TCP数据流] 2025/11/16 18:52:12 - 浮点解 (25颗卫星)
  ECEF: X=-1462905.0577 Y=5615308.6800 Z=2640750.4569
  LLH:  Lat=24.615048548° Lon=104.602166186° H=917.5739m
  原始数据:
2025/11/16 10:52:30.000   24.615048548  104.602166186   917.5739   2  25   0.0042   0.0123   0.0144   0.0021  -0.0084   0.0037  13.00    1.0 6541861

[TCP数据流] 2025/11/16 18:52:14 - 浮点解 (25颗卫星)
  ECEF: X=-1462905.0583 Y=5615308.6800 Z=2640750.4572
  LLH:  Lat=24.615048550° Lon=104.602166191° H=917.5741m
  原始数据:
2025/11/16 10:52:32.000   24.615048550  104.602166191   917.5741   2  25   0.0042   0.0122   0.0144   0.0021  -0.0084   0.0037  15.00    1.1 6541861

[TCP数据流] 2025/11/16 18:52:15 - 浮点解 (25颗卫星)
  ECEF: X=-1462905.0588 Y=5615308.6799 Z=2640750.4573
  LLH:  Lat=24.615048550° Lon=104.602166196° H=917.5742m
  原始数据:
2025/11/16 10:52:33.000   24.615048550  104.602166196   917.5742   2  25   0.0042   0.0122   0.0144   0.0021  -0.0084   0.0037  16.00    1.1 6541861

[TCP数据流] 2025/11/16 18:52:16 - 浮点解 (25颗卫星)
  ECEF: X=-1462905.0593 Y=5615308.6799 Z=2640750.4575
  LLH:  Lat=24.615048551° Lon=104.602166201° H=917.5744m
  原始数据:
2025/11/16 10:52:34.000   24.615048551  104.602166201   917.5744   2  25   0.0042   0.0122   0.0144   0.0021  -0.0084   0.0037  17.00    1.1 6541861

[TCP数据流] 2025/11/16 18:52:17 - 浮点解 (25颗卫星)
  ECEF: X=-1462905.0597 Y=5615308.6799 Z=2640750.4576
  LLH:  Lat=24.615048552° Lon=104.602166205° H=917.5745m
  原始数据:
2025/11/16 10:52:35.000   24.615048552  104.602166205   917.5745   2  25   0.0042   0.0122   0.0144   0.0021  -0.0084   0.0037  18.00    1.1 6541861

[TCP数据流] 2025/11/16 18:52:18 - 浮点解 (25颗卫星)
  ECEF: X=-1462905.0602 Y=5615308.6798 Z=2640750.4576
  LLH:  Lat=24.615048552° Lon=104.602166210° H=917.5745m
  原始数据:
2025/11/16 10:52:36.000   24.615048552  104.602166210   917.5745   2  25   0.0042   0.0122   0.0144   0.0021  -0.0084   0.0037  19.00    1.1 6541861

[TCP数据流] 2025/11/16 18:52:19 - 浮点解 (25颗卫星)
  ECEF: X=-1462905.0607 Y=5615308.6796 Z=2640750.4577
  LLH:  Lat=24.615048553° Lon=104.602166215° H=917.5745m
  原始数据:
2025/11/16 10:52:37.000   24.615048553  104.602166215   917.5745   2  25   0.0042   0.0122   0.0144   0.0021  -0.0084   0.0037  20.00    1.1 6541861

[TCP数据流] 2025/11/16 18:52:20 - 浮点解 (25颗卫星)
  ECEF: X=-1462905.0613 Y=5615308.6795 Z=2640750.4577
  LLH:  Lat=24.615048553° Lon=104.602166221° H=917.5746m
  原始数据:
2025/11/16 10:52:38.000   24.615048553  104.602166221   917.5746   2  25   0.0042   0.0122   0.0144   0.0021  -0.0084   0.0037  21.00    1.1 6541861

[TCP数据流] 2025/11/16 18:52:21 - 浮点解 (19颗卫星)
  ECEF: X=-1462905.0618 Y=5615308.6791 Z=2640750.4578
  LLH:  Lat=24.615048554° Lon=104.602166227° H=917.5744m
  原始数据:
2025/11/16 10:52:39.000   24.615048554  104.602166227   917.5744   2  19   0.0042   0.0122   0.0144   0.0021  -0.0084   0.0037  22.00    1.0 6541861

[TCP数据流] 2025/11/16 18:52:22 - 浮点解 (25颗卫星)
  ECEF: X=-1462905.0625 Y=5615308.6789 Z=2640750.4577
  LLH:  Lat=24.615048554° Lon=104.602166234° H=917.5743m
  原始数据:
2025/11/16 10:52:40.000   24.615048554  104.602166234   917.5743   2  25   0.0042   0.0122   0.0144   0.0021  -0.0084   0.0037  23.00    1.1 6541861

[TCP数据流] 2025/11/16 18:52:23 - 浮点解 (25颗卫星)
  ECEF: X=-1462905.0635 Y=5615308.6811 Z=2640750.4627
  LLH:  Lat=24.615048586° Lon=104.602166238° H=917.5786m
  原始数据:
2025/11/16 10:52:41.000   24.615048586  104.602166238   917.5786   2  25   0.0042   0.0121   0.0143   0.0020  -0.0084   0.0037   0.00    1.1 6541861

[TCP数据流] 2025/11/16 18:52:24 - 浮点解 (19颗卫星)
  ECEF: X=-1462905.0634 Y=5615308.6803 Z=2640750.4642
  LLH:  Lat=24.615048601° Lon=104.602166239° H=917.5784m
  原始数据:
2025/11/16 10:52:42.000   24.615048601  104.602166239   917.5784   2  19   0.0041   0.0121   0.0143   0.0020  -0.0084   0.0037   0.00    1.2 6541861

[TCP数据流] 2025/11/16 18:52:25 - 浮点解 (25颗卫星)
  ECEF: X=-1462905.0640 Y=5615308.6827 Z=2640750.4685
  LLH:  Lat=24.615048627° Lon=104.602166239° H=917.5825m
  原始数据:
2025/11/16 10:52:43.000   24.615048627  104.602166239   917.5825   2  25   0.0041   0.0121   0.0143   0.0020  -0.0084   0.0037   1.00    1.0 6541861

[TCP数据流] 2025/11/16 18:52:26 - 浮点解 (25颗卫星)
  ECEF: X=-1462905.0646 Y=5615308.6846 Z=2640750.4720
  LLH:  Lat=24.615048648° Lon=104.602166240° H=917.5858m
  原始数据:
2025/11/16 10:52:44.000   24.615048648  104.602166240   917.5858   2  25   0.0041   0.0120   0.0143   0.0020  -0.0084   0.0037   2.00    1.1 6541861

[TCP数据流] 2025/11/16 18:52:27 - 浮点解 (25颗卫星)
  ECEF: X=-1462905.0652 Y=5615308.6863 Z=2640750.4747
  LLH:  Lat=24.615048664° Lon=104.602166242° H=917.5885m
  原始数据:
2025/11/16 10:52:45.000   24.615048664  104.602166242   917.5885   2  25   0.0041   0.0120   0.0143   0.0020  -0.0084   0.0037   3.00    1.0 6541861

[TCP数据流] 2025/11/16 18:52:29 - 浮点解 (25颗卫星)
  ECEF: X=-1462905.0655 Y=5615308.6873 Z=2640750.4763
  LLH:  Lat=24.615048673° Lon=104.602166242° H=917.5901m
  原始数据:
2025/11/16 10:52:47.000   24.615048673  104.602166242   917.5901   2  25   0.0041   0.0120   0.0142   0.0020  -0.0084   0.0037   5.00    1.2 6541861

[TCP数据流] 2025/11/16 18:52:30 - 浮点解 (25颗卫星)
  ECEF: X=-1462905.0657 Y=5615308.6880 Z=2640750.4773
  LLH:  Lat=24.615048679° Lon=104.602166242° H=917.5912m
  原始数据:
2025/11/16 10:52:48.000   24.615048679  104.602166242   917.5912   2  25   0.0041   0.0119   0.0142   0.0019  -0.0084   0.0037   6.00    1.1 6541861

[TCP数据流] 2025/11/16 18:52:31 - 浮点解 (25颗卫星)
  ECEF: X=-1462905.0658 Y=5615308.6885 Z=2640750.4783
  LLH:  Lat=24.615048685° Lon=104.602166242° H=917.5921m
  原始数据:
2025/11/16 10:52:49.000   24.615048685  104.602166242   917.5921   2  25   0.0040   0.0119   0.0142   0.0019  -0.0084   0.0037   7.00    1.2 6541861

[TCP数据流] 2025/11/16 18:52:32 - 浮点解 (25颗卫星)
  ECEF: X=-1462905.0657 Y=5615308.6890 Z=2640750.4790
  LLH:  Lat=24.615048689° Lon=104.602166240° H=917.5928m
  原始数据:
2025/11/16 10:52:50.000   24.615048689  104.602166240   917.5928   2  25   0.0040   0.0119   0.0142   0.0019  -0.0084   0.0038   8.00    1.2 6541861

[TCP数据流] 2025/11/16 18:52:33 - 浮点解 (25颗卫星)
  ECEF: X=-1462905.0659 Y=5615308.6893 Z=2640750.4795
  LLH:  Lat=24.615048692° Lon=104.602166241° H=917.5933m
  原始数据:
2025/11/16 10:52:51.000   24.615048692  104.602166241   917.5933   2  25   0.0040   0.0119   0.0142   0.0019  -0.0084   0.0038   9.00    1.2 6541861

[TCP数据流] 2025/11/16 18:52:35 - 浮点解 (25颗卫星)
  ECEF: X=-1462905.0659 Y=5615308.6895 Z=2640750.4799
  LLH:  Lat=24.615048694° Lon=104.602166240° H=917.5936m
  原始数据:
2025/11/16 10:52:53.000   24.615048694  104.602166240   917.5936   2  25   0.0040   0.0119   0.0142   0.0019  -0.0084   0.0038  11.00    1.2 6541861

[TCP数据流] 2025/11/16 18:52:36 - 浮点解 (25颗卫星)
  ECEF: X=-1462905.0658 Y=5615308.6897 Z=2640750.4801
  LLH:  Lat=24.615048695° Lon=104.602166239° H=917.5939m
  原始数据:
2025/11/16 10:52:54.000   24.615048695  104.602166239   917.5939   2  25   0.0040   0.0119   0.0142   0.0019  -0.0084   0.0038  12.00    1.2 6541861

[TCP数据流] 2025/11/16 18:52:37 - 浮点解 (25颗卫星)
  ECEF: X=-1462905.0657 Y=5615308.6898 Z=2640750.4802
  LLH:  Lat=24.615048696° Lon=104.602166238° H=917.5940m
  原始数据:
2025/11/16 10:52:55.000   24.615048696  104.602166238   917.5940   2  25   0.0040   0.0119   0.0142   0.0019  -0.0084   0.0038  13.00    1.2 6541861

[TCP数据流] 2025/11/16 18:52:39 - 浮点解 (25颗卫星)
  ECEF: X=-1462905.0657 Y=5615308.6897 Z=2640750.4803
  LLH:  Lat=24.615048697° Lon=104.602166238° H=917.5940m
  原始数据:
2025/11/16 10:52:57.000   24.615048697  104.602166238   917.5940   2  25   0.0040   0.0119   0.0142   0.0019  -0.0084   0.0038  15.00    1.2 6541861

[TCP数据流] 2025/11/16 18:52:40 - 浮点解 (25颗卫星)
  ECEF: X=-1462905.0657 Y=5615308.6897 Z=2640750.4803
  LLH:  Lat=24.615048697° Lon=104.602166238° H=917.5940m
  原始数据:
2025/11/16 10:52:58.000   24.615048697  104.602166238   917.5940   2  25   0.0040   0.0119   0.0142   0.0019  -0.0084   0.0038  16.00    1.2 6541861

[TCP数据流] 2025/11/16 18:52:41 - 浮点解 (25颗卫星)
  ECEF: X=-1462905.0656 Y=5615308.6898 Z=2640750.4805
  LLH:  Lat=24.615048698° Lon=104.602166237° H=917.5941m
  原始数据:
2025/11/16 10:52:59.000   24.615048698  104.602166237   917.5941   2  25   0.0040   0.0119   0.0142   0.0019  -0.0084   0.0038  17.00    1.2 6541861

[TCP数据流] 2025/11/16 18:52:42 - 浮点解 (25颗卫星)
  ECEF: X=-1462905.0655 Y=5615308.6898 Z=2640750.4805
  LLH:  Lat=24.615048698° Lon=104.602166236° H=917.5941m
  原始数据:
2025/11/16 10:53:00.000   24.615048698  104.602166236   917.5941   2  25   0.0040   0.0119   0.0142   0.0019  -0.0084   0.0038  18.00    1.2 6541861

[TCP数据流] 2025/11/16 18:52:43 - 浮点解 (25颗卫星)
  ECEF: X=-1462905.0654 Y=5615308.6897 Z=2640750.4803
  LLH:  Lat=24.615048697° Lon=104.602166235° H=917.5939m
  原始数据:
2025/11/16 10:53:01.000   24.615048697  104.602166235   917.5939   2  25   0.0040   0.0119   0.0142   0.0019  -0.0084   0.0038  19.00    1.2 6541861

[TCP数据流] 2025/11/16 18:52:44 - 浮点解 (25颗卫星)
  ECEF: X=-1462905.0653 Y=5615308.6896 Z=2640750.4802
  LLH:  Lat=24.615048697° Lon=104.602166234° H=917.5937m
  原始数据:
2025/11/16 10:53:02.000   24.615048697  104.602166234   917.5937   2  25   0.0040   0.0118   0.0142   0.0019  -0.0084   0.0038  20.00    1.2 6541861

[TCP数据流] 2025/11/16 18:52:45 - 浮点解 (25颗卫星)
  ECEF: X=-1462905.0653 Y=5615308.6894 Z=2640750.4800
  LLH:  Lat=24.615048696° Lon=104.602166235° H=917.5935m
  原始数据:
2025/11/16 10:53:03.000   24.615048696  104.602166235   917.5935   2  25   0.0040   0.0118   0.0142   0.0019  -0.0084   0.0038  21.00    1.2 6541861

[TCP数据流] 2025/11/16 18:52:46 - 浮点解 (25颗卫星)
  ECEF: X=-1462905.0652 Y=5615308.6893 Z=2640750.4800
  LLH:  Lat=24.615048696° Lon=104.602166234° H=917.5934m
  原始数据:
2025/11/16 10:53:04.000   24.615048696  104.602166234   917.5934   2  25   0.0040   0.0118   0.0142   0.0019  -0.0084   0.0038  22.00    1.3 6541861

[TCP数据流] 2025/11/16 18:52:47 - 浮点解 (25颗卫星)
  ECEF: X=-1462905.0652 Y=5615308.6891 Z=2640750.4799
  LLH:  Lat=24.615048696° Lon=104.602166235° H=917.5932m
  原始数据:
2025/11/16 10:53:05.000   24.615048696  104.602166235   917.5932   2  25   0.0040   0.0118   0.0142   0.0019  -0.0084   0.0038  23.00    1.2 6541861

[TCP数据流] 2025/11/16 18:52:48 - 浮点解 (25颗卫星)
  ECEF: X=-1462905.0651 Y=5615308.6890 Z=2640750.4797
  LLH:  Lat=24.615048695° Lon=104.602166234° H=917.5930m
  原始数据:
2025/11/16 10:53:06.000   24.615048695  104.602166234   917.5930   2  25   0.0040   0.0118   0.0142   0.0019  -0.0084   0.0038  24.00    1.4 6541861

[TCP数据流] 2025/11/16 18:52:49 - 浮点解 (25颗卫星)
  ECEF: X=-1462905.0651 Y=5615308.6889 Z=2640750.4795
  LLH:  Lat=24.615048694° Lon=104.602166234° H=917.5928m
  原始数据:
2025/11/16 10:53:07.000   24.615048694  104.602166234   917.5928   2  25   0.0040   0.0118   0.0142   0.0019  -0.0084   0.0038  25.00    1.1 6541861

[TCP数据流] 2025/11/16 18:52:50 - 浮点解 (25颗卫星)
  ECEF: X=-1462905.0650 Y=5615308.6887 Z=2640750.4794
  LLH:  Lat=24.615048694° Lon=104.602166234° H=917.5926m
  原始数据:
2025/11/16 10:53:08.000   24.615048694  104.602166234   917.5926   2  25   0.0040   0.0118   0.0142   0.0019  -0.0084   0.0038  26.00    1.3 6541861

[TCP数据流] 2025/11/16 18:52:51 - 浮点解 (25颗卫星)
  ECEF: X=-1462905.0651 Y=5615308.6886 Z=2640750.4793
  LLH:  Lat=24.615048693° Lon=104.602166235° H=917.5924m
  原始数据:
2025/11/16 10:53:09.000   24.615048693  104.602166235   917.5924   2  25   0.0040   0.0118   0.0142   0.0019  -0.0084   0.0038  27.00    1.3 6541861

[TCP数据流] 2025/11/16 18:52:52 - 浮点解 (25颗卫星)
  ECEF: X=-1462905.0651 Y=5615308.6885 Z=2640750.4792
  LLH:  Lat=24.615048693° Lon=104.602166235° H=917.5923m
  原始数据:
2025/11/16 10:53:10.000   24.615048693  104.602166235   917.5923   2  25   0.0040   0.0118   0.0142   0.0019  -0.0084   0.0038  28.00    1.4 6541861

[TCP数据流] 2025/11/16 18:52:53 - 浮点解 (25颗卫星)
  ECEF: X=-1462905.0649 Y=5615308.6884 Z=2640750.4790
  LLH:  Lat=24.615048692° Lon=104.602166234° H=917.5921m
  原始数据:
2025/11/16 10:53:11.000   24.615048692  104.602166234   917.5921   2  25   0.0040   0.0118   0.0142   0.0019  -0.0084   0.0038  29.00    1.4 6541861

[TCP数据流] 2025/11/16 18:52:54 - 浮点解 (25颗卫星)
  ECEF: X=-1462905.0650 Y=5615308.6882 Z=2640750.4789
  LLH:  Lat=24.615048692° Lon=104.602166235° H=917.5919m
  原始数据:
2025/11/16 10:53:12.000   24.615048692  104.602166235   917.5919   2  25   0.0040   0.0118   0.0142   0.0019  -0.0084   0.0038  30.00    1.3 6541861

[TCP数据流] 2025/11/16 18:52:58 - 浮点解 (25颗卫星)
  ECEF: X=-1462905.0660 Y=5615308.6905 Z=2640750.4833
  LLH:  Lat=24.615048718° Lon=104.602166239° H=917.5960m
  原始数据:
2025/11/16 10:53:16.000   24.615048718  104.602166239   917.5960   2  25   0.0040   0.0118   0.0141   0.0019  -0.0084   0.0038   0.00    1.2 6541861

[TCP数据流] 2025/11/16 18:52:59 - 浮点解 (25颗卫星)
  ECEF: X=-1462905.0670 Y=5615308.6926 Z=2640750.4876
  LLH:  Lat=24.615048745° Lon=104.602166243° H=917.5999m
  原始数据:
2025/11/16 10:53:17.000   24.615048745  104.602166243   917.5999   2  25   0.0040   0.0117   0.0141   0.0018  -0.0084   0.0038   0.00    1.2 6541861

[TCP数据流] 2025/11/16 18:53:00 - 浮点解 (25颗卫星)
  ECEF: X=-1462905.0682 Y=5615308.6947 Z=2640750.4913
  LLH:  Lat=24.615048767° Lon=104.602166249° H=917.6035m
  原始数据:
2025/11/16 10:53:18.000   24.615048767  104.602166249   917.6035   2  25   0.0039   0.0117   0.0141   0.0018  -0.0084   0.0038   1.00    1.0 6541861

[TCP数据流] 2025/11/16 18:53:01 - 浮点解 (25颗卫星)
  ECEF: X=-1462905.0690 Y=5615308.6965 Z=2640750.4943
  LLH:  Lat=24.615048784° Lon=104.602166253° H=917.6065m
  原始数据:
2025/11/16 10:53:19.000   24.615048784  104.602166253   917.6065   2  25   0.0039   0.0116   0.0140   0.0018  -0.0084   0.0038   2.00    1.2 6541861

[TCP数据流] 2025/11/16 18:53:02 - 浮点解 (25颗卫星)
  ECEF: X=-1462905.0699 Y=5615308.6980 Z=2640750.4966
  LLH:  Lat=24.615048797° Lon=104.602166257° H=917.6090m
  原始数据:
2025/11/16 10:53:20.000   24.615048797  104.602166257   917.6090   2  25   0.0039   0.0116   0.0140   0.0018  -0.0084   0.0038   3.00    1.2 6541861

[TCP数据流] 2025/11/16 18:53:03 - 浮点解 (25颗卫星)
  ECEF: X=-1462905.0706 Y=5615308.6992 Z=2640750.4982
  LLH:  Lat=24.615048805° Lon=104.602166261° H=917.6109m
  原始数据:
2025/11/16 10:53:21.000   24.615048805  104.602166261   917.6109   2  25   0.0039   0.0116   0.0140   0.0017  -0.0084   0.0038   4.00    1.1 6541861

[TCP数据流] 2025/11/16 18:53:04 - 浮点解 (25颗卫星)
  ECEF: X=-1462905.0708 Y=5615308.7001 Z=2640750.4995
  LLH:  Lat=24.615048812° Lon=104.602166261° H=917.6123m
  原始数据:
2025/11/16 10:53:22.000   24.615048812  104.602166261   917.6123   2  25   0.0039   0.0115   0.0140   0.0017  -0.0084   0.0038   5.00    1.1 6541861

[TCP数据流] 2025/11/16 18:53:05 - 浮点解 (25颗卫星)
  ECEF: X=-1462905.0711 Y=5615308.7009 Z=2640750.5004
  LLH:  Lat=24.615048816° Lon=104.602166262° H=917.6134m
  原始数据:
2025/11/16 10:53:23.000   24.615048816  104.602166262   917.6134   2  25   0.0039   0.0115   0.0140   0.0017  -0.0084   0.0038   6.00    1.1 6541861

[TCP数据流] 2025/11/16 18:53:06 - 浮点解 (19颗卫星)
  ECEF: X=-1462905.0713 Y=5615308.7015 Z=2640750.5011
  LLH:  Lat=24.615048819° Lon=104.602166262° H=917.6143m
  原始数据:
2025/11/16 10:53:24.000   24.615048819  104.602166262   917.6143   2  19   0.0039   0.0115   0.0140   0.0017  -0.0084   0.0038   7.00    1.2 6541861

[TCP数据流] 2025/11/16 18:53:07 - 浮点解 (25颗卫星)
  ECEF: X=-1462905.0714 Y=5615308.7021 Z=2640750.5017
  LLH:  Lat=24.615048822° Lon=104.602166262° H=917.6151m
  原始数据:
2025/11/16 10:53:25.000   24.615048822  104.602166262   917.6151   2  25   0.0038   0.0115   0.0140   0.0017  -0.0084   0.0038   8.00    1.1 6541861

[TCP数据流] 2025/11/16 18:53:08 - 浮点解 (25颗卫星)
  ECEF: X=-1462905.0716 Y=5615308.7025 Z=2640750.5020
  LLH:  Lat=24.615048823° Lon=104.602166262° H=917.6156m
  原始数据:
2025/11/16 10:53:26.000   24.615048823  104.602166262   917.6156   2  25   0.0038   0.0115   0.0140   0.0017  -0.0084   0.0038   9.00    1.3 6541861

[TCP数据流] 2025/11/16 18:53:09 - 浮点解 (25颗卫星)
  ECEF: X=-1462905.0716 Y=5615308.7028 Z=2640750.5024
  LLH:  Lat=24.615048825° Lon=104.602166262° H=917.6161m
  原始数据:
2025/11/16 10:53:27.000   24.615048825  104.602166262   917.6161   2  25   0.0038   0.0115   0.0139   0.0017  -0.0084   0.0038  10.00    1.1 6541861

[TCP数据流] 2025/11/16 18:53:10 - 浮点解 (25颗卫星)
  ECEF: X=-1462905.0718 Y=5615308.7031 Z=2640750.5027
  LLH:  Lat=24.615048826° Lon=104.602166263° H=917.6165m
  原始数据:
2025/11/16 10:53:28.000   24.615048826  104.602166263   917.6165   2  25   0.0038   0.0115   0.0139   0.0017  -0.0084   0.0038  11.00    1.1 6541861

[TCP数据流] 2025/11/16 18:53:11 - 浮点解 (25颗卫星)
  ECEF: X=-1462905.0720 Y=5615308.7033 Z=2640750.5028
  LLH:  Lat=24.615048826° Lon=104.602166264° H=917.6167m
  原始数据:
2025/11/16 10:53:29.000   24.615048826  104.602166264   917.6167   2  25   0.0038   0.0115   0.0139   0.0017  -0.0084   0.0038  12.00    1.2 6541861

[TCP数据流] 2025/11/16 18:53:12 - 浮点解 (25颗卫星)
  ECEF: X=-1462905.0720 Y=5615308.7034 Z=2640750.5030
  LLH:  Lat=24.615048827° Lon=104.602166264° H=917.6169m
  原始数据:
2025/11/16 10:53:30.000   24.615048827  104.602166264   917.6169   2  25   0.0038   0.0115   0.0139   0.0017  -0.0084   0.0038  13.00    1.2 6541861

[TCP数据流] 2025/11/16 18:53:13 - 浮点解 (25颗卫星)
  ECEF: X=-1462905.0719 Y=5615308.7036 Z=2640750.5030
  LLH:  Lat=24.615048827° Lon=104.602166263° H=917.6171m
  原始数据:
2025/11/16 10:53:31.000   24.615048827  104.602166263   917.6171   2  25   0.0038   0.0115   0.0139   0.0017  -0.0084   0.0038  14.00    1.2 6541861

[TCP数据流] 2025/11/16 18:53:14 - 浮点解 (25颗卫星)
  ECEF: X=-1462905.0720 Y=5615308.7037 Z=2640750.5031
  LLH:  Lat=24.615048827° Lon=104.602166263° H=917.6172m
  原始数据:
2025/11/16 10:53:32.000   24.615048827  104.602166263   917.6172   2  25   0.0038   0.0114   0.0139   0.0017  -0.0084   0.0038  15.00    1.2 6541861

[TCP数据流] 2025/11/16 18:53:15 - 浮点解 (25颗卫星)
  ECEF: X=-1462905.0720 Y=5615308.7038 Z=2640750.5031
  LLH:  Lat=24.615048827° Lon=104.602166263° H=917.6173m
  原始数据:
2025/11/16 10:53:33.000   24.615048827  104.602166263   917.6173   2  25   0.0038   0.0114   0.0139   0.0017  -0.0084   0.0038  16.00    1.2 6541861

[TCP数据流] 2025/11/16 18:53:16 - 浮点解 (25颗卫星)
  ECEF: X=-1462905.0720 Y=5615308.7038 Z=2640750.5030
  LLH:  Lat=24.615048826° Lon=104.602166263° H=917.6173m
  原始数据:
2025/11/16 10:53:34.000   24.615048826  104.602166263   917.6173   2  25   0.0038   0.0114   0.0139   0.0017  -0.0084   0.0038  17.00    1.2 6541861

[TCP数据流] 2025/11/16 18:53:17 - 浮点解 (25颗卫星)
  ECEF: X=-1462905.0720 Y=5615308.7038 Z=2640750.5030
  LLH:  Lat=24.615048826° Lon=104.602166263° H=917.6173m
  原始数据:
2025/11/16 10:53:35.000   24.615048826  104.602166263   917.6173   2  25   0.0038   0.0114   0.0139   0.0017  -0.0084   0.0038  18.00    1.2 6541861

[TCP数据流] 2025/11/16 18:53:18 - 浮点解 (25颗卫星)
  ECEF: X=-1462905.0721 Y=5615308.7038 Z=2640750.5030
  LLH:  Lat=24.615048826° Lon=104.602166264° H=917.6173m
  原始数据:
2025/11/16 10:53:36.000   24.615048826  104.602166264   917.6173   2  25   0.0038   0.0114   0.0139   0.0017  -0.0084   0.0038  19.00    1.3 6541861

[TCP数据流] 2025/11/16 18:53:19 - 浮点解 (25颗卫星)
  ECEF: X=-1462905.0721 Y=5615308.7038 Z=2640750.5029
  LLH:  Lat=24.615048825° Lon=104.602166264° H=917.6172m
  原始数据:
2025/11/16 10:53:37.000   24.615048825  104.602166264   917.6172   2  25   0.0038   0.0114   0.0139   0.0017  -0.0084   0.0038  20.00    1.2 6541861

[TCP数据流] 2025/11/16 18:53:20 - 浮点解 (25颗卫星)
  ECEF: X=-1462905.0721 Y=5615308.7038 Z=2640750.5029
  LLH:  Lat=24.615048825° Lon=104.602166264° H=917.6172m
  原始数据:
2025/11/16 10:53:38.000   24.615048825  104.602166264   917.6172   2  25   0.0038   0.0114   0.0139   0.0017  -0.0084   0.0038  21.00    1.2 6541861

[TCP数据流] 2025/11/16 18:53:21 - 浮点解 (25颗卫星)
  ECEF: X=-1462905.0721 Y=5615308.7037 Z=2640750.5028
  LLH:  Lat=24.615048825° Lon=104.602166264° H=917.6171m
  原始数据:
2025/11/16 10:53:39.000   24.615048825  104.602166264   917.6171   2  25   0.0038   0.0114   0.0139   0.0017  -0.0084   0.0038  22.00    1.2 6541861

[TCP数据流] 2025/11/16 18:53:22 - 浮点解 (25颗卫星)
  ECEF: X=-1462905.0721 Y=5615308.7038 Z=2640750.5029
  LLH:  Lat=24.615048825° Lon=104.602166264° H=917.6172m
  原始数据:
2025/11/16 10:53:40.000   24.615048825  104.602166264   917.6172   2  25   0.0038   0.0114   0.0139   0.0017  -0.0084   0.0038  23.00    1.2 6541861

[TCP数据流] 2025/11/16 18:53:23 - 浮点解 (25颗卫星)
  ECEF: X=-1462905.0720 Y=5615308.7037 Z=2640750.5027
  LLH:  Lat=24.615048824° Lon=104.602166263° H=917.6171m
  原始数据:
2025/11/16 10:53:41.000   24.615048824  104.602166263   917.6171   2  25   0.0038   0.0114   0.0139   0.0017  -0.0084   0.0038  24.00    1.3 6541861

[TCP数据流] 2025/11/16 18:53:26 - 浮点解 (20颗卫星)
  ECEF: X=-1462905.0720 Y=5615308.7035 Z=2640750.5027
  LLH:  Lat=24.615048824° Lon=104.602166264° H=917.6169m
  原始数据:
2025/11/16 10:53:44.000   24.615048824  104.602166264   917.6169   2  20   0.0038   0.0114   0.0139   0.0017  -0.0084   0.0038  27.00    1.3 6541861

[TCP数据流] 2025/11/16 18:53:27 - 浮点解 (25颗卫星)
  ECEF: X=-1462905.0719 Y=5615308.7035 Z=2640750.5026
  LLH:  Lat=24.615048824° Lon=104.602166263° H=917.6168m
  原始数据:
2025/11/16 10:53:45.000   24.615048824  104.602166263   917.6168   2  25   0.0038   0.0114   0.0139   0.0017  -0.0084   0.0038  28.00    1.2 6541861

[TCP数据流] 2025/11/16 18:53:28 - 浮点解 (25颗卫星)
  ECEF: X=-1462905.0719 Y=5615308.7033 Z=2640750.5024
  LLH:  Lat=24.615048823° Lon=104.602166263° H=917.6166m
  原始数据:
2025/11/16 10:53:46.000   24.615048823  104.602166263   917.6166   2  25   0.0038   0.0114   0.0139   0.0017  -0.0084   0.0038  29.00    1.2 6541861

[TCP数据流] 2025/11/16 18:53:29 - 浮点解 (25颗卫星)
  ECEF: X=-1462905.0720 Y=5615308.7032 Z=2640750.5024
  LLH:  Lat=24.615048823° Lon=104.602166264° H=917.6165m
  原始数据:
2025/11/16 10:53:47.000   24.615048823  104.602166264   917.6165   2  25   0.0038   0.0114   0.0139   0.0017  -0.0084   0.0038  30.00    1.2 6541861

[TCP数据流] 2025/11/16 18:53:33 - 浮点解 (25颗卫星)
  ECEF: X=-1462905.0729 Y=5615308.7054 Z=2640750.5058
  LLH:  Lat=24.615048842° Lon=104.602166268° H=917.6200m
  原始数据:
2025/11/16 10:53:51.000   24.615048842  104.602166268   917.6200   2  25   0.0038   0.0114   0.0139   0.0016  -0.0084   0.0038   0.00    1.5 6541861

[TCP数据流] 2025/11/16 18:53:34 - 浮点解 (25颗卫星)
  ECEF: X=-1462905.0737 Y=5615308.7077 Z=2640750.5091
  LLH:  Lat=24.615048860° Lon=104.602166270° H=917.6236m
  原始数据:
2025/11/16 10:53:52.000   24.615048860  104.602166270   917.6236   2  25   0.0038   0.0113   0.0138   0.0016  -0.0084   0.0038   0.00    1.0 6541861

[TCP数据流] 2025/11/16 18:53:35 - 浮点解 (25颗卫星)
  ECEF: X=-1462905.0748 Y=5615308.7100 Z=2640750.5122
  LLH:  Lat=24.615048876° Lon=104.602166274° H=917.6272m
  原始数据:
2025/11/16 10:53:53.000   24.615048876  104.602166274   917.6272   2  25   0.0038   0.0113   0.0138   0.0016  -0.0084   0.0038   0.00    1.2 6541861

[TCP数据流] 2025/11/16 18:53:36 - 浮点解 (20颗卫星)
  ECEF: X=-1462905.0755 Y=5615308.7119 Z=2640750.5148
  LLH:  Lat=24.615048890° Lon=104.602166276° H=917.6301m
  原始数据:
2025/11/16 10:53:54.000   24.615048890  104.602166276   917.6301   2  20   0.0037   0.0112   0.0138   0.0015  -0.0084   0.0039   1.00    1.4 6541861

[TCP数据流] 2025/11/16 18:53:37 - 浮点解 (25颗卫星)
  ECEF: X=-1462905.0761 Y=5615308.7137 Z=2640750.5171
  LLH:  Lat=24.615048902° Lon=104.602166278° H=917.6328m
  原始数据:
2025/11/16 10:53:55.000   24.615048902  104.602166278   917.6328   2  25   0.0037   0.0112   0.0138   0.0015  -0.0084   0.0039   2.00    1.5 6541861

[TCP数据流] 2025/11/16 18:53:38 - 浮点解 (25颗卫星)
  ECEF: X=-1462905.0765 Y=5615308.7151 Z=2640750.5188
  LLH:  Lat=24.615048910° Lon=104.602166278° H=917.6348m
  原始数据:
2025/11/16 10:53:56.000   24.615048910  104.602166278   917.6348   2  25   0.0037   0.0112   0.0138   0.0015  -0.0084   0.0039   3.00    1.2 6541861

[TCP数据流] 2025/11/16 18:53:39 - 浮点解 (25颗卫星)
  ECEF: X=-1462905.0767 Y=5615308.7162 Z=2640750.5201
  LLH:  Lat=24.615048917° Lon=104.602166277° H=917.6364m
  原始数据:
2025/11/16 10:53:57.000   24.615048917  104.602166277   917.6364   2  25   0.0037   0.0111   0.0137   0.0015  -0.0084   0.0039   4.00    1.2 6541861

[TCP数据流] 2025/11/16 18:53:40 - 浮点解 (25颗卫星)
  ECEF: X=-1462905.0768 Y=5615308.7171 Z=2640750.5210
  LLH:  Lat=24.615048921° Lon=104.602166276° H=917.6376m
  原始数据:
2025/11/16 10:53:58.000   24.615048921  104.602166276   917.6376   2  25   0.0037   0.0111   0.0137   0.0015  -0.0084   0.0039   5.00    1.2 6541861

[TCP数据流] 2025/11/16 18:53:41 - 浮点解 (25颗卫星)
  ECEF: X=-1462905.0771 Y=5615308.7177 Z=2640750.5218
  LLH:  Lat=24.615048925° Lon=104.602166277° H=917.6385m
  原始数据:
2025/11/16 10:53:59.000   24.615048925  104.602166277   917.6385   2  25   0.0037   0.0111   0.0137   0.0015  -0.0084   0.0039   6.00    1.2 6541861

[TCP数据流] 2025/11/16 18:53:43 - 浮点解 (25颗卫星)
  ECEF: X=-1462905.0773 Y=5615308.7181 Z=2640750.5221
  LLH:  Lat=24.615048926° Lon=104.602166278° H=917.6390m
  原始数据:
2025/11/16 10:54:01.000   24.615048926  104.602166278   917.6390   2  25   0.0037   0.0111   0.0137   0.0015  -0.0084   0.0039   8.00    1.3 6541861

[TCP数据流] 2025/11/16 18:53:44 - 浮点解 (25颗卫星)
  ECEF: X=-1462905.0774 Y=5615308.7183 Z=2640750.5225
  LLH:  Lat=24.615048928° Lon=104.602166278° H=917.6394m
  原始数据:
2025/11/16 10:54:02.000   24.615048928  104.602166278   917.6394   2  25   0.0037   0.0111   0.0137   0.0015  -0.0084   0.0039   9.00    1.3 6541861

[TCP数据流] 2025/11/16 18:53:45 - 浮点解 (25颗卫星)
  ECEF: X=-1462905.0774 Y=5615308.7185 Z=2640750.5226
  LLH:  Lat=24.615048928° Lon=104.602166278° H=917.6396m
  原始数据:
2025/11/16 10:54:03.000   24.615048928  104.602166278   917.6396   2  25   0.0037   0.0111   0.0137   0.0014  -0.0084   0.0039  10.00    1.3 6541861

[TCP数据流] 2025/11/16 18:53:46 - 浮点解 (25颗卫星)
  ECEF: X=-1462905.0774 Y=5615308.7185 Z=2640750.5227
  LLH:  Lat=24.615048929° Lon=104.602166278° H=917.6397m
  原始数据:
2025/11/16 10:54:04.000   24.615048929  104.602166278   917.6397   2  25   0.0037   0.0111   0.0137   0.0014  -0.0084   0.0039  11.00    1.3 6541861

[TCP数据流] 2025/11/16 18:53:47 - 浮点解 (25颗卫星)
  ECEF: X=-1462905.0774 Y=5615308.7186 Z=2640750.5228
  LLH:  Lat=24.615048929° Lon=104.602166278° H=917.6398m
  原始数据:
2025/11/16 10:54:05.000   24.615048929  104.602166278   917.6398   2  25   0.0037   0.0111   0.0137   0.0014  -0.0084   0.0039  12.00    1.3 6541861

[TCP数据流] 2025/11/16 18:53:48 - 浮点解 (25颗卫星)
  ECEF: X=-1462905.0773 Y=5615308.7187 Z=2640750.5228
  LLH:  Lat=24.615048929° Lon=104.602166277° H=917.6398m
  原始数据:
2025/11/16 10:54:06.000   24.615048929  104.602166277   917.6398   2  25   0.0037   0.0111   0.0137   0.0014  -0.0084   0.0039  13.00    1.3 6541861

[TCP数据流] 2025/11/16 18:53:49 - 浮点解 (25颗卫星)
  ECEF: X=-1462905.0773 Y=5615308.7186 Z=2640750.5227
  LLH:  Lat=24.615048929° Lon=104.602166277° H=917.6397m
  原始数据:
2025/11/16 10:54:07.000   24.615048929  104.602166277   917.6397   2  25   0.0037   0.0111   0.0137   0.0014  -0.0084   0.0039  14.00    1.3 6541861

[TCP数据流] 2025/11/16 18:53:50 - 浮点解 (25颗卫星)
  ECEF: X=-1462905.0772 Y=5615308.7186 Z=2640750.5227
  LLH:  Lat=24.615048929° Lon=104.602166276° H=917.6397m
  原始数据:
2025/11/16 10:54:08.000   24.615048929  104.602166276   917.6397   2  25   0.0037   0.0111   0.0137   0.0014  -0.0084   0.0039  15.00    1.3 6541861

[TCP数据流] 2025/11/16 18:53:51 - 浮点解 (25颗卫星)
  ECEF: X=-1462905.0772 Y=5615308.7186 Z=2640750.5226
  LLH:  Lat=24.615048928° Lon=104.602166276° H=917.6396m
  原始数据:
2025/11/16 10:54:09.000   24.615048928  104.602166276   917.6396   2  25   0.0037   0.0111   0.0137   0.0014  -0.0084   0.0039  16.00    1.3 6541861

[TCP数据流] 2025/11/16 18:53:52 - 浮点解 (25颗卫星)
  ECEF: X=-1462905.0772 Y=5615308.7184 Z=2640750.5225
  LLH:  Lat=24.615048928° Lon=104.602166276° H=917.6394m
  原始数据:
2025/11/16 10:54:10.000   24.615048928  104.602166276   917.6394   2  25   0.0037   0.0111   0.0137   0.0014  -0.0083   0.0039  17.00    1.3 6541861

[TCP数据流] 2025/11/16 18:53:53 - 浮点解 (25颗卫星)
  ECEF: X=-1462905.0770 Y=5615308.7183 Z=2640750.5225
  LLH:  Lat=24.615048928° Lon=104.602166275° H=917.6393m
  原始数据:
2025/11/16 10:54:11.000   24.615048928  104.602166275   917.6393   2  25   0.0037   0.0111   0.0137   0.0014  -0.0083   0.0039  18.00    1.3 6541861

[TCP数据流] 2025/11/16 18:53:54 - 浮点解 (25颗卫星)
  ECEF: X=-1462905.0769 Y=5615308.7183 Z=2640750.5223
  LLH:  Lat=24.615048927° Lon=104.602166274° H=917.6392m
  原始数据:
2025/11/16 10:54:12.000   24.615048927  104.602166274   917.6392   2  25   0.0037   0.0111   0.0137   0.0014  -0.0083   0.0039  19.00    1.3 6541861

[TCP数据流] 2025/11/16 18:53:55 - 浮点解 (25颗卫星)
  ECEF: X=-1462905.0767 Y=5615308.7183 Z=2640750.5223
  LLH:  Lat=24.615048927° Lon=104.602166272° H=917.6391m
  原始数据:
2025/11/16 10:54:13.000   24.615048927  104.602166272   917.6391   2  25   0.0037   0.0110   0.0137   0.0014  -0.0083   0.0039  20.00    1.2 6541861

[TCP数据流] 2025/11/16 18:53:56 - 浮点解 (25颗卫星)
  ECEF: X=-1462905.0766 Y=5615308.7182 Z=2640750.5221
  LLH:  Lat=24.615048926° Lon=104.602166271° H=917.6389m
  原始数据:
2025/11/16 10:54:14.000   24.615048926  104.602166271   917.6389   2  25   0.0037   0.0110   0.0137   0.0014  -0.0083   0.0039  21.00    1.4 6541861

[TCP数据流] 2025/11/16 18:53:57 - 浮点解 (25颗卫星)
  ECEF: X=-1462905.0765 Y=5615308.7181 Z=2640750.5219
  LLH:  Lat=24.615048925° Lon=104.602166270° H=917.6388m
  原始数据:
2025/11/16 10:54:15.000   24.615048925  104.602166270   917.6388   2  25   0.0037   0.0110   0.0137   0.0014  -0.0083   0.0039  22.00    1.3 6541861

[TCP数据流] 2025/11/16 18:53:58 - 浮点解 (25颗卫星)
  ECEF: X=-1462905.0764 Y=5615308.7182 Z=2640750.5219
  LLH:  Lat=24.615048925° Lon=104.602166269° H=917.6388m
  原始数据:
2025/11/16 10:54:16.000   24.615048925  104.602166269   917.6388   2  25   0.0037   0.0110   0.0137   0.0014  -0.0083   0.0039  23.00    1.3 6541861

[TCP数据流] 2025/11/16 18:53:59 - 浮点解 (25颗卫星)
  ECEF: X=-1462905.0762 Y=5615308.7181 Z=2640750.5218
  LLH:  Lat=24.615048924° Lon=104.602166268° H=917.6386m
  原始数据:
2025/11/16 10:54:17.000   24.615048924  104.602166268   917.6386   2  25   0.0037   0.0110   0.0137   0.0014  -0.0083   0.0039  24.00    1.3 6541861

[TCP数据流] 2025/11/16 18:54:00 - 浮点解 (25颗卫星)
  ECEF: X=-1462905.0761 Y=5615308.7180 Z=2640750.5217
  LLH:  Lat=24.615048924° Lon=104.602166267° H=917.6385m
  原始数据:
2025/11/16 10:54:18.000   24.615048924  104.602166267   917.6385   2  25   0.0037   0.0110   0.0137   0.0014  -0.0083   0.0039  25.00    1.4 6541861

[TCP数据流] 2025/11/16 18:54:01 - 浮点解 (25颗卫星)
  ECEF: X=-1462905.0761 Y=5615308.7180 Z=2640750.5216
  LLH:  Lat=24.615048923° Lon=104.602166267° H=917.6384m
  原始数据:
2025/11/16 10:54:19.000   24.615048923  104.602166267   917.6384   2  25   0.0037   0.0110   0.0137   0.0014  -0.0083   0.0039  26.00    1.4 6541861

[TCP数据流] 2025/11/16 18:54:02 - 浮点解 (25颗卫星)
  ECEF: X=-1462905.0759 Y=5615308.7180 Z=2640750.5216
  LLH:  Lat=24.615048923° Lon=104.602166265° H=917.6384m
  原始数据:
2025/11/16 10:54:20.000   24.615048923  104.602166265   917.6384   2  25   0.0037   0.0110   0.0137   0.0014  -0.0083   0.0039  27.00    1.3 6541861

[TCP数据流] 2025/11/16 18:54:04 - 浮点解 (25颗卫星)
  ECEF: X=-1462905.0758 Y=5615308.7181 Z=2640750.5215
  LLH:  Lat=24.615048922° Lon=104.602166264° H=917.6384m
  原始数据:
2025/11/16 10:54:22.000   24.615048922  104.602166264   917.6384   2  25   0.0037   0.0110   0.0137   0.0014  -0.0083   0.0039  29.00    1.3 6541861

[TCP数据流] 2025/11/16 18:54:05 - 浮点解 (25颗卫星)
  ECEF: X=-1462905.0756 Y=5615308.7180 Z=2640750.5214
  LLH:  Lat=24.615048922° Lon=104.602166262° H=917.6383m
  原始数据:
2025/11/16 10:54:23.000   24.615048922  104.602166262   917.6383   2  25   0.0037   0.0110   0.0137   0.0014  -0.0083   0.0039  30.00    1.3 6541861

[TCP数据流] 2025/11/16 18:54:08 - 浮点解 (26颗卫星)
  ECEF: X=-1462905.0761 Y=5615308.7208 Z=2640750.5243
  LLH:  Lat=24.615048935° Lon=104.602166260° H=917.6420m
  原始数据:
2025/11/16 10:54:26.000   24.615048935  104.602166260   917.6420   2  26   0.0036   0.0110   0.0136   0.0014  -0.0083   0.0039   0.00    1.5 6541861

[TCP数据流] 2025/11/16 18:54:09 - 浮点解 (26颗卫星)
  ECEF: X=-1462905.0764 Y=5615308.7234 Z=2640750.5271
  LLH:  Lat=24.615048948° Lon=104.602166256° H=917.6456m
  原始数据:
2025/11/16 10:54:27.000   24.615048948  104.602166256   917.6456   2  26   0.0036   0.0109   0.0136   0.0014  -0.0083   0.0039   0.00    1.4 6541861

[TCP数据流] 2025/11/16 18:54:10 - 浮点解 (26颗卫星)
  ECEF: X=-1462905.0769 Y=5615308.7261 Z=2640750.5299
  LLH:  Lat=24.615048961° Lon=104.602166254° H=917.6492m
  原始数据:
2025/11/16 10:54:28.000   24.615048961  104.602166254   917.6492   2  26   0.0036   0.0109   0.0136   0.0013  -0.0083   0.0039   0.00    1.5 6541861

[TCP数据流] 2025/11/16 18:54:11 - 浮点解 (26颗卫星)
  ECEF: X=-1462905.0772 Y=5615308.7287 Z=2640750.5323
  LLH:  Lat=24.615048971° Lon=104.602166251° H=917.6526m
  原始数据:
2025/11/16 10:54:29.000   24.615048971  104.602166251   917.6526   2  26   0.0036   0.0109   0.0135   0.0013  -0.0083   0.0039   1.00    1.5 6541861

[TCP数据流] 2025/11/16 18:54:13 - 浮点解 (26颗卫星)
  ECEF: X=-1462905.0774 Y=5615308.7303 Z=2640750.5338
  LLH:  Lat=24.615048977° Lon=104.602166249° H=917.6546m
  原始数据:
2025/11/16 10:54:31.000   24.615048977  104.602166249   917.6546   2  26   0.0036   0.0109   0.0135   0.0013  -0.0083   0.0039   3.00    1.7 6541861

[TCP数据流] 2025/11/16 18:54:14 - 浮点解 (20颗卫星)
  ECEF: X=-1462905.0776 Y=5615308.7314 Z=2640750.5348
  LLH:  Lat=24.615048981° Lon=104.602166248° H=917.6561m
  原始数据:
2025/11/16 10:54:32.000   24.615048981  104.602166248   917.6561   2  20   0.0036   0.0108   0.0135   0.0013  -0.0083   0.0039   4.00    1.3 6541861

[TCP数据流] 2025/11/16 18:54:15 - 浮点解 (26颗卫星)
  ECEF: X=-1462905.0779 Y=5615308.7323 Z=2640750.5355
  LLH:  Lat=24.615048983° Lon=104.602166248° H=917.6572m
  原始数据:
2025/11/16 10:54:33.000   24.615048983  104.602166248   917.6572   2  26   0.0036   0.0108   0.0135   0.0013  -0.0083   0.0039   5.00    1.0 6541861

[TCP数据流] 2025/11/16 18:54:16 - 浮点解 (20颗卫星)
  ECEF: X=-1462905.0778 Y=5615308.7330 Z=2640750.5359
  LLH:  Lat=24.615048984° Lon=104.602166246° H=917.6580m
  原始数据:
2025/11/16 10:54:34.000   24.615048984  104.602166246   917.6580   2  20   0.0036   0.0108   0.0135   0.0013  -0.0083   0.0039   6.00    1.2 6541861

[TCP数据流] 2025/11/16 18:54:17 - 浮点解 (20颗卫星)
  ECEF: X=-1462905.0779 Y=5615308.7336 Z=2640750.5362
  LLH:  Lat=24.615048984° Lon=104.602166245° H=917.6587m
  原始数据:
2025/11/16 10:54:35.000   24.615048984  104.602166245   917.6587   2  20   0.0036   0.0108   0.0135   0.0013  -0.0083   0.0039   7.00    1.2 6541861

[TCP数据流] 2025/11/16 18:54:18 - 浮点解 (20颗卫星)
  ECEF: X=-1462905.0779 Y=5615308.7340 Z=2640750.5363
  LLH:  Lat=24.615048984° Lon=104.602166244° H=917.6591m
  原始数据:
2025/11/16 10:54:36.000   24.615048984  104.602166244   917.6591   2  20   0.0035   0.0108   0.0135   0.0012  -0.0083   0.0039   8.00    1.2 6541861

[TCP数据流] 2025/11/16 18:54:19 - 浮点解 (20颗卫星)
  ECEF: X=-1462905.0779 Y=5615308.7344 Z=2640750.5365
  LLH:  Lat=24.615048984° Lon=104.602166243° H=917.6595m
  原始数据:
2025/11/16 10:54:37.000   24.615048984  104.602166243   917.6595   2  20   0.0035   0.0108   0.0135   0.0012  -0.0083   0.0039   9.00    1.2 6541861

[TCP数据流] 2025/11/16 18:54:20 - 浮点解 (26颗卫星)
  ECEF: X=-1462905.0778 Y=5615308.7346 Z=2640750.5365
  LLH:  Lat=24.615048983° Lon=104.602166242° H=917.6597m
  原始数据:
2025/11/16 10:54:38.000   24.615048983  104.602166242   917.6597   2  26   0.0035   0.0108   0.0135   0.0012  -0.0083   0.0039  10.00    1.2 6541861

[TCP数据流] 2025/11/16 18:54:21 - 浮点解 (26颗卫星)
  ECEF: X=-1462905.0778 Y=5615308.7347 Z=2640750.5364
  LLH:  Lat=24.615048982° Lon=104.602166242° H=917.6597m
  原始数据:
2025/11/16 10:54:39.000   24.615048982  104.602166242   917.6597   2  26   0.0035   0.0108   0.0135   0.0012  -0.0083   0.0039  11.00    1.0 6541861

[TCP数据流] 2025/11/16 18:54:22 - 浮点解 (26颗卫星)
  ECEF: X=-1462905.0777 Y=5615308.7349 Z=2640750.5363
  LLH:  Lat=24.615048981° Lon=104.602166240° H=917.6598m
  原始数据:
2025/11/16 10:54:40.000   24.615048981  104.602166240   917.6598   2  26   0.0035   0.0108   0.0135   0.0012  -0.0083   0.0039  12.00    1.0 6541861

[TCP数据流] 2025/11/16 18:54:23 - 浮点解 (25颗卫星)
  ECEF: X=-1462905.0780 Y=5615308.7372 Z=2640750.5390
  LLH:  Lat=24.615048994° Lon=104.602166237° H=917.6630m
  原始数据:
2025/11/16 10:54:41.000   24.615048994  104.602166237   917.6630   2  25   0.0035   0.0107   0.0134   0.0012  -0.0083   0.0039   0.00    1.4 6541861

[TCP数据流] 2025/11/16 18:54:24 - 浮点解 (25颗卫星)
  ECEF: X=-1462905.0784 Y=5615308.7392 Z=2640750.5412
  LLH:  Lat=24.615049004° Lon=104.602166236° H=917.6658m
  原始数据:
2025/11/16 10:54:42.000   24.615049004  104.602166236   917.6658   2  25   0.0035   0.0107   0.0134   0.0012  -0.0083   0.0039   1.00    1.5 6541861

[TCP数据流] 2025/11/16 18:54:28 - 浮点解 (25颗卫星)
  ECEF: X=-1462905.0786 Y=5615308.7399 Z=2640750.5416
  LLH:  Lat=24.615049005° Lon=104.602166236° H=917.6666m
  原始数据:
2025/11/16 10:54:46.000   24.615049005  104.602166236   917.6666   2  25   0.0035   0.0107   0.0134   0.0012  -0.0083   0.0039   5.00    1.9 6541861

[TCP数据流] 2025/11/16 18:54:29 - 浮点解 (25颗卫星)
  ECEF: X=-1462905.0786 Y=5615308.7405 Z=2640750.5420
  LLH:  Lat=24.615049006° Lon=104.602166235° H=917.6673m
  原始数据:
2025/11/16 10:54:47.000   24.615049006  104.602166235   917.6673   2  25   0.0035   0.0107   0.0134   0.0012  -0.0083   0.0039   6.00    1.6 6541861

[TCP数据流] 2025/11/16 18:54:32 - 浮点解 (25颗卫星)
  ECEF: X=-1462905.0787 Y=5615308.7407 Z=2640750.5420
  LLH:  Lat=24.615049005° Lon=104.602166235° H=917.6675m
  原始数据:
2025/11/16 10:54:50.000   24.615049005  104.602166235   917.6675   2  25   0.0035   0.0107   0.0134   0.0012  -0.0083   0.0039   9.00    1.6 6541861

[TCP数据流] 2025/11/16 18:54:33 - 浮点解 (8颗卫星)
  ECEF: X=-1462905.0786 Y=5615308.7407 Z=2640750.5420
  LLH:  Lat=24.615049005° Lon=104.602166234° H=917.6675m
  原始数据:
2025/11/16 10:54:51.000   24.615049005  104.602166234   917.6675   2   8   0.0035   0.0107   0.0134   0.0012  -0.0083   0.0039  10.00    1.1 6541861

[TCP数据流] 2025/11/16 18:54:34 - 浮点解 (25颗卫星)
  ECEF: X=-1462905.0786 Y=5615308.7409 Z=2640750.5419
  LLH:  Lat=24.615049004° Lon=104.602166234° H=917.6676m
  原始数据:
2025/11/16 10:54:52.000   24.615049004  104.602166234   917.6676   2  25   0.0035   0.0107   0.0134   0.0012  -0.0083   0.0039  11.00    1.0 6541861

[TCP数据流] 2025/11/16 18:54:35 - 浮点解 (19颗卫星)
  ECEF: X=-1462905.0786 Y=5615308.7408 Z=2640750.5420
  LLH:  Lat=24.615049005° Lon=104.602166234° H=917.6676m
  原始数据:
2025/11/16 10:54:53.000   24.615049005  104.602166234   917.6676   2  19   0.0035   0.0107   0.0134   0.0012  -0.0083   0.0039  12.00    1.1 6541861

[TCP数据流] 2025/11/16 18:54:36 - 浮点解 (25颗卫星)
  ECEF: X=-1462905.0786 Y=5615308.7409 Z=2640750.5418
  LLH:  Lat=24.615049003° Lon=104.602166234° H=917.6676m
  原始数据:
2025/11/16 10:54:54.000   24.615049003  104.602166234   917.6676   2  25   0.0035   0.0106   0.0134   0.0012  -0.0083   0.0039  13.00    1.0 6541861

[TCP数据流] 2025/11/16 18:54:37 - 浮点解 (14颗卫星)
  ECEF: X=-1462905.0785 Y=5615308.7409 Z=2640750.5419
  LLH:  Lat=24.615049004° Lon=104.602166233° H=917.6676m
  原始数据:
2025/11/16 10:54:55.000   24.615049004  104.602166233   917.6676   2  14   0.0035   0.0106   0.0134   0.0011  -0.0083   0.0039  14.00    1.1 6541861

[TCP数据流] 2025/11/16 18:54:39 - 浮点解 (20颗卫星)
  ECEF: X=-1462905.0785 Y=5615308.7409 Z=2640750.5417
  LLH:  Lat=24.615049002° Lon=104.602166233° H=917.6675m
  原始数据:
2025/11/16 10:54:57.000   24.615049002  104.602166233   917.6675   2  20   0.0035   0.0106   0.0134   0.0011  -0.0083   0.0039  16.00    1.0 6541861

[TCP数据流] 2025/11/16 18:54:46 - 浮点解 (14颗卫星)
  ECEF: X=-1462905.0785 Y=5615308.7409 Z=2640750.5417
  LLH:  Lat=24.615049002° Lon=104.602166233° H=917.6675m
  原始数据:
2025/11/16 10:55:04.000   24.615049002  104.602166233   917.6675   2  14   0.0035   0.0106   0.0134   0.0011  -0.0083   0.0039  23.00    1.1 6541861

[TCP数据流] 2025/11/16 18:54:47 - 浮点解 (14颗卫星)
  ECEF: X=-1462905.0785 Y=5615308.7409 Z=2640750.5417
  LLH:  Lat=24.615049002° Lon=104.602166233° H=917.6675m
  原始数据:
2025/11/16 10:55:05.000   24.615049002  104.602166233   917.6675   2  14   0.0035   0.0106   0.0134   0.0011  -0.0083   0.0039  24.00    1.1 6541861

[TCP数据流] 2025/11/16 18:54:48 - 浮点解 (14颗卫星)
  ECEF: X=-1462905.0784 Y=5615308.7415 Z=2640750.5419
  LLH:  Lat=24.615049002° Lon=104.602166230° H=917.6681m
  原始数据:
2025/11/16 10:55:06.000   24.615049002  104.602166230   917.6681   2  14   0.0035   0.0106   0.0134   0.0012  -0.0083   0.0039   0.00    1.9 6541861

[TCP数据流] 2025/11/16 18:54:50 - 浮点解 (14颗卫星)
  ECEF: X=-1462905.0783 Y=5615308.7419 Z=2640750.5420
  LLH:  Lat=24.615049001° Lon=104.602166228° H=917.6685m
  原始数据:
2025/11/16 10:55:08.000   24.615049001  104.602166228   917.6685   2  14   0.0035   0.0106   0.0134   0.0012  -0.0082   0.0039   2.00    1.8 6541861

[TCP数据流] 2025/11/16 18:54:51 - 浮点解 (14颗卫星)
  ECEF: X=-1462905.0782 Y=5615308.7425 Z=2640750.5421
  LLH:  Lat=24.615049000° Lon=104.602166226° H=917.6690m
  原始数据:
2025/11/16 10:55:09.000   24.615049000  104.602166226   917.6690   2  14   0.0035   0.0106   0.0133   0.0012  -0.0082   0.0039   3.00    1.7 6541861

[TCP数据流] 2025/11/16 18:54:53 - 浮点解 (14颗卫星)
  ECEF: X=-1462905.0782 Y=5615308.7426 Z=2640750.5419
  LLH:  Lat=24.615048998° Lon=104.602166226° H=917.6690m
  原始数据:
2025/11/16 10:55:11.000   24.615048998  104.602166226   917.6690   2  14   0.0035   0.0106   0.0133   0.0012  -0.0082   0.0039   5.00    1.7 6541861

[TCP数据流] 2025/11/16 18:54:54 - 浮点解 (14颗卫星)
  ECEF: X=-1462905.0783 Y=5615308.7428 Z=2640750.5423
  LLH:  Lat=24.615049001° Lon=104.602166226° H=917.6694m
  原始数据:
2025/11/16 10:55:12.000   24.615049001  104.602166226   917.6694   2  14   0.0035   0.0106   0.0133   0.0012  -0.0082   0.0039   6.00    1.0 6541861

[TCP数据流] 2025/11/16 18:54:57 - 浮点解 (14颗卫星)
  ECEF: X=-1462905.0784 Y=5615308.7431 Z=2640750.5422
  LLH:  Lat=24.615048999° Lon=104.602166226° H=917.6696m
  原始数据:
2025/11/16 10:55:15.000   24.615048999  104.602166226   917.6696   2  14   0.0035   0.0106   0.0133   0.0012  -0.0082   0.0039   9.00    1.5 6541861

[TCP数据流] 2025/11/16 18:54:58 - 浮点解 (8颗卫星)
  ECEF: X=-1462905.0782 Y=5615308.7430 Z=2640750.5422
  LLH:  Lat=24.615048999° Lon=104.602166225° H=917.6695m
  原始数据:
2025/11/16 10:55:16.000   24.615048999  104.602166225   917.6695   2   8   0.0035   0.0106   0.0133   0.0012  -0.0082   0.0039  10.00    1.0 6541861

[TCP数据流] 2025/11/16 18:54:59 - 浮点解 (14颗卫星)
  ECEF: X=-1462905.0783 Y=5615308.7430 Z=2640750.5421
  LLH:  Lat=24.615048998° Lon=104.602166226° H=917.6695m
  原始数据:
2025/11/16 10:55:17.000   24.615048998  104.602166226   917.6695   2  14   0.0035   0.0106   0.0133   0.0012  -0.0082   0.0039  11.00    1.4 6541861

[TCP数据流] 2025/11/16 18:55:04 - 浮点解 (19颗卫星)
  ECEF: X=-1462905.0784 Y=5615308.7428 Z=2640750.5420
  LLH:  Lat=24.615048998° Lon=104.602166227° H=917.6693m
  原始数据:
2025/11/16 10:55:22.000   24.615048998  104.602166227   917.6693   2  19   0.0035   0.0106   0.0133   0.0012  -0.0082   0.0039  16.00    1.2 6541861

[TCP数据流] 2025/11/16 18:55:06 - 浮点解 (13颗卫星)
  ECEF: X=-1462905.0784 Y=5615308.7425 Z=2640750.5417
  LLH:  Lat=24.615048997° Lon=104.602166228° H=917.6689m
  原始数据:
2025/11/16 10:55:24.000   24.615048997  104.602166228   917.6689   2  13   0.0035   0.0106   0.0133   0.0012  -0.0082   0.0039  18.00    1.7 6541861

[TCP数据流] 2025/11/16 18:55:07 - 浮点解 (8颗卫星)
  ECEF: X=-1462905.0784 Y=5615308.7425 Z=2640750.5417
  LLH:  Lat=24.615048997° Lon=104.602166228° H=917.6689m
  原始数据:
2025/11/16 10:55:25.000   24.615048997  104.602166228   917.6689   2   8   0.0035   0.0106   0.0133   0.0012  -0.0082   0.0039  19.00    1.1 6541861

[TCP数据流] 2025/11/16 18:55:08 - 浮点解 (14颗卫星)
  ECEF: X=-1462905.0785 Y=5615308.7425 Z=2640750.5416
  LLH:  Lat=24.615048996° Lon=104.602166229° H=917.6689m
  原始数据:
2025/11/16 10:55:26.000   24.615048996  104.602166229   917.6689   2  14   0.0035   0.0106   0.0133   0.0012  -0.0082   0.0039  20.00    1.4 6541861

[TCP数据流] 2025/11/16 18:55:12 - 浮点解 (8颗卫星)
  ECEF: X=-1462905.0785 Y=5615308.7425 Z=2640750.5418
  LLH:  Lat=24.615048997° Lon=104.602166229° H=917.6690m
  原始数据:
2025/11/16 10:55:30.000   24.615048997  104.602166229   917.6690   2   8   0.0035   0.0106   0.0133   0.0012  -0.0082   0.0039  24.00    1.4 6541861

[TCP数据流] 2025/11/16 18:55:13 - 浮点解 (8颗卫星)
  ECEF: X=-1462905.0784 Y=5615308.7426 Z=2640750.5418
  LLH:  Lat=24.615048997° Lon=104.602166228° H=917.6690m
  原始数据:
2025/11/16 10:55:31.000   24.615048997  104.602166228   917.6690   2   8   0.0035   0.0106   0.0133   0.0012  -0.0082   0.0039  25.00    1.1 6541861

[TCP数据流] 2025/11/16 18:55:17 - 浮点解 (14颗卫星)
  ECEF: X=-1462905.0784 Y=5615308.7426 Z=2640750.5418
  LLH:  Lat=24.615048997° Lon=104.602166228° H=917.6690m
  原始数据:
2025/11/16 10:55:35.000   24.615048997  104.602166228   917.6690   2  14   0.0035   0.0106   0.0133   0.0012  -0.0082   0.0039  29.00    1.2 6541861

[TCP数据流] 2025/11/16 18:55:25 - 浮点解 (14颗卫星)
  ECEF: X=-1462905.0783 Y=5615308.7433 Z=2640750.5418
  LLH:  Lat=24.615048995° Lon=104.602166225° H=917.6696m
  原始数据:
2025/11/16 10:55:43.000   24.615048995  104.602166225   917.6696   2  14   0.0035   0.0106   0.0133   0.0012  -0.0082   0.0039   1.00    0.0 6541861

[TCP数据流] 2025/11/16 18:55:27 - 浮点解 (8颗卫星)
  ECEF: X=-1462905.0783 Y=5615308.7433 Z=2640750.5418
  LLH:  Lat=24.615048995° Lon=104.602166225° H=917.6696m
  原始数据:
2025/11/16 10:55:45.000   24.615048995  104.602166225   917.6696   2   8   0.0035   0.0106   0.0133   0.0012  -0.0082   0.0039   3.00    0.0 6541861

[TCP数据流] 2025/11/16 18:55:28 - 浮点解 (13颗卫星)
  ECEF: X=-1462905.0787 Y=5615308.7438 Z=2640750.5424
  LLH:  Lat=24.615048997° Lon=104.602166227° H=917.6704m
  原始数据:
2025/11/16 10:55:46.000   24.615048997  104.602166227   917.6704   2  13   0.0035   0.0106   0.0133   0.0012  -0.0082   0.0039   4.00    2.2 6541861

[TCP数据流] 2025/11/16 18:55:32 - 浮点解 (14颗卫星)
  ECEF: X=-1462905.0787 Y=5615308.7440 Z=2640750.5423
  LLH:  Lat=24.615048996° Lon=104.602166227° H=917.6705m
  原始数据:
2025/11/16 10:55:50.000   24.615048996  104.602166227   917.6705   2  14   0.0034   0.0106   0.0133   0.0012  -0.0082   0.0039   8.00    0.0 6541861

[TCP数据流] 2025/11/16 18:55:33 - 浮点解 (20颗卫星)
  ECEF: X=-1462905.0789 Y=5615308.7442 Z=2640750.5424
  LLH:  Lat=24.615048996° Lon=104.602166228° H=917.6708m
  原始数据:
2025/11/16 10:55:51.000   24.615048996  104.602166228   917.6708   2  20   0.0034   0.0106   0.0133   0.0012  -0.0082   0.0039   9.00    1.8 6541861

[TCP数据流] 2025/11/16 18:55:34 - 浮点解 (14颗卫星)
  ECEF: X=-1462905.0789 Y=5615308.7443 Z=2640750.5425
  LLH:  Lat=24.615048996° Lon=104.602166228° H=917.6709m
  原始数据:
2025/11/16 10:55:52.000   24.615048996  104.602166228   917.6709   2  14   0.0034   0.0106   0.0133   0.0012  -0.0082   0.0039  10.00    1.2 6541861

[TCP数据流] 2025/11/16 18:55:36 - 浮点解 (14颗卫星)
  ECEF: X=-1462905.0789 Y=5615308.7444 Z=2640750.5425
  LLH:  Lat=24.615048996° Lon=104.602166228° H=917.6710m
  原始数据:
2025/11/16 10:55:54.000   24.615048996  104.602166228   917.6710   2  14   0.0034   0.0106   0.0133   0.0012  -0.0082   0.0039  12.00    1.1 6541861

[TCP数据流] 2025/11/16 18:55:39 - 浮点解 (8颗卫星)
  ECEF: X=-1462905.0788 Y=5615308.7444 Z=2640750.5425
  LLH:  Lat=24.615048996° Lon=104.602166227° H=917.6710m
  原始数据:
2025/11/16 10:55:57.000   24.615048996  104.602166227   917.6710   2   8   0.0034   0.0106   0.0133   0.0012  -0.0082   0.0039  15.00    1.5 6541861

[TCP数据流] 2025/11/16 18:55:40 - 浮点解 (25颗卫星)
  ECEF: X=-1462905.0790 Y=5615308.7439 Z=2640750.5422
  LLH:  Lat=24.615048995° Lon=104.602166230° H=917.6705m
  原始数据:
2025/11/16 10:55:58.000   24.615048995  104.602166230   917.6705   2  25   0.0034   0.0106   0.0133   0.0012  -0.0082   0.0039  16.00    1.2 6541861

[TCP数据流] 2025/11/16 18:55:42 - 浮点解 (19颗卫星)
  ECEF: X=-1462905.0791 Y=5615308.7436 Z=2640750.5419
  LLH:  Lat=24.615048994° Lon=104.602166232° H=917.6701m
  原始数据:
2025/11/16 10:56:00.000   24.615048994  104.602166232   917.6701   2  19   0.0034   0.0106   0.0133   0.0012  -0.0082   0.0039  18.00    1.1 6541861

[TCP数据流] 2025/11/16 18:55:43 - 浮点解 (26颗卫星)
  ECEF: X=-1462905.0792 Y=5615308.7431 Z=2640750.5415
  LLH:  Lat=24.615048992° Lon=104.602166234° H=917.6695m
  原始数据:
2025/11/16 10:56:01.000   24.615048992  104.602166234   917.6695   2  26   0.0034   0.0106   0.0133   0.0012  -0.0082   0.0039  19.00    1.1 6541861

[TCP数据流] 2025/11/16 18:55:44 - 浮点解 (15颗卫星)
  ECEF: X=-1462905.0793 Y=5615308.7431 Z=2640750.5415
  LLH:  Lat=24.615048992° Lon=104.602166235° H=917.6696m
  原始数据:
2025/11/16 10:56:02.000   24.615048992  104.602166235   917.6696   2  15   0.0034   0.0106   0.0133   0.0012  -0.0082   0.0039  20.00    1.1 6541861

[TCP数据流] 2025/11/16 18:55:45 - 浮点解 (20颗卫星)
  ECEF: X=-1462905.0793 Y=5615308.7427 Z=2640750.5412
  LLH:  Lat=24.615048991° Lon=104.602166236° H=917.6691m
  原始数据:
2025/11/16 10:56:03.000   24.615048991  104.602166236   917.6691   2  20   0.0034   0.0106   0.0133   0.0012  -0.0082   0.0039  21.00    1.1 6541861

[TCP数据流] 2025/11/16 18:55:46 - 浮点解 (20颗卫星)
  ECEF: X=-1462905.0794 Y=5615308.7424 Z=2640750.5409
  LLH:  Lat=24.615048990° Lon=104.602166238° H=917.6687m
  原始数据:
2025/11/16 10:56:04.000   24.615048990  104.602166238   917.6687   2  20   0.0034   0.0106   0.0133   0.0012  -0.0082   0.0039  22.00    1.1 6541861

[TCP数据流] 2025/11/16 18:55:48 - 浮点解 (20颗卫星)
  ECEF: X=-1462905.0805 Y=5615308.7439 Z=2640750.5419
  LLH:  Lat=24.615048991° Lon=104.602166244° H=917.6707m
  原始数据:
2025/11/16 10:56:06.000   24.615048991  104.602166244   917.6707   2  20   0.0034   0.0106   0.0133   0.0012  -0.0082   0.0039   0.00    1.1 6541861

[TCP数据流] 2025/11/16 18:55:49 - 浮点解 (15颗卫星)
  ECEF: X=-1462905.0802 Y=5615308.7465 Z=2640750.5442
  LLH:  Lat=24.615049001° Lon=104.602166235° H=917.6739m
  原始数据:
2025/11/16 10:56:07.000   24.615049001  104.602166235   917.6739   2  15   0.0034   0.0105   0.0132   0.0011  -0.0082   0.0039   0.00    1.0 6541861

[TCP数据流] 2025/11/16 18:55:51 - 浮点解 (15颗卫星)
  ECEF: X=-1462905.0800 Y=5615308.7483 Z=2640750.5458
  LLH:  Lat=24.615049008° Lon=104.602166229° H=917.6761m
  原始数据:
2025/11/16 10:56:09.000   24.615049008  104.602166229   917.6761   2  15   0.0034   0.0105   0.0132   0.0011  -0.0082   0.0039   2.00    1.1 6541861

[TCP数据流] 2025/11/16 18:55:52 - 浮点解 (15颗卫星)
  ECEF: X=-1462905.0798 Y=5615308.7498 Z=2640750.5472
  LLH:  Lat=24.615049014° Lon=104.602166223° H=917.6779m
  原始数据:
2025/11/16 10:56:10.000   24.615049014  104.602166223   917.6779   2  15   0.0034   0.0105   0.0132   0.0011  -0.0082   0.0039   3.00    1.1 6541861

[TCP数据流] 2025/11/16 18:55:54 - 浮点解 (19颗卫星)
  ECEF: X=-1462905.0804 Y=5615308.7502 Z=2640750.5472
  LLH:  Lat=24.615049012° Lon=104.602166228° H=917.6784m
  原始数据:
2025/11/16 10:56:12.000   24.615049012  104.602166228   917.6784   2  19   0.0034   0.0105   0.0132   0.0011  -0.0082   0.0039   5.00    1.1 6541861

[TCP数据流] 2025/11/16 18:55:57 - 浮点解 (13颗卫星)
  ECEF: X=-1462905.0806 Y=5615308.7502 Z=2640750.5473
  LLH:  Lat=24.615049013° Lon=104.602166230° H=917.6785m
  原始数据:
2025/11/16 10:56:15.000   24.615049013  104.602166230   917.6785   2  13   0.0034   0.0105   0.0132   0.0011  -0.0082   0.0039   8.00    2.4 6541861

[TCP数据流] 2025/11/16 18:55:59 - 浮点解 (19颗卫星)
  ECEF: X=-1462905.0808 Y=5615308.7503 Z=2640750.5473
  LLH:  Lat=24.615049012° Lon=104.602166231° H=917.6787m
  原始数据:
2025/11/16 10:56:17.000   24.615049012  104.602166231   917.6787   2  19   0.0034   0.0105   0.0132   0.0011  -0.0082   0.0039  10.00    1.0 6541861

[TCP数据流] 2025/11/16 18:56:00 - 浮点解 (25颗卫星)
  ECEF: X=-1462905.0808 Y=5615308.7506 Z=2640750.5475
  LLH:  Lat=24.615049012° Lon=104.602166231° H=917.6790m
  原始数据:
2025/11/16 10:56:18.000   24.615049012  104.602166231   917.6790   2  25   0.0034   0.0105   0.0132   0.0011  -0.0082   0.0039  11.00    1.0 6541861

[TCP数据流] 2025/11/16 18:56:02 - 浮点解 (14颗卫星)
  ECEF: X=-1462905.0809 Y=5615308.7508 Z=2640750.5475
  LLH:  Lat=24.615049012° Lon=104.602166231° H=917.6792m
  原始数据:
2025/11/16 10:56:20.000   24.615049012  104.602166231   917.6792   2  14   0.0034   0.0105   0.0132   0.0011  -0.0082   0.0039  13.00    1.2 6541861

[TCP数据流] 2025/11/16 18:56:04 - 浮点解 (14颗卫星)
  ECEF: X=-1462905.0809 Y=5615308.7510 Z=2640750.5475
  LLH:  Lat=24.615049011° Lon=104.602166231° H=917.6794m
  原始数据:
2025/11/16 10:56:22.000   24.615049011  104.602166231   917.6794   2  14   0.0034   0.0105   0.0132   0.0011  -0.0082   0.0039  15.00    1.0 6541861

[TCP数据流] 2025/11/16 18:56:05 - 浮点解 (19颗卫星)
  ECEF: X=-1462905.0810 Y=5615308.7509 Z=2640750.5475
  LLH:  Lat=24.615049011° Lon=104.602166232° H=917.6793m
  原始数据:
2025/11/16 10:56:23.000   24.615049011  104.602166232   917.6793   2  19   0.0034   0.0105   0.0132   0.0011  -0.0081   0.0039  16.00    1.1 6541861

[TCP数据流] 2025/11/16 18:56:06 - 浮点解 (14颗卫星)
  ECEF: X=-1462905.0810 Y=5615308.7510 Z=2640750.5475
  LLH:  Lat=24.615049011° Lon=104.602166232° H=917.6794m
  原始数据:
2025/11/16 10:56:24.000   24.615049011  104.602166232   917.6794   2  14   0.0034   0.0105   0.0132   0.0011  -0.0081   0.0039  17.00    1.3 6541861

[TCP数据流] 2025/11/16 18:56:07 - 浮点解 (19颗卫星)
  ECEF: X=-1462905.0811 Y=5615308.7509 Z=2640750.5475
  LLH:  Lat=24.615049011° Lon=104.602166233° H=917.6793m
  原始数据:
2025/11/16 10:56:25.000   24.615049011  104.602166233   917.6793   2  19   0.0034   0.0104   0.0132   0.0011  -0.0081   0.0039  18.00    1.1 6541861

[TCP数据流] 2025/11/16 18:56:10 - 浮点解 (19颗卫星)
  ECEF: X=-1462905.0812 Y=5615308.7507 Z=2640750.5473
  LLH:  Lat=24.615049010° Lon=104.602166234° H=917.6791m
  原始数据:
2025/11/16 10:56:28.000   24.615049010  104.602166234   917.6791   2  19   0.0034   0.0104   0.0132   0.0011  -0.0081   0.0039  21.00    1.1 6541861

[TCP数据流] 2025/11/16 18:56:12 - 浮点解 (19颗卫星)
  ECEF: X=-1462905.0813 Y=5615308.7506 Z=2640750.5472
  LLH:  Lat=24.615049009° Lon=104.602166235° H=917.6790m
  原始数据:
2025/11/16 10:56:30.000   24.615049009  104.602166235   917.6790   2  19   0.0034   0.0104   0.0132   0.0011  -0.0081   0.0039  23.00    1.1 6541861

[TCP数据流] 2025/11/16 18:56:14 - 浮点解 (19颗卫星)
  ECEF: X=-1462905.0813 Y=5615308.7504 Z=2640750.5471
  LLH:  Lat=24.615049009° Lon=104.602166236° H=917.6788m
  原始数据:
2025/11/16 10:56:32.000   24.615049009  104.602166236   917.6788   2  19   0.0034   0.0104   0.0132   0.0011  -0.0081   0.0039  25.00    1.0 6541861

[TCP数据流] 2025/11/16 18:56:16 - 浮点解 (19颗卫星)
  ECEF: X=-1462905.0814 Y=5615308.7502 Z=2640750.5468
  LLH:  Lat=24.615049008° Lon=104.602166237° H=917.6785m
  原始数据:
2025/11/16 10:56:34.000   24.615049008  104.602166237   917.6785   2  19   0.0034   0.0104   0.0132   0.0011  -0.0081   0.0039  27.00    1.1 6541861

[TCP数据流] 2025/11/16 18:56:18 - 浮点解 (19颗卫星)
  ECEF: X=-1462905.0813 Y=5615308.7501 Z=2640750.5467
  LLH:  Lat=24.615049007° Lon=104.602166237° H=917.6783m
  原始数据:
2025/11/16 10:56:36.000   24.615049007  104.602166237   917.6783   2  19   0.0034   0.0104   0.0132   0.0011  -0.0081   0.0039  29.00    1.1 6541861

[TCP数据流] 2025/11/16 18:56:39 - 浮点解 (14颗卫星)
  ECEF: X=-1462905.0815 Y=5615308.7510 Z=2640750.5476
  LLH:  Lat=24.615049011° Lon=104.602166236° H=917.6795m
  原始数据:
2025/11/16 10:56:57.000   24.615049011  104.602166236   917.6795   2  14   0.0034   0.0104   0.0131   0.0011  -0.0081   0.0038   0.00    0.0 6541861

[TCP数据流] 2025/11/16 18:56:40 - 浮点解 (19颗卫星)
  ECEF: X=-1462905.0823 Y=5615308.7515 Z=2640750.5483
  LLH:  Lat=24.615049014° Lon=104.602166243° H=917.6805m
  原始数据:
2025/11/16 10:56:58.000   24.615049014  104.602166243   917.6805   2  19   0.0034   0.0104   0.0131   0.0011  -0.0081   0.0038   1.00    1.0 6541861

[TCP数据流] 2025/11/16 18:56:47 - 浮点解 (19颗卫星)
  ECEF: X=-1462905.0825 Y=5615308.7516 Z=2640750.5485
  LLH:  Lat=24.615049015° Lon=104.602166244° H=917.6807m
  原始数据:
2025/11/16 10:57:05.000   24.615049015  104.602166244   917.6807   2  19   0.0034   0.0104   0.0131   0.0011  -0.0081   0.0038   8.00    1.4 6541861

[TCP数据流] 2025/11/16 18:56:50 - 浮点解 (19颗卫星)
  ECEF: X=-1462905.0825 Y=5615308.7516 Z=2640750.5485
  LLH:  Lat=24.615049015° Lon=104.602166244° H=917.6807m
  原始数据:
2025/11/16 10:57:08.000   24.615049015  104.602166244   917.6807   2  19   0.0034   0.0104   0.0131   0.0011  -0.0081   0.0038  11.00    1.0 6541861

[TCP数据流] 2025/11/16 18:56:51 - 浮点解 (19颗卫星)
  ECEF: X=-1462905.0824 Y=5615308.7515 Z=2640750.5484
  LLH:  Lat=24.615049015° Lon=104.602166244° H=917.6805m
  原始数据:
2025/11/16 10:57:09.000   24.615049015  104.602166244   917.6805   2  19   0.0034   0.0104   0.0131   0.0011  -0.0081   0.0038  12.00    1.1 6541861

[TCP数据流] 2025/11/16 18:56:56 - 浮点解 (19颗卫星)
  ECEF: X=-1462905.0824 Y=5615308.7512 Z=2640750.5483
  LLH:  Lat=24.615049015° Lon=104.602166244° H=917.6802m
  原始数据:
2025/11/16 10:57:14.000   24.615049015  104.602166244   917.6802   2  19   0.0034   0.0104   0.0131   0.0011  -0.0081   0.0038  17.00    1.2 6541861

[TCP数据流] 2025/11/16 18:57:03 - 浮点解 (25颗卫星)
  ECEF: X=-1462905.0823 Y=5615308.7512 Z=2640750.5481
  LLH:  Lat=24.615049014° Lon=104.602166243° H=917.6801m
  原始数据:
2025/11/16 10:57:21.000   24.615049014  104.602166243   917.6801   2  25   0.0034   0.0104   0.0131   0.0011  -0.0081   0.0038  24.00    1.1 6541861

[TCP数据流] 2025/11/16 18:57:04 - 浮点解 (25颗卫星)
  ECEF: X=-1462905.0822 Y=5615308.7511 Z=2640750.5479
  LLH:  Lat=24.615049013° Lon=104.602166243° H=917.6799m
  原始数据:
2025/11/16 10:57:22.000   24.615049013  104.602166243   917.6799   2  25   0.0034   0.0104   0.0131   0.0011  -0.0081   0.0038  25.00    1.1 6541861

[TCP数据流] 2025/11/16 18:57:06 - 浮点解 (25颗卫星)
  ECEF: X=-1462905.0822 Y=5615308.7510 Z=2640750.5478
  LLH:  Lat=24.615049012° Lon=104.602166243° H=917.6798m
  原始数据:
2025/11/16 10:57:24.000   24.615049012  104.602166243   917.6798   2  25   0.0034   0.0104   0.0131   0.0011  -0.0081   0.0038  27.00    1.0 6541861

[TCP数据流] 2025/11/16 18:57:07 - 浮点解 (25颗卫星)
  ECEF: X=-1462905.0821 Y=5615308.7510 Z=2640750.5476
  LLH:  Lat=24.615049011° Lon=104.602166242° H=917.6797m
  原始数据:
2025/11/16 10:57:25.000   24.615049011  104.602166242   917.6797   2  25   0.0034   0.0104   0.0131   0.0011  -0.0081   0.0038  28.00    1.0 6541861

[TCP数据流] 2025/11/16 18:57:08 - 浮点解 (25颗卫星)
  ECEF: X=-1462905.0822 Y=5615308.7508 Z=2640750.5475
  LLH:  Lat=24.615049010° Lon=104.602166243° H=917.6795m
  原始数据:
2025/11/16 10:57:26.000   24.615049010  104.602166243   917.6795   2  25   0.0034   0.0104   0.0131   0.0011  -0.0081   0.0038  29.00    1.0 6541861

[TCP数据流] 2025/11/16 18:57:09 - 浮点解 (25颗卫星)
  ECEF: X=-1462905.0821 Y=5615308.7507 Z=2640750.5473
  LLH:  Lat=24.615049009° Lon=104.602166243° H=917.6793m
  原始数据:
2025/11/16 10:57:27.000   24.615049009  104.602166243   917.6793   2  25   0.0034   0.0104   0.0131   0.0011  -0.0081   0.0038  30.00    1.0 6541861

[TCP数据流] 2025/11/16 18:58:33 - 浮点解 (25颗卫星)
  ECEF: X=-1462905.0727 Y=5615308.7682 Z=2640750.5569
  LLH:  Lat=24.615049033° Lon=104.602166109° H=917.6965m
  原始数据:
2025/11/16 10:58:51.000   24.615049033  104.602166109   917.6965   2  25   0.0033   0.0101   0.0128   0.0009  -0.0080   0.0038  19.00    1.0 6541861

[TCP数据流] 2025/11/16 18:58:34 - 浮点解 (25颗卫星)
  ECEF: X=-1462905.0727 Y=5615308.7682 Z=2640750.5568
  LLH:  Lat=24.615049032° Lon=104.602166109° H=917.6965m
  原始数据:
2025/11/16 10:58:52.000   24.615049032  104.602166109   917.6965   2  25   0.0033   0.0101   0.0128   0.0009  -0.0080   0.0038  20.00    1.0 6541861

[TCP数据流] 2025/11/16 18:58:35 - 浮点解 (25颗卫星)
  ECEF: X=-1462905.0726 Y=5615308.7682 Z=2640750.5566
  LLH:  Lat=24.615049031° Lon=104.602166108° H=917.6964m
  原始数据:
2025/11/16 10:58:53.000   24.615049031  104.602166108   917.6964   2  25   0.0033   0.0101   0.0128   0.0009  -0.0080   0.0038  21.00    1.0 6541861

[TCP数据流] 2025/11/16 18:58:36 - 浮点解 (25颗卫星)
  ECEF: X=-1462905.0725 Y=5615308.7682 Z=2640750.5565
  LLH:  Lat=24.615049030° Lon=104.602166108° H=917.6963m
  原始数据:
2025/11/16 10:58:54.000   24.615049030  104.602166108   917.6963   2  25   0.0033   0.0101   0.0128   0.0009  -0.0080   0.0038  22.00    1.0 6541861

[TCP数据流] 2025/11/16 18:58:37 - 浮点解 (25颗卫星)
  ECEF: X=-1462905.0725 Y=5615308.7680 Z=2640750.5563
  LLH:  Lat=24.615049029° Lon=104.602166108° H=917.6961m
  原始数据:
2025/11/16 10:58:55.000   24.615049029  104.602166108   917.6961   2  25   0.0033   0.0101   0.0127   0.0009  -0.0080   0.0038  23.00    1.0 6541861

[TCP数据流] 2025/11/16 18:58:38 - 浮点解 (25颗卫星)
  ECEF: X=-1462905.0724 Y=5615308.7680 Z=2640750.5561
  LLH:  Lat=24.615049028° Lon=104.602166107° H=917.6960m
  原始数据:
2025/11/16 10:58:56.000   24.615049028  104.602166107   917.6960   2  25   0.0033   0.0101   0.0127   0.0009  -0.0080   0.0038  24.00    1.0 6541861

[TCP数据流] 2025/11/16 18:58:40 - 浮点解 (25颗卫星)
  ECEF: X=-1462905.0724 Y=5615308.7679 Z=2640750.5560
  LLH:  Lat=24.615049027° Lon=104.602166107° H=917.6958m
  原始数据:
2025/11/16 10:58:58.000   24.615049027  104.602166107   917.6958   2  25   0.0033   0.0101   0.0127   0.0009  -0.0080   0.0038  26.00    1.0 6541861

[TCP数据流] 2025/11/16 18:58:41 - 浮点解 (25颗卫星)
  ECEF: X=-1462905.0723 Y=5615308.7679 Z=2640750.5558
  LLH:  Lat=24.615049026° Lon=104.602166106° H=917.6957m
  原始数据:
2025/11/16 10:58:59.000   24.615049026  104.602166106   917.6957   2  25   0.0033   0.0101   0.0127   0.0009  -0.0080   0.0038  27.00    1.0 6541861

[TCP数据流] 2025/11/16 18:58:42 - 浮点解 (25颗卫星)
  ECEF: X=-1462905.0722 Y=5615308.7677 Z=2640750.5556
  LLH:  Lat=24.615049025° Lon=104.602166106° H=917.6955m
  原始数据:
2025/11/16 10:59:00.000   24.615049025  104.602166106   917.6955   2  25   0.0033   0.0101   0.0127   0.0009  -0.0080   0.0038  28.00    1.0 6541861

[TCP数据流] 2025/11/16 18:58:43 - 浮点解 (25颗卫星)
  ECEF: X=-1462905.0721 Y=5615308.7677 Z=2640750.5555
  LLH:  Lat=24.615049024° Lon=104.602166105° H=917.6954m
  原始数据:
2025/11/16 10:59:01.000   24.615049024  104.602166105   917.6954   2  25   0.0033   0.0101   0.0127   0.0009  -0.0080   0.0038  29.00    1.0 6541861

[TCP数据流] 2025/11/16 18:58:44 - 浮点解 (25颗卫星)
  ECEF: X=-1462905.0720 Y=5615308.7676 Z=2640750.5553
  LLH:  Lat=24.615049023° Lon=104.602166104° H=917.6952m
  原始数据:
2025/11/16 10:59:02.000   24.615049023  104.602166104   917.6952   2  25   0.0033   0.0101   0.0127   0.0009  -0.0080   0.0038  30.00    1.0 6541861

[TCP数据流] 2025/11/16 18:58:49 - 浮点解 (25颗卫星)
  ECEF: X=-1462905.0698 Y=5615308.7709 Z=2640750.5581
  LLH:  Lat=24.615049036° Lon=104.602166075° H=917.6988m
  原始数据:
2025/11/16 10:59:07.000   24.615049036  104.602166075   917.6988   2  25   0.0032   0.0101   0.0127   0.0009  -0.0079   0.0038   0.00    1.4 6541861

[TCP数据流] 2025/11/16 18:58:50 - 浮点解 (25颗卫星)
  ECEF: X=-1462905.0678 Y=5615308.7740 Z=2640750.5604
  LLH:  Lat=24.615049045° Lon=104.602166048° H=917.7020m
  原始数据:
2025/11/16 10:59:08.000   24.615049045  104.602166048   917.7020   2  25   0.0032   0.0100   0.0126   0.0009  -0.0079   0.0037   1.00    1.4 6541861

[TCP数据流] 2025/11/16 18:58:51 - 浮点解 (25颗卫星)
  ECEF: X=-1462905.0661 Y=5615308.7765 Z=2640750.5621
  LLH:  Lat=24.615049052° Lon=104.602166026° H=917.7045m
  原始数据:
2025/11/16 10:59:09.000   24.615049052  104.602166026   917.7045   2  25   0.0032   0.0100   0.0126   0.0009  -0.0079   0.0037   2.00    1.4 6541861

[TCP数据流] 2025/11/16 18:58:53 - 浮点解 (25颗卫星)
  ECEF: X=-1462905.0651 Y=5615308.7778 Z=2640750.5629
  LLH:  Lat=24.615049055° Lon=104.602166013° H=917.7058m
  原始数据:
2025/11/16 10:59:11.000   24.615049055  104.602166013   917.7058   2  25   0.0032   0.0100   0.0126   0.0008  -0.0079   0.0037   4.00    1.9 6541861

[TCP数据流] 2025/11/16 18:58:54 - 浮点解 (25颗卫星)
  ECEF: X=-1462905.0644 Y=5615308.7790 Z=2640750.5635
  LLH:  Lat=24.615049056° Lon=104.602166003° H=917.7069m
  原始数据:
2025/11/16 10:59:12.000   24.615049056  104.602166003   917.7069   2  25   0.0032   0.0099   0.0125   0.0008  -0.0079   0.0037   5.00    1.5 6541861

[TCP数据流] 2025/11/16 18:58:55 - 浮点解 (25颗卫星)
  ECEF: X=-1462905.0640 Y=5615308.7798 Z=2640750.5639
  LLH:  Lat=24.615049057° Lon=104.602165997° H=917.7077m
  原始数据:
2025/11/16 10:59:13.000   24.615049057  104.602165997   917.7077   2  25   0.0032   0.0099   0.0125   0.0008  -0.0079   0.0037   6.00    1.0 6541861

[TCP数据流] 2025/11/16 18:58:56 - 浮点解 (25颗卫星)
  ECEF: X=-1462905.0635 Y=5615308.7805 Z=2640750.5642
  LLH:  Lat=24.615049057° Lon=104.602165991° H=917.7083m
  原始数据:
2025/11/16 10:59:14.000   24.615049057  104.602165991   917.7083   2  25   0.0032   0.0099   0.0125   0.0008  -0.0079   0.0037   7.00    1.0 6541861

[TCP数据流] 2025/11/16 18:58:57 - 浮点解 (25颗卫星)
  ECEF: X=-1462905.0631 Y=5615308.7810 Z=2640750.5644
  LLH:  Lat=24.615049057° Lon=104.602165986° H=917.7087m
  原始数据:
2025/11/16 10:59:15.000   24.615049057  104.602165986   917.7087   2  25   0.0032   0.0099   0.0125   0.0008  -0.0079   0.0037   8.00    1.0 6541861

[TCP数据流] 2025/11/16 18:58:58 - 浮点解 (25颗卫星)
  ECEF: X=-1462905.0629 Y=5615308.7812 Z=2640750.5644
  LLH:  Lat=24.615049057° Lon=104.602165983° H=917.7089m
  原始数据:
2025/11/16 10:59:16.000   24.615049057  104.602165983   917.7089   2  25   0.0032   0.0099   0.0125   0.0008  -0.0079   0.0037   9.00    1.0 6541861

[TCP数据流] 2025/11/16 18:58:59 - 浮点解 (25颗卫星)
  ECEF: X=-1462905.0626 Y=5615308.7817 Z=2640750.5645
  LLH:  Lat=24.615049056° Lon=104.602165979° H=917.7092m
  原始数据:
2025/11/16 10:59:17.000   24.615049056  104.602165979   917.7092   2  25   0.0032   0.0099   0.0125   0.0008  -0.0079   0.0037  10.00    1.0 6541861

[TCP数据流] 2025/11/16 18:59:00 - 浮点解 (19颗卫星)
  ECEF: X=-1462905.0627 Y=5615308.7816 Z=2640750.5645
  LLH:  Lat=24.615049056° Lon=104.602165980° H=917.7092m
  原始数据:
2025/11/16 10:59:18.000   24.615049056  104.602165980   917.7092   2  19   0.0032   0.0099   0.0125   0.0008  -0.0079   0.0037  11.00    1.2 6541861

[TCP数据流] 2025/11/16 18:59:01 - 浮点解 (25颗卫星)
  ECEF: X=-1462905.0625 Y=5615308.7819 Z=2640750.5645
  LLH:  Lat=24.615049056° Lon=104.602165978° H=917.7094m
  原始数据:
2025/11/16 10:59:19.000   24.615049056  104.602165978   917.7094   2  25   0.0032   0.0099   0.0125   0.0008  -0.0079   0.0037  12.00    1.0 6541861

[TCP数据流] 2025/11/16 18:59:02 - 浮点解 (25颗卫星)
  ECEF: X=-1462905.0623 Y=5615308.7819 Z=2640750.5644
  LLH:  Lat=24.615049055° Lon=104.602165976° H=917.7094m
  原始数据:
2025/11/16 10:59:20.000   24.615049055  104.602165976   917.7094   2  25   0.0032   0.0099   0.0124   0.0008  -0.0078   0.0037  13.00    1.0 6541861

[TCP数据流] 2025/11/16 18:59:03 - 浮点解 (25颗卫星)
  ECEF: X=-1462905.0622 Y=5615308.7820 Z=2640750.5643
  LLH:  Lat=24.615049054° Lon=104.602165975° H=917.7094m
  原始数据:
2025/11/16 10:59:21.000   24.615049054  104.602165975   917.7094   2  25   0.0032   0.0099   0.0124   0.0008  -0.0078   0.0037  14.00    1.0 6541861

[TCP数据流] 2025/11/16 19:01:35 - 浮点解 (26颗卫星)
  ECEF: X=-1462905.0559 Y=5615308.8010 Z=2640750.5799
  LLH:  Lat=24.615049119° Lon=104.602165867° H=917.7311m
  原始数据:
2025/11/16 11:01:53.000   24.615049119  104.602165867   917.7311   2  26   0.0031   0.0096   0.0120   0.0008  -0.0076   0.0036  20.00    1.0 6541861

[TCP数据流] 2025/11/16 19:01:38 - 浮点解 (26颗卫星)
  ECEF: X=-1462905.0557 Y=5615308.8007 Z=2640750.5797
  LLH:  Lat=24.615049118° Lon=104.602165866° H=917.7307m
  原始数据:
2025/11/16 11:01:56.000   24.615049118  104.602165866   917.7307   2  26   0.0031   0.0096   0.0120   0.0008  -0.0076   0.0036  23.00    1.0 6541861

[TCP数据流] 2025/11/16 19:01:39 - 浮点解 (8颗卫星)
  ECEF: X=-1462905.0558 Y=5615308.8006 Z=2640750.5796
  LLH:  Lat=24.615049118° Lon=104.602165867° H=917.7306m
  原始数据:
2025/11/16 11:01:57.000   24.615049118  104.602165867   917.7306   2   8   0.0031   0.0096   0.0120   0.0008  -0.0076   0.0036  24.00    1.5 6541861

[TCP数据流] 2025/11/16 19:01:41 - 浮点解 (26颗卫星)
  ECEF: X=-1462905.0558 Y=5615308.8002 Z=2640750.5792
  LLH:  Lat=24.615049116° Lon=104.602165868° H=917.7301m
  原始数据:
2025/11/16 11:01:59.000   24.615049116  104.602165868   917.7301   2  26   0.0031   0.0096   0.0120   0.0008  -0.0076   0.0036  26.00    1.0 6541861

[TCP数据流] 2025/11/16 19:01:42 - 浮点解 (26颗卫星)
  ECEF: X=-1462905.0558 Y=5615308.7999 Z=2640750.5789
  LLH:  Lat=24.615049115° Lon=104.602165869° H=917.7297m
  原始数据:
2025/11/16 11:02:00.000   24.615049115  104.602165869   917.7297   2  26   0.0031   0.0096   0.0120   0.0008  -0.0076   0.0036  27.00    1.0 6541861

[TCP数据流] 2025/11/16 19:01:45 - 浮点解 (20颗卫星)
  ECEF: X=-1462905.0558 Y=5615308.7996 Z=2640750.5788
  LLH:  Lat=24.615049115° Lon=104.602165870° H=917.7294m
  原始数据:
2025/11/16 11:02:03.000   24.615049115  104.602165870   917.7294   2  20   0.0031   0.0096   0.0120   0.0008  -0.0076   0.0036  30.00    1.0 6541861

[TCP数据流] 2025/11/16 19:01:48 - 浮点解 (26颗卫星)
  ECEF: X=-1462905.0537 Y=5615308.8041 Z=2640750.5827
  LLH:  Lat=24.615049132° Lon=104.602165838° H=917.7345m
  原始数据:
2025/11/16 11:02:06.000   24.615049132  104.602165838   917.7345   2  26   0.0030   0.0096   0.0119   0.0007  -0.0076   0.0036   0.00    2.3 6541861

[TCP数据流] 2025/11/16 19:01:49 - 浮点解 (26颗卫星)
  ECEF: X=-1462905.0519 Y=5615308.8077 Z=2640750.5859
  LLH:  Lat=24.615049147° Lon=104.602165812° H=917.7386m
  原始数据:
2025/11/16 11:02:07.000   24.615049147  104.602165812   917.7386   2  26   0.0030   0.0095   0.0118   0.0007  -0.0075   0.0035   1.00    1.9 6541861

[TCP数据流] 2025/11/16 19:01:51 - 浮点解 (26颗卫星)
  ECEF: X=-1462905.0509 Y=5615308.8099 Z=2640750.5877
  LLH:  Lat=24.615049155° Lon=104.602165797° H=917.7411m
  原始数据:
2025/11/16 11:02:09.000   24.615049155  104.602165797   917.7411   2  26   0.0030   0.0095   0.0118   0.0007  -0.0075   0.0035   3.00    2.3 6541861

[TCP数据流] 2025/11/16 19:01:55 - 浮点解 (26颗卫星)
  ECEF: X=-1462905.0506 Y=5615308.8104 Z=2640750.5881
  LLH:  Lat=24.615049157° Lon=104.602165793° H=917.7416m
  原始数据:
2025/11/16 11:02:13.000   24.615049157  104.602165793   917.7416   2  26   0.0030   0.0095   0.0118   0.0007  -0.0075   0.0035   7.00    2.4 6541861

[TCP数据流] 2025/11/16 19:01:57 - 浮点解 (26颗卫星)
  ECEF: X=-1462905.0506 Y=5615308.8107 Z=2640750.5883
  LLH:  Lat=24.615049157° Lon=104.602165792° H=917.7419m
  原始数据:
2025/11/16 11:02:15.000   24.615049157  104.602165792   917.7419   2  26   0.0030   0.0095   0.0117   0.0007  -0.0075   0.0035   9.00    2.3 6541861

[TCP数据流] 2025/11/16 19:01:58 - 浮点解 (26颗卫星)
  ECEF: X=-1462905.0505 Y=5615308.8108 Z=2640750.5884
  LLH:  Lat=24.615049158° Lon=104.602165791° H=917.7420m
  原始数据:
2025/11/16 11:02:16.000   24.615049158  104.602165791   917.7420   2  26   0.0030   0.0095   0.0117   0.0007  -0.0075   0.0035  10.00    1.0 6541861

[TCP数据流] 2025/11/16 19:02:00 - 浮点解 (26颗卫星)
  ECEF: X=-1462905.0505 Y=5615308.8107 Z=2640750.5883
  LLH:  Lat=24.615049157° Lon=104.602165791° H=917.7419m
  原始数据:
2025/11/16 11:02:18.000   24.615049157  104.602165791   917.7419   2  26   0.0030   0.0094   0.0117   0.0007  -0.0075   0.0035  12.00    1.0 6541861

[TCP数据流] 2025/11/16 19:02:01 - 浮点解 (26颗卫星)
  ECEF: X=-1462905.0503 Y=5615308.8106 Z=2640750.5882
  LLH:  Lat=24.615049157° Lon=104.602165790° H=917.7418m
  原始数据:
2025/11/16 11:02:19.000   24.615049157  104.602165790   917.7418   2  26   0.0030   0.0094   0.0117   0.0007  -0.0075   0.0035  13.00    1.0 6541861

[TCP数据流] 2025/11/16 19:02:02 - 浮点解 (20颗卫星)
  ECEF: X=-1462905.0502 Y=5615308.8107 Z=2640750.5881
  LLH:  Lat=24.615049156° Lon=104.602165789° H=917.7418m
  原始数据:
2025/11/16 11:02:20.000   24.615049156  104.602165789   917.7418   2  20   0.0030   0.0094   0.0117   0.0007  -0.0075   0.0035  14.00    1.0 6541861

[TCP数据流] 2025/11/16 19:02:03 - 浮点解 (26颗卫星)
  ECEF: X=-1462905.0502 Y=5615308.8105 Z=2640750.5880
  LLH:  Lat=24.615049156° Lon=104.602165789° H=917.7415m
  原始数据:
2025/11/16 11:02:21.000   24.615049156  104.602165789   917.7415   2  26   0.0030   0.0094   0.0117   0.0007  -0.0075   0.0035  15.00    1.0 6541861

[TCP数据流] 2025/11/16 19:02:04 - 浮点解 (8颗卫星)
  ECEF: X=-1462905.0504 Y=5615308.8105 Z=2640750.5880
  LLH:  Lat=24.615049156° Lon=104.602165791° H=917.7416m
  原始数据:
2025/11/16 11:02:22.000   24.615049156  104.602165791   917.7416   2   8   0.0030   0.0094   0.0117   0.0007  -0.0075   0.0035  16.00    1.4 6541861

[TCP数据流] 2025/11/16 19:02:05 - 浮点解 (26颗卫星)
  ECEF: X=-1462905.0503 Y=5615308.8103 Z=2640750.5878
  LLH:  Lat=24.615049155° Lon=104.602165791° H=917.7413m
  原始数据:
2025/11/16 11:02:23.000   24.615049155  104.602165791   917.7413   2  26   0.0030   0.0094   0.0117   0.0007  -0.0075   0.0035  17.00    1.0 6541861

[TCP数据流] 2025/11/16 19:02:06 - 浮点解 (26颗卫星)
  ECEF: X=-1462905.0503 Y=5615308.8101 Z=2640750.5876
  LLH:  Lat=24.615049154° Lon=104.602165791° H=917.7410m
  原始数据:
2025/11/16 11:02:24.000   24.615049154  104.602165791   917.7410   2  26   0.0030   0.0094   0.0117   0.0007  -0.0075   0.0035  18.00    1.0 6541861

[TCP数据流] 2025/11/16 19:02:09 - 浮点解 (25颗卫星)
  ECEF: X=-1462905.0502 Y=5615308.8099 Z=2640750.5874
  LLH:  Lat=24.615049153° Lon=104.602165791° H=917.7408m
  原始数据:
2025/11/16 11:02:27.000   24.615049153  104.602165791   917.7408   2  25   0.0030   0.0094   0.0117   0.0007  -0.0075   0.0035  21.00    1.0 6541861

[TCP数据流] 2025/11/16 19:02:11 - 浮点解 (25颗卫星)
  ECEF: X=-1462905.0503 Y=5615308.8096 Z=2640750.5873
  LLH:  Lat=24.615049153° Lon=104.602165792° H=917.7405m
  原始数据:
2025/11/16 11:02:29.000   24.615049153  104.602165792   917.7405   2  25   0.0030   0.0094   0.0117   0.0007  -0.0075   0.0035  23.00    1.0 6541861

[TCP数据流] 2025/11/16 19:02:13 - 浮点解 (14颗卫星)
  ECEF: X=-1462905.0503 Y=5615308.8097 Z=2640750.5872
  LLH:  Lat=24.615049152° Lon=104.602165792° H=917.7405m
  原始数据:
2025/11/16 11:02:31.000   24.615049152  104.602165792   917.7405   2  14   0.0030   0.0094   0.0117   0.0007  -0.0075   0.0035  25.00    1.1 6541861

[TCP数据流] 2025/11/16 19:02:14 - 浮点解 (25颗卫星)
  ECEF: X=-1462905.0504 Y=5615308.8093 Z=2640750.5869
  LLH:  Lat=24.615049151° Lon=104.602165794° H=917.7401m
  原始数据:
2025/11/16 11:02:32.000   24.615049151  104.602165794   917.7401   2  25   0.0030   0.0094   0.0117   0.0007  -0.0075   0.0035  26.00    1.0 6541861

[TCP数据流] 2025/11/16 19:02:15 - 浮点解 (19颗卫星)
  ECEF: X=-1462905.0506 Y=5615308.8091 Z=2640750.5868
  LLH:  Lat=24.615049151° Lon=104.602165796° H=917.7399m
  原始数据:
2025/11/16 11:02:33.000   24.615049151  104.602165796   917.7399   2  19   0.0030   0.0094   0.0117   0.0007  -0.0075   0.0035  27.00    1.0 6541861

[TCP数据流] 2025/11/16 19:02:18 - 浮点解 (25颗卫星)
  ECEF: X=-1462905.0506 Y=5615308.8088 Z=2640750.5866
  LLH:  Lat=24.615049150° Lon=104.602165797° H=917.7396m
  原始数据:
2025/11/16 11:02:36.000   24.615049150  104.602165797   917.7396   2  25   0.0030   0.0094   0.0117   0.0007  -0.0075   0.0035  30.00    1.0 6541861

[TCP数据流] 2025/11/16 19:02:22 - 浮点解 (26颗卫星)
  ECEF: X=-1462905.0483 Y=5615308.8147 Z=2640750.5911
  LLH:  Lat=24.615049168° Lon=104.602165761° H=917.7461m
  原始数据:
2025/11/16 11:02:40.000   24.615049168  104.602165761   917.7461   2  26   0.0030   0.0094   0.0116   0.0007  -0.0074   0.0035   0.00    1.0 6541861

[TCP数据流] 2025/11/16 19:02:23 - 浮点解 (8颗卫星)
  ECEF: X=-1462905.0489 Y=5615308.8144 Z=2640750.5912
  LLH:  Lat=24.615049169° Lon=104.602165767° H=917.7460m
  原始数据:
2025/11/16 11:02:41.000   24.615049169  104.602165767   917.7460   2   8   0.0030   0.0094   0.0116   0.0007  -0.0074   0.0035   0.00    0.0 6541861

[TCP数据流] 2025/11/16 19:02:24 - 浮点解 (8颗卫星)
  ECEF: X=-1462905.0492 Y=5615308.8142 Z=2640750.5911
  LLH:  Lat=24.615049169° Lon=104.602165770° H=917.7459m
  原始数据:
2025/11/16 11:02:42.000   24.615049169  104.602165770   917.7459   2   8   0.0030   0.0094   0.0116   0.0007  -0.0074   0.0035   0.00    0.0 6541861

[TCP数据流] 2025/11/16 19:02:27 - 浮点解 (27颗卫星)
  ECEF: X=-1462905.0486 Y=5615308.8168 Z=2640750.5933
  LLH:  Lat=24.615049178° Lon=104.602165758° H=917.7489m
  原始数据:
2025/11/16 11:02:45.000   24.615049178  104.602165758   917.7489   2  27   0.0029   0.0093   0.0115   0.0007  -0.0074   0.0035   3.00    2.4 6541861

[TCP数据流] 2025/11/16 19:02:28 - 浮点解 (8颗卫星)
  ECEF: X=-1462905.0490 Y=5615308.8166 Z=2640750.5934
  LLH:  Lat=24.615049179° Lon=104.602165762° H=917.7489m
  原始数据:
2025/11/16 11:02:46.000   24.615049179  104.602165762   917.7489   2   8   0.0029   0.0093   0.0115   0.0007  -0.0074   0.0035   4.00    0.0 6541861

[TCP数据流] 2025/11/16 19:02:29 - 浮点解 (21颗卫星)
  ECEF: X=-1462905.0492 Y=5615308.8169 Z=2640750.5937
  LLH:  Lat=24.615049180° Lon=104.602165764° H=917.7493m
  原始数据:
2025/11/16 11:02:47.000   24.615049180  104.602165764   917.7493   2  21   0.0029   0.0093   0.0115   0.0007  -0.0074   0.0035   5.00    1.7 6541861

[TCP数据流] 2025/11/16 19:02:30 - 浮点解 (21颗卫星)
  ECEF: X=-1462905.0490 Y=5615308.8179 Z=2640750.5943
  LLH:  Lat=24.615049182° Lon=104.602165759° H=917.7504m
  原始数据:
2025/11/16 11:02:48.000   24.615049182  104.602165759   917.7504   2  21   0.0029   0.0093   0.0115   0.0007  -0.0074   0.0035   6.00    1.3 6541861

[TCP数据流] 2025/11/16 19:02:31 - 浮点解 (21颗卫星)
  ECEF: X=-1462905.0492 Y=5615308.8180 Z=2640750.5945
  LLH:  Lat=24.615049183° Lon=104.602165761° H=917.7506m
  原始数据:
2025/11/16 11:02:49.000   24.615049183  104.602165761   917.7506   2  21   0.0029   0.0093   0.0115   0.0007  -0.0074   0.0035   7.00    2.0 6541861

[TCP数据流] 2025/11/16 19:02:34 - 浮点解 (27颗卫星)
  ECEF: X=-1462905.0491 Y=5615308.8184 Z=2640750.5947
  LLH:  Lat=24.615049183° Lon=104.602165759° H=917.7510m
  原始数据:
2025/11/16 11:02:52.000   24.615049183  104.602165759   917.7510   2  27   0.0029   0.0093   0.0115   0.0007  -0.0073   0.0035  10.00    1.0 6541861

[TCP数据流] 2025/11/16 19:02:35 - 浮点解 (27颗卫星)
  ECEF: X=-1462905.0490 Y=5615308.8185 Z=2640750.5949
  LLH:  Lat=24.615049184° Lon=104.602165758° H=917.7512m
  原始数据:
2025/11/16 11:02:53.000   24.615049184  104.602165758   917.7512   2  27   0.0029   0.0093   0.0115   0.0007  -0.0073   0.0034  11.00    1.0 6541861

[TCP数据流] 2025/11/16 19:02:36 - 浮点解 (21颗卫星)
  ECEF: X=-1462905.0490 Y=5615308.8185 Z=2640750.5949
  LLH:  Lat=24.615049184° Lon=104.602165758° H=917.7512m
  原始数据:
2025/11/16 11:02:54.000   24.615049184  104.602165758   917.7512   2  21   0.0029   0.0093   0.0115   0.0007  -0.0073   0.0034  12.00    1.0 6541861

[TCP数据流] 2025/11/16 19:02:37 - 浮点解 (15颗卫星)
  ECEF: X=-1462905.0492 Y=5615308.8184 Z=2640750.5948
  LLH:  Lat=24.615049184° Lon=104.602165760° H=917.7511m
  原始数据:
2025/11/16 11:02:55.000   24.615049184  104.602165760   917.7511   2  15   0.0029   0.0093   0.0115   0.0007  -0.0073   0.0034  13.00    1.1 6541861

[TCP数据流] 2025/11/16 19:02:38 - 浮点解 (27颗卫星)
  ECEF: X=-1462905.0492 Y=5615308.8183 Z=2640750.5946
  LLH:  Lat=24.615049183° Lon=104.602165760° H=917.7509m
  原始数据:
2025/11/16 11:02:56.000   24.615049183  104.602165760   917.7509   2  27   0.0029   0.0093   0.0114   0.0007  -0.0073   0.0034  14.00    1.0 6541861

[TCP数据流] 2025/11/16 19:02:39 - 浮点解 (27颗卫星)
  ECEF: X=-1462905.0492 Y=5615308.8182 Z=2640750.5946
  LLH:  Lat=24.615049183° Lon=104.602165760° H=917.7508m
  原始数据:
2025/11/16 11:02:57.000   24.615049183  104.602165760   917.7508   2  27   0.0029   0.0093   0.0114   0.0007  -0.0073   0.0034  15.00    1.0 6541861

[TCP数据流] 2025/11/16 19:02:40 - 浮点解 (27颗卫星)
  ECEF: X=-1462905.0492 Y=5615308.8180 Z=2640750.5944
  LLH:  Lat=24.615049182° Lon=104.602165761° H=917.7506m
  原始数据:
2025/11/16 11:02:58.000   24.615049182  104.602165761   917.7506   2  27   0.0029   0.0093   0.0114   0.0007  -0.0073   0.0034  16.00    1.0 6541861

[TCP数据流] 2025/11/16 19:02:41 - 浮点解 (26颗卫星)
  ECEF: X=-1462905.0492 Y=5615308.8180 Z=2640750.5943
  LLH:  Lat=24.615049181° Lon=104.602165761° H=917.7505m
  原始数据:
2025/11/16 11:02:59.000   24.615049181  104.602165761   917.7505   2  26   0.0029   0.0093   0.0114   0.0007  -0.0073   0.0034  17.00    1.0 6541861

[TCP数据流] 2025/11/16 19:02:42 - 浮点解 (26颗卫星)
  ECEF: X=-1462905.0493 Y=5615308.8178 Z=2640750.5942
  LLH:  Lat=24.615049181° Lon=104.602165762° H=917.7503m
  原始数据:
2025/11/16 11:03:00.000   24.615049181  104.602165762   917.7503   2  26   0.0029   0.0093   0.0114   0.0007  -0.0073   0.0034  18.00    1.0 6541861

[TCP数据流] 2025/11/16 19:02:43 - 浮点解 (26颗卫星)
  ECEF: X=-1462905.0492 Y=5615308.8176 Z=2640750.5940
  LLH:  Lat=24.615049180° Lon=104.602165762° H=917.7501m
  原始数据:
2025/11/16 11:03:01.000   24.615049180  104.602165762   917.7501   2  26   0.0029   0.0093   0.0114   0.0007  -0.0073   0.0034  19.00    1.0 6541861

[TCP数据流] 2025/11/16 19:02:44 - 浮点解 (27颗卫星)
  ECEF: X=-1462905.0493 Y=5615308.8174 Z=2640750.5938
  LLH:  Lat=24.615049179° Lon=104.602165763° H=917.7498m
  原始数据:
2025/11/16 11:03:02.000   24.615049179  104.602165763   917.7498   2  27   0.0029   0.0093   0.0114   0.0007  -0.0073   0.0034  20.00    1.0 6541861

[TCP数据流] 2025/11/16 19:02:45 - 浮点解 (26颗卫星)
  ECEF: X=-1462905.0493 Y=5615308.8171 Z=2640750.5935
  LLH:  Lat=24.615049178° Lon=104.602165764° H=917.7495m
  原始数据:
2025/11/16 11:03:03.000   24.615049178  104.602165764   917.7495   2  26   0.0029   0.0093   0.0114   0.0007  -0.0073   0.0034  21.00    1.0 6541861

[TCP数据流] 2025/11/16 19:02:46 - 浮点解 (20颗卫星)
  ECEF: X=-1462905.0494 Y=5615308.8169 Z=2640750.5935
  LLH:  Lat=24.615049178° Lon=104.602165765° H=917.7493m
  原始数据:
2025/11/16 11:03:04.000   24.615049178  104.602165765   917.7493   2  20   0.0029   0.0092   0.0114   0.0007  -0.0073   0.0034  22.00    1.0 6541861

[TCP数据流] 2025/11/16 19:02:47 - 浮点解 (26颗卫星)
  ECEF: X=-1462905.0493 Y=5615308.8167 Z=2640750.5932
  LLH:  Lat=24.615049177° Lon=104.602165765° H=917.7490m
  原始数据:
2025/11/16 11:03:05.000   24.615049177  104.602165765   917.7490   2  26   0.0029   0.0092   0.0114   0.0007  -0.0073   0.0034  23.00    1.0 6541861

[TCP数据流] 2025/11/16 19:02:48 - 浮点解 (14颗卫星)
  ECEF: X=-1462905.0494 Y=5615308.8165 Z=2640750.5931
  LLH:  Lat=24.615049177° Lon=104.602165766° H=917.7488m
  原始数据:
2025/11/16 11:03:06.000   24.615049177  104.602165766   917.7488   2  14   0.0029   0.0092   0.0114   0.0007  -0.0073   0.0034  24.00    1.2 6541861

[TCP数据流] 2025/11/16 19:02:49 - 浮点解 (8颗卫星)
  ECEF: X=-1462905.0494 Y=5615308.8165 Z=2640750.5931
  LLH:  Lat=24.615049177° Lon=104.602165766° H=917.7488m
  原始数据:
2025/11/16 11:03:07.000   24.615049177  104.602165766   917.7488   2   8   0.0029   0.0092   0.0114   0.0007  -0.0073   0.0034  25.00    1.0 6541861

[TCP数据流] 2025/11/16 19:02:50 - 浮点解 (26颗卫星)
  ECEF: X=-1462905.0495 Y=5615308.8163 Z=2640750.5929
  LLH:  Lat=24.615049176° Lon=104.602165768° H=917.7485m
  原始数据:
2025/11/16 11:03:08.000   24.615049176  104.602165768   917.7485   2  26   0.0029   0.0092   0.0114   0.0007  -0.0073   0.0034  26.00    1.0 6541861

[TCP数据流] 2025/11/16 19:02:52 - 浮点解 (26颗卫星)
  ECEF: X=-1462905.0495 Y=5615308.8160 Z=2640750.5927
  LLH:  Lat=24.615049175° Lon=104.602165769° H=917.7482m
  原始数据:
2025/11/16 11:03:10.000   24.615049175  104.602165769   917.7482   2  26   0.0029   0.0092   0.0114   0.0007  -0.0073   0.0034  28.00    1.0 6541861

[TCP数据流] 2025/11/16 19:02:53 - 浮点解 (26颗卫星)
  ECEF: X=-1462905.0496 Y=5615308.8158 Z=2640750.5925
  LLH:  Lat=24.615049174° Lon=104.602165770° H=917.7479m
  原始数据:
2025/11/16 11:03:11.000   24.615049174  104.602165770   917.7479   2  26   0.0029   0.0092   0.0114   0.0007  -0.0073   0.0034  29.00    1.0 6541861

[TCP数据流] 2025/11/16 19:02:54 - 浮点解 (26颗卫星)
  ECEF: X=-1462905.0496 Y=5615308.8155 Z=2640750.5923
  LLH:  Lat=24.615049174° Lon=104.602165771° H=917.7476m
  原始数据:
2025/11/16 11:03:12.000   24.615049174  104.602165771   917.7476   2  26   0.0029   0.0092   0.0114   0.0007  -0.0073   0.0034  30.00    1.0 6541861

[TCP数据流] 2025/11/16 19:02:57 - 浮点解 (26颗卫星)
  ECEF: X=-1462905.0470 Y=5615308.8213 Z=2640750.5966
  LLH:  Lat=24.615049190° Lon=104.602165732° H=917.7539m
  原始数据:
2025/11/16 11:03:15.000   24.615049190  104.602165732   917.7539   2  26   0.0029   0.0092   0.0113   0.0007  -0.0073   0.0034   0.00    1.3 6541861

[TCP数据流] 2025/11/16 19:02:58 - 浮点解 (26颗卫星)
  ECEF: X=-1462905.0449 Y=5615308.8274 Z=2640750.6010
  LLH:  Lat=24.615049206° Lon=104.602165696° H=917.7606m
  原始数据:
2025/11/16 11:03:16.000   24.615049206  104.602165696   917.7606   2  26   0.0029   0.0091   0.0112   0.0007  -0.0072   0.0034   0.00    1.2 6541861

[TCP数据流] 2025/11/16 19:02:59 - 浮点解 (26颗卫星)
  ECEF: X=-1462905.0426 Y=5615308.8331 Z=2640750.6051
  LLH:  Lat=24.615049221° Lon=104.602165660° H=917.7668m
  原始数据:
2025/11/16 11:03:17.000   24.615049221  104.602165660   917.7668   2  26   0.0029   0.0091   0.0112   0.0007  -0.0072   0.0034   0.00    1.2 6541861

[TCP数据流] 2025/11/16 19:03:00 - 浮点解 (26颗卫星)
  ECEF: X=-1462905.0404 Y=5615308.8385 Z=2640750.6089
  LLH:  Lat=24.615049235° Lon=104.602165626° H=917.7727m
  原始数据:
2025/11/16 11:03:18.000   24.615049235  104.602165626   917.7727   2  26   0.0028   0.0090   0.0111   0.0007  -0.0071   0.0034   0.00    1.2 6541861

[TCP数据流] 2025/11/16 19:03:01 - 浮点解 (26颗卫星)
  ECEF: X=-1462905.0382 Y=5615308.8433 Z=2640750.6123
  LLH:  Lat=24.615049247° Lon=104.602165593° H=917.7778m
  原始数据:
2025/11/16 11:03:19.000   24.615049247  104.602165593   917.7778   2  26   0.0028   0.0090   0.0110   0.0007  -0.0071   0.0033   1.00    1.3 6541861

[TCP数据流] 2025/11/16 19:03:02 - 浮点解 (26颗卫星)
  ECEF: X=-1462905.0367 Y=5615308.8469 Z=2640750.6148
  LLH:  Lat=24.615049256° Lon=104.602165570° H=917.7816m
  原始数据:
2025/11/16 11:03:20.000   24.615049256  104.602165570   917.7816   2  26   0.0028   0.0090   0.0110   0.0006  -0.0071   0.0033   2.00    1.1 6541861

[TCP数据流] 2025/11/16 19:03:03 - 浮点解 (20颗卫星)
  ECEF: X=-1462905.0375 Y=5615308.8469 Z=2640750.6154
  LLH:  Lat=24.615049260° Lon=104.602165577° H=917.7821m
  原始数据:
2025/11/16 11:03:21.000   24.615049260  104.602165577   917.7821   2  20   0.0028   0.0090   0.0110   0.0007  -0.0071   0.0033   3.00    1.0 6541861

[TCP数据流] 2025/11/16 19:03:04 - 浮点解 (26颗卫星)
  ECEF: X=-1462905.0366 Y=5615308.8491 Z=2640750.6168
  LLH:  Lat=24.615049265° Lon=104.602165563° H=917.7844m
  原始数据:
2025/11/16 11:03:22.000   24.615049265  104.602165563   917.7844   2  26   0.0028   0.0089   0.0109   0.0007  -0.0071   0.0033   4.00    1.1 6541861

[TCP数据流] 2025/11/16 19:03:05 - 浮点解 (26颗卫星)
  ECEF: X=-1462905.0360 Y=5615308.8508 Z=2640750.6179
  LLH:  Lat=24.615049268° Lon=104.602165553° H=917.7862m
  原始数据:
2025/11/16 11:03:23.000   24.615049268  104.602165553   917.7862   2  26   0.0028   0.0089   0.0109   0.0006  -0.0070   0.0033   5.00    1.1 6541861

[TCP数据流] 2025/11/16 19:03:06 - 浮点解 (26颗卫星)
  ECEF: X=-1462905.0356 Y=5615308.8518 Z=2640750.6185
  LLH:  Lat=24.615049270° Lon=104.602165547° H=917.7873m
  原始数据:
2025/11/16 11:03:24.000   24.615049270  104.602165547   917.7873   2  26   0.0028   0.0089   0.0109   0.0006  -0.0070   0.0033   6.00    1.1 6541861

[TCP数据流] 2025/11/16 19:03:07 - 浮点解 (20颗卫星)
  ECEF: X=-1462905.0359 Y=5615308.8517 Z=2640750.6186
  LLH:  Lat=24.615049271° Lon=104.602165550° H=917.7873m
  原始数据:
2025/11/16 11:03:25.000   24.615049271  104.602165550   917.7873   2  20   0.0028   0.0089   0.0109   0.0006  -0.0070   0.0033   7.00    1.1 6541861

[TCP数据流] 2025/11/16 19:03:08 - 浮点解 (26颗卫星)
  ECEF: X=-1462905.0356 Y=5615308.8523 Z=2640750.6190
  LLH:  Lat=24.615049272° Lon=104.602165546° H=917.7879m
  原始数据:
2025/11/16 11:03:26.000   24.615049272  104.602165546   917.7879   2  26   0.0028   0.0089   0.0109   0.0006  -0.0070   0.0033   8.00    1.1 6541861

[TCP数据流] 2025/11/16 19:03:09 - 浮点解 (20颗卫星)
  ECEF: X=-1462905.0353 Y=5615308.8528 Z=2640750.6193
  LLH:  Lat=24.615049273° Lon=104.602165541° H=917.7884m
  原始数据:
2025/11/16 11:03:27.000   24.615049273  104.602165541   917.7884   2  20   0.0028   0.0089   0.0108   0.0006  -0.0070   0.0033   9.00    1.3 6541861

[TCP数据流] 2025/11/16 19:03:10 - 浮点解 (26颗卫星)
  ECEF: X=-1462905.0351 Y=5615308.8530 Z=2640750.6194
  LLH:  Lat=24.615049273° Lon=104.602165539° H=917.7885m
  原始数据:
2025/11/16 11:03:28.000   24.615049273  104.602165539   917.7885   2  26   0.0028   0.0089   0.0108   0.0006  -0.0070   0.0033  10.00    1.1 6541861

[TCP数据流] 2025/11/16 19:03:11 - 浮点解 (26颗卫星)
  ECEF: X=-1462905.0349 Y=5615308.8531 Z=2640750.6194
  LLH:  Lat=24.615049273° Lon=104.602165537° H=917.7886m
  原始数据:
2025/11/16 11:03:29.000   24.615049273  104.602165537   917.7886   2  26   0.0028   0.0089   0.0108   0.0006  -0.0070   0.0033  11.00    1.1 6541861

[TCP数据流] 2025/11/16 19:03:12 - 浮点解 (26颗卫星)
  ECEF: X=-1462905.0347 Y=5615308.8532 Z=2640750.6194
  LLH:  Lat=24.615049273° Lon=104.602165535° H=917.7886m
  原始数据:
2025/11/16 11:03:30.000   24.615049273  104.602165535   917.7886   2  26   0.0028   0.0089   0.0108   0.0006  -0.0070   0.0033  12.00    1.1 6541861

[TCP数据流] 2025/11/16 19:03:13 - 浮点解 (26颗卫星)
  ECEF: X=-1462905.0346 Y=5615308.8531 Z=2640750.6192
  LLH:  Lat=24.615049272° Lon=104.602165534° H=917.7885m
  原始数据:
2025/11/16 11:03:31.000   24.615049272  104.602165534   917.7885   2  26   0.0028   0.0089   0.0108   0.0006  -0.0070   0.0033  13.00    1.1 6541861

[TCP数据流] 2025/11/16 19:03:14 - 浮点解 (26颗卫星)
  ECEF: X=-1462905.0345 Y=5615308.8530 Z=2640750.6192
  LLH:  Lat=24.615049272° Lon=104.602165533° H=917.7883m
  原始数据:
2025/11/16 11:03:32.000   24.615049272  104.602165533   917.7883   2  26   0.0028   0.0089   0.0108   0.0006  -0.0070   0.0033  14.00    1.1 6541861

[TCP数据流] 2025/11/16 19:03:16 - 浮点解 (26颗卫星)
  ECEF: X=-1462905.0345 Y=5615308.8529 Z=2640750.6190
  LLH:  Lat=24.615049271° Lon=104.602165533° H=917.7882m
  原始数据:
2025/11/16 11:03:34.000   24.615049271  104.602165533   917.7882   2  26   0.0028   0.0089   0.0108   0.0006  -0.0070   0.0033  16.00    1.1 6541861

[TCP数据流] 2025/11/16 19:03:18 - 浮点解 (26颗卫星)
  ECEF: X=-1462905.0344 Y=5615308.8527 Z=2640750.6189
  LLH:  Lat=24.615049271° Lon=104.602165533° H=917.7879m
  原始数据:
2025/11/16 11:03:36.000   24.615049271  104.602165533   917.7879   2  26   0.0028   0.0089   0.0108   0.0006  -0.0070   0.0033  18.00    1.1 6541861

[TCP数据流] 2025/11/16 19:03:19 - 浮点解 (26颗卫星)
  ECEF: X=-1462905.0343 Y=5615308.8525 Z=2640750.6187
  LLH:  Lat=24.615049270° Lon=104.602165533° H=917.7876m
  原始数据:
2025/11/16 11:03:37.000   24.615049270  104.602165533   917.7876   2  26   0.0028   0.0089   0.0108   0.0006  -0.0070   0.0033  19.00    1.1 6541861

[TCP数据流] 2025/11/16 19:03:21 - 浮点解 (26颗卫星)
  ECEF: X=-1462905.0343 Y=5615308.8523 Z=2640750.6185
  LLH:  Lat=24.615049269° Lon=104.602165533° H=917.7874m
  原始数据:
2025/11/16 11:03:39.000   24.615049269  104.602165533   917.7874   2  26   0.0028   0.0089   0.0108   0.0006  -0.0070   0.0033  21.00    1.1 6541861

[TCP数据流] 2025/11/16 19:03:22 - 浮点解 (27颗卫星)
  ECEF: X=-1462905.0321 Y=5615308.8576 Z=2640750.6223
  LLH:  Lat=24.615049283° Lon=104.602165499° H=917.7931m
  原始数据:
2025/11/16 11:03:40.000   24.615049283  104.602165499   917.7931   2  27   0.0028   0.0088   0.0107   0.0006  -0.0069   0.0033   0.00    1.2 6541861

[TCP数据流] 2025/11/16 19:03:24 - 浮点解 (27颗卫星)
  ECEF: X=-1462905.0305 Y=5615308.8615 Z=2640750.6248
  LLH:  Lat=24.615049291° Lon=104.602165474° H=917.7972m
  原始数据:
2025/11/16 11:03:42.000   24.615049291  104.602165474   917.7972   2  27   0.0027   0.0088   0.0107   0.0006  -0.0069   0.0032   2.00    1.2 6541861

[TCP数据流] 2025/11/16 19:03:25 - 浮点解 (27颗卫星)
  ECEF: X=-1462905.0293 Y=5615308.8644 Z=2640750.6268
  LLH:  Lat=24.615049298° Lon=104.602165455° H=917.8003m
  原始数据:
2025/11/16 11:03:43.000   24.615049298  104.602165455   917.8003   2  27   0.0027   0.0088   0.0106   0.0006  -0.0069   0.0032   3.00    1.2 6541861

[TCP数据流] 2025/11/16 19:03:26 - 浮点解 (27颗卫星)
  ECEF: X=-1462905.0284 Y=5615308.8666 Z=2640750.6281
  LLH:  Lat=24.615049302° Lon=104.602165441° H=917.8026m
  原始数据:
2025/11/16 11:03:44.000   24.615049302  104.602165441   917.8026   2  27   0.0027   0.0087   0.0106   0.0006  -0.0069   0.0032   4.00    1.2 6541861

[TCP数据流] 2025/11/16 19:03:27 - 浮点解 (27颗卫星)
  ECEF: X=-1462905.0277 Y=5615308.8681 Z=2640750.6291
  LLH:  Lat=24.615049305° Lon=104.602165431° H=917.8042m
  原始数据:
2025/11/16 11:03:45.000   24.615049305  104.602165431   917.8042   2  27   0.0027   0.0087   0.0106   0.0006  -0.0069   0.0032   5.00    1.3 6541861

[TCP数据流] 2025/11/16 19:03:28 - 浮点解 (27颗卫星)
  ECEF: X=-1462905.0272 Y=5615308.8694 Z=2640750.6299
  LLH:  Lat=24.615049307° Lon=104.602165423° H=917.8055m
  原始数据:
2025/11/16 11:03:46.000   24.615049307  104.602165423   917.8055   2  27   0.0027   0.0087   0.0106   0.0006  -0.0068   0.0032   6.00    1.0 6541861

[TCP数据流] 2025/11/16 19:03:29 - 浮点解 (27颗卫星)
  ECEF: X=-1462905.0268 Y=5615308.8703 Z=2640750.6304
  LLH:  Lat=24.615049308° Lon=104.602165417° H=917.8065m
  原始数据:
2025/11/16 11:03:47.000   24.615049308  104.602165417   917.8065   2  27   0.0027   0.0087   0.0105   0.0006  -0.0068   0.0032   7.00    1.0 6541861

[TCP数据流] 2025/11/16 19:03:30 - 浮点解 (27颗卫星)
  ECEF: X=-1462905.0267 Y=5615308.8710 Z=2640750.6306
  LLH:  Lat=24.615049308° Lon=104.602165414° H=917.8071m
  原始数据:
2025/11/16 11:03:48.000   24.615049308  104.602165414   917.8071   2  27   0.0027   0.0087   0.0105   0.0006  -0.0068   0.0032   8.00    1.0 6541861

[TCP数据流] 2025/11/16 19:03:31 - 浮点解 (27颗卫星)
  ECEF: X=-1462905.0265 Y=5615308.8713 Z=2640750.6309
  LLH:  Lat=24.615049309° Lon=104.602165411° H=917.8075m
  原始数据:
2025/11/16 11:03:49.000   24.615049309  104.602165411   917.8075   2  27   0.0027   0.0087   0.0105   0.0006  -0.0068   0.0032   9.00    1.0 6541861

[TCP数据流] 2025/11/16 19:03:32 - 浮点解 (27颗卫星)
  ECEF: X=-1462905.0264 Y=5615308.8717 Z=2640750.6310
  LLH:  Lat=24.615049309° Lon=104.602165409° H=917.8078m
  原始数据:
2025/11/16 11:03:50.000   24.615049309  104.602165409   917.8078   2  27   0.0027   0.0087   0.0105   0.0006  -0.0068   0.0032  10.00    1.0 6541861

[TCP数据流] 2025/11/16 19:03:33 - 浮点解 (27颗卫星)
  ECEF: X=-1462905.0262 Y=5615308.8718 Z=2640750.6310
  LLH:  Lat=24.615049308° Lon=104.602165407° H=917.8079m
  原始数据:
2025/11/16 11:03:51.000   24.615049308  104.602165407   917.8079   2  27   0.0027   0.0087   0.0105   0.0006  -0.0068   0.0032  11.00    1.0 6541861

[TCP数据流] 2025/11/16 19:03:34 - 浮点解 (27颗卫星)
  ECEF: X=-1462905.0260 Y=5615308.8720 Z=2640750.6310
  LLH:  Lat=24.615049308° Lon=104.602165405° H=917.8080m
  原始数据:
2025/11/16 11:03:52.000   24.615049308  104.602165405   917.8080   2  27   0.0027   0.0087   0.0105   0.0006  -0.0068   0.0032  12.00    1.0 6541861

[TCP数据流] 2025/11/16 19:03:35 - 浮点解 (27颗卫星)
  ECEF: X=-1462905.0260 Y=5615308.8720 Z=2640750.6309
  LLH:  Lat=24.615049307° Lon=104.602165405° H=917.8080m
  原始数据:
2025/11/16 11:03:53.000   24.615049307  104.602165405   917.8080   2  27   0.0027   0.0087   0.0105   0.0006  -0.0068   0.0032  13.00    1.0 6541861

[TCP数据流] 2025/11/16 19:03:36 - 浮点解 (27颗卫星)
  ECEF: X=-1462905.0259 Y=5615308.8720 Z=2640750.6309
  LLH:  Lat=24.615049307° Lon=104.602165404° H=917.8080m
  原始数据:
2025/11/16 11:03:54.000   24.615049307  104.602165404   917.8080   2  27   0.0027   0.0087   0.0105   0.0006  -0.0068   0.0032  14.00    1.0 6541861

[TCP数据流] 2025/11/16 19:03:37 - 浮点解 (27颗卫星)
  ECEF: X=-1462905.0260 Y=5615308.8719 Z=2640750.6309
  LLH:  Lat=24.615049307° Lon=104.602165405° H=917.8079m
  原始数据:
2025/11/16 11:03:55.000   24.615049307  104.602165405   917.8079   2  27   0.0027   0.0087   0.0105   0.0006  -0.0068   0.0032  15.00    1.0 6541861

[TCP数据流] 2025/11/16 19:03:38 - 浮点解 (27颗卫星)
  ECEF: X=-1462905.0260 Y=5615308.8719 Z=2640750.6307
  LLH:  Lat=24.615049306° Lon=104.602165405° H=917.8078m
  原始数据:
2025/11/16 11:03:56.000   24.615049306  104.602165405   917.8078   2  27   0.0027   0.0086   0.0105   0.0006  -0.0068   0.0032  16.00    1.0 6541861

[TCP数据流] 2025/11/16 19:03:39 - 浮点解 (27颗卫星)
  ECEF: X=-1462905.0261 Y=5615308.8718 Z=2640750.6307
  LLH:  Lat=24.615049306° Lon=104.602165406° H=917.8077m
  原始数据:
2025/11/16 11:03:57.000   24.615049306  104.602165406   917.8077   2  27   0.0027   0.0086   0.0105   0.0006  -0.0068   0.0032  17.00    1.0 6541861

[TCP数据流] 2025/11/16 19:03:40 - 浮点解 (27颗卫星)
  ECEF: X=-1462905.0260 Y=5615308.8716 Z=2640750.6305
  LLH:  Lat=24.615049305° Lon=104.602165406° H=917.8075m
  原始数据:
2025/11/16 11:03:58.000   24.615049305  104.602165406   917.8075   2  27   0.0027   0.0086   0.0105   0.0006  -0.0068   0.0032  18.00    1.0 6541861

[TCP数据流] 2025/11/16 19:03:41 - 浮点解 (27颗卫星)
  ECEF: X=-1462905.0261 Y=5615308.8715 Z=2640750.6303
  LLH:  Lat=24.615049304° Lon=104.602165407° H=917.8073m
  原始数据:
2025/11/16 11:03:59.000   24.615049304  104.602165407   917.8073   2  27   0.0027   0.0086   0.0105   0.0006  -0.0068   0.0032  19.00    1.0 6541861

[TCP数据流] 2025/11/16 19:03:45 - 浮点解 (27颗卫星)
  ECEF: X=-1462905.0262 Y=5615308.8713 Z=2640750.6302
  LLH:  Lat=24.615049304° Lon=104.602165408° H=917.8071m
  原始数据:
2025/11/16 11:04:03.000   24.615049304  104.602165408   917.8071   2  27   0.0027   0.0086   0.0105   0.0006  -0.0068   0.0032  23.00    1.0 6541861

[TCP数据流] 2025/11/16 19:03:46 - 浮点解 (27颗卫星)
  ECEF: X=-1462905.0262 Y=5615308.8710 Z=2640750.6300
  LLH:  Lat=24.615049303° Lon=104.602165409° H=917.8068m
  原始数据:
2025/11/16 11:04:04.000   24.615049303  104.602165409   917.8068   2  27   0.0027   0.0086   0.0105   0.0006  -0.0068   0.0032  24.00    1.0 6541861

[TCP数据流] 2025/11/16 19:03:47 - 浮点解 (20颗卫星)
  ECEF: X=-1462905.0262 Y=5615308.8710 Z=2640750.6300
  LLH:  Lat=24.615049303° Lon=104.602165409° H=917.8067m
  原始数据:
2025/11/16 11:04:05.000   24.615049303  104.602165409   917.8067   2  20   0.0027   0.0086   0.0104   0.0006  -0.0068   0.0032  25.00    1.1 6541861

[TCP数据流] 2025/11/16 19:03:48 - 浮点解 (20颗卫星)
  ECEF: X=-1462905.0262 Y=5615308.8710 Z=2640750.6299
  LLH:  Lat=24.615049302° Lon=104.602165409° H=917.8067m
  原始数据:
2025/11/16 11:04:06.000   24.615049302  104.602165409   917.8067   2  20   0.0027   0.0086   0.0104   0.0006  -0.0068   0.0032  26.00    1.3 6541861

[TCP数据流] 2025/11/16 19:03:50 - 浮点解 (27颗卫星)
  ECEF: X=-1462905.0262 Y=5615308.8708 Z=2640750.6296
  LLH:  Lat=24.615049301° Lon=104.602165410° H=917.8064m
  原始数据:
2025/11/16 11:04:08.000   24.615049301  104.602165410   917.8064   2  27   0.0027   0.0086   0.0104   0.0006  -0.0068   0.0032  28.00    1.0 6541861

[TCP数据流] 2025/11/16 19:03:51 - 浮点解 (27颗卫星)
  ECEF: X=-1462905.0262 Y=5615308.8707 Z=2640750.6296
  LLH:  Lat=24.615049301° Lon=104.602165410° H=917.8063m
  原始数据:
2025/11/16 11:04:09.000   24.615049301  104.602165410   917.8063   2  27   0.0027   0.0086   0.0104   0.0006  -0.0068   0.0032  29.00    1.0 6541861

[TCP数据流] 2025/11/16 19:03:52 - 浮点解 (27颗卫星)
  ECEF: X=-1462905.0262 Y=5615308.8704 Z=2640750.6294
  LLH:  Lat=24.615049300° Lon=104.602165411° H=917.8060m
  原始数据:
2025/11/16 11:04:10.000   24.615049300  104.602165411   917.8060   2  27   0.0027   0.0086   0.0104   0.0006  -0.0068   0.0032  30.00    1.0 6541861

[TCP数据流] 2025/11/16 19:04:13 - 固定解 (14颗卫星)
  ECEF: X=-1462905.0671 Y=5615309.0179 Z=2640750.7144
  LLH:  Lat=24.615049423° Lon=104.602165434° H=917.9805m
  原始数据:
2025/11/16 11:04:31.000   24.615049423  104.602165434   917.9805   1  14   0.0024   0.0011   0.0044   0.0013   0.0019   0.0029   2.00    3.2 6541861

[TCP数据流] 2025/11/16 19:04:14 - 固定解 (20颗卫星)
  ECEF: X=-1462905.1221 Y=5615309.0964 Z=2640750.8314
  LLH:  Lat=24.615050045° Lon=104.602165764° H=918.1109m
  原始数据:
2025/11/16 11:04:32.000   24.615050045  104.602165764   918.1109   1  20   0.0006   0.0005   0.0013   0.0004   0.0004   0.0003   3.00    3.2 6541861

[TCP数据流] 2025/11/16 19:04:15 - 固定解 (20颗卫星)
  ECEF: X=-1462905.1220 Y=5615309.0967 Z=2640750.8314
  LLH:  Lat=24.615050044° Lon=104.602165763° H=918.1112m
  原始数据:
2025/11/16 11:04:33.000   24.615050044  104.602165763   918.1112   1  20   0.0006   0.0005   0.0013   0.0004   0.0004   0.0003   4.00    3.2 6541861

[TCP数据流] 2025/11/16 19:04:16 - 固定解 (20颗卫星)
  ECEF: X=-1462905.1220 Y=5615309.0970 Z=2640750.8314
  LLH:  Lat=24.615050043° Lon=104.602165762° H=918.1114m
  原始数据:
2025/11/16 11:04:34.000   24.615050043  104.602165762   918.1114   1  20   0.0006   0.0005   0.0013   0.0004   0.0004   0.0003   5.00    3.2 6541861

[TCP数据流] 2025/11/16 19:04:17 - 固定解 (20颗卫星)
  ECEF: X=-1462905.1221 Y=5615309.0973 Z=2640750.8314
  LLH:  Lat=24.615050042° Lon=104.602165762° H=918.1117m
  原始数据:
2025/11/16 11:04:35.000   24.615050042  104.602165762   918.1117   1  20   0.0006   0.0005   0.0013   0.0004   0.0004   0.0003   6.00    3.1 6541861

[TCP数据流] 2025/11/16 19:04:18 - 固定解 (20颗卫星)
  ECEF: X=-1462905.1220 Y=5615309.0974 Z=2640750.8315
  LLH:  Lat=24.615050042° Lon=104.602165761° H=918.1118m
  原始数据:
2025/11/16 11:04:36.000   24.615050042  104.602165761   918.1118   1  20   0.0006   0.0005   0.0013   0.0004   0.0004   0.0003   7.00    3.1 6541861

[TCP数据流] 2025/11/16 19:04:19 - 固定解 (20颗卫星)
  ECEF: X=-1462905.1220 Y=5615309.0976 Z=2640750.8315
  LLH:  Lat=24.615050042° Lon=104.602165761° H=918.1120m
  原始数据:
2025/11/16 11:04:37.000   24.615050042  104.602165761   918.1120   1  20   0.0006   0.0005   0.0013   0.0004   0.0004   0.0003   8.00    3.1 6541861

[TCP数据流] 2025/11/16 19:04:20 - 固定解 (26颗卫星)
  ECEF: X=-1462905.1220 Y=5615309.0977 Z=2640750.8315
  LLH:  Lat=24.615050041° Lon=104.602165760° H=918.1121m
  原始数据:
2025/11/16 11:04:38.000   24.615050041  104.602165760   918.1121   1  26   0.0006   0.0005   0.0013   0.0004   0.0004   0.0003   9.00    3.1 6541861

[TCP数据流] 2025/11/16 19:04:21 - 固定解 (26颗卫星)
  ECEF: X=-1462905.1220 Y=5615309.0978 Z=2640750.8315
  LLH:  Lat=24.615050041° Lon=104.602165760° H=918.1122m
  原始数据:
2025/11/16 11:04:39.000   24.615050041  104.602165760   918.1122   1  26   0.0006   0.0005   0.0013   0.0004   0.0004   0.0003  10.00    3.1 6541861

[TCP数据流] 2025/11/16 19:04:23 - 固定解 (26颗卫星)
  ECEF: X=-1462905.1220 Y=5615309.0979 Z=2640750.8316
  LLH:  Lat=24.615050041° Lon=104.602165760° H=918.1123m
  原始数据:
2025/11/16 11:04:41.000   24.615050041  104.602165760   918.1123   1  26   0.0006   0.0005   0.0013   0.0004   0.0004   0.0003  12.00    3.1 6541861

[TCP数据流] 2025/11/16 19:04:24 - 固定解 (26颗卫星)
  ECEF: X=-1462905.1220 Y=5615309.0979 Z=2640750.8316
  LLH:  Lat=24.615050041° Lon=104.602165760° H=918.1123m
  原始数据:
2025/11/16 11:04:42.000   24.615050041  104.602165760   918.1123   1  26   0.0006   0.0005   0.0013   0.0004   0.0004   0.0003  13.00    3.1 6541861

[TCP数据流] 2025/11/16 19:04:25 - 固定解 (26颗卫星)
  ECEF: X=-1462905.1220 Y=5615309.0980 Z=2640750.8316
  LLH:  Lat=24.615050041° Lon=104.602165760° H=918.1124m
  原始数据:
2025/11/16 11:04:43.000   24.615050041  104.602165760   918.1124   1  26   0.0006   0.0005   0.0013   0.0004   0.0004   0.0003  14.00    3.1 6541861

[TCP数据流] 2025/11/16 19:04:26 - 固定解 (26颗卫星)
  ECEF: X=-1462905.1220 Y=5615309.0980 Z=2640750.8316
  LLH:  Lat=24.615050041° Lon=104.602165760° H=918.1124m
  原始数据:
2025/11/16 11:04:44.000   24.615050041  104.602165760   918.1124   1  26   0.0006   0.0005   0.0013   0.0004   0.0004   0.0003  15.00    3.1 6541861

[TCP数据流] 2025/11/16 19:04:28 - 固定解 (26颗卫星)
  ECEF: X=-1462905.1221 Y=5615309.0981 Z=2640750.8317
  LLH:  Lat=24.615050041° Lon=104.602165760° H=918.1125m
  原始数据:
2025/11/16 11:04:46.000   24.615050041  104.602165760   918.1125   1  26   0.0006   0.0005   0.0013   0.0004   0.0004   0.0003  17.00    3.1 6541861

[TCP数据流] 2025/11/16 19:04:29 - 固定解 (20颗卫星)
  ECEF: X=-1462905.1221 Y=5615309.0981 Z=2640750.8317
  LLH:  Lat=24.615050041° Lon=104.602165760° H=918.1125m
  原始数据:
2025/11/16 11:04:47.000   24.615050041  104.602165760   918.1125   1  20   0.0006   0.0005   0.0013   0.0004   0.0004   0.0003  18.00    3.1 6541861

[TCP数据流] 2025/11/16 19:04:32 - 固定解 (20颗卫星)
  ECEF: X=-1462905.1221 Y=5615309.0981 Z=2640750.8317
  LLH:  Lat=24.615050041° Lon=104.602165760° H=918.1125m
  原始数据:
2025/11/16 11:04:50.000   24.615050041  104.602165760   918.1125   1  20   0.0006   0.0005   0.0013   0.0004   0.0004   0.0003  21.00    3.1 6541861

[TCP数据流] 2025/11/16 19:04:33 - 固定解 (20颗卫星)
  ECEF: X=-1462905.1221 Y=5615309.0981 Z=2640750.8317
  LLH:  Lat=24.615050041° Lon=104.602165760° H=918.1125m
  原始数据:
2025/11/16 11:04:51.000   24.615050041  104.602165760   918.1125   1  20   0.0006   0.0005   0.0013   0.0004   0.0004   0.0003  22.00    3.1 6541861

[TCP数据流] 2025/11/16 19:04:36 - 固定解 (26颗卫星)
  ECEF: X=-1462905.1221 Y=5615309.0981 Z=2640750.8317
  LLH:  Lat=24.615050041° Lon=104.602165760° H=918.1125m
  原始数据:
2025/11/16 11:04:54.000   24.615050041  104.602165760   918.1125   1  26   0.0006   0.0005   0.0013   0.0004   0.0004   0.0003  25.00    3.0 6541861

[TCP数据流] 2025/11/16 19:04:37 - 固定解 (20颗卫星)
  ECEF: X=-1462905.1221 Y=5615309.0981 Z=2640750.8317
  LLH:  Lat=24.615050041° Lon=104.602165760° H=918.1125m
  原始数据:
2025/11/16 11:04:55.000   24.615050041  104.602165760   918.1125   1  20   0.0006   0.0005   0.0013   0.0004   0.0004   0.0003  26.00    3.0 6541861

[TCP数据流] 2025/11/16 19:04:38 - 固定解 (26颗卫星)
  ECEF: X=-1462905.1221 Y=5615309.0981 Z=2640750.8317
  LLH:  Lat=24.615050041° Lon=104.602165760° H=918.1125m
  原始数据:
2025/11/16 11:04:56.000   24.615050041  104.602165760   918.1125   1  26   0.0006   0.0005   0.0013   0.0004   0.0004   0.0003  27.00    3.1 6541861

[TCP数据流] 2025/11/16 19:04:39 - 固定解 (20颗卫星)
  ECEF: X=-1462905.0679 Y=5615309.0196 Z=2640750.7153
  LLH:  Lat=24.615049423° Lon=104.602165438° H=917.9826m
  原始数据:
2025/11/16 11:04:57.000   24.615049423  104.602165438   917.9826   1  20   0.0024   0.0010   0.0043   0.0013   0.0018   0.0029  28.00    3.7 6541861

[TCP数据流] 2025/11/16 19:05:22 - 固定解 (20颗卫星)
  ECEF: X=-1462905.1220 Y=5615309.0986 Z=2640750.8315
  LLH:  Lat=24.615050038° Lon=104.602165758° H=918.1129m
  原始数据:
2025/11/16 11:05:40.000   24.615050038  104.602165758   918.1129   1  20   0.0006   0.0005   0.0013   0.0004   0.0004   0.0003   0.00    3.1 6541861

[TCP数据流] 2025/11/16 19:05:23 - 浮点解 (14颗卫星)
  ECEF: X=-1462905.0034 Y=5615308.9126 Z=2640750.6527
  LLH:  Lat=24.615049360° Lon=104.602165088° H=917.8476m
  原始数据:
2025/11/16 11:05:41.000   24.615049360  104.602165088   917.8476   2  14   0.0025   0.0068   0.0090   0.0012  -0.0048   0.0029   0.00    1.0 6541861

[TCP数据流] 2025/11/16 19:05:25 - 固定解 (20颗卫星)
  ECEF: X=-1462905.1219 Y=5615309.0994 Z=2640750.8315
  LLH:  Lat=24.615050035° Lon=104.602165755° H=918.1136m
  原始数据:
2025/11/16 11:05:43.000   24.615050035  104.602165755   918.1136   1  20   0.0006   0.0005   0.0013   0.0003   0.0004   0.0003   2.00    3.0 6541861

[TCP数据流] 2025/11/16 19:05:26 - 固定解 (20颗卫星)
  ECEF: X=-1462905.1219 Y=5615309.0999 Z=2640750.8315
  LLH:  Lat=24.615050033° Lon=104.602165754° H=918.1140m
  原始数据:
2025/11/16 11:05:44.000   24.615050033  104.602165754   918.1140   1  20   0.0006   0.0005   0.0013   0.0003   0.0004   0.0003   3.00    3.0 6541861

[TCP数据流] 2025/11/16 19:05:27 - 浮点解 (14颗卫星)
  ECEF: X=-1462905.0005 Y=5615308.9163 Z=2640750.6548
  LLH:  Lat=24.615049366° Lon=104.602165051° H=917.8511m
  原始数据:
2025/11/16 11:05:45.000   24.615049366  104.602165051   917.8511   2  14   0.0025   0.0067   0.0089   0.0012  -0.0048   0.0028   4.00    1.0 6541861

[TCP数据流] 2025/11/16 19:05:31 - 浮点解 (20颗卫星)
  ECEF: X=-1462905.0002 Y=5615308.9167 Z=2640750.6549
  LLH:  Lat=24.615049366° Lon=104.602165047° H=917.8514m
  原始数据:
2025/11/16 11:05:49.000   24.615049366  104.602165047   917.8514   2  20   0.0025   0.0067   0.0089   0.0012  -0.0048   0.0028   8.00    1.4 6541861

[TCP数据流] 2025/11/16 19:05:33 - 浮点解 (27颗卫星)
  ECEF: X=-1462905.0002 Y=5615308.9169 Z=2640750.6550
  LLH:  Lat=24.615049366° Lon=104.602165046° H=917.8516m
  原始数据:
2025/11/16 11:05:51.000   24.615049366  104.602165046   917.8516   2  27   0.0025   0.0067   0.0089   0.0012  -0.0047   0.0028  10.00    1.4 6541861

[TCP数据流] 2025/11/16 19:05:34 - 浮点解 (27颗卫星)
  ECEF: X=-1462905.0001 Y=5615308.9171 Z=2640750.6549
  LLH:  Lat=24.615049365° Lon=104.602165045° H=917.8517m
  原始数据:
2025/11/16 11:05:52.000   24.615049365  104.602165045   917.8517   2  27   0.0025   0.0067   0.0089   0.0012  -0.0047   0.0028  11.00    1.0 6541861

[TCP数据流] 2025/11/16 19:05:35 - 浮点解 (27颗卫星)
  ECEF: X=-1462905.0001 Y=5615308.9171 Z=2640750.6549
  LLH:  Lat=24.615049365° Lon=104.602165045° H=917.8517m
  原始数据:
2025/11/16 11:05:53.000   24.615049365  104.602165045   917.8517   2  27   0.0025   0.0067   0.0089   0.0012  -0.0047   0.0028  12.00    1.0 6541861

[TCP数据流] 2025/11/16 19:05:36 - 浮点解 (21颗卫星)
  ECEF: X=-1462905.0002 Y=5615308.9172 Z=2640750.6549
  LLH:  Lat=24.615049364° Lon=104.602165046° H=917.8518m
  原始数据:
2025/11/16 11:05:54.000   24.615049364  104.602165046   917.8518   2  21   0.0025   0.0067   0.0089   0.0012  -0.0047   0.0028  13.00    1.1 6541861

[TCP数据流] 2025/11/16 19:05:37 - 浮点解 (27颗卫星)
  ECEF: X=-1462905.0001 Y=5615308.9171 Z=2640750.6548
  LLH:  Lat=24.615049364° Lon=104.602165045° H=917.8517m
  原始数据:
2025/11/16 11:05:55.000   24.615049364  104.602165045   917.8517   2  27   0.0025   0.0067   0.0089   0.0012  -0.0047   0.0028  14.00    1.0 6541861

[TCP数据流] 2025/11/16 19:05:38 - 浮点解 (27颗卫星)
  ECEF: X=-1462905.0001 Y=5615308.9171 Z=2640750.6547
  LLH:  Lat=24.615049363° Lon=104.602165045° H=917.8516m
  原始数据:
2025/11/16 11:05:56.000   24.615049363  104.602165045   917.8516   2  27   0.0025   0.0067   0.0089   0.0012  -0.0047   0.0028  15.00    1.0 6541861

[TCP数据流] 2025/11/16 19:05:39 - 浮点解 (27颗卫星)
  ECEF: X=-1462905.0001 Y=5615308.9170 Z=2640750.6546
  LLH:  Lat=24.615049362° Lon=104.602165045° H=917.8515m
  原始数据:
2025/11/16 11:05:57.000   24.615049362  104.602165045   917.8515   2  27   0.0025   0.0067   0.0088   0.0012  -0.0047   0.0028  16.00    1.0 6541861

[TCP数据流] 2025/11/16 19:05:41 - 浮点解 (21颗卫星)
  ECEF: X=-1462905.0000 Y=5615308.9168 Z=2640750.6544
  LLH:  Lat=24.615049362° Lon=104.602165045° H=917.8512m
  原始数据:
2025/11/16 11:05:59.000   24.615049362  104.602165045   917.8512   2  21   0.0025   0.0067   0.0088   0.0012  -0.0047   0.0028  18.00    1.0 6541861

[TCP数据流] 2025/11/16 19:05:42 - 浮点解 (27颗卫星)
  ECEF: X=-1462905.0000 Y=5615308.9167 Z=2640750.6543
  LLH:  Lat=24.615049361° Lon=104.602165045° H=917.8511m
  原始数据:
2025/11/16 11:06:00.000   24.615049361  104.602165045   917.8511   2  27   0.0025   0.0067   0.0088   0.0012  -0.0047   0.0028  19.00    1.0 6541861

[TCP数据流] 2025/11/16 19:05:43 - 浮点解 (27颗卫星)
  ECEF: X=-1462905.0000 Y=5615308.9166 Z=2640750.6541
  LLH:  Lat=24.615049360° Lon=104.602165045° H=917.8509m
  原始数据:
2025/11/16 11:06:01.000   24.615049360  104.602165045   917.8509   2  27   0.0025   0.0067   0.0088   0.0012  -0.0047   0.0028  20.00    1.0 6541861

[TCP数据流] 2025/11/16 19:05:45 - 浮点解 (27颗卫星)
  ECEF: X=-1462904.9999 Y=5615308.9164 Z=2640750.6539
  LLH:  Lat=24.615049359° Lon=104.602165045° H=917.8506m
  原始数据:
2025/11/16 11:06:03.000   24.615049359  104.602165045   917.8506   2  27   0.0025   0.0067   0.0088   0.0012  -0.0047   0.0028  22.00    1.0 6541861

[TCP数据流] 2025/11/16 19:05:47 - 浮点解 (20颗卫星)
  ECEF: X=-1462904.9999 Y=5615308.9164 Z=2640750.6538
  LLH:  Lat=24.615049358° Lon=104.602165045° H=917.8506m
  原始数据:
2025/11/16 11:06:05.000   24.615049358  104.602165045   917.8506   2  20   0.0025   0.0067   0.0088   0.0012  -0.0047   0.0028  24.00    1.1 6541861

[TCP数据流] 2025/11/16 19:05:48 - 浮点解 (27颗卫星)
  ECEF: X=-1462904.9999 Y=5615308.9162 Z=2640750.6537
  LLH:  Lat=24.615049358° Lon=104.602165045° H=917.8504m
  原始数据:
2025/11/16 11:06:06.000   24.615049358  104.602165045   917.8504   2  27   0.0025   0.0067   0.0088   0.0012  -0.0047   0.0028  25.00    1.0 6541861

[TCP数据流] 2025/11/16 19:05:49 - 浮点解 (27颗卫星)
  ECEF: X=-1462904.9999 Y=5615308.9161 Z=2640750.6535
  LLH:  Lat=24.615049357° Lon=104.602165046° H=917.8502m
  原始数据:
2025/11/16 11:06:07.000   24.615049357  104.602165046   917.8502   2  27   0.0025   0.0067   0.0088   0.0012  -0.0047   0.0028  26.00    1.0 6541861

[TCP数据流] 2025/11/16 19:05:50 - 浮点解 (27颗卫星)
  ECEF: X=-1462904.9999 Y=5615308.9159 Z=2640750.6533
  LLH:  Lat=24.615049356° Lon=104.602165046° H=917.8500m
  原始数据:
2025/11/16 11:06:08.000   24.615049356  104.602165046   917.8500   2  27   0.0025   0.0067   0.0088   0.0012  -0.0047   0.0028  27.00    1.0 6541861

[TCP数据流] 2025/11/16 19:05:51 - 浮点解 (27颗卫星)
  ECEF: X=-1462904.9999 Y=5615308.9157 Z=2640750.6531
  LLH:  Lat=24.615049355° Lon=104.602165047° H=917.8497m
  原始数据:
2025/11/16 11:06:09.000   24.615049355  104.602165047   917.8497   2  27   0.0025   0.0067   0.0088   0.0012  -0.0047   0.0028  28.00    1.0 6541861

[TCP数据流] 2025/11/16 19:05:52 - 浮点解 (27颗卫星)
  ECEF: X=-1462905.0000 Y=5615308.9155 Z=2640750.6529
  LLH:  Lat=24.615049354° Lon=104.602165048° H=917.8495m
  原始数据:
2025/11/16 11:06:10.000   24.615049354  104.602165048   917.8495   2  27   0.0025   0.0067   0.0088   0.0012  -0.0047   0.0028  29.00    1.0 6541861

[TCP数据流] 2025/11/16 19:05:53 - 浮点解 (27颗卫星)
  ECEF: X=-1462905.0000 Y=5615308.9154 Z=2640750.6528
  LLH:  Lat=24.615049354° Lon=104.602165048° H=917.8493m
  原始数据:
2025/11/16 11:06:11.000   24.615049354  104.602165048   917.8493   2  27   0.0025   0.0067   0.0088   0.0012  -0.0047   0.0028  30.00    1.0 6541861

[TCP数据流] 2025/11/16 19:06:15 - 浮点解 (27颗卫星)
  ECEF: X=-1462904.9989 Y=5615308.9209 Z=2640750.6565
  LLH:  Lat=24.615049365° Lon=104.602165024° H=917.8555m
  原始数据:
2025/11/16 11:06:33.000   24.615049365  104.602165024   917.8555   2  27   0.0025   0.0067   0.0088   0.0012  -0.0047   0.0028   0.00    2.1 6541861

[TCP数据流] 2025/11/16 19:06:16 - 浮点解 (27颗卫星)
  ECEF: X=-1462904.9980 Y=5615308.9260 Z=2640750.6599
  LLH:  Lat=24.615049375° Lon=104.602165003° H=917.8611m
  原始数据:
2025/11/16 11:06:34.000   24.615049375  104.602165003   917.8611   2  27   0.0025   0.0067   0.0087   0.0012  -0.0047   0.0028   0.00    2.1 6541861

[TCP数据流] 2025/11/16 19:06:19 - 固定解 (14颗卫星)
  ECEF: X=-1462905.0578 Y=5615308.9868 Z=2640750.6868
  LLH:  Lat=24.615049318° Lon=104.602165423° H=917.9396m
  原始数据:
2025/11/16 11:06:37.000   24.615049318  104.602165423   917.9396   1  14   0.0024   0.0010   0.0051   0.0012   0.0018   0.0031   3.00    3.0 6541861

[TCP数据流] 2025/11/16 19:06:20 - 浮点解 (15颗卫星)
  ECEF: X=-1462904.9985 Y=5615308.9282 Z=2640750.6615
  LLH:  Lat=24.615049380° Lon=104.602165002° H=917.8639m
  原始数据:
2025/11/16 11:06:38.000   24.615049380  104.602165002   917.8639   2  15   0.0025   0.0067   0.0087   0.0012  -0.0047   0.0028   4.00    0.0 6541861

[TCP数据流] 2025/11/16 19:06:23 - 固定解 (21颗卫星)
  ECEF: X=-1462905.0582 Y=5615308.9878 Z=2640750.6879
  LLH:  Lat=24.615049323° Lon=104.602165424° H=917.9410m
  原始数据:
2025/11/16 11:06:41.000   24.615049323  104.602165424   917.9410   1  21   0.0024   0.0010   0.0050   0.0012   0.0018   0.0031   7.00    3.1 6541861

[TCP数据流] 2025/11/16 19:06:24 - 固定解 (21颗卫星)
  ECEF: X=-1462905.0582 Y=5615308.9884 Z=2640750.6882
  LLH:  Lat=24.615049323° Lon=104.602165423° H=917.9416m
  原始数据:
2025/11/16 11:06:42.000   24.615049323  104.602165423   917.9416   1  21   0.0024   0.0010   0.0050   0.0012   0.0018   0.0031   8.00    3.1 6541861

[TCP数据流] 2025/11/16 19:06:25 - 浮点解 (8颗卫星)
  ECEF: X=-1462904.9986 Y=5615308.9300 Z=2640750.6626
  LLH:  Lat=24.615049382° Lon=104.602164999° H=917.8659m
  原始数据:
2025/11/16 11:06:43.000   24.615049382  104.602164999   917.8659   2   8   0.0025   0.0067   0.0087   0.0012  -0.0047   0.0028   9.00    0.0 6541861

[TCP数据流] 2025/11/16 19:06:27 - 浮点解 (27颗卫星)
  ECEF: X=-1462904.9985 Y=5615308.9303 Z=2640750.6626
  LLH:  Lat=24.615049381° Lon=104.602164997° H=917.8662m
  原始数据:
2025/11/16 11:06:45.000   24.615049381  104.602164997   917.8662   2  27   0.0025   0.0067   0.0087   0.0012  -0.0047   0.0028  11.00    1.0 6541861

[TCP数据流] 2025/11/16 19:06:28 - 浮点解 (27颗卫星)
  ECEF: X=-1462904.9983 Y=5615308.9307 Z=2640750.6626
  LLH:  Lat=24.615049380° Lon=104.602164994° H=917.8665m
  原始数据:
2025/11/16 11:06:46.000   24.615049380  104.602164994   917.8665   2  27   0.0025   0.0067   0.0087   0.0012  -0.0047   0.0028  12.00    1.0 6541861

[TCP数据流] 2025/11/16 19:06:30 - 浮点解 (15颗卫星)
  ECEF: X=-1462904.9984 Y=5615308.9306 Z=2640750.6626
  LLH:  Lat=24.615049380° Lon=104.602164995° H=917.8664m
  原始数据:
2025/11/16 11:06:48.000   24.615049380  104.602164995   917.8664   2  15   0.0025   0.0067   0.0087   0.0012  -0.0047   0.0028  14.00    1.1 6541861

[TCP数据流] 2025/11/16 19:06:31 - 浮点解 (27颗卫星)
  ECEF: X=-1462904.9982 Y=5615308.9307 Z=2640750.6626
  LLH:  Lat=24.615049380° Lon=104.602164993° H=917.8665m
  原始数据:
2025/11/16 11:06:49.000   24.615049380  104.602164993   917.8665   2  27   0.0025   0.0067   0.0087   0.0012  -0.0047   0.0028  15.00    1.0 6541861

[TCP数据流] 2025/11/16 19:06:34 - 浮点解 (20颗卫星)
  ECEF: X=-1462904.9981 Y=5615308.9308 Z=2640750.6625
  LLH:  Lat=24.615049379° Lon=104.602164992° H=917.8665m
  原始数据:
2025/11/16 11:06:52.000   24.615049379  104.602164992   917.8665   2  20   0.0025   0.0067   0.0087   0.0012  -0.0047   0.0028  18.00    1.0 6541861

[TCP数据流] 2025/11/16 19:06:35 - 浮点解 (14颗卫星)
  ECEF: X=-1462904.9980 Y=5615308.9307 Z=2640750.6623
  LLH:  Lat=24.615049378° Lon=104.602164991° H=917.8663m
  原始数据:
2025/11/16 11:06:53.000   24.615049378  104.602164991   917.8663   2  14   0.0025   0.0066   0.0087   0.0012  -0.0047   0.0028  19.00    1.5 6541861

[TCP数据流] 2025/11/16 19:06:36 - 浮点解 (21颗卫星)
  ECEF: X=-1462904.9979 Y=5615308.9305 Z=2640750.6622
  LLH:  Lat=24.615049378° Lon=104.602164991° H=917.8661m
  原始数据:
2025/11/16 11:06:54.000   24.615049378  104.602164991   917.8661   2  21   0.0025   0.0066   0.0087   0.0012  -0.0047   0.0028  20.00    1.0 6541861

[TCP数据流] 2025/11/16 19:06:37 - 浮点解 (21颗卫星)
  ECEF: X=-1462904.9978 Y=5615308.9304 Z=2640750.6621
  LLH:  Lat=24.615049377° Lon=104.602164990° H=917.8659m
  原始数据:
2025/11/16 11:06:55.000   24.615049377  104.602164990   917.8659   2  21   0.0025   0.0066   0.0087   0.0012  -0.0047   0.0028  21.00    1.0 6541861

[TCP数据流] 2025/11/16 19:06:41 - 浮点解 (20颗卫星)
  ECEF: X=-1462904.9977 Y=5615308.9304 Z=2640750.6619
  LLH:  Lat=24.615049376° Lon=104.602164989° H=917.8658m
  原始数据:
2025/11/16 11:06:59.000   24.615049376  104.602164989   917.8658   2  20   0.0025   0.0066   0.0087   0.0012  -0.0047   0.0028  25.00    1.2 6541861

[TCP数据流] 2025/11/16 19:06:42 - 浮点解 (15颗卫星)
  ECEF: X=-1462904.9977 Y=5615308.9303 Z=2640750.6619
  LLH:  Lat=24.615049376° Lon=104.602164989° H=917.8657m
  原始数据:
2025/11/16 11:07:00.000   24.615049376  104.602164989   917.8657   2  15   0.0025   0.0066   0.0087   0.0012  -0.0047   0.0028  26.00    1.3 6541861

[TCP数据流] 2025/11/16 19:06:43 - 浮点解 (21颗卫星)
  ECEF: X=-1462904.9976 Y=5615308.9303 Z=2640750.6617
  LLH:  Lat=24.615049375° Lon=104.602164988° H=917.8656m
  原始数据:
2025/11/16 11:07:01.000   24.615049375  104.602164988   917.8656   2  21   0.0025   0.0066   0.0087   0.0012  -0.0047   0.0028  27.00    1.2 6541861

[TCP数据流] 2025/11/16 19:06:44 - 浮点解 (14颗卫星)
  ECEF: X=-1462904.9975 Y=5615308.9301 Z=2640750.6617
  LLH:  Lat=24.615049375° Lon=104.602164988° H=917.8654m
  原始数据:
2025/11/16 11:07:02.000   24.615049375  104.602164988   917.8654   2  14   0.0025   0.0066   0.0087   0.0012  -0.0047   0.0028  28.00    2.4 6541861

[TCP数据流] 2025/11/16 19:06:45 - 浮点解 (27颗卫星)
  ECEF: X=-1462904.9974 Y=5615308.9300 Z=2640750.6615
  LLH:  Lat=24.615049374° Lon=104.602164987° H=917.8652m
  原始数据:
2025/11/16 11:07:03.000   24.615049374  104.602164987   917.8652   2  27   0.0025   0.0066   0.0087   0.0012  -0.0047   0.0028  29.00    1.0 6541861

[TCP数据流] 2025/11/16 19:06:46 - 浮点解 (8颗卫星)
  ECEF: X=-1462904.9974 Y=5615308.9299 Z=2640750.6614
  LLH:  Lat=24.615049374° Lon=104.602164987° H=917.8651m
  原始数据:
2025/11/16 11:07:04.000   24.615049374  104.602164987   917.8651   2   8   0.0025   0.0066   0.0087   0.0012  -0.0047   0.0028  30.00    1.0 6541861

[TCP数据流] 2025/11/16 19:07:07 - 浮点解 (27颗卫星)
  ECEF: X=-1462904.9966 Y=5615308.9334 Z=2640750.6641
  LLH:  Lat=24.615049384° Lon=104.602164971° H=917.8691m
  原始数据:
2025/11/16 11:07:25.000   24.615049384  104.602164971   917.8691   2  27   0.0024   0.0066   0.0086   0.0012  -0.0047   0.0028   0.00    1.8 6541861

[TCP数据流] 2025/11/16 19:07:08 - 浮点解 (27颗卫星)
  ECEF: X=-1462904.9959 Y=5615308.9368 Z=2640750.6666
  LLH:  Lat=24.615049393° Lon=104.602164956° H=917.8730m
  原始数据:
2025/11/16 11:07:26.000   24.615049393  104.602164956   917.8730   2  27   0.0024   0.0066   0.0086   0.0012  -0.0046   0.0027   0.00    1.0 6541861

[TCP数据流] 2025/11/16 19:07:09 - 浮点解 (27颗卫星)
  ECEF: X=-1462904.9953 Y=5615308.9399 Z=2640750.6689
  LLH:  Lat=24.615049401° Lon=104.602164942° H=917.8765m
  原始数据:
2025/11/16 11:07:27.000   24.615049401  104.602164942   917.8765   2  27   0.0024   0.0066   0.0085   0.0012  -0.0046   0.0027   1.00    1.0 6541861

[TCP数据流] 2025/11/16 19:07:10 - 浮点解 (27颗卫星)
  ECEF: X=-1462904.9948 Y=5615308.9424 Z=2640750.6707
  LLH:  Lat=24.615049407° Lon=104.602164931° H=917.8793m
  原始数据:
2025/11/16 11:07:28.000   24.615049407  104.602164931   917.8793   2  27   0.0024   0.0066   0.0085   0.0012  -0.0046   0.0027   2.00    2.4 6541861

[TCP数据流] 2025/11/16 19:07:11 - 浮点解 (27颗卫星)
  ECEF: X=-1462904.9944 Y=5615308.9442 Z=2640750.6719
  LLH:  Lat=24.615049411° Lon=104.602164923° H=917.8813m
  原始数据:
2025/11/16 11:07:29.000   24.615049411  104.602164923   917.8813   2  27   0.0024   0.0066   0.0084   0.0012  -0.0046   0.0027   3.00    1.9 6541861

[TCP数据流] 2025/11/16 19:07:12 - 浮点解 (27颗卫星)
  ECEF: X=-1462904.9940 Y=5615308.9455 Z=2640750.6728
  LLH:  Lat=24.615049414° Lon=104.602164916° H=917.8828m
  原始数据:
2025/11/16 11:07:30.000   24.615049414  104.602164916   917.8828   2  27   0.0024   0.0065   0.0084   0.0011  -0.0046   0.0027   4.00    1.0 6541861

[TCP数据流] 2025/11/16 19:07:13 - 浮点解 (27颗卫星)
  ECEF: X=-1462904.9937 Y=5615308.9465 Z=2640750.6733
  LLH:  Lat=24.615049415° Lon=104.602164911° H=917.8838m
  原始数据:
2025/11/16 11:07:31.000   24.615049415  104.602164911   917.8838   2  27   0.0024   0.0065   0.0084   0.0011  -0.0046   0.0027   5.00    1.0 6541861

[TCP数据流] 2025/11/16 19:07:14 - 浮点解 (27颗卫星)
  ECEF: X=-1462904.9935 Y=5615308.9469 Z=2640750.6736
  LLH:  Lat=24.615049416° Lon=104.602164908° H=917.8842m
  原始数据:
2025/11/16 11:07:32.000   24.615049416  104.602164908   917.8842   2  27   0.0024   0.0065   0.0084   0.0011  -0.0046   0.0027   6.00    1.0 6541861

[TCP数据流] 2025/11/16 19:07:15 - 浮点解 (27颗卫星)
  ECEF: X=-1462904.9932 Y=5615308.9473 Z=2640750.6739
  LLH:  Lat=24.615049417° Lon=104.602164904° H=917.8846m
  原始数据:
2025/11/16 11:07:33.000   24.615049417  104.602164904   917.8846   2  27   0.0024   0.0065   0.0084   0.0011  -0.0046   0.0027   7.00    1.1 6541861

[TCP数据流] 2025/11/16 19:07:16 - 浮点解 (27颗卫星)
  ECEF: X=-1462904.9931 Y=5615308.9475 Z=2640750.6740
  LLH:  Lat=24.615049417° Lon=104.602164902° H=917.8848m
  原始数据:
2025/11/16 11:07:34.000   24.615049417  104.602164902   917.8848   2  27   0.0024   0.0065   0.0084   0.0011  -0.0046   0.0027   8.00    1.0 6541861

[TCP数据流] 2025/11/16 19:07:17 - 浮点解 (27颗卫星)
  ECEF: X=-1462904.9929 Y=5615308.9475 Z=2640750.6739
  LLH:  Lat=24.615049417° Lon=104.602164901° H=917.8847m
  原始数据:
2025/11/16 11:07:35.000   24.615049417  104.602164901   917.8847   2  27   0.0024   0.0065   0.0083   0.0011  -0.0046   0.0027   9.00    1.0 6541861

[TCP数据流] 2025/11/16 19:07:18 - 浮点解 (14颗卫星)
  ECEF: X=-1462904.9928 Y=5615308.9473 Z=2640750.6737
  LLH:  Lat=24.615049416° Lon=104.602164900° H=917.8845m
  原始数据:
2025/11/16 11:07:36.000   24.615049416  104.602164900   917.8845   2  14   0.0024   0.0065   0.0083   0.0011  -0.0046   0.0027  10.00    1.1 6541861

[TCP数据流] 2025/11/16 19:07:19 - 浮点解 (27颗卫星)
  ECEF: X=-1462904.9927 Y=5615308.9473 Z=2640750.6737
  LLH:  Lat=24.615049416° Lon=104.602164899° H=917.8844m
  原始数据:
2025/11/16 11:07:37.000   24.615049416  104.602164899   917.8844   2  27   0.0024   0.0065   0.0083   0.0011  -0.0046   0.0027  11.00    1.0 6541861

[TCP数据流] 2025/11/16 19:07:20 - 浮点解 (27颗卫星)
  ECEF: X=-1462904.9925 Y=5615308.9471 Z=2640750.6735
  LLH:  Lat=24.615049415° Lon=104.602164898° H=917.8841m
  原始数据:
2025/11/16 11:07:38.000   24.615049415  104.602164898   917.8841   2  27   0.0024   0.0065   0.0083   0.0011  -0.0046   0.0027  12.00    1.0 6541861

[TCP数据流] 2025/11/16 19:07:21 - 浮点解 (27颗卫星)
  ECEF: X=-1462904.9925 Y=5615308.9470 Z=2640750.6734
  LLH:  Lat=24.615049415° Lon=104.602164898° H=917.8840m
  原始数据:
2025/11/16 11:07:39.000   24.615049415  104.602164898   917.8840   2  27   0.0024   0.0065   0.0083   0.0011  -0.0046   0.0027  13.00    1.0 6541861

[TCP数据流] 2025/11/16 19:07:22 - 浮点解 (27颗卫星)
  ECEF: X=-1462904.9923 Y=5615308.9468 Z=2640750.6732
  LLH:  Lat=24.615049414° Lon=104.602164897° H=917.8837m
  原始数据:
2025/11/16 11:07:40.000   24.615049414  104.602164897   917.8837   2  27   0.0024   0.0065   0.0083   0.0011  -0.0045   0.0027  14.00    1.1 6541861

[TCP数据流] 2025/11/16 19:07:23 - 浮点解 (27颗卫星)
  ECEF: X=-1462904.9922 Y=5615308.9467 Z=2640750.6731
  LLH:  Lat=24.615049414° Lon=104.602164896° H=917.8835m
  原始数据:
2025/11/16 11:07:41.000   24.615049414  104.602164896   917.8835   2  27   0.0024   0.0065   0.0083   0.0011  -0.0045   0.0027  15.00    1.0 6541861

[TCP数据流] 2025/11/16 19:07:24 - 浮点解 (27颗卫星)
  ECEF: X=-1462904.9921 Y=5615308.9464 Z=2640750.6729
  LLH:  Lat=24.615049413° Lon=104.602164896° H=917.8832m
  原始数据:
2025/11/16 11:07:42.000   24.615049413  104.602164896   917.8832   2  27   0.0024   0.0065   0.0083   0.0011  -0.0045   0.0027  16.00    1.0 6541861

[TCP数据流] 2025/11/16 19:07:25 - 浮点解 (27颗卫星)
  ECEF: X=-1462904.9920 Y=5615308.9462 Z=2640750.6727
  LLH:  Lat=24.615049412° Lon=104.602164895° H=917.8829m
  原始数据:
2025/11/16 11:07:43.000   24.615049412  104.602164895   917.8829   2  27   0.0024   0.0065   0.0083   0.0011  -0.0045   0.0027  17.00    1.0 6541861

[TCP数据流] 2025/11/16 19:07:26 - 浮点解 (27颗卫星)
  ECEF: X=-1462904.9919 Y=5615308.9460 Z=2640750.6725
  LLH:  Lat=24.615049412° Lon=104.602164895° H=917.8826m
  原始数据:
2025/11/16 11:07:44.000   24.615049412  104.602164895   917.8826   2  27   0.0024   0.0065   0.0083   0.0011  -0.0045   0.0027  18.00    1.0 6541861

[TCP数据流] 2025/11/16 19:07:27 - 浮点解 (27颗卫星)
  ECEF: X=-1462904.9919 Y=5615308.9459 Z=2640750.6724
  LLH:  Lat=24.615049411° Lon=104.602164895° H=917.8824m
  原始数据:
2025/11/16 11:07:45.000   24.615049411  104.602164895   917.8824   2  27   0.0024   0.0065   0.0083   0.0011  -0.0045   0.0027  19.00    1.0 6541861

[TCP数据流] 2025/11/16 19:07:29 - 浮点解 (27颗卫星)
  ECEF: X=-1462904.9917 Y=5615308.9457 Z=2640750.6721
  LLH:  Lat=24.615049410° Lon=104.602164894° H=917.8821m
  原始数据:
2025/11/16 11:07:47.000   24.615049410  104.602164894   917.8821   2  27   0.0024   0.0065   0.0083   0.0011  -0.0045   0.0027  21.00    1.0 6541861

[TCP数据流] 2025/11/16 19:07:30 - 浮点解 (27颗卫星)
  ECEF: X=-1462904.9917 Y=5615308.9454 Z=2640750.6720
  LLH:  Lat=24.615049410° Lon=104.602164894° H=917.8818m
  原始数据:
2025/11/16 11:07:48.000   24.615049410  104.602164894   917.8818   2  27   0.0024   0.0065   0.0083   0.0011  -0.0045   0.0027  22.00    1.0 6541861

[TCP数据流] 2025/11/16 19:07:31 - 浮点解 (27颗卫星)
  ECEF: X=-1462904.9912 Y=5615308.9475 Z=2640750.6738
  LLH:  Lat=24.615049417° Lon=104.602164884° H=917.8843m
  原始数据:
2025/11/16 11:07:49.000   24.615049417  104.602164884   917.8843   2  27   0.0024   0.0065   0.0083   0.0011  -0.0045   0.0026   0.00    1.0 6541861

[TCP数据流] 2025/11/16 19:07:33 - 浮点解 (27颗卫星)
  ECEF: X=-1462904.9909 Y=5615308.9490 Z=2640750.6750
  LLH:  Lat=24.615049422° Lon=104.602164878° H=917.8860m
  原始数据:
2025/11/16 11:07:51.000   24.615049422  104.602164878   917.8860   2  27   0.0024   0.0065   0.0082   0.0011  -0.0045   0.0026   2.00    1.1 6541861

[TCP数据流] 2025/11/16 19:07:34 - 浮点解 (27颗卫星)
  ECEF: X=-1462904.9907 Y=5615308.9498 Z=2640750.6758
  LLH:  Lat=24.615049426° Lon=104.602164874° H=917.8870m
  原始数据:
2025/11/16 11:07:52.000   24.615049426  104.602164874   917.8870   2  27   0.0023   0.0064   0.0082   0.0011  -0.0045   0.0026   3.00    1.1 6541861

[TCP数据流] 2025/11/16 19:07:35 - 浮点解 (27颗卫星)
  ECEF: X=-1462904.9905 Y=5615308.9503 Z=2640750.6764
  LLH:  Lat=24.615049429° Lon=104.602164871° H=917.8877m
  原始数据:
2025/11/16 11:07:53.000   24.615049429  104.602164871   917.8877   2  27   0.0023   0.0064   0.0082   0.0011  -0.0045   0.0026   4.00    1.1 6541861

[TCP数据流] 2025/11/16 19:07:36 - 浮点解 (20颗卫星)
  ECEF: X=-1462904.9903 Y=5615308.9504 Z=2640750.6765
  LLH:  Lat=24.615049430° Lon=104.602164868° H=917.8878m
  原始数据:
2025/11/16 11:07:54.000   24.615049430  104.602164868   917.8878   2  20   0.0023   0.0064   0.0081   0.0011  -0.0045   0.0026   5.00    1.1 6541861

[TCP数据流] 2025/11/16 19:07:37 - 浮点解 (27颗卫星)
  ECEF: X=-1462904.9902 Y=5615308.9506 Z=2640750.6767
  LLH:  Lat=24.615049431° Lon=104.602164867° H=917.8880m
  原始数据:
2025/11/16 11:07:55.000   24.615049431  104.602164867   917.8880   2  27   0.0023   0.0064   0.0081   0.0011  -0.0045   0.0026   6.00    1.1 6541861

[TCP数据流] 2025/11/16 19:07:38 - 浮点解 (21颗卫星)
  ECEF: X=-1462904.9903 Y=5615308.9506 Z=2640750.6768
  LLH:  Lat=24.615049432° Lon=104.602164868° H=917.8881m
  原始数据:
2025/11/16 11:07:56.000   24.615049432  104.602164868   917.8881   2  21   0.0023   0.0064   0.0081   0.0011  -0.0045   0.0026   7.00    1.2 6541861

[TCP数据流] 2025/11/16 19:07:39 - 浮点解 (20颗卫星)
  ECEF: X=-1462904.9902 Y=5615308.9506 Z=2640750.6768
  LLH:  Lat=24.615049432° Lon=104.602164867° H=917.8880m
  原始数据:
2025/11/16 11:07:57.000   24.615049432  104.602164867   917.8880   2  20   0.0023   0.0064   0.0081   0.0011  -0.0045   0.0026   8.00    1.1 6541861

[TCP数据流] 2025/11/16 19:07:40 - 浮点解 (27颗卫星)
  ECEF: X=-1462904.9901 Y=5615308.9505 Z=2640750.6768
  LLH:  Lat=24.615049432° Lon=104.602164866° H=917.8879m
  原始数据:
2025/11/16 11:07:58.000   24.615049432  104.602164866   917.8879   2  27   0.0023   0.0064   0.0081   0.0011  -0.0045   0.0026   9.00    1.1 6541861

[TCP数据流] 2025/11/16 19:07:41 - 浮点解 (27颗卫星)
  ECEF: X=-1462904.9900 Y=5615308.9503 Z=2640750.6765
  LLH:  Lat=24.615049431° Lon=104.602164866° H=917.8876m
  原始数据:
2025/11/16 11:07:59.000   24.615049431  104.602164866   917.8876   2  27   0.0023   0.0064   0.0081   0.0011  -0.0045   0.0026  10.00    1.1 6541861

[TCP数据流] 2025/11/16 19:07:42 - 浮点解 (27颗卫星)
  ECEF: X=-1462904.9900 Y=5615308.9501 Z=2640750.6765
  LLH:  Lat=24.615049431° Lon=104.602164866° H=917.8874m
  原始数据:
2025/11/16 11:08:00.000   24.615049431  104.602164866   917.8874   2  27   0.0023   0.0064   0.0081   0.0011  -0.0045   0.0026  11.00    1.1 6541861

[TCP数据流] 2025/11/16 19:07:43 - 浮点解 (27颗卫星)
  ECEF: X=-1462904.9899 Y=5615308.9499 Z=2640750.6762
  LLH:  Lat=24.615049430° Lon=104.602164866° H=917.8871m
  原始数据:
2025/11/16 11:08:01.000   24.615049430  104.602164866   917.8871   2  27   0.0023   0.0064   0.0081   0.0011  -0.0045   0.0026  12.00    1.1 6541861

[TCP数据流] 2025/11/16 19:07:44 - 浮点解 (21颗卫星)
  ECEF: X=-1462904.9900 Y=5615308.9498 Z=2640750.6762
  LLH:  Lat=24.615049430° Lon=104.602164867° H=917.8870m
  原始数据:
2025/11/16 11:08:02.000   24.615049430  104.602164867   917.8870   2  21   0.0023   0.0064   0.0081   0.0011  -0.0045   0.0026  13.00    1.1 6541861

[TCP数据流] 2025/11/16 19:07:45 - 浮点解 (27颗卫星)
  ECEF: X=-1462904.9898 Y=5615308.9496 Z=2640750.6761
  LLH:  Lat=24.615049430° Lon=104.602164866° H=917.8868m
  原始数据:
2025/11/16 11:08:03.000   24.615049430  104.602164866   917.8868   2  27   0.0023   0.0064   0.0081   0.0011  -0.0045   0.0026  14.00    1.0 6541861

[TCP数据流] 2025/11/16 19:07:46 - 浮点解 (27颗卫星)
  ECEF: X=-1462904.9898 Y=5615308.9494 Z=2640750.6759
  LLH:  Lat=24.615049429° Lon=104.602164866° H=917.8865m
  原始数据:
2025/11/16 11:08:04.000   24.615049429  104.602164866   917.8865   2  27   0.0023   0.0064   0.0081   0.0011  -0.0045   0.0026  15.00    1.1 6541861

[TCP数据流] 2025/11/16 19:07:47 - 浮点解 (20颗卫星)
  ECEF: X=-1462904.9897 Y=5615308.9492 Z=2640750.6758
  LLH:  Lat=24.615049429° Lon=104.602164866° H=917.8863m
  原始数据:
2025/11/16 11:08:05.000   24.615049429  104.602164866   917.8863   2  20   0.0023   0.0064   0.0081   0.0011  -0.0045   0.0026  16.00    1.1 6541861

[TCP数据流] 2025/11/16 19:07:48 - 浮点解 (20颗卫星)
  ECEF: X=-1462904.9898 Y=5615308.9491 Z=2640750.6756
  LLH:  Lat=24.615049428° Lon=104.602164867° H=917.8861m
  原始数据:
2025/11/16 11:08:06.000   24.615049428  104.602164867   917.8861   2  20   0.0023   0.0064   0.0081   0.0011  -0.0045   0.0026  17.00    1.2 6541861

[TCP数据流] 2025/11/16 19:07:49 - 浮点解 (20颗卫星)
  ECEF: X=-1462904.9896 Y=5615308.9489 Z=2640750.6755
  LLH:  Lat=24.615049428° Lon=104.602164866° H=917.8859m
  原始数据:
2025/11/16 11:08:07.000   24.615049428  104.602164866   917.8859   2  20   0.0023   0.0064   0.0081   0.0011  -0.0045   0.0026  18.00    1.2 6541861

[TCP数据流] 2025/11/16 19:07:50 - 浮点解 (20颗卫星)
  ECEF: X=-1462904.9897 Y=5615308.9488 Z=2640750.6754
  LLH:  Lat=24.615049427° Lon=104.602164867° H=917.8858m
  原始数据:
2025/11/16 11:08:08.000   24.615049427  104.602164867   917.8858   2  20   0.0023   0.0064   0.0081   0.0011  -0.0044   0.0026  19.00    1.2 6541861

[TCP数据流] 2025/11/16 19:07:51 - 浮点解 (20颗卫星)
  ECEF: X=-1462904.9897 Y=5615308.9487 Z=2640750.6753
  LLH:  Lat=24.615049427° Lon=104.602164867° H=917.8856m
  原始数据:
2025/11/16 11:08:09.000   24.615049427  104.602164867   917.8856   2  20   0.0023   0.0064   0.0081   0.0011  -0.0044   0.0026  20.00    1.1 6541861

[TCP数据流] 2025/11/16 19:07:52 - 浮点解 (20颗卫星)
  ECEF: X=-1462904.9897 Y=5615308.9485 Z=2640750.6751
  LLH:  Lat=24.615049426° Lon=104.602164867° H=917.8854m
  原始数据:
2025/11/16 11:08:10.000   24.615049426  104.602164867   917.8854   2  20   0.0023   0.0064   0.0081   0.0011  -0.0044   0.0026  21.00    1.2 6541861

[TCP数据流] 2025/11/16 19:07:53 - 浮点解 (20颗卫星)
  ECEF: X=-1462904.9896 Y=5615308.9484 Z=2640750.6750
  LLH:  Lat=24.615049426° Lon=104.602164867° H=917.8852m
  原始数据:
2025/11/16 11:08:11.000   24.615049426  104.602164867   917.8852   2  20   0.0023   0.0064   0.0081   0.0011  -0.0044   0.0026  22.00    1.1 6541861

[TCP数据流] 2025/11/16 19:07:54 - 浮点解 (20颗卫星)
  ECEF: X=-1462904.9897 Y=5615308.9482 Z=2640750.6749
  LLH:  Lat=24.615049425° Lon=104.602164868° H=917.8850m
  原始数据:
2025/11/16 11:08:12.000   24.615049425  104.602164868   917.8850   2  20   0.0023   0.0064   0.0081   0.0011  -0.0044   0.0026  23.00    1.4 6541861

[TCP数据流] 2025/11/16 19:07:55 - 浮点解 (20颗卫星)
  ECEF: X=-1462904.9897 Y=5615308.9481 Z=2640750.6748
  LLH:  Lat=24.615049425° Lon=104.602164868° H=917.8849m
  原始数据:
2025/11/16 11:08:13.000   24.615049425  104.602164868   917.8849   2  20   0.0023   0.0064   0.0081   0.0011  -0.0044   0.0026  24.00    1.2 6541861

[TCP数据流] 2025/11/16 19:07:57 - 浮点解 (21颗卫星)
  ECEF: X=-1462904.9896 Y=5615308.9480 Z=2640750.6746
  LLH:  Lat=24.615049424° Lon=104.602164868° H=917.8847m
  原始数据:
2025/11/16 11:08:15.000   24.615049424  104.602164868   917.8847   2  21   0.0023   0.0064   0.0081   0.0011  -0.0044   0.0026  26.00    1.1 6541861

[TCP数据流] 2025/11/16 19:07:58 - 浮点解 (27颗卫星)
  ECEF: X=-1462904.9895 Y=5615308.9477 Z=2640750.6745
  LLH:  Lat=24.615049424° Lon=104.602164868° H=917.8844m
  原始数据:
2025/11/16 11:08:16.000   24.615049424  104.602164868   917.8844   2  27   0.0023   0.0064   0.0081   0.0011  -0.0044   0.0026  27.00    1.0 6541861

[TCP数据流] 2025/11/16 19:07:59 - 浮点解 (27颗卫星)
  ECEF: X=-1462904.9896 Y=5615308.9475 Z=2640750.6743
  LLH:  Lat=24.615049423° Lon=104.602164869° H=917.8841m
  原始数据:
2025/11/16 11:08:17.000   24.615049423  104.602164869   917.8841   2  27   0.0023   0.0064   0.0081   0.0011  -0.0044   0.0026  28.00    1.0 6541861

[TCP数据流] 2025/11/16 19:08:00 - 浮点解 (27颗卫星)
  ECEF: X=-1462904.9895 Y=5615308.9473 Z=2640750.6741
  LLH:  Lat=24.615049422° Lon=104.602164869° H=917.8838m
  原始数据:
2025/11/16 11:08:18.000   24.615049422  104.602164869   917.8838   2  27   0.0023   0.0064   0.0081   0.0011  -0.0044   0.0026  29.00    1.0 6541861

[TCP数据流] 2025/11/16 19:08:01 - 浮点解 (27颗卫星)
  ECEF: X=-1462904.9895 Y=5615308.9470 Z=2640750.6739
  LLH:  Lat=24.615049422° Lon=104.602164869° H=917.8835m
  原始数据:
2025/11/16 11:08:19.000   24.615049422  104.602164869   917.8835   2  27   0.0023   0.0064   0.0081   0.0011  -0.0044   0.0026  30.00    1.0 6541861

[TCP数据流] 2025/11/16 19:08:22 - 浮点解 (27颗卫星)
  ECEF: X=-1462904.9872 Y=5615308.9545 Z=2640750.6795
  LLH:  Lat=24.615049443° Lon=104.602164829° H=917.8919m
  原始数据:
2025/11/16 11:08:40.000   24.615049443  104.602164829   917.8919   2  27   0.0023   0.0063   0.0078   0.0011  -0.0044   0.0025   3.00    1.0 6541861

[TCP数据流] 2025/11/16 19:08:23 - 浮点解 (27颗卫星)
  ECEF: X=-1462904.9870 Y=5615308.9549 Z=2640750.6797
  LLH:  Lat=24.615049443° Lon=104.602164826° H=917.8923m
  原始数据:
2025/11/16 11:08:41.000   24.615049443  104.602164826   917.8923   2  27   0.0023   0.0063   0.0078   0.0011  -0.0044   0.0025   4.00    1.0 6541861

[TCP数据流] 2025/11/16 19:08:24 - 浮点解 (27颗卫星)
  ECEF: X=-1462904.9868 Y=5615308.9550 Z=2640750.6797
  LLH:  Lat=24.615049443° Lon=104.602164824° H=917.8924m
  原始数据:
2025/11/16 11:08:42.000   24.615049443  104.602164824   917.8924   2  27   0.0023   0.0063   0.0078   0.0011  -0.0043   0.0025   5.00    1.0 6541861

[TCP数据流] 2025/11/16 19:08:25 - 浮点解 (27颗卫星)
  ECEF: X=-1462904.9867 Y=5615308.9552 Z=2640750.6797
  LLH:  Lat=24.615049442° Lon=104.602164822° H=917.8925m
  原始数据:
2025/11/16 11:08:43.000   24.615049442  104.602164822   917.8925   2  27   0.0022   0.0063   0.0078   0.0011  -0.0043   0.0025   6.00    1.0 6541861

[TCP数据流] 2025/11/16 19:08:26 - 浮点解 (27颗卫星)
  ECEF: X=-1462904.9866 Y=5615308.9552 Z=2640750.6795
  LLH:  Lat=24.615049441° Lon=104.602164821° H=917.8924m
  原始数据:
2025/11/16 11:08:44.000   24.615049441  104.602164821   917.8924   2  27   0.0022   0.0063   0.0078   0.0011  -0.0043   0.0025   7.00    1.0 6541861

[TCP数据流] 2025/11/16 19:08:27 - 浮点解 (27颗卫星)
  ECEF: X=-1462904.9864 Y=5615308.9551 Z=2640750.6794
  LLH:  Lat=24.615049440° Lon=104.602164820° H=917.8922m
  原始数据:
2025/11/16 11:08:45.000   24.615049440  104.602164820   917.8922   2  27   0.0022   0.0062   0.0078   0.0011  -0.0043   0.0025   8.00    1.0 6541861

[TCP数据流] 2025/11/16 19:08:28 - 浮点解 (27颗卫星)
  ECEF: X=-1462904.9863 Y=5615308.9550 Z=2640750.6792
  LLH:  Lat=24.615049439° Lon=104.602164819° H=917.8920m
  原始数据:
2025/11/16 11:08:46.000   24.615049439  104.602164819   917.8920   2  27   0.0022   0.0062   0.0078   0.0011  -0.0043   0.0025   9.00    1.0 6541861

[TCP数据流] 2025/11/16 19:08:29 - 浮点解 (27颗卫星)
  ECEF: X=-1462904.9863 Y=5615308.9548 Z=2640750.6790
  LLH:  Lat=24.615049438° Lon=104.602164819° H=917.8917m
  原始数据:
2025/11/16 11:08:47.000   24.615049438  104.602164819   917.8917   2  27   0.0022   0.0062   0.0078   0.0011  -0.0043   0.0025  10.00    1.0 6541861

[TCP数据流] 2025/11/16 19:08:30 - 浮点解 (27颗卫星)
  ECEF: X=-1462904.9862 Y=5615308.9545 Z=2640750.6787
  LLH:  Lat=24.615049437° Lon=104.602164819° H=917.8914m
  原始数据:
2025/11/16 11:08:48.000   24.615049437  104.602164819   917.8914   2  27   0.0022   0.0062   0.0077   0.0011  -0.0043   0.0025  11.00    1.0 6541861

[TCP数据流] 2025/11/16 19:08:31 - 浮点解 (27颗卫星)
  ECEF: X=-1462904.9860 Y=5615308.9544 Z=2640750.6785
  LLH:  Lat=24.615049436° Lon=104.602164818° H=917.8911m
  原始数据:
2025/11/16 11:08:49.000   24.615049436  104.602164818   917.8911   2  27   0.0022   0.0062   0.0077   0.0011  -0.0043   0.0025  12.00    1.0 6541861

[TCP数据流] 2025/11/16 19:08:32 - 浮点解 (27颗卫星)
  ECEF: X=-1462904.9860 Y=5615308.9542 Z=2640750.6782
  LLH:  Lat=24.615049434° Lon=104.602164818° H=917.8908m
  原始数据:
2025/11/16 11:08:50.000   24.615049434  104.602164818   917.8908   2  27   0.0022   0.0062   0.0077   0.0011  -0.0043   0.0025  13.00    1.0 6541861

[TCP数据流] 2025/11/16 19:08:33 - 浮点解 (27颗卫星)
  ECEF: X=-1462904.9859 Y=5615308.9540 Z=2640750.6779
  LLH:  Lat=24.615049433° Lon=104.602164818° H=917.8905m
  原始数据:
2025/11/16 11:08:51.000   24.615049433  104.602164818   917.8905   2  27   0.0022   0.0062   0.0077   0.0011  -0.0043   0.0025  14.00    1.0 6541861

[TCP数据流] 2025/11/16 19:08:34 - 浮点解 (20颗卫星)
  ECEF: X=-1462904.9859 Y=5615308.9538 Z=2640750.6779
  LLH:  Lat=24.615049433° Lon=104.602164818° H=917.8903m
  原始数据:
2025/11/16 11:08:52.000   24.615049433  104.602164818   917.8903   2  20   0.0022   0.0062   0.0077   0.0011  -0.0043   0.0025  15.00    1.1 6541861

[TCP数据流] 2025/11/16 19:08:35 - 浮点解 (20颗卫星)
  ECEF: X=-1462904.9859 Y=5615308.9537 Z=2640750.6777
  LLH:  Lat=24.615049432° Lon=104.602164818° H=917.8901m
  原始数据:
2025/11/16 11:08:53.000   24.615049432  104.602164818   917.8901   2  20   0.0022   0.0062   0.0077   0.0011  -0.0043   0.0025  16.00    1.2 6541861

[TCP数据流] 2025/11/16 19:08:36 - 浮点解 (20颗卫星)
  ECEF: X=-1462904.9858 Y=5615308.9536 Z=2640750.6775
  LLH:  Lat=24.615049431° Lon=104.602164817° H=917.8900m
  原始数据:
2025/11/16 11:08:54.000   24.615049431  104.602164817   917.8900   2  20   0.0022   0.0062   0.0077   0.0011  -0.0043   0.0025  17.00    1.1 6541861

[TCP数据流] 2025/11/16 19:08:37 - 浮点解 (20颗卫星)
  ECEF: X=-1462904.9857 Y=5615308.9534 Z=2640750.6773
  LLH:  Lat=24.615049430° Lon=104.602164817° H=917.8897m
  原始数据:
2025/11/16 11:08:55.000   24.615049430  104.602164817   917.8897   2  20   0.0022   0.0062   0.0077   0.0011  -0.0043   0.0025  18.00    1.1 6541861

[TCP数据流] 2025/11/16 19:08:38 - 浮点解 (27颗卫星)
  ECEF: X=-1462904.9856 Y=5615308.9532 Z=2640750.6771
  LLH:  Lat=24.615049429° Lon=104.602164817° H=917.8894m
  原始数据:
2025/11/16 11:08:56.000   24.615049429  104.602164817   917.8894   2  27   0.0022   0.0062   0.0077   0.0011  -0.0043   0.0025  19.00    1.0 6541861

[TCP数据流] 2025/11/16 19:08:39 - 浮点解 (27颗卫星)
  ECEF: X=-1462904.9856 Y=5615308.9531 Z=2640750.6769
  LLH:  Lat=24.615049428° Lon=104.602164817° H=917.8892m
  原始数据:
2025/11/16 11:08:57.000   24.615049428  104.602164817   917.8892   2  27   0.0022   0.0062   0.0077   0.0011  -0.0043   0.0025  20.00    1.0 6541861

[TCP数据流] 2025/11/16 19:08:40 - 浮点解 (27颗卫星)
  ECEF: X=-1462904.9855 Y=5615308.9528 Z=2640750.6767
  LLH:  Lat=24.615049427° Lon=104.602164817° H=917.8889m
  原始数据:
2025/11/16 11:08:58.000   24.615049427  104.602164817   917.8889   2  27   0.0022   0.0062   0.0077   0.0011  -0.0043   0.0025  21.00    1.0 6541861

[TCP数据流] 2025/11/16 19:08:41 - 浮点解 (27颗卫星)
  ECEF: X=-1462904.9855 Y=5615308.9526 Z=2640750.6765
  LLH:  Lat=24.615049426° Lon=104.602164817° H=917.8886m
  原始数据:
2025/11/16 11:08:59.000   24.615049426  104.602164817   917.8886   2  27   0.0022   0.0062   0.0077   0.0011  -0.0043   0.0025  22.00    1.0 6541861

[TCP数据流] 2025/11/16 19:08:42 - 浮点解 (27颗卫星)
  ECEF: X=-1462904.9850 Y=5615308.9545 Z=2640750.6778
  LLH:  Lat=24.615049431° Lon=104.602164808° H=917.8907m
  原始数据:
2025/11/16 11:09:00.000   24.615049431  104.602164808   917.8907   2  27   0.0022   0.0062   0.0077   0.0011  -0.0043   0.0025   0.00    1.1 6541861

[TCP数据流] 2025/11/16 19:08:43 - 浮点解 (27颗卫星)
  ECEF: X=-1462904.9847 Y=5615308.9563 Z=2640750.6791
  LLH:  Lat=24.615049435° Lon=104.602164800° H=917.8927m
  原始数据:
2025/11/16 11:09:01.000   24.615049435  104.602164800   917.8927   2  27   0.0022   0.0062   0.0076   0.0010  -0.0043   0.0025   0.00    1.1 6541861

[TCP数据流] 2025/11/16 19:08:44 - 浮点解 (27颗卫星)
  ECEF: X=-1462904.9843 Y=5615308.9577 Z=2640750.6800
  LLH:  Lat=24.615049438° Lon=104.602164793° H=917.8943m
  原始数据:
2025/11/16 11:09:02.000   24.615049438  104.602164793   917.8943   2  27   0.0022   0.0062   0.0076   0.0010  -0.0043   0.0025   1.00    1.1 6541861

[TCP数据流] 2025/11/16 19:08:45 - 浮点解 (27颗卫星)
  ECEF: X=-1462904.9841 Y=5615308.9588 Z=2640750.6807
  LLH:  Lat=24.615049440° Lon=104.602164788° H=917.8955m
  原始数据:
2025/11/16 11:09:03.000   24.615049440  104.602164788   917.8955   2  27   0.0022   0.0062   0.0076   0.0010  -0.0043   0.0024   2.00    1.1 6541861

[TCP数据流] 2025/11/16 19:08:46 - 浮点解 (20颗卫星)
  ECEF: X=-1462904.9838 Y=5615308.9593 Z=2640750.6809
  LLH:  Lat=24.615049440° Lon=104.602164784° H=917.8959m
  原始数据:
2025/11/16 11:09:04.000   24.615049440  104.602164784   917.8959   2  20   0.0022   0.0062   0.0076   0.0010  -0.0042   0.0024   3.00    2.0 6541861

[TCP数据流] 2025/11/16 19:08:47 - 浮点解 (20颗卫星)
  ECEF: X=-1462904.9835 Y=5615308.9596 Z=2640750.6809
  LLH:  Lat=24.615049439° Lon=104.602164781° H=917.8961m
  原始数据:
2025/11/16 11:09:05.000   24.615049439  104.602164781   917.8961   2  20   0.0022   0.0061   0.0076   0.0010  -0.0042   0.0024   4.00    1.2 6541861

[TCP数据流] 2025/11/16 19:08:48 - 浮点解 (20颗卫星)
  ECEF: X=-1462904.9833 Y=5615308.9596 Z=2640750.6809
  LLH:  Lat=24.615049439° Lon=104.602164779° H=917.8961m
  原始数据:
2025/11/16 11:09:06.000   24.615049439  104.602164779   917.8961   2  20   0.0022   0.0061   0.0075   0.0010  -0.0042   0.0024   5.00    1.3 6541861

[TCP数据流] 2025/11/16 19:08:49 - 浮点解 (20颗卫星)
  ECEF: X=-1462904.9831 Y=5615308.9598 Z=2640750.6808
  LLH:  Lat=24.615049438° Lon=104.602164776° H=917.8962m
  原始数据:
2025/11/16 11:09:07.000   24.615049438  104.602164776   917.8962   2  20   0.0022   0.0061   0.0075   0.0010  -0.0042   0.0024   6.00    1.3 6541861

[TCP数据流] 2025/11/16 19:08:50 - 浮点解 (20颗卫星)
  ECEF: X=-1462904.9830 Y=5615308.9598 Z=2640750.6807
  LLH:  Lat=24.615049437° Lon=104.602164775° H=917.8961m
  原始数据:
2025/11/16 11:09:08.000   24.615049437  104.602164775   917.8961   2  20   0.0022   0.0061   0.0075   0.0010  -0.0042   0.0024   7.00    1.3 6541861

[TCP数据流] 2025/11/16 19:08:51 - 浮点解 (20颗卫星)
  ECEF: X=-1462904.9829 Y=5615308.9597 Z=2640750.6806
  LLH:  Lat=24.615049437° Lon=104.602164775° H=917.8960m
  原始数据:
2025/11/16 11:09:09.000   24.615049437  104.602164775   917.8960   2  20   0.0022   0.0061   0.0075   0.0010  -0.0042   0.0024   8.00    1.3 6541861

[TCP数据流] 2025/11/16 19:08:52 - 浮点解 (20颗卫星)
  ECEF: X=-1462904.9828 Y=5615308.9597 Z=2640750.6805
  LLH:  Lat=24.615049436° Lon=104.602164774° H=917.8959m
  原始数据:
2025/11/16 11:09:10.000   24.615049436  104.602164774   917.8959   2  20   0.0022   0.0061   0.0075   0.0010  -0.0042   0.0024   9.00    1.3 6541861

[TCP数据流] 2025/11/16 19:08:54 - 浮点解 (20颗卫星)
  ECEF: X=-1462904.9827 Y=5615308.9597 Z=2640750.6804
  LLH:  Lat=24.615049435° Lon=104.602164773° H=917.8958m
  原始数据:
2025/11/16 11:09:12.000   24.615049435  104.602164773   917.8958   2  20   0.0022   0.0061   0.0075   0.0010  -0.0042   0.0024  11.00    1.3 6541861

[TCP数据流] 2025/11/16 19:08:55 - 浮点解 (20颗卫星)
  ECEF: X=-1462904.9827 Y=5615308.9596 Z=2640750.6803
  LLH:  Lat=24.615049435° Lon=104.602164773° H=917.8957m
  原始数据:
2025/11/16 11:09:13.000   24.615049435  104.602164773   917.8957   2  20   0.0022   0.0061   0.0075   0.0010  -0.0042   0.0024  12.00    1.3 6541861

[TCP数据流] 2025/11/16 19:08:56 - 浮点解 (20颗卫星)
  ECEF: X=-1462904.9826 Y=5615308.9595 Z=2640750.6801
  LLH:  Lat=24.615049434° Lon=104.602164772° H=917.8955m
  原始数据:
2025/11/16 11:09:14.000   24.615049434  104.602164772   917.8955   2  20   0.0022   0.0061   0.0075   0.0010  -0.0042   0.0024  13.00    1.3 6541861

[TCP数据流] 2025/11/16 19:08:57 - 浮点解 (20颗卫星)
  ECEF: X=-1462904.9825 Y=5615308.9593 Z=2640750.6800
  LLH:  Lat=24.615049434° Lon=104.602164772° H=917.8953m
  原始数据:
2025/11/16 11:09:15.000   24.615049434  104.602164772   917.8953   2  20   0.0022   0.0061   0.0075   0.0010  -0.0042   0.0024  14.00    1.4 6541861

[TCP数据流] 2025/11/16 19:08:58 - 浮点解 (20颗卫星)
  ECEF: X=-1462904.9825 Y=5615308.9593 Z=2640750.6799
  LLH:  Lat=24.615049433° Lon=104.602164772° H=917.8952m
  原始数据:
2025/11/16 11:09:16.000   24.615049433  104.602164772   917.8952   2  20   0.0022   0.0061   0.0075   0.0010  -0.0042   0.0024  15.00    1.4 6541861

[TCP数据流] 2025/11/16 19:08:59 - 浮点解 (20颗卫星)
  ECEF: X=-1462904.9825 Y=5615308.9592 Z=2640750.6799
  LLH:  Lat=24.615049433° Lon=104.602164772° H=917.8951m
  原始数据:
2025/11/16 11:09:17.000   24.615049433  104.602164772   917.8951   2  20   0.0022   0.0061   0.0075   0.0010  -0.0042   0.0024  16.00    1.4 6541861

[TCP数据流] 2025/11/16 19:09:00 - 浮点解 (26颗卫星)
  ECEF: X=-1462904.9824 Y=5615308.9590 Z=2640750.6796
  LLH:  Lat=24.615049432° Lon=104.602164772° H=917.8948m
  原始数据:
2025/11/16 11:09:18.000   24.615049432  104.602164772   917.8948   2  26   0.0022   0.0061   0.0075   0.0010  -0.0042   0.0024  17.00    1.3 6541861

[TCP数据流] 2025/11/16 19:09:01 - 浮点解 (26颗卫星)
  ECEF: X=-1462904.9824 Y=5615308.9587 Z=2640750.6794
  LLH:  Lat=24.615049431° Lon=104.602164772° H=917.8945m
  原始数据:
2025/11/16 11:09:19.000   24.615049431  104.602164772   917.8945   2  26   0.0022   0.0061   0.0075   0.0010  -0.0042   0.0024  18.00    1.1 6541861

[TCP数据流] 2025/11/16 19:09:02 - 浮点解 (20颗卫星)
  ECEF: X=-1462904.9823 Y=5615308.9587 Z=2640750.6794
  LLH:  Lat=24.615049431° Lon=104.602164771° H=917.8944m
  原始数据:
2025/11/16 11:09:20.000   24.615049431  104.602164771   917.8944   2  20   0.0022   0.0061   0.0075   0.0010  -0.0042   0.0024  19.00    1.4 6541861

[TCP数据流] 2025/11/16 19:09:03 - 浮点解 (20颗卫星)
  ECEF: X=-1462904.9822 Y=5615308.9586 Z=2640750.6792
  LLH:  Lat=24.615049430° Lon=104.602164771° H=917.8943m
  原始数据:
2025/11/16 11:09:21.000   24.615049430  104.602164771   917.8943   2  20   0.0022   0.0061   0.0075   0.0010  -0.0042   0.0024  20.00    1.1 6541861

[TCP数据流] 2025/11/16 19:13:08 - 浮点解 (26颗卫星)
  ECEF: X=-1462904.9890 Y=5615308.9822 Z=2640750.6937
  LLH:  Lat=24.615049457° Lon=104.602164777° H=917.9226m
  原始数据:
2025/11/16 11:13:26.000   24.615049457  104.602164777   917.9226   2  26   0.0021   0.0060   0.0072   0.0010  -0.0041   0.0023   5.00    1.1 6541861

[TCP数据流] 2025/11/16 19:13:09 - 浮点解 (26颗卫星)
  ECEF: X=-1462904.9893 Y=5615308.9834 Z=2640750.6943
  LLH:  Lat=24.615049457° Lon=104.602164777° H=917.9240m
  原始数据:
2025/11/16 11:13:27.000   24.615049457  104.602164777   917.9240   2  26   0.0021   0.0060   0.0071   0.0010  -0.0041   0.0023   6.00    1.1 6541861

[TCP数据流] 2025/11/16 19:13:10 - 浮点解 (26颗卫星)
  ECEF: X=-1462904.9896 Y=5615308.9844 Z=2640750.6948
  LLH:  Lat=24.615049457° Lon=104.602164777° H=917.9251m
  原始数据:
2025/11/16 11:13:28.000   24.615049457  104.602164777   917.9251   2  26   0.0021   0.0060   0.0071   0.0010  -0.0041   0.0023   7.00    1.1 6541861

[TCP数据流] 2025/11/16 19:13:11 - 浮点解 (26颗卫星)
  ECEF: X=-1462904.9898 Y=5615308.9852 Z=2640750.6952
  LLH:  Lat=24.615049457° Lon=104.602164777° H=917.9260m
  原始数据:
2025/11/16 11:13:29.000   24.615049457  104.602164777   917.9260   2  26   0.0021   0.0060   0.0071   0.0010  -0.0040   0.0023   8.00    1.1 6541861

[TCP数据流] 2025/11/16 19:13:12 - 浮点解 (26颗卫星)
  ECEF: X=-1462904.9899 Y=5615308.9857 Z=2640750.6954
  LLH:  Lat=24.615049457° Lon=104.602164777° H=917.9266m
  原始数据:
2025/11/16 11:13:30.000   24.615049457  104.602164777   917.9266   2  26   0.0021   0.0060   0.0071   0.0010  -0.0040   0.0023   9.00    1.1 6541861

[TCP数据流] 2025/11/16 19:13:13 - 浮点解 (26颗卫星)
  ECEF: X=-1462904.9900 Y=5615308.9860 Z=2640750.6956
  LLH:  Lat=24.615049457° Lon=104.602164777° H=917.9270m
  原始数据:
2025/11/16 11:13:31.000   24.615049457  104.602164777   917.9270   2  26   0.0021   0.0060   0.0071   0.0010  -0.0040   0.0023  10.00    1.1 6541861

[TCP数据流] 2025/11/16 19:13:14 - 浮点解 (26颗卫星)
  ECEF: X=-1462904.9901 Y=5615308.9864 Z=2640750.6956
  LLH:  Lat=24.615049456° Lon=104.602164777° H=917.9273m
  原始数据:
2025/11/16 11:13:32.000   24.615049456  104.602164777   917.9273   2  26   0.0021   0.0059   0.0071   0.0010  -0.0040   0.0023  11.00    1.1 6541861

[TCP数据流] 2025/11/16 19:13:15 - 浮点解 (26颗卫星)
  ECEF: X=-1462904.9902 Y=5615308.9865 Z=2640750.6957
  LLH:  Lat=24.615049456° Lon=104.602164778° H=917.9275m
  原始数据:
2025/11/16 11:13:33.000   24.615049456  104.602164778   917.9275   2  26   0.0021   0.0059   0.0071   0.0010  -0.0040   0.0023  12.00    1.1 6541861

[TCP数据流] 2025/11/16 19:13:16 - 浮点解 (26颗卫星)
  ECEF: X=-1462904.9903 Y=5615308.9866 Z=2640750.6956
  LLH:  Lat=24.615049455° Lon=104.602164778° H=917.9276m
  原始数据:
2025/11/16 11:13:34.000   24.615049455  104.602164778   917.9276   2  26   0.0021   0.0059   0.0071   0.0010  -0.0040   0.0023  13.00    1.1 6541861

[TCP数据流] 2025/11/16 19:13:17 - 浮点解 (26颗卫星)
  ECEF: X=-1462904.9911 Y=5615308.9905 Z=2640750.6980
  LLH:  Lat=24.615049460° Lon=104.602164776° H=917.9322m
  原始数据:
2025/11/16 11:13:35.000   24.615049460  104.602164776   917.9322   2  26   0.0021   0.0059   0.0070   0.0010  -0.0040   0.0023   0.00    1.1 6541861

[TCP数据流] 2025/11/16 19:13:18 - 浮点解 (20颗卫星)
  ECEF: X=-1462904.9917 Y=5615308.9936 Z=2640750.6997
  LLH:  Lat=24.615049462° Lon=104.602164774° H=917.9357m
  原始数据:
2025/11/16 11:13:36.000   24.615049462  104.602164774   917.9357   2  20   0.0021   0.0059   0.0070   0.0010  -0.0040   0.0023   0.00    1.1 6541861

[TCP数据流] 2025/11/16 19:13:19 - 浮点解 (27颗卫星)
  ECEF: X=-1462904.9916 Y=5615308.9988 Z=2640750.7026
  LLH:  Lat=24.615049467° Lon=104.602164760° H=917.9415m
  原始数据:
2025/11/16 11:13:37.000   24.615049467  104.602164760   917.9415   2  27   0.0021   0.0059   0.0069   0.0010  -0.0040   0.0022   1.00    1.1 6541861

[TCP数据流] 2025/11/16 19:13:20 - 浮点解 (26颗卫星)
  ECEF: X=-1462904.9922 Y=5615309.0015 Z=2640750.7042
  LLH:  Lat=24.615049469° Lon=104.602164759° H=917.9447m
  原始数据:
2025/11/16 11:13:38.000   24.615049469  104.602164759   917.9447   2  26   0.0021   0.0059   0.0069   0.0010  -0.0040   0.0022   2.00    1.1 6541861

[TCP数据流] 2025/11/16 19:13:21 - 浮点解 (27颗卫星)
  ECEF: X=-1462904.9922 Y=5615309.0050 Z=2640750.7061
  LLH:  Lat=24.615049472° Lon=104.602164751° H=917.9486m
  原始数据:
2025/11/16 11:13:39.000   24.615049472  104.602164751   917.9486   2  27   0.0020   0.0058   0.0069   0.0010  -0.0039   0.0022   3.00    1.1 6541861

[TCP数据流] 2025/11/16 19:13:24 - 浮点解 (26颗卫星)
  ECEF: X=-1462904.9924 Y=5615309.0060 Z=2640750.7065
  LLH:  Lat=24.615049472° Lon=104.602164750° H=917.9497m
  原始数据:
2025/11/16 11:13:42.000   24.615049472  104.602164750   917.9497   2  26   0.0020   0.0058   0.0069   0.0010  -0.0039   0.0022   6.00    1.2 6541861

[TCP数据流] 2025/11/16 19:13:25 - 浮点解 (26颗卫星)
  ECEF: X=-1462904.9925 Y=5615309.0069 Z=2640750.7070
  LLH:  Lat=24.615049472° Lon=104.602164749° H=917.9507m
  原始数据:
2025/11/16 11:13:43.000   24.615049472  104.602164749   917.9507   2  26   0.0020   0.0058   0.0068   0.0010  -0.0039   0.0022   7.00    1.1 6541861

[TCP数据流] 2025/11/16 19:13:26 - 浮点解 (26颗卫星)
  ECEF: X=-1462904.9927 Y=5615309.0075 Z=2640750.7072
  LLH:  Lat=24.615049472° Lon=104.602164749° H=917.9513m
  原始数据:
2025/11/16 11:13:44.000   24.615049472  104.602164749   917.9513   2  26   0.0020   0.0058   0.0068   0.0010  -0.0039   0.0022   8.00    1.2 6541861

[TCP数据流] 2025/11/16 19:13:27 - 浮点解 (26颗卫星)
  ECEF: X=-1462904.9928 Y=5615309.0078 Z=2640750.7074
  LLH:  Lat=24.615049472° Lon=104.602164749° H=917.9517m
  原始数据:
2025/11/16 11:13:45.000   24.615049472  104.602164749   917.9517   2  26   0.0020   0.0058   0.0068   0.0010  -0.0039   0.0022   9.00    1.2 6541861

[TCP数据流] 2025/11/16 19:13:28 - 浮点解 (26颗卫星)
  ECEF: X=-1462904.9928 Y=5615309.0080 Z=2640750.7074
  LLH:  Lat=24.615049471° Lon=104.602164749° H=917.9519m
  原始数据:
2025/11/16 11:13:46.000   24.615049471  104.602164749   917.9519   2  26   0.0020   0.0058   0.0068   0.0010  -0.0039   0.0022  10.00    1.2 6541861

[TCP数据流] 2025/11/16 19:13:29 - 浮点解 (26颗卫星)
  ECEF: X=-1462904.9929 Y=5615309.0082 Z=2640750.7074
  LLH:  Lat=24.615049471° Lon=104.602164749° H=917.9521m
  原始数据:
2025/11/16 11:13:47.000   24.615049471  104.602164749   917.9521   2  26   0.0020   0.0058   0.0068   0.0010  -0.0039   0.0022  11.00    1.1 6541861

[TCP数据流] 2025/11/16 19:13:30 - 浮点解 (26颗卫星)
  ECEF: X=-1462904.9929 Y=5615309.0084 Z=2640750.7074
  LLH:  Lat=24.615049470° Lon=104.602164749° H=917.9522m
  原始数据:
2025/11/16 11:13:48.000   24.615049470  104.602164749   917.9522   2  26   0.0020   0.0058   0.0068   0.0010  -0.0039   0.0022  12.00    1.1 6541861

[TCP数据流] 2025/11/16 19:13:31 - 浮点解 (26颗卫星)
  ECEF: X=-1462904.9929 Y=5615309.0084 Z=2640750.7074
  LLH:  Lat=24.615049470° Lon=104.602164749° H=917.9523m
  原始数据:
2025/11/16 11:13:49.000   24.615049470  104.602164749   917.9523   2  26   0.0020   0.0058   0.0068   0.0010  -0.0039   0.0022  13.00    1.2 6541861

[TCP数据流] 2025/11/16 19:13:32 - 浮点解 (26颗卫星)
  ECEF: X=-1462904.9930 Y=5615309.0085 Z=2640750.7073
  LLH:  Lat=24.615049469° Lon=104.602164750° H=917.9523m
  原始数据:
2025/11/16 11:13:50.000   24.615049469  104.602164750   917.9523   2  26   0.0020   0.0058   0.0068   0.0010  -0.0039   0.0022  14.00    1.2 6541861

[TCP数据流] 2025/11/16 19:13:33 - 浮点解 (26颗卫星)
  ECEF: X=-1462904.9930 Y=5615309.0085 Z=2640750.7072
  LLH:  Lat=24.615049468° Lon=104.602164750° H=917.9523m
  原始数据:
2025/11/16 11:13:51.000   24.615049468  104.602164750   917.9523   2  26   0.0020   0.0058   0.0068   0.0010  -0.0039   0.0022  15.00    1.2 6541861

[TCP数据流] 2025/11/16 19:13:34 - 浮点解 (26颗卫星)
  ECEF: X=-1462904.9931 Y=5615309.0084 Z=2640750.7072
  LLH:  Lat=24.615049468° Lon=104.602164751° H=917.9522m
  原始数据:
2025/11/16 11:13:52.000   24.615049468  104.602164751   917.9522   2  26   0.0020   0.0058   0.0068   0.0010  -0.0039   0.0022  16.00    1.2 6541861

[TCP数据流] 2025/11/16 19:13:35 - 浮点解 (26颗卫星)
  ECEF: X=-1462904.9931 Y=5615309.0083 Z=2640750.7070
  LLH:  Lat=24.615049467° Lon=104.602164751° H=917.9521m
  原始数据:
2025/11/16 11:13:53.000   24.615049467  104.602164751   917.9521   2  26   0.0020   0.0058   0.0068   0.0010  -0.0039   0.0022  17.00    1.2 6541861

[TCP数据流] 2025/11/16 19:13:36 - 浮点解 (26颗卫星)
  ECEF: X=-1462904.9931 Y=5615309.0083 Z=2640750.7069
  LLH:  Lat=24.615049466° Lon=104.602164751° H=917.9520m
  原始数据:
2025/11/16 11:13:54.000   24.615049466  104.602164751   917.9520   2  26   0.0020   0.0058   0.0068   0.0010  -0.0039   0.0022  18.00    1.2 6541861

[TCP数据流] 2025/11/16 19:13:37 - 浮点解 (26颗卫星)
  ECEF: X=-1462904.9932 Y=5615309.0082 Z=2640750.7068
  LLH:  Lat=24.615049466° Lon=104.602164752° H=917.9519m
  原始数据:
2025/11/16 11:13:55.000   24.615049466  104.602164752   917.9519   2  26   0.0020   0.0058   0.0068   0.0010  -0.0039   0.0022  19.00    1.2 6541861

[TCP数据流] 2025/11/16 19:13:38 - 浮点解 (26颗卫星)
  ECEF: X=-1462904.9931 Y=5615309.0081 Z=2640750.7067
  LLH:  Lat=24.615049465° Lon=104.602164752° H=917.9517m
  原始数据:
2025/11/16 11:13:56.000   24.615049465  104.602164752   917.9517   2  26   0.0020   0.0058   0.0068   0.0010  -0.0039   0.0022  20.00    1.2 6541861

[TCP数据流] 2025/11/16 19:13:39 - 浮点解 (26颗卫星)
  ECEF: X=-1462904.9931 Y=5615309.0080 Z=2640750.7065
  LLH:  Lat=24.615049464° Lon=104.602164752° H=917.9516m
  原始数据:
2025/11/16 11:13:57.000   24.615049464  104.602164752   917.9516   2  26   0.0020   0.0058   0.0068   0.0010  -0.0039   0.0022  21.00    1.2 6541861

[TCP数据流] 2025/11/16 19:13:41 - 浮点解 (26颗卫星)
  ECEF: X=-1462904.9932 Y=5615309.0078 Z=2640750.7064
  LLH:  Lat=24.615049464° Lon=104.602164753° H=917.9514m
  原始数据:
2025/11/16 11:13:59.000   24.615049464  104.602164753   917.9514   2  26   0.0020   0.0058   0.0068   0.0010  -0.0039   0.0022  23.00    1.2 6541861

[TCP数据流] 2025/11/16 19:13:42 - 浮点解 (26颗卫星)
  ECEF: X=-1462904.9931 Y=5615309.0077 Z=2640750.7063
  LLH:  Lat=24.615049463° Lon=104.602164753° H=917.9512m
  原始数据:
2025/11/16 11:14:00.000   24.615049463  104.602164753   917.9512   2  26   0.0020   0.0058   0.0068   0.0010  -0.0039   0.0022  24.00    1.2 6541861

[TCP数据流] 2025/11/16 19:13:43 - 浮点解 (26颗卫星)
  ECEF: X=-1462904.9931 Y=5615309.0076 Z=2640750.7062
  LLH:  Lat=24.615049463° Lon=104.602164753° H=917.9511m
  原始数据:
2025/11/16 11:14:01.000   24.615049463  104.602164753   917.9511   2  26   0.0020   0.0058   0.0068   0.0010  -0.0039   0.0022  25.00    1.2 6541861

[TCP数据流] 2025/11/16 19:13:44 - 浮点解 (26颗卫星)
  ECEF: X=-1462904.9931 Y=5615309.0075 Z=2640750.7060
  LLH:  Lat=24.615049462° Lon=104.602164753° H=917.9509m
  原始数据:
2025/11/16 11:14:02.000   24.615049462  104.602164753   917.9509   2  26   0.0020   0.0058   0.0068   0.0010  -0.0039   0.0022  26.00    1.2 6541861

[TCP数据流] 2025/11/16 19:13:46 - 浮点解 (26颗卫星)
  ECEF: X=-1462904.9931 Y=5615309.0073 Z=2640750.7058
  LLH:  Lat=24.615049461° Lon=104.602164754° H=917.9507m
  原始数据:
2025/11/16 11:14:04.000   24.615049461  104.602164754   917.9507   2  26   0.0020   0.0058   0.0068   0.0010  -0.0039   0.0022  28.00    1.2 6541861

[TCP数据流] 2025/11/16 19:13:47 - 浮点解 (26颗卫星)
  ECEF: X=-1462904.9931 Y=5615309.0072 Z=2640750.7058
  LLH:  Lat=24.615049461° Lon=104.602164754° H=917.9506m
  原始数据:
2025/11/16 11:14:05.000   24.615049461  104.602164754   917.9506   2  26   0.0020   0.0058   0.0068   0.0010  -0.0039   0.0022  29.00    1.2 6541861

[TCP数据流] 2025/11/16 19:13:48 - 浮点解 (26颗卫星)
  ECEF: X=-1462904.9931 Y=5615309.0071 Z=2640750.7056
  LLH:  Lat=24.615049460° Lon=104.602164754° H=917.9504m
  原始数据:
2025/11/16 11:14:06.000   24.615049460  104.602164754   917.9504   2  26   0.0020   0.0058   0.0068   0.0010  -0.0039   0.0022  30.00    1.1 6541861

[TCP数据流] 2025/11/16 19:14:47 - 浮点解 (26颗卫星)
  ECEF: X=-1462904.9946 Y=5615309.0091 Z=2640750.7075
  LLH:  Lat=24.615049467° Lon=104.602164764° H=917.9533m
  原始数据:
2025/11/16 11:15:05.000   24.615049467  104.602164764   917.9533   2  26   0.0020   0.0058   0.0067   0.0010  -0.0039   0.0022   0.00    1.9 6541861

[TCP数据流] 2025/11/16 19:16:44 - 浮点解 (22颗卫星)
  ECEF: X=-1462904.9963 Y=5615309.0119 Z=2640750.7107
  LLH:  Lat=24.615049481° Lon=104.602164773° H=917.9575m
  原始数据:
2025/11/16 11:17:02.000   24.615049481  104.602164773   917.9575   2  22   0.0020   0.0058   0.0067   0.0010  -0.0039   0.0022   0.00    1.1 6541861

========== RTKRCV 退出 ==========
时间: 2025-11-16T11:17:42.965Z
退出码: null
信号: SIGTERM
================================

