
========== RTKRCV 启动 ==========
时间: 2025-11-16T10:22:39.856Z
配置文件: 8516405.conf
进程 PID: 3585758
================================


[TCP数据流] 2025/11/16 18:22:44 - 浮点解 (25颗卫星)
  ECEF: X=-1823663.2525 Y=5408623.9493 Z=2838120.3147
  LLH:  Lat=26.591922383° Lon=108.632919760° H=590.8275m
  原始数据:
2025/11/16 10:23:02.000   26.591922383  108.632919760   590.8275   2  25   0.7220   0.7263   2.5384   0.2195  -0.5938  -0.5502   0.00    0.0 8516405

[TCP数据流] 2025/11/16 18:22:45 - 浮点解 (25颗卫星)
  ECEF: X=-1823662.7405 Y=5408623.0162 Z=2838119.7629
  LLH:  Lat=26.591922163° Lon=108.632917882° H=589.6436m
  原始数据:
2025/11/16 10:23:03.000   26.591922163  108.632917882   589.6436   2  25   0.5241   0.5259   1.8508   0.1612  -0.4285  -0.4013   0.00    0.0 8516405

[TCP数据流] 2025/11/16 18:22:46 - 浮点解 (25颗卫星)
  ECEF: X=-1823662.2463 Y=5408621.8773 Z=2838119.0590
  LLH:  Lat=26.591921480° Lon=108.632916834° H=588.2222m
  原始数据:
2025/11/16 10:23:04.000   26.591921480  108.632916834   588.2222   2  25   0.4322   0.4334   1.5271   0.1330  -0.3524  -0.3321   1.00    0.0 8516405

[TCP数据流] 2025/11/16 18:22:47 - 浮点解 (25颗卫星)
  ECEF: X=-1823662.2064 Y=5408621.7051 Z=2838119.0535
  LLH:  Lat=26.591922146° Lon=108.632917007° H=588.0625m
  原始数据:
2025/11/16 10:23:05.000   26.591922146  108.632917007   588.0625   2  25   0.3758   0.3770   1.3271   0.1158  -0.3058  -0.2888   2.00    0.0 8516405

[TCP数据流] 2025/11/16 18:22:48 - 浮点解 (25颗卫星)
  ECEF: X=-1823662.0886 Y=5408621.3075 Z=2838118.8894
  LLH:  Lat=26.591922496° Lon=108.632917162° H=587.6185m
  原始数据:
2025/11/16 10:23:06.000   26.591922496  108.632917162   587.6185   2  25   0.3369   0.3381   1.1877   0.1039  -0.2733  -0.2588   3.00    0.0 8516405

[TCP数据流] 2025/11/16 18:22:49 - 浮点解 (25颗卫星)
  ECEF: X=-1823662.0132 Y=5408620.9553 Z=2838118.7407
  LLH:  Lat=26.591922742° Lon=108.632917574° H=587.2319m
  原始数据:
2025/11/16 10:23:07.000   26.591922742  108.632917574   587.2319   2  25   0.3080   0.3092   1.0832   0.0949  -0.2489  -0.2363   4.00    0.0 8516405

[TCP数据流] 2025/11/16 18:22:50 - 浮点解 (25颗卫星)
  ECEF: X=-1823661.9003 Y=5408620.4933 Z=2838118.4411
  LLH:  Lat=26.591922238° Lon=108.632917982° H=586.6741m
  原始数据:
2025/11/16 10:23:08.000   26.591922238  108.632917982   586.6741   2  25   0.2854   0.2866   1.0010   0.0880  -0.2298  -0.2186   5.00    0.0 8516405

[TCP数据流] 2025/11/16 18:22:51 - 浮点解 (25颗卫星)
  ECEF: X=-1823661.8596 Y=5408620.2417 Z=2838118.3010
  LLH:  Lat=26.591922123° Lon=108.632918402° H=586.3865m
  原始数据:
2025/11/16 10:23:09.000   26.591922123  108.632918402   586.3865   2  25   0.2671   0.2683   0.9342   0.0823  -0.2143  -0.2043   6.00    0.0 8516405

[TCP数据流] 2025/11/16 18:22:52 - 浮点解 (25颗卫星)
  ECEF: X=-1823661.7865 Y=5408619.9499 Z=2838118.1253
  LLH:  Lat=26.591921917° Lon=108.632918642° H=586.0397m
  原始数据:
2025/11/16 10:23:10.000   26.591921917  108.632918642   586.0397   2  25   0.2520   0.2531   0.8788   0.0776  -0.2013  -0.1925   7.00    0.0 8516405

[TCP数据流] 2025/11/16 18:22:53 - 浮点解 (25颗卫星)
  ECEF: X=-1823661.6953 Y=5408619.5628 Z=2838117.8726
  LLH:  Lat=26.591921477° Lon=108.632919016° H=585.5725m
  原始数据:
2025/11/16 10:23:11.000   26.591921477  108.632919016   585.5725   2  25   0.2391   0.2402   0.8316   0.0736  -0.1904  -0.1824   8.00    0.0 8516405

[TCP数据流] 2025/11/16 18:22:54 - 浮点解 (25颗卫星)
  ECEF: X=-1823661.6067 Y=5408619.2231 Z=2838117.6534
  LLH:  Lat=26.591921123° Lon=108.632919263° H=585.1613m
  原始数据:
2025/11/16 10:23:12.000   26.591921123  108.632919263   585.1613   2  25   0.2280   0.2291   0.7910   0.0701  -0.1809  -0.1737   9.00    0.0 8516405

[TCP数据流] 2025/11/16 18:22:55 - 浮点解 (25颗卫星)
  ECEF: X=-1823661.5578 Y=5408618.8759 Z=2838117.4686
  LLH:  Lat=26.591921023° Lon=108.632919911° H=584.7704m
  原始数据:
2025/11/16 10:23:13.000   26.591921023  108.632919911   584.7704   2  25   0.2183   0.2194   0.7555   0.0671  -0.1727  -0.1662  10.00    0.0 8516405

[TCP数据流] 2025/11/16 18:22:56 - 浮点解 (25颗卫星)
  ECEF: X=-1823661.4699 Y=5408618.5762 Z=2838117.3052
  LLH:  Lat=26.591920966° Lon=108.632920037° H=584.4182m
  原始数据:
2025/11/16 10:23:14.000   26.591920966  108.632920037   584.4182   2  25   0.2097   0.2108   0.7242   0.0645  -0.1654  -0.1595  11.00    0.0 8516405

[TCP数据流] 2025/11/16 18:22:57 - 浮点解 (25颗卫星)
  ECEF: X=-1823661.4108 Y=5408618.3281 Z=2838117.1630
  LLH:  Lat=26.591920844° Lon=108.632920270° H=584.1274m
  原始数据:
2025/11/16 10:23:15.000   26.591920844  108.632920270   584.1274   2  25   0.2021   0.2032   0.6963   0.0622  -0.1589  -0.1535  12.00    0.0 8516405

[TCP数据流] 2025/11/16 18:22:58 - 浮点解 (25颗卫星)
  ECEF: X=-1823661.3944 Y=5408618.0845 Z=2838117.0283
  LLH:  Lat=26.591920711° Lon=108.632920895° H=583.8560m
  原始数据:
2025/11/16 10:23:16.000   26.591920711  108.632920895   583.8560   2  25   0.1953   0.1963   0.6713   0.0600  -0.1531  -0.1483  13.00    0.0 8516405

[TCP数据流] 2025/11/16 18:22:59 - 浮点解 (25颗卫星)
  ECEF: X=-1823661.3395 Y=5408617.8634 Z=2838116.8773
  LLH:  Lat=26.591920409° Lon=108.632921082° H=583.5854m
  原始数据:
2025/11/16 10:23:17.000   26.591920409  108.632921082   583.5854   2  25   0.1891   0.1901   0.6487   0.0581  -0.1479  -0.1435  14.00    0.0 8516405

[TCP数据流] 2025/11/16 18:23:00 - 浮点解 (25颗卫星)
  ECEF: X=-1823661.2762 Y=5408617.6544 Z=2838116.7227
  LLH:  Lat=26.591920044° Lon=108.632921151° H=583.3210m
  原始数据:
2025/11/16 10:23:18.000   26.591920044  108.632921151   583.3210   2  25   0.1834   0.1845   0.6281   0.0563  -0.1431  -0.1391  15.00    0.0 8516405

[TCP数据流] 2025/11/16 18:23:01 - 浮点解 (25颗卫星)
  ECEF: X=-1823661.2361 Y=5408617.4406 Z=2838116.5947
  LLH:  Lat=26.591919881° Lon=108.632921455° H=583.0711m
  原始数据:
2025/11/16 10:23:19.000   26.591919881  108.632921455   583.0711   2  25   0.1782   0.1793   0.6093   0.0547  -0.1387  -0.1350  16.00    0.0 8516405

[TCP数据流] 2025/11/16 18:23:02 - 浮点解 (25颗卫星)
  ECEF: X=-1823661.2234 Y=5408617.3311 Z=2838116.5195
  LLH:  Lat=26.591919709° Lon=108.632921685° H=582.9410m
  原始数据:
2025/11/16 10:23:20.000   26.591919709  108.632921685   582.9410   2  25   0.1735   0.1745   0.5917   0.0533  -0.1350  -0.1314  17.00    0.0 8516405

[TCP数据流] 2025/11/16 18:23:03 - 浮点解 (25颗卫星)
  ECEF: X=-1823661.2128 Y=5408617.2270 Z=2838116.4441
  LLH:  Lat=26.591919513° Lon=108.632921918° H=582.8160m
  原始数据:
2025/11/16 10:23:21.000   26.591919513  108.632921918   582.8160   2  25   0.1691   0.1700   0.5754   0.0519  -0.1315  -0.1279  18.00    0.0 8516405

[TCP数据流] 2025/11/16 18:23:04 - 浮点解 (20颗卫星)
  ECEF: X=-1823661.2389 Y=5408617.3035 Z=2838116.4674
  LLH:  Lat=26.591919375° Lon=108.632921921° H=582.8987m
  原始数据:
2025/11/16 10:23:22.000   26.591919375  108.632921921   582.8987   2  20   0.1664   0.1677   0.5621   0.0515  -0.1290  -0.1261  19.00    0.0 8516405

[TCP数据流] 2025/11/16 18:23:05 - 浮点解 (25颗卫星)
  ECEF: X=-1823661.2280 Y=5408617.1895 Z=2838116.3818
  LLH:  Lat=26.591919134° Lon=108.632922183° H=582.7607m
  原始数据:
2025/11/16 10:23:23.000   26.591919134  108.632922183   582.7607   2  25   0.1625   0.1638   0.5480   0.0502  -0.1259  -0.1231  20.00    0.0 8516405

[TCP数据流] 2025/11/16 18:23:06 - 浮点解 (25颗卫星)
  ECEF: X=-1823661.2181 Y=5408617.0320 Z=2838116.2890
  LLH:  Lat=26.591919001° Lon=108.632922594° H=582.5829m
  原始数据:
2025/11/16 10:23:24.000   26.591919001  108.632922594   582.5829   2  25   0.1588   0.1601   0.5349   0.0491  -0.1230  -0.1202  21.00    0.0 8516405

[TCP数据流] 2025/11/16 18:23:07 - 浮点解 (25颗卫星)
  ECEF: X=-1823661.2126 Y=5408616.8870 Z=2838116.2129
  LLH:  Lat=26.591918949° Lon=108.632923007° H=582.4244m
  原始数据:
2025/11/16 10:23:25.000   26.591918949  108.632923007   582.4244   2  25   0.1554   0.1566   0.5226   0.0480  -0.1203  -0.1176  22.00    0.0 8516405

[TCP数据流] 2025/11/16 18:23:08 - 浮点解 (25颗卫星)
  ECEF: X=-1823661.1926 Y=5408616.7114 Z=2838116.1170
  LLH:  Lat=26.591918873° Lon=108.632923380° H=582.2269m
  原始数据:
2025/11/16 10:23:26.000   26.591918873  108.632923380   582.2269   2  25   0.1522   0.1534   0.5111   0.0470  -0.1178  -0.1151  23.00    0.0 8516405

[TCP数据流] 2025/11/16 18:23:09 - 浮点解 (26颗卫星)
  ECEF: X=-1823661.1849 Y=5408616.5841 Z=2838116.0455
  LLH:  Lat=26.591918793° Lon=108.632923715° H=582.0849m
  原始数据:
2025/11/16 10:23:27.000   26.591918793  108.632923715   582.0849   2  26   0.1492   0.1503   0.5003   0.0461  -0.1153  -0.1128  24.00    1.0 8516405

[TCP数据流] 2025/11/16 18:23:10 - 浮点解 (26颗卫星)
  ECEF: X=-1823661.1571 Y=5408616.4303 Z=2838115.9470
  LLH:  Lat=26.591918623° Lon=108.632923944° H=581.9025m
  原始数据:
2025/11/16 10:23:28.000   26.591918623  108.632923944   581.9025   2  26   0.1464   0.1475   0.4902   0.0452  -0.1131  -0.1106  25.00    1.0 8516405

[TCP数据流] 2025/11/16 18:23:11 - 浮点解 (26颗卫星)
  ECEF: X=-1823661.1246 Y=5408616.2949 Z=2838115.8591
  LLH:  Lat=26.591918474° Lon=108.632924069° H=581.7392m
  原始数据:
2025/11/16 10:23:29.000   26.591918474  108.632924069   581.7392   2  26   0.1437   0.1447   0.4806   0.0444  -0.1109  -0.1085  26.00    1.0 8516405

[TCP数据流] 2025/11/16 18:23:12 - 浮点解 (26颗卫星)
  ECEF: X=-1823661.1017 Y=5408616.1915 Z=2838115.7831
  LLH:  Lat=26.591918286° Lon=108.632924182° H=581.6110m
  原始数据:
2025/11/16 10:23:30.000   26.591918286  108.632924182   581.6110   2  26   0.1412   0.1422   0.4715   0.0436  -0.1089  -0.1065  27.00    1.1 8516405

[TCP数据流] 2025/11/16 18:23:13 - 浮点解 (26颗卫星)
  ECEF: X=-1823661.0741 Y=5408616.0610 Z=2838115.7160
  LLH:  Lat=26.591918280° Lon=108.632924339° H=581.4625m
  原始数据:
2025/11/16 10:23:31.000   26.591918280  108.632924339   581.4625   2  26   0.1388   0.1398   0.4631   0.0428  -0.1068  -0.1047  28.00    1.1 8516405

[TCP数据流] 2025/11/16 18:23:14 - 浮点解 (26颗卫星)
  ECEF: X=-1823661.0340 Y=5408615.9441 Z=2838115.6388
  LLH:  Lat=26.591918156° Lon=108.632924332° H=581.3174m
  原始数据:
2025/11/16 10:23:32.000   26.591918156  108.632924332   581.3174   2  26   0.1365   0.1375   0.4551   0.0421  -0.1049  -0.1029  29.00    1.0 8516405

[TCP数据流] 2025/11/16 18:23:15 - 浮点解 (20颗卫星)
  ECEF: X=-1823661.0186 Y=5408615.9365 Z=2838115.6273
  LLH:  Lat=26.591918112° Lon=108.632924210° H=581.3014m
  原始数据:
2025/11/16 10:23:33.000   26.591918112  108.632924210   581.3014   2  20   0.1350   0.1363   0.4484   0.0418  -0.1035  -0.1020  30.00    1.1 8516405

[TCP数据流] 2025/11/16 18:23:37 - 浮点解 (25颗卫星)
  ECEF: X=-1823661.9282 Y=5408619.5171 Z=2838117.5577
  LLH:  Lat=26.591918810° Lon=108.632921378° H=585.4594m
  原始数据:
2025/11/16 10:23:55.000   26.591918810  108.632921378   585.4594   2  25   0.1105   0.1179   0.3017   0.0304  -0.0527  -0.0521   8.00    1.1 8516405

[TCP数据流] 2025/11/16 18:23:38 - 浮点解 (25颗卫星)
  ECEF: X=-1823661.9341 Y=5408619.5186 Z=2838117.5620
  LLH:  Lat=26.591918831° Lon=108.632921429° H=585.4643m
  原始数据:
2025/11/16 10:23:56.000   26.591918831  108.632921429   585.4643   2  25   0.1090   0.1164   0.2973   0.0299  -0.0517  -0.0512   9.00    1.2 8516405

[TCP数据流] 2025/11/16 18:23:39 - 浮点解 (25颗卫星)
  ECEF: X=-1823661.9290 Y=5408619.5174 Z=2838117.5596
  LLH:  Lat=26.591918823° Lon=108.632921385° H=585.4608m
  原始数据:
2025/11/16 10:23:57.000   26.591918823  108.632921385   585.4608   2  25   0.1077   0.1150   0.2933   0.0295  -0.0508  -0.0504  10.00    1.4 8516405

[TCP数据流] 2025/11/16 18:23:40 - 浮点解 (25颗卫星)
  ECEF: X=-1823661.9305 Y=5408619.4993 Z=2838117.5441
  LLH:  Lat=26.591918765° Lon=108.632921457° H=585.4389m
  原始数据:
2025/11/16 10:23:58.000   26.591918765  108.632921457   585.4389   2  25   0.1064   0.1136   0.2897   0.0292  -0.0501  -0.0497  11.00    1.4 8516405

[TCP数据流] 2025/11/16 18:23:41 - 浮点解 (25颗卫星)
  ECEF: X=-1823661.9266 Y=5408619.4732 Z=2838117.5302
  LLH:  Lat=26.591918758° Lon=108.632921504° H=585.4095m
  原始数据:
2025/11/16 10:23:59.000   26.591918758  108.632921504   585.4095   2  25   0.1052   0.1123   0.2864   0.0288  -0.0495  -0.0492  12.00    1.7 8516405

[TCP数据流] 2025/11/16 18:23:42 - 浮点解 (25颗卫星)
  ECEF: X=-1823661.9172 Y=5408619.4422 Z=2838117.5143
  LLH:  Lat=26.591918761° Lon=108.632921514° H=585.3734m
  原始数据:
2025/11/16 10:24:00.000   26.591918761  108.632921514   585.3734   2  25   0.1041   0.1111   0.2833   0.0285  -0.0489  -0.0487  13.00    1.3 8516405

[TCP数据流] 2025/11/16 18:23:43 - 浮点解 (25颗卫星)
  ECEF: X=-1823661.8995 Y=5408619.3990 Z=2838117.4852
  LLH:  Lat=26.591918714° Lon=108.632921484° H=585.3187m
  原始数据:
2025/11/16 10:24:01.000   26.591918714  108.632921484   585.3187   2  25   0.1030   0.1099   0.2804   0.0282  -0.0485  -0.0482  14.00    1.3 8516405

[TCP数据流] 2025/11/16 18:23:44 - 浮点解 (25颗卫星)
  ECEF: X=-1823661.8956 Y=5408619.3731 Z=2838117.4682
  LLH:  Lat=26.591918681° Lon=108.632921530° H=585.2880m
  原始数据:
2025/11/16 10:24:02.000   26.591918681  108.632921530   585.2880   2  25   0.1019   0.1087   0.2777   0.0279  -0.0481  -0.0479  15.00    1.3 8516405

[TCP数据流] 2025/11/16 18:23:45 - 浮点解 (25颗卫星)
  ECEF: X=-1823661.9036 Y=5408619.3536 Z=2838117.4637
  LLH:  Lat=26.591918709° Lon=108.632921668° H=585.2718m
  原始数据:
2025/11/16 10:24:03.000   26.591918709  108.632921668   585.2718   2  25   0.1009   0.1075   0.2751   0.0276  -0.0478  -0.0475  16.00    1.6 8516405

[TCP数据流] 2025/11/16 18:23:46 - 浮点解 (25颗卫星)
  ECEF: X=-1823661.9055 Y=5408619.3160 Z=2838117.4396
  LLH:  Lat=26.591918656° Lon=108.632921807° H=585.2297m
  原始数据:
2025/11/16 10:24:04.000   26.591918656  108.632921807   585.2297   2  25   0.0999   0.1064   0.2726   0.0273  -0.0476  -0.0472  17.00    1.5 8516405

[TCP数据流] 2025/11/16 18:23:47 - 浮点解 (25颗卫星)
  ECEF: X=-1823661.9042 Y=5408619.2765 Z=2838117.4201
  LLH:  Lat=26.591918652° Lon=108.632921922° H=585.1871m
  原始数据:
2025/11/16 10:24:05.000   26.591918652  108.632921922   585.1871   2  25   0.0990   0.1054   0.2702   0.0271  -0.0473  -0.0469  18.00    1.4 8516405

[TCP数据流] 2025/11/16 18:23:48 - 浮点解 (25颗卫星)
  ECEF: X=-1823661.8922 Y=5408619.2304 Z=2838117.3926
  LLH:  Lat=26.591918622° Lon=108.632921955° H=585.1323m
  原始数据:
2025/11/16 10:24:06.000   26.591918622  108.632921955   585.1323   2  25   0.0980   0.1043   0.2680   0.0268  -0.0471  -0.0466  19.00    1.6 8516405

[TCP数据流] 2025/11/16 18:23:49 - 浮点解 (25颗卫星)
  ECEF: X=-1823661.8846 Y=5408619.1890 Z=2838117.3693
  LLH:  Lat=26.591918602° Lon=108.632922016° H=585.0846m
  原始数据:
2025/11/16 10:24:07.000   26.591918602  108.632922016   585.0846   2  25   0.0971   0.1033   0.2658   0.0266  -0.0469  -0.0464  20.00    1.1 8516405

[TCP数据流] 2025/11/16 18:23:50 - 浮点解 (25颗卫星)
  ECEF: X=-1823661.8705 Y=5408619.1402 Z=2838117.3324
  LLH:  Lat=26.591918509° Lon=108.632922038° H=585.0227m
  原始数据:
2025/11/16 10:24:08.000   26.591918509  108.632922038   585.0227   2  25   0.0963   0.1024   0.2637   0.0264  -0.0467  -0.0462  21.00    1.5 8516405

[TCP数据流] 2025/11/16 18:23:51 - 浮点解 (25颗卫星)
  ECEF: X=-1823661.8619 Y=5408619.0932 Z=2838117.3057
  LLH:  Lat=26.591918485° Lon=108.632922107° H=584.9685m
  原始数据:
2025/11/16 10:24:09.000   26.591918485  108.632922107   584.9685   2  25   0.0954   0.1014   0.2617   0.0262  -0.0465  -0.0460  22.00    1.4 8516405

[TCP数据流] 2025/11/16 18:23:52 - 浮点解 (25颗卫星)
  ECEF: X=-1823661.8528 Y=5408619.0467 Z=2838117.2788
  LLH:  Lat=26.591918457° Lon=108.632922170° H=584.9144m
  原始数据:
2025/11/16 10:24:10.000   26.591918457  108.632922170   584.9144   2  25   0.0946   0.1005   0.2598   0.0260  -0.0464  -0.0458  23.00    1.1 8516405

[TCP数据流] 2025/11/16 18:23:53 - 浮点解 (25颗卫星)
  ECEF: X=-1823661.8377 Y=5408619.0045 Z=2838117.2543
  LLH:  Lat=26.591918441° Lon=108.632922162° H=584.8634m
  原始数据:
2025/11/16 10:24:11.000   26.591918441  108.632922162   584.8634   2  25   0.0938   0.0996   0.2579   0.0257  -0.0462  -0.0456  24.00    1.6 8516405

[TCP数据流] 2025/11/16 18:23:54 - 浮点解 (25颗卫星)
  ECEF: X=-1823661.8273 Y=5408618.9626 Z=2838117.2293
  LLH:  Lat=26.591918413° Lon=108.632922197° H=584.8137m
  原始数据:
2025/11/16 10:24:12.000   26.591918413  108.632922197   584.8137   2  25   0.0931   0.0987   0.2560   0.0256  -0.0460  -0.0454  25.00    1.4 8516405

[TCP数据流] 2025/11/16 18:23:55 - 浮点解 (25颗卫星)
  ECEF: X=-1823661.8987 Y=5408619.3413 Z=2838117.4997
  LLH:  Lat=26.591919053° Lon=108.632921661° H=585.2761m
  原始数据:
2025/11/16 10:24:13.000   26.591919053  108.632921661   585.2761   2  25   0.0911   0.0975   0.2442   0.0249  -0.0405  -0.0400   0.00    1.1 8516405

[TCP数据流] 2025/11/16 18:23:57 - 浮点解 (25颗卫星)
  ECEF: X=-1823661.9478 Y=5408619.6137 Z=2838117.7078
  LLH:  Lat=26.591919626° Lon=108.632921255° H=585.6140m
  原始数据:
2025/11/16 10:24:15.000   26.591919626  108.632921255   585.6140   2  25   0.0893   0.0965   0.2345   0.0244  -0.0356  -0.0354   1.00    1.3 8516405

[TCP数据流] 2025/11/16 18:23:58 - 浮点解 (19颗卫星)
  ECEF: X=-1823661.9878 Y=5408619.7797 Z=2838117.8338
  LLH:  Lat=26.591919956° Lon=108.632921103° H=585.8226m
  原始数据:
2025/11/16 10:24:16.000   26.591919956  108.632921103   585.8226   2  19   0.0880   0.0956   0.2273   0.0237  -0.0326  -0.0331   2.00    1.0 8516405

[TCP数据流] 2025/11/16 18:23:59 - 浮点解 (25颗卫星)
  ECEF: X=-1823662.0096 Y=5408619.8886 Z=2838117.9220
  LLH:  Lat=26.591920223° Lon=108.632920961° H=585.9605m
  原始数据:
2025/11/16 10:24:17.000   26.591920223  108.632920961   585.9605   2  25   0.0867   0.0946   0.2214   0.0234  -0.0296  -0.0303   3.00    1.1 8516405

[TCP数据流] 2025/11/16 18:24:00 - 浮点解 (25颗卫星)
  ECEF: X=-1823662.0308 Y=5408619.9882 Z=2838117.9961
  LLH:  Lat=26.591920412° Lon=108.632920843° H=586.0842m
  原始数据:
2025/11/16 10:24:18.000   26.591920412  108.632920843   586.0842   2  25   0.0856   0.0938   0.2165   0.0230  -0.0275  -0.0289   4.00    1.1 8516405

[TCP数据流] 2025/11/16 18:24:01 - 浮点解 (25颗卫星)
  ECEF: X=-1823662.0406 Y=5408620.0460 Z=2838118.0404
  LLH:  Lat=26.591920536° Lon=108.632920751° H=586.1558m
  原始数据:
2025/11/16 10:24:19.000   26.591920536  108.632920751   586.1558   2  25   0.0846   0.0929   0.2127   0.0228  -0.0258  -0.0272   5.00    1.0 8516405

[TCP数据流] 2025/11/16 18:24:02 - 浮点解 (25颗卫星)
  ECEF: X=-1823662.0410 Y=5408620.0693 Z=2838118.0603
  LLH:  Lat=26.591920607° Lon=108.632920680° H=586.1845m
  原始数据:
2025/11/16 10:24:20.000   26.591920607  108.632920680   586.1845   2  25   0.0838   0.0922   0.2096   0.0226  -0.0245  -0.0260   6.00    1.0 8516405

[TCP数据流] 2025/11/16 18:24:03 - 浮点解 (25颗卫星)
  ECEF: X=-1823662.0472 Y=5408620.0943 Z=2838118.0783
  LLH:  Lat=26.591920648° Lon=108.632920659° H=586.2155m
  原始数据:
2025/11/16 10:24:21.000   26.591920648  108.632920659   586.2155   2  25   0.0830   0.0914   0.2070   0.0224  -0.0235  -0.0250   7.00    1.0 8516405

[TCP数据流] 2025/11/16 18:24:04 - 浮点解 (25颗卫星)
  ECEF: X=-1823662.0517 Y=5408620.1048 Z=2838118.0874
  LLH:  Lat=26.591920676° Lon=108.632920668° H=586.2298m
  原始数据:
2025/11/16 10:24:22.000   26.591920676  108.632920668   586.2298   2  25   0.0823   0.0907   0.2048   0.0222  -0.0228  -0.0242   8.00    1.1 8516405

[TCP数据流] 2025/11/16 18:24:05 - 浮点解 (25颗卫星)
  ECEF: X=-1823662.0515 Y=5408620.1076 Z=2838118.0899
  LLH:  Lat=26.591920685° Lon=108.632920657° H=586.2332m
  原始数据:
2025/11/16 10:24:23.000   26.591920685  108.632920657   586.2332   2  25   0.0817   0.0900   0.2028   0.0220  -0.0222  -0.0236   9.00    1.0 8516405

[TCP数据流] 2025/11/16 18:24:06 - 浮点解 (25颗卫星)
  ECEF: X=-1823662.0507 Y=5408620.1054 Z=2838118.0892
  LLH:  Lat=26.591920689° Lon=108.632920657° H=586.2308m
  原始数据:
2025/11/16 10:24:24.000   26.591920689  108.632920657   586.2308   2  25   0.0810   0.0893   0.2011   0.0219  -0.0218  -0.0232  10.00    1.0 8516405

[TCP数据流] 2025/11/16 18:24:07 - 浮点解 (25颗卫星)
  ECEF: X=-1823662.0484 Y=5408620.0936 Z=2838118.0799
  LLH:  Lat=26.591920662° Lon=108.632920673° H=586.2160m
  原始数据:
2025/11/16 10:24:25.000   26.591920662  108.632920673   586.2160   2  25   0.0804   0.0887   0.1995   0.0217  -0.0216  -0.0228  11.00    1.1 8516405

[TCP数据流] 2025/11/16 18:24:08 - 浮点解 (25颗卫星)
  ECEF: X=-1823662.0427 Y=5408620.0811 Z=2838118.0733
  LLH:  Lat=26.591920664° Lon=108.632920659° H=586.2008m
  原始数据:
2025/11/16 10:24:26.000   26.591920664  108.632920659   586.2008   2  25   0.0799   0.0880   0.1981   0.0216  -0.0214  -0.0226  12.00    1.1 8516405

[TCP数据流] 2025/11/16 18:24:09 - 浮点解 (25颗卫星)
  ECEF: X=-1823662.0388 Y=5408620.0680 Z=2838118.0580
  LLH:  Lat=26.591920596° Lon=108.632920663° H=586.1818m
  原始数据:
2025/11/16 10:24:27.000   26.591920596  108.632920663   586.1818   2  25   0.0794   0.0874   0.1967   0.0214  -0.0212  -0.0224  13.00    1.2 8516405

[TCP数据流] 2025/11/16 18:24:10 - 浮点解 (25颗卫星)
  ECEF: X=-1823662.0392 Y=5408620.0579 Z=2838118.0498
  LLH:  Lat=26.591920568° Lon=108.632920700° H=586.1697m
  原始数据:
2025/11/16 10:24:28.000   26.591920568  108.632920700   586.1697   2  25   0.0788   0.0868   0.1955   0.0213  -0.0212  -0.0222  14.00    1.3 8516405

[TCP数据流] 2025/11/16 18:24:11 - 浮点解 (25颗卫星)
  ECEF: X=-1823662.0367 Y=5408620.0494 Z=2838118.0366
  LLH:  Lat=26.591920497° Lon=108.632920703° H=586.1558m
  原始数据:
2025/11/16 10:24:29.000   26.591920497  108.632920703   586.1558   2  25   0.0783   0.0862   0.1943   0.0212  -0.0212  -0.0221  15.00    1.3 8516405

[TCP数据流] 2025/11/16 18:24:12 - 浮点解 (26颗卫星)
  ECEF: X=-1823662.0292 Y=5408620.0314 Z=2838118.0198
  LLH:  Lat=26.591920440° Lon=108.632920690° H=586.1309m
  原始数据:
2025/11/16 10:24:30.000   26.591920440  108.632920690   586.1309   2  26   0.0778   0.0856   0.1932   0.0210  -0.0212  -0.0220  16.00    1.1 8516405

[TCP数据流] 2025/11/16 18:24:13 - 浮点解 (26颗卫星)
  ECEF: X=-1823662.0219 Y=5408620.0116 Z=2838118.0076
  LLH:  Lat=26.591920427° Lon=108.632920683° H=586.1066m
  原始数据:
2025/11/16 10:24:31.000   26.591920427  108.632920683   586.1066   2  26   0.0773   0.0850   0.1921   0.0209  -0.0212  -0.0220  17.00    1.3 8516405

[TCP数据流] 2025/11/16 18:24:14 - 浮点解 (25颗卫星)
  ECEF: X=-1823662.0151 Y=5408619.9955 Z=2838117.9933
  LLH:  Lat=26.591920382° Lon=108.632920670° H=586.0846m
  原始数据:
2025/11/16 10:24:32.000   26.591920382  108.632920670   586.0846   2  25   0.0769   0.0845   0.1911   0.0208  -0.0213  -0.0220  18.00    1.4 8516405

[TCP数据流] 2025/11/16 18:24:15 - 浮点解 (25颗卫星)
  ECEF: X=-1823662.0127 Y=5408619.9758 Z=2838117.9765
  LLH:  Lat=26.591920325° Lon=108.632920711° H=586.0597m
  原始数据:
2025/11/16 10:24:33.000   26.591920325  108.632920711   586.0597   2  25   0.0764   0.0839   0.1901   0.0206  -0.0214  -0.0219  19.00    1.3 8516405

[TCP数据流] 2025/11/16 18:24:16 - 浮点解 (25颗卫星)
  ECEF: X=-1823662.0047 Y=5408619.9533 Z=2838117.9584
  LLH:  Lat=26.591920275° Lon=108.632920707° H=586.0303m
  原始数据:
2025/11/16 10:24:34.000   26.591920275  108.632920707   586.0303   2  25   0.0760   0.0834   0.1892   0.0205  -0.0215  -0.0220  20.00    1.4 8516405

[TCP数据流] 2025/11/16 18:24:17 - 浮点解 (26颗卫星)
  ECEF: X=-1823661.9999 Y=5408619.9319 Z=2838117.9413
  LLH:  Lat=26.591920225° Lon=108.632920730° H=586.0031m
  原始数据:
2025/11/16 10:24:35.000   26.591920225  108.632920730   586.0031   2  26   0.0756   0.0829   0.1883   0.0204  -0.0216  -0.0220  21.00    1.3 8516405

[TCP数据流] 2025/11/16 18:24:19 - 浮点解 (20颗卫星)
  ECEF: X=-1823662.0001 Y=5408619.9290 Z=2838117.9357
  LLH:  Lat=26.591920191° Lon=108.632920741° H=585.9982m
  原始数据:
2025/11/16 10:24:37.000   26.591920191  108.632920741   585.9982   2  20   0.0753   0.0826   0.1876   0.0204  -0.0216  -0.0220  23.00    1.0 8516405

[TCP数据流] 2025/11/16 18:24:20 - 浮点解 (26颗卫星)
  ECEF: X=-1823661.9965 Y=5408619.9050 Z=2838117.9191
  LLH:  Lat=26.591920153° Lon=108.632920784° H=585.9694m
  原始数据:
2025/11/16 10:24:38.000   26.591920153  108.632920784   585.9694   2  26   0.0749   0.0821   0.1867   0.0203  -0.0218  -0.0220  24.00    1.0 8516405

[TCP数据流] 2025/11/16 18:24:21 - 浮点解 (26颗卫星)
  ECEF: X=-1823661.9896 Y=5408619.8754 Z=2838117.8955
  LLH:  Lat=26.591920085° Lon=108.632920813° H=585.9318m
  原始数据:
2025/11/16 10:24:39.000   26.591920085  108.632920813   585.9318   2  26   0.0745   0.0816   0.1859   0.0202  -0.0219  -0.0221  25.00    1.0 8516405

[TCP数据流] 2025/11/16 18:24:22 - 浮点解 (26颗卫星)
  ECEF: X=-1823661.9873 Y=5408619.8518 Z=2838117.8778
  LLH:  Lat=26.591920036° Lon=108.632920867° H=585.9032m
  原始数据:
2025/11/16 10:24:40.000   26.591920036  108.632920867   585.9032   2  26   0.0741   0.0811   0.1851   0.0201  -0.0220  -0.0222  26.00    1.0 8516405

[TCP数据流] 2025/11/16 18:24:23 - 浮点解 (20颗卫星)
  ECEF: X=-1823661.9887 Y=5408619.8519 Z=2838117.8744
  LLH:  Lat=26.591920006° Lon=108.632920880° H=585.9022m
  原始数据:
2025/11/16 10:24:41.000   26.591920006  108.632920880   585.9022   2  20   0.0738   0.0809   0.1844   0.0200  -0.0221  -0.0222  27.00    1.0 8516405

[TCP数据流] 2025/11/16 18:24:24 - 浮点解 (26颗卫星)
  ECEF: X=-1823661.9883 Y=5408619.8284 Z=2838117.8554
  LLH:  Lat=26.591919943° Lon=108.632920952° H=585.8736m
  原始数据:
2025/11/16 10:24:42.000   26.591919943  108.632920952   585.8736   2  26   0.0734   0.0804   0.1837   0.0199  -0.0222  -0.0223  28.00    1.0 8516405

[TCP数据流] 2025/11/16 18:24:25 - 浮点解 (26颗卫星)
  ECEF: X=-1823661.9850 Y=5408619.8034 Z=2838117.8367
  LLH:  Lat=26.591919892° Lon=108.632921000° H=585.8431m
  原始数据:
2025/11/16 10:24:43.000   26.591919892  108.632921000   585.8431   2  26   0.0730   0.0799   0.1830   0.0198  -0.0223  -0.0223  29.00    1.0 8516405

[TCP数据流] 2025/11/16 18:24:26 - 浮点解 (26颗卫星)
  ECEF: X=-1823661.9795 Y=5408619.7741 Z=2838117.8138
  LLH:  Lat=26.591919827° Lon=108.632921042° H=585.8065m
  原始数据:
2025/11/16 10:24:44.000   26.591919827  108.632921042   585.8065   2  26   0.0727   0.0795   0.1823   0.0197  -0.0225  -0.0224  30.00    1.0 8516405

[TCP数据流] 2025/11/16 18:24:54 - 浮点解 (26颗卫星)
  ECEF: X=-1823662.0608 Y=5408620.2352 Z=2838118.1526
  LLH:  Lat=26.591920691° Lon=108.632920336° H=586.3721m
  原始数据:
2025/11/16 10:25:12.000   26.591920691  108.632920336   586.3721   2  26   0.0701   0.0785   0.1679   0.0194  -0.0081  -0.0115   0.00    1.1 8516405

[TCP数据流] 2025/11/16 18:24:55 - 浮点解 (26颗卫星)
  ECEF: X=-1823662.1175 Y=5408620.5632 Z=2838118.4075
  LLH:  Lat=26.591921419° Lon=108.632919824° H=586.7803m
  原始数据:
2025/11/16 10:25:13.000   26.591921419  108.632919824   586.7803   2  26   0.0680   0.0777   0.1572   0.0193   0.0152   0.0100   0.00    1.1 8516405

[TCP数据流] 2025/11/16 18:24:56 - 浮点解 (26颗卫星)
  ECEF: X=-1823662.1537 Y=5408620.8096 Z=2838118.6082
  LLH:  Lat=26.591922049° Lon=108.632919378° H=587.0893m
  原始数据:
2025/11/16 10:25:14.000   26.591922049  108.632919378   587.0893   2  26   0.0662   0.0770   0.1488   0.0192   0.0210   0.0159   0.00    1.1 8516405

[TCP数据流] 2025/11/16 18:24:57 - 浮点解 (26颗卫星)
  ECEF: X=-1823662.1784 Y=5408620.9907 Z=2838118.7667
  LLH:  Lat=26.591922603° Lon=108.632919032° H=587.3207m
  原始数据:
2025/11/16 10:25:15.000   26.591922603  108.632919032   587.3207   2  26   0.0645   0.0763   0.1420   0.0192   0.0245   0.0189   0.00    1.1 8516405

[TCP数据流] 2025/11/16 18:24:58 - 浮点解 (20颗卫星)
  ECEF: X=-1823662.1860 Y=5408621.0506 Z=2838118.8240
  LLH:  Lat=26.591922826° Lon=108.632918912° H=587.3993m
  原始数据:
2025/11/16 10:25:16.000   26.591922826  108.632918912   587.3993   2  20   0.0640   0.0758   0.1406   0.0193   0.0250   0.0166   0.00    1.2 8516405

[TCP数据流] 2025/11/16 18:24:59 - 浮点解 (26颗卫星)
  ECEF: X=-1823662.2067 Y=5408621.1950 Z=2838118.9565
  LLH:  Lat=26.591923316° Lon=108.632918646° H=587.5869m
  原始数据:
2025/11/16 10:25:17.000   26.591923316  108.632918646   587.5869   2  26   0.0626   0.0752   0.1351   0.0193   0.0272   0.0191   0.00    1.0 8516405

[TCP数据流] 2025/11/16 18:25:00 - 浮点解 (26颗卫星)
  ECEF: X=-1823662.2210 Y=5408621.2956 Z=2838119.0498
  LLH:  Lat=26.591923665° Lon=108.632918459° H=587.7180m
  原始数据:
2025/11/16 10:25:18.000   26.591923665  108.632918459   587.7180   2  26   0.0614   0.0747   0.1305   0.0193   0.0287   0.0206   1.00    1.0 8516405

[TCP数据流] 2025/11/16 18:25:01 - 浮点解 (26颗卫星)
  ECEF: X=-1823662.2317 Y=5408621.3561 Z=2838119.1085
  LLH:  Lat=26.591923894° Lon=108.632918367° H=587.7986m
  原始数据:
2025/11/16 10:25:19.000   26.591923894  108.632918367   587.7986   2  26   0.0604   0.0741   0.1269   0.0192   0.0297   0.0216   2.00    1.1 8516405

[TCP数据流] 2025/11/16 18:25:02 - 浮点解 (26颗卫星)
  ECEF: X=-1823662.2380 Y=5408621.4065 Z=2838119.1496
  LLH:  Lat=26.591924024° Lon=108.632918265° H=587.8615m
  原始数据:
2025/11/16 10:25:20.000   26.591924024  108.632918265   587.8615   2  26   0.0595   0.0736   0.1241   0.0192   0.0303   0.0223   3.00    1.1 8516405

[TCP数据流] 2025/11/16 18:25:03 - 浮点解 (26颗卫星)
  ECEF: X=-1823662.2400 Y=5408621.4466 Z=2838119.1757
  LLH:  Lat=26.591924079° Lon=108.632918156° H=587.9077m
  原始数据:
2025/11/16 10:25:21.000   26.591924079  108.632918156   587.9077   2  26   0.0589   0.0732   0.1219   0.0191   0.0307   0.0227   4.00    1.1 8516405

[TCP数据流] 2025/11/16 18:25:04 - 浮点解 (26颗卫星)
  ECEF: X=-1823662.2459 Y=5408621.4716 Z=2838119.1907
  LLH:  Lat=26.591924097° Lon=108.632918132° H=587.9373m
  原始数据:
2025/11/16 10:25:22.000   26.591924097  108.632918132   587.9373   2  26   0.0583   0.0727   0.1201   0.0190   0.0309   0.0229   5.00    1.2 8516405

[TCP数据流] 2025/11/16 18:25:06 - 浮点解 (26颗卫星)
  ECEF: X=-1823662.2477 Y=5408621.4771 Z=2838119.1883
  LLH:  Lat=26.591924054° Lon=108.632918131° H=587.9414m
  原始数据:
2025/11/16 10:25:24.000   26.591924054  108.632918131   587.9414   2  26   0.0579   0.0723   0.1189   0.0189   0.0309   0.0230   7.00    1.0 8516405

[TCP数据流] 2025/11/16 18:25:07 - 浮点解 (26颗卫星)
  ECEF: X=-1823662.2434 Y=5408621.4757 Z=2838119.1802
  LLH:  Lat=26.591923999° Lon=108.632918095° H=587.9354m
  原始数据:
2025/11/16 10:25:25.000   26.591923999  108.632918095   587.9354   2  26   0.0575   0.0719   0.1179   0.0189   0.0309   0.0230   8.00    1.1 8516405

[TCP数据流] 2025/11/16 18:25:09 - 浮点解 (20颗卫星)
  ECEF: X=-1823662.2414 Y=5408621.4684 Z=2838119.1709
  LLH:  Lat=26.591923955° Lon=108.632918099° H=587.9245m
  原始数据:
2025/11/16 10:25:27.000   26.591923955  108.632918099   587.9245   2  20   0.0573   0.0716   0.1176   0.0188   0.0307   0.0227  10.00    1.1 8516405

[TCP数据流] 2025/11/16 18:25:10 - 浮点解 (26颗卫星)
  ECEF: X=-1823662.2400 Y=5408621.4604 Z=2838119.1560
  LLH:  Lat=26.591923867° Lon=108.632918111° H=587.9106m
  原始数据:
2025/11/16 10:25:28.000   26.591923867  108.632918111   587.9106   2  26   0.0570   0.0713   0.1169   0.0187   0.0306   0.0227  11.00    1.2 8516405

[TCP数据流] 2025/11/16 18:25:11 - 浮点解 (26颗卫星)
  ECEF: X=-1823662.2324 Y=5408621.4513 Z=2838119.1390
  LLH:  Lat=26.591923774° Lon=108.632918068° H=587.8931m
  原始数据:
2025/11/16 10:25:29.000   26.591923774  108.632918068   587.8931   2  26   0.0568   0.0709   0.1162   0.0186   0.0304   0.0226  12.00    1.1 8516405

[TCP数据流] 2025/11/16 18:25:12 - 浮点解 (26颗卫星)
  ECEF: X=-1823662.2259 Y=5408621.4405 Z=2838119.1193
  LLH:  Lat=26.591923665° Lon=108.632918041° H=587.8733m
  原始数据:
2025/11/16 10:25:30.000   26.591923665  108.632918041   587.8733   2  26   0.0565   0.0706   0.1156   0.0185   0.0303   0.0226  13.00    1.1 8516405

[TCP数据流] 2025/11/16 18:25:13 - 浮点解 (26颗卫星)
  ECEF: X=-1823662.2195 Y=5408621.4284 Z=2838119.1016
  LLH:  Lat=26.591923577° Lon=108.632918019° H=587.8533m
  原始数据:
2025/11/16 10:25:31.000   26.591923577  108.632918019   587.8533   2  26   0.0563   0.0702   0.1151   0.0184   0.0301   0.0225  14.00    1.0 8516405

[TCP数据流] 2025/11/16 18:25:14 - 浮点解 (20颗卫星)
  ECEF: X=-1823662.2122 Y=5408621.4125 Z=2838119.0829
  LLH:  Lat=26.591923496° Lon=108.632918001° H=587.8293m
  原始数据:
2025/11/16 10:25:32.000   26.591923496  108.632918001   587.8293   2  20   0.0561   0.0699   0.1147   0.0183   0.0299   0.0224  15.00    1.0 8516405

[TCP数据流] 2025/11/16 18:25:15 - 浮点解 (26颗卫星)
  ECEF: X=-1823662.2052 Y=5408621.3984 Z=2838119.0646
  LLH:  Lat=26.591923412° Lon=108.632917979° H=587.8072m
  原始数据:
2025/11/16 10:25:33.000   26.591923412  108.632917979   587.8072   2  26   0.0558   0.0696   0.1142   0.0182   0.0297   0.0222  16.00    1.0 8516405

[TCP数据流] 2025/11/16 18:25:16 - 浮点解 (26颗卫星)
  ECEF: X=-1823662.1991 Y=5408621.3853 Z=2838119.0490
  LLH:  Lat=26.591923344° Lon=108.632917963° H=587.7874m
  原始数据:
2025/11/16 10:25:34.000   26.591923344  108.632917963   587.7874   2  26   0.0556   0.0693   0.1138   0.0181   0.0295   0.0221  17.00    1.0 8516405

[TCP数据流] 2025/11/16 18:25:17 - 浮点解 (26颗卫星)
  ECEF: X=-1823662.1928 Y=5408621.3716 Z=2838119.0311
  LLH:  Lat=26.591923260° Lon=108.632917947° H=587.7660m
  原始数据:
2025/11/16 10:25:35.000   26.591923260  108.632917947   587.7660   2  26   0.0554   0.0690   0.1134   0.0180   0.0293   0.0220  18.00    1.1 8516405

[TCP数据流] 2025/11/16 18:25:18 - 浮点解 (26颗卫星)
  ECEF: X=-1823662.1849 Y=5408621.3600 Z=2838119.0148
  LLH:  Lat=26.591923183° Lon=108.632917909° H=587.7466m
  原始数据:
2025/11/16 10:25:36.000   26.591923183  108.632917909   587.7466   2  26   0.0552   0.0687   0.1130   0.0179   0.0292   0.0219  19.00    1.1 8516405

[TCP数据流] 2025/11/16 18:25:19 - 浮点解 (26颗卫星)
  ECEF: X=-1823662.1761 Y=5408621.3459 Z=2838118.9941
  LLH:  Lat=26.591923081° Lon=108.632917871° H=587.7229m
  原始数据:
2025/11/16 10:25:37.000   26.591923081  108.632917871   587.7229   2  26   0.0550   0.0684   0.1127   0.0178   0.0290   0.0218  20.00    1.0 8516405

[TCP数据流] 2025/11/16 18:25:20 - 浮点解 (26颗卫星)
  ECEF: X=-1823662.1717 Y=5408621.3321 Z=2838118.9764
  LLH:  Lat=26.591922997° Lon=108.632917873° H=587.7020m
  原始数据:
2025/11/16 10:25:38.000   26.591922997  108.632917873   587.7020   2  26   0.0548   0.0681   0.1123   0.0178   0.0288   0.0217  21.00    1.1 8516405

[TCP数据流] 2025/11/16 18:25:21 - 浮点解 (26颗卫星)
  ECEF: X=-1823662.1660 Y=5408621.3173 Z=2838118.9576
  LLH:  Lat=26.591922909° Lon=108.632917867° H=587.6794m
  原始数据:
2025/11/16 10:25:39.000   26.591922909  108.632917867   587.6794   2  26   0.0546   0.0678   0.1120   0.0177   0.0286   0.0215  22.00    1.0 8516405

[TCP数据流] 2025/11/16 18:25:22 - 浮点解 (26颗卫星)
  ECEF: X=-1823662.1632 Y=5408621.3030 Z=2838118.9413
  LLH:  Lat=26.591922836° Lon=108.632917886° H=587.6592m
  原始数据:
2025/11/16 10:25:40.000   26.591922836  108.632917886   587.6592   2  26   0.0544   0.0675   0.1117   0.0176   0.0284   0.0214  23.00    1.0 8516405

[TCP数据流] 2025/11/16 18:25:23 - 浮点解 (26颗卫星)
  ECEF: X=-1823662.1592 Y=5408621.2882 Z=2838118.9255
  LLH:  Lat=26.591922770° Lon=108.632917895° H=587.6384m
  原始数据:
2025/11/16 10:25:41.000   26.591922770  108.632917895   587.6384   2  26   0.0542   0.0672   0.1114   0.0175   0.0282   0.0213  24.00    1.2 8516405

[TCP数据流] 2025/11/16 18:25:24 - 浮点解 (26颗卫星)
  ECEF: X=-1823662.1561 Y=5408621.2724 Z=2838118.9069
  LLH:  Lat=26.591922685° Lon=108.632917916° H=587.6158m
  原始数据:
2025/11/16 10:25:42.000   26.591922685  108.632917916   587.6158   2  26   0.0541   0.0669   0.1111   0.0174   0.0280   0.0211  25.00    1.0 8516405

[TCP数据流] 2025/11/16 18:25:25 - 浮点解 (26颗卫星)
  ECEF: X=-1823662.1522 Y=5408621.2562 Z=2838118.8892
  LLH:  Lat=26.591922609° Lon=108.632917931° H=587.5931m
  原始数据:
2025/11/16 10:25:43.000   26.591922609  108.632917931   587.5931   2  26   0.0539   0.0666   0.1109   0.0173   0.0278   0.0210  26.00    1.1 8516405

[TCP数据流] 2025/11/16 18:25:26 - 浮点解 (26颗卫星)
  ECEF: X=-1823662.1474 Y=5408621.2414 Z=2838118.8749
  LLH:  Lat=26.591922556° Lon=108.632917933° H=587.5727m
  原始数据:
2025/11/16 10:25:44.000   26.591922556  108.632917933   587.5727   2  26   0.0537   0.0664   0.1106   0.0173   0.0276   0.0209  27.00    1.0 8516405

[TCP数据流] 2025/11/16 18:25:27 - 浮点解 (26颗卫星)
  ECEF: X=-1823662.1436 Y=5408621.2271 Z=2838118.8591
  LLH:  Lat=26.591922488° Lon=108.632917943° H=587.5525m
  原始数据:
2025/11/16 10:25:45.000   26.591922488  108.632917943   587.5525   2  26   0.0536   0.0661   0.1103   0.0172   0.0274   0.0207  28.00    1.0 8516405

[TCP数据流] 2025/11/16 18:25:28 - 浮点解 (26颗卫星)
  ECEF: X=-1823662.1385 Y=5408621.2124 Z=2838118.8438
  LLH:  Lat=26.591922428° Lon=108.632917941° H=587.5317m
  原始数据:
2025/11/16 10:25:46.000   26.591922428  108.632917941   587.5317   2  26   0.0534   0.0658   0.1101   0.0171   0.0272   0.0206  29.00    1.0 8516405

[TCP数据流] 2025/11/16 18:25:29 - 浮点解 (20颗卫星)
  ECEF: X=-1823662.1313 Y=5408621.2026 Z=2838118.8314
  LLH:  Lat=26.591922375° Lon=108.632917904° H=587.5158m
  原始数据:
2025/11/16 10:25:47.000   26.591922375  108.632917904   587.5158   2  20   0.0533   0.0656   0.1100   0.0171   0.0270   0.0205  30.00    1.5 8516405

[TCP数据流] 2025/11/16 18:25:59 - 浮点解 (26颗卫星)
  ECEF: X=-1823662.1184 Y=5408621.2323 Z=2838118.8633
  LLH:  Lat=26.591922535° Lon=108.632917686° H=587.5516m
  原始数据:
2025/11/16 10:26:17.000   26.591922535  108.632917686   587.5516   2  26   0.0516   0.0650   0.1040   0.0170   0.0283   0.0218   0.00    1.8 8516405

[TCP数据流] 2025/11/16 18:26:00 - 浮点解 (26颗卫星)
  ECEF: X=-1823662.1085 Y=5408621.2769 Z=2838118.8991
  LLH:  Lat=26.591922666° Lon=108.632917449° H=587.6026m
  原始数据:
2025/11/16 10:26:18.000   26.591922666  108.632917449   587.6026   2  26   0.0501   0.0645   0.0991   0.0169   0.0292   0.0225   0.00    1.0 8516405

[TCP数据流] 2025/11/16 18:26:01 - 浮点解 (26颗卫星)
  ECEF: X=-1823662.1044 Y=5408621.3154 Z=2838118.9352
  LLH:  Lat=26.591922815° Lon=108.632917287° H=587.6502m
  原始数据:
2025/11/16 10:26:19.000   26.591922815  108.632917287   587.6502   2  26   0.0488   0.0640   0.0951   0.0168   0.0298   0.0230   0.00    1.3 8516405

[TCP数据流] 2025/11/16 18:26:02 - 浮点解 (26颗卫星)
  ECEF: X=-1823662.0916 Y=5408621.3278 Z=2838118.9520
  LLH:  Lat=26.591922920° Lon=108.632917125° H=587.6645m
  原始数据:
2025/11/16 10:26:20.000   26.591922920  108.632917125   587.6645   2  26   0.0477   0.0635   0.0918   0.0167   0.0302   0.0233   1.00    1.1 8516405

[TCP数据流] 2025/11/16 18:26:05 - 浮点解 (26颗卫星)
  ECEF: X=-1823662.0797 Y=5408621.3152 Z=2838118.9392
  LLH:  Lat=26.591922880° Lon=108.632917052° H=587.6447m
  原始数据:
2025/11/16 10:26:23.000   26.591922880  108.632917052   587.6447   2  26   0.0470   0.0631   0.0898   0.0166   0.0303   0.0234   4.00    1.0 8516405

[TCP数据流] 2025/11/16 18:26:06 - 浮点解 (20颗卫星)
  ECEF: X=-1823662.0649 Y=5408621.2875 Z=2838118.9070
  LLH:  Lat=26.591922745° Lon=108.632917000° H=587.6026m
  原始数据:
2025/11/16 10:26:24.000   26.591922745  108.632917000   587.6026   2  20   0.0467   0.0628   0.0893   0.0165   0.0301   0.0229   5.00    1.2 8516405

[TCP数据流] 2025/11/16 18:26:07 - 浮点解 (20颗卫星)
  ECEF: X=-1823662.0541 Y=5408621.2731 Z=2838118.8901
  LLH:  Lat=26.591922678° Lon=108.632916944° H=587.5797m
  原始数据:
2025/11/16 10:26:25.000   26.591922678  108.632916944   587.5797   2  20   0.0463   0.0625   0.0881   0.0164   0.0301   0.0229   6.00    1.1 8516405

[TCP数据流] 2025/11/16 18:26:08 - 浮点解 (20颗卫星)
  ECEF: X=-1823662.0580 Y=5408621.2898 Z=2838118.9032
  LLH:  Lat=26.591922715° Lon=108.632916927° H=587.6009m
  原始数据:
2025/11/16 10:26:26.000   26.591922715  108.632916927   587.6009   2  20   0.0460   0.0624   0.0872   0.0164   0.0302   0.0232   7.00    1.0 8516405

[TCP数据流] 2025/11/16 18:26:09 - 浮点解 (26颗卫星)
  ECEF: X=-1823662.0512 Y=5408621.2759 Z=2838118.8849
  LLH:  Lat=26.591922629° Lon=108.632916907° H=587.5790m
  原始数据:
2025/11/16 10:26:27.000   26.591922629  108.632916907   587.5790   2  26   0.0457   0.0621   0.0863   0.0163   0.0301   0.0232   8.00    1.0 8516405

[TCP数据流] 2025/11/16 18:26:11 - 浮点解 (26颗卫星)
  ECEF: X=-1823662.0474 Y=5408621.2623 Z=2838118.8676
  LLH:  Lat=26.591922547° Lon=108.632916915° H=587.5586m
  原始数据:
2025/11/16 10:26:29.000   26.591922547  108.632916915   587.5586   2  26   0.0455   0.0618   0.0857   0.0163   0.0300   0.0231  10.00    1.0 8516405

[TCP数据流] 2025/11/16 18:26:13 - 浮点解 (26颗卫星)
  ECEF: X=-1823662.0423 Y=5408621.2461 Z=2838118.8520
  LLH:  Lat=26.591922489° Lon=108.632916918° H=587.5364m
  原始数据:
2025/11/16 10:26:31.000   26.591922489  108.632916918   587.5364   2  26   0.0452   0.0615   0.0852   0.0162   0.0299   0.0230  12.00    1.1 8516405

[TCP数据流] 2025/11/16 18:26:14 - 浮点解 (20颗卫星)
  ECEF: X=-1823662.0412 Y=5408621.2315 Z=2838118.8368
  LLH:  Lat=26.591922424° Lon=108.632916955° H=587.5170m
  原始数据:
2025/11/16 10:26:32.000   26.591922424  108.632916955   587.5170   2  20   0.0451   0.0613   0.0850   0.0161   0.0297   0.0229  13.00    1.0 8516405

[TCP数据流] 2025/11/16 18:26:15 - 浮点解 (20颗卫星)
  ECEF: X=-1823662.0416 Y=5408621.2182 Z=2838118.8227
  LLH:  Lat=26.591922360° Lon=108.632917001° H=587.4995m
  原始数据:
2025/11/16 10:26:33.000   26.591922360  108.632917001   587.4995   2  20   0.0450   0.0611   0.0848   0.0161   0.0296   0.0227  14.00    1.1 8516405

[TCP数据流] 2025/11/16 18:26:16 - 浮点解 (26颗卫星)
  ECEF: X=-1823662.0423 Y=5408621.2043 Z=2838118.8065
  LLH:  Lat=26.591922282° Lon=108.632917052° H=587.4807m
  原始数据:
2025/11/16 10:26:34.000   26.591922282  108.632917052   587.4807   2  26   0.0449   0.0609   0.0845   0.0160   0.0294   0.0227  15.00    1.2 8516405

[TCP数据流] 2025/11/16 18:26:17 - 浮点解 (26颗卫星)
  ECEF: X=-1823662.0423 Y=5408621.1911 Z=2838118.7918
  LLH:  Lat=26.591922214° Lon=108.632917095° H=587.4629m
  原始数据:
2025/11/16 10:26:35.000   26.591922214  108.632917095   587.4629   2  26   0.0447   0.0607   0.0841   0.0159   0.0293   0.0226  16.00    1.0 8516405

[TCP数据流] 2025/11/16 18:26:18 - 浮点解 (20颗卫星)
  ECEF: X=-1823662.0454 Y=5408621.1918 Z=2838118.7920
  LLH:  Lat=26.591922209° Lon=108.632917122° H=587.4645m
  原始数据:
2025/11/16 10:26:36.000   26.591922209  108.632917122   587.4645   2  20   0.0446   0.0605   0.0839   0.0159   0.0292   0.0226  17.00    1.1 8516405

[TCP数据流] 2025/11/16 18:26:19 - 浮点解 (26颗卫星)
  ECEF: X=-1823662.0450 Y=5408621.1784 Z=2838118.7770
  LLH:  Lat=26.591922139° Lon=108.632917161° H=587.4463m
  原始数据:
2025/11/16 10:26:37.000   26.591922139  108.632917161   587.4463   2  26   0.0445   0.0603   0.0836   0.0158   0.0291   0.0225  18.00    1.0 8516405

[TCP数据流] 2025/11/16 18:26:20 - 浮点解 (20颗卫星)
  ECEF: X=-1823662.0452 Y=5408621.1650 Z=2838118.7628
  LLH:  Lat=26.591922076° Lon=108.632917206° H=587.4286m
  原始数据:
2025/11/16 10:26:38.000   26.591922076  108.632917206   587.4286   2  20   0.0443   0.0601   0.0833   0.0158   0.0289   0.0225  19.00    1.1 8516405

[TCP数据流] 2025/11/16 18:26:22 - 浮点解 (20颗卫星)
  ECEF: X=-1823662.0465 Y=5408621.1645 Z=2838118.7612
  LLH:  Lat=26.591922063° Lon=108.632917220° H=587.4279m
  原始数据:
2025/11/16 10:26:40.000   26.591922063  108.632917220   587.4279   2  20   0.0443   0.0600   0.0831   0.0157   0.0289   0.0224  21.00    1.2 8516405

[TCP数据流] 2025/11/16 18:26:23 - 浮点解 (26颗卫星)
  ECEF: X=-1823662.0477 Y=5408621.1513 Z=2838118.7480
  LLH:  Lat=26.591922006° Lon=108.632917274° H=587.4111m
  原始数据:
2025/11/16 10:26:41.000   26.591922006  108.632917274   587.4111   2  26   0.0441   0.0598   0.0829   0.0157   0.0287   0.0224  22.00    1.1 8516405

[TCP数据流] 2025/11/16 18:26:24 - 浮点解 (20颗卫星)
  ECEF: X=-1823662.0495 Y=5408621.1378 Z=2838118.7349
  LLH:  Lat=26.591921950° Lon=108.632917334° H=587.3943m
  原始数据:
2025/11/16 10:26:42.000   26.591921950  108.632917334   587.3943   2  20   0.0440   0.0596   0.0827   0.0156   0.0286   0.0223  23.00    1.1 8516405

[TCP数据流] 2025/11/16 18:26:25 - 浮点解 (8颗卫星)
  ECEF: X=-1823662.0512 Y=5408621.1383 Z=2838118.7365
  LLH:  Lat=26.591921958° Lon=108.632917349° H=587.3959m
  原始数据:
2025/11/16 10:26:43.000   26.591921958  108.632917349   587.3959   2   8   0.0440   0.0595   0.0827   0.0156   0.0285   0.0222  24.00    1.2 8516405

[TCP数据流] 2025/11/16 18:26:26 - 浮点解 (26颗卫星)
  ECEF: X=-1823662.0524 Y=5408621.1255 Z=2838118.7234
  LLH:  Lat=26.591921900° Lon=108.632917401° H=587.3796m
  原始数据:
2025/11/16 10:26:44.000   26.591921900  108.632917401   587.3796   2  26   0.0439   0.0593   0.0825   0.0155   0.0284   0.0222  25.00    1.1 8516405

[TCP数据流] 2025/11/16 18:26:27 - 浮点解 (26颗卫星)
  ECEF: X=-1823662.0539 Y=5408621.1128 Z=2838118.7112
  LLH:  Lat=26.591921848° Lon=108.632917456° H=587.3638m
  原始数据:
2025/11/16 10:26:45.000   26.591921848  108.632917456   587.3638   2  26   0.0438   0.0591   0.0823   0.0155   0.0282   0.0221  26.00    1.0 8516405

[TCP数据流] 2025/11/16 18:26:30 - 浮点解 (26颗卫星)
  ECEF: X=-1823662.0531 Y=5408621.1005 Z=2838118.6994
  LLH:  Lat=26.591921801° Lon=108.632917488° H=587.3479m
  原始数据:
2025/11/16 10:26:48.000   26.591921801  108.632917488   587.3479   2  26   0.0437   0.0589   0.0821   0.0154   0.0281   0.0220  29.00    1.1 8516405

[TCP数据流] 2025/11/16 18:26:31 - 浮点解 (20颗卫星)
  ECEF: X=-1823662.0521 Y=5408621.0874 Z=2838118.6854
  LLH:  Lat=26.591921740° Lon=108.632917521° H=587.3302m
  原始数据:
2025/11/16 10:26:49.000   26.591921740  108.632917521   587.3302   2  20   0.0436   0.0587   0.0820   0.0153   0.0279   0.0219  30.00    1.1 8516405

[TCP数据流] 2025/11/16 18:31:34 - 浮点解 (24颗卫星)
  ECEF: X=-1823651.7480 Y=5408618.5069 Z=2838151.0411
  LLH:  Lat=26.592206028° Lon=108.632827784° H=596.6833m
  原始数据:
2025/11/16 10:31:52.000   26.592206028  108.632827784   596.6833   2  24   0.0235   0.0558   0.0602   0.0186   0.0217   0.0154   4.00    1.4 8516405

[TCP数据流] 2025/11/16 18:31:35 - 浮点解 (24颗卫星)
  ECEF: X=-1823651.5353 Y=5408618.6020 Z=2838151.4473
  LLH:  Lat=26.592209216° Lon=108.632825456° H=596.8849m
  原始数据:
2025/11/16 10:31:53.000   26.592209216  108.632825456   596.8849   2  24   0.0232   0.0556   0.0595   0.0186   0.0215   0.0153   5.00    1.0 8516405

[TCP数据流] 2025/11/16 18:31:36 - 浮点解 (24颗卫星)
  ECEF: X=-1823651.3480 Y=5408618.6754 Z=2838151.7411
  LLH:  Lat=26.592211548° Lon=108.632823439° H=597.0251m
  原始数据:
2025/11/16 10:31:54.000   26.592211548  108.632823439   597.0251   2  24   0.0229   0.0554   0.0588   0.0186   0.0214   0.0152   6.00    1.1 8516405

[TCP数据流] 2025/11/16 18:31:37 - 浮点解 (24颗卫星)
  ECEF: X=-1823651.2217 Y=5408618.7197 Z=2838151.9573
  LLH:  Lat=26.592213286° Lon=108.632822095° H=597.1233m
  原始数据:
2025/11/16 10:31:55.000   26.592213286  108.632822095   597.1233   2  24   0.0227   0.0552   0.0583   0.0186   0.0212   0.0151   7.00    1.0 8516405

[TCP数据流] 2025/11/16 18:31:38 - 浮点解 (24颗卫星)
  ECEF: X=-1823651.1007 Y=5408618.7576 Z=2838152.1191
  LLH:  Lat=26.592214603° Lon=108.632820823° H=597.1933m
  原始数据:
2025/11/16 10:31:56.000   26.592214603  108.632820823   597.1933   2  24   0.0225   0.0551   0.0579   0.0185   0.0211   0.0150   8.00    1.2 8516405

[TCP数据流] 2025/11/16 18:31:39 - 浮点解 (24颗卫星)
  ECEF: X=-1823651.0257 Y=5408618.7768 Z=2838152.2416
  LLH:  Lat=26.592215615° Lon=108.632820048° H=597.2430m
  原始数据:
2025/11/16 10:31:57.000   26.592215615  108.632820048   597.2430   2  24   0.0223   0.0550   0.0575   0.0185   0.0210   0.0149   9.00    1.0 8516405

[TCP数据流] 2025/11/16 18:31:40 - 浮点解 (24颗卫星)
  ECEF: X=-1823650.9438 Y=5408618.7968 Z=2838152.3354
  LLH:  Lat=26.592216401° Lon=108.632819205° H=597.2785m
  原始数据:
2025/11/16 10:31:58.000   26.592216401  108.632819205   597.2785   2  24   0.0222   0.0548   0.0572   0.0185   0.0209   0.0149  10.00    1.0 8516405

[TCP数据流] 2025/11/16 18:31:41 - 浮点解 (24颗卫星)
  ECEF: X=-1823650.9017 Y=5408618.8031 Z=2838152.4089
  LLH:  Lat=26.592217025° Lon=108.632818784° H=597.3047m
  原始数据:
2025/11/16 10:31:59.000   26.592217025  108.632818784   597.3047   2  24   0.0221   0.0547   0.0569   0.0184   0.0208   0.0148  11.00    1.0 8516405

[TCP数据流] 2025/11/16 18:31:42 - 浮点解 (24颗卫星)
  ECEF: X=-1823650.8450 Y=5408618.8138 Z=2838152.4652
  LLH:  Lat=26.592217511° Lon=108.632818210° H=597.3228m
  原始数据:
2025/11/16 10:32:00.000   26.592217511  108.632818210   597.3228   2  24   0.0220   0.0546   0.0567   0.0184   0.0207   0.0148  12.00    1.2 8516405

[TCP数据流] 2025/11/16 18:31:43 - 浮点解 (24颗卫星)
  ECEF: X=-1823650.8199 Y=5408618.8148 Z=2838152.5104
  LLH:  Lat=26.592217904° Lon=108.632817968° H=597.3367m
  原始数据:
2025/11/16 10:32:01.000   26.592217904  108.632817968   597.3367   2  24   0.0220   0.0544   0.0565   0.0183   0.0207   0.0148  13.00    1.2 8516405

[TCP数据流] 2025/11/16 18:31:44 - 浮点解 (24颗卫星)
  ECEF: X=-1823650.7803 Y=5408618.8200 Z=2838152.5443
  LLH:  Lat=26.592218209° Lon=108.632817575° H=597.3450m
  原始数据:
2025/11/16 10:32:02.000   26.592218209  108.632817575   597.3450   2  24   0.0219   0.0543   0.0563   0.0183   0.0206   0.0147  14.00    1.2 8516405

[TCP数据流] 2025/11/16 18:31:45 - 浮点解 (24颗卫星)
  ECEF: X=-1823650.7707 Y=5408618.8157 Z=2838152.5706
  LLH:  Lat=26.592218450° Lon=108.632817497° H=597.3503m
  原始数据:
2025/11/16 10:32:03.000   26.592218450  108.632817497   597.3503   2  24   0.0218   0.0542   0.0561   0.0183   0.0205   0.0147  15.00    1.1 8516405

[TCP数据流] 2025/11/16 18:31:46 - 浮点解 (24颗卫星)
  ECEF: X=-1823650.7415 Y=5408618.8172 Z=2838152.5893
  LLH:  Lat=26.592218633° Lon=108.632817215° H=597.3517m
  原始数据:
2025/11/16 10:32:04.000   26.592218633  108.632817215   597.3517   2  24   0.0218   0.0541   0.0560   0.0182   0.0204   0.0147  16.00    1.4 8516405

[TCP数据流] 2025/11/16 18:31:47 - 浮点解 (24颗卫星)
  ECEF: X=-1823650.7389 Y=5408618.8100 Z=2838152.6027
  LLH:  Lat=26.592218772° Lon=108.632817213° H=597.3508m
  原始数据:
2025/11/16 10:32:05.000   26.592218772  108.632817213   597.3508   2  24   0.0217   0.0540   0.0559   0.0182   0.0203   0.0146  17.00    1.2 8516405

[TCP数据流] 2025/11/16 18:31:48 - 浮点解 (24颗卫星)
  ECEF: X=-1823650.7185 Y=5408618.8095 Z=2838152.6119
  LLH:  Lat=26.592218874° Lon=108.632817021° H=597.3487m
  原始数据:
2025/11/16 10:32:06.000   26.592218874  108.632817021   597.3487   2  24   0.0217   0.0539   0.0557   0.0182   0.0203   0.0146  18.00    1.1 8516405

[TCP数据流] 2025/11/16 18:31:49 - 浮点解 (24颗卫星)
  ECEF: X=-1823650.7234 Y=5408618.8006 Z=2838152.6174
  LLH:  Lat=26.592218947° Lon=108.632817096° H=597.3450m
  原始数据:
2025/11/16 10:32:07.000   26.592218947  108.632817096   597.3450   2  24   0.0216   0.0537   0.0556   0.0181   0.0202   0.0146  19.00    1.1 8516405

[TCP数据流] 2025/11/16 18:31:50 - 浮点解 (24颗卫星)
  ECEF: X=-1823650.7061 Y=5408618.7988 Z=2838152.6190
  LLH:  Lat=26.592218989° Lon=108.632816937° H=597.3392m
  原始数据:
2025/11/16 10:32:08.000   26.592218989  108.632816937   597.3392   2  24   0.0216   0.0536   0.0555   0.0181   0.0201   0.0145  20.00    1.1 8516405

[TCP数据流] 2025/11/16 18:31:51 - 浮点解 (24颗卫星)
  ECEF: X=-1823650.7158 Y=5408618.7896 Z=2838152.6197
  LLH:  Lat=26.592219017° Lon=108.632817059° H=597.3345m
  原始数据:
2025/11/16 10:32:09.000   26.592219017  108.632817059   597.3345   2  24   0.0216   0.0535   0.0554   0.0180   0.0201   0.0145  21.00    1.4 8516405

[TCP数据流] 2025/11/16 18:31:52 - 浮点解 (18颗卫星)
  ECEF: X=-1823650.7395 Y=5408618.7955 Z=2838152.6389
  LLH:  Lat=26.592219119° Lon=108.632817265° H=597.3549m
  原始数据:
2025/11/16 10:32:10.000   26.592219119  108.632817265   597.3549   2  18   0.0215   0.0535   0.0553   0.0180   0.0200   0.0145  22.00    1.3 8516405

[TCP数据流] 2025/11/16 18:31:53 - 浮点解 (18颗卫星)
  ECEF: X=-1823650.7596 Y=5408618.7978 Z=2838152.6537
  LLH:  Lat=26.592219204° Lon=108.632817449° H=597.3692m
  原始数据:
2025/11/16 10:32:11.000   26.592219204  108.632817449   597.3692   2  18   0.0215   0.0534   0.0553   0.0180   0.0200   0.0145  23.00    1.9 8516405

[TCP数据流] 2025/11/16 18:31:54 - 浮点解 (24颗卫星)
  ECEF: X=-1823650.7488 Y=5408618.7940 Z=2838152.6463
  LLH:  Lat=26.592219172° Lon=108.632817359° H=597.3596m
  原始数据:
2025/11/16 10:32:12.000   26.592219172  108.632817359   597.3596   2  24   0.0215   0.0533   0.0552   0.0180   0.0199   0.0145  24.00    1.1 8516405

[TCP数据流] 2025/11/16 18:31:55 - 浮点解 (24颗卫星)
  ECEF: X=-1823650.7643 Y=5408618.7827 Z=2838152.6389
  LLH:  Lat=26.592219136° Lon=108.632817542° H=597.3511m
  原始数据:
2025/11/16 10:32:13.000   26.592219136  108.632817542   597.3511   2  24   0.0214   0.0532   0.0551   0.0179   0.0199   0.0144  25.00    1.1 8516405

[TCP数据流] 2025/11/16 18:31:57 - 浮点解 (24颗卫星)
  ECEF: X=-1823650.7595 Y=5408618.7780 Z=2838152.6285
  LLH:  Lat=26.592219076° Lon=108.632817512° H=597.3411m
  原始数据:
2025/11/16 10:32:15.000   26.592219076  108.632817512   597.3411   2  24   0.0214   0.0531   0.0551   0.0179   0.0198   0.0144  27.00    1.0 8516405

[TCP数据流] 2025/11/16 18:31:58 - 浮点解 (25颗卫星)
  ECEF: X=-1823650.7810 Y=5408618.7661 Z=2838152.6178
  LLH:  Lat=26.592219008° Lon=108.632817754° H=597.3324m
  原始数据:
2025/11/16 10:32:16.000   26.592219008  108.632817754   597.3324   2  25   0.0214   0.0530   0.0550   0.0178   0.0197   0.0144  28.00    1.0 8516405

[TCP数据流] 2025/11/16 18:31:59 - 浮点解 (25颗卫星)
  ECEF: X=-1823650.7764 Y=5408618.7607 Z=2838152.6045
  LLH:  Lat=26.592218927° Lon=108.632817728° H=597.3206m
  原始数据:
2025/11/16 10:32:17.000   26.592218927  108.632817728   597.3206   2  25   0.0214   0.0529   0.0549   0.0178   0.0197   0.0144  29.00    1.0 8516405

[TCP数据流] 2025/11/16 18:32:00 - 浮点解 (25颗卫星)
  ECEF: X=-1823650.7946 Y=5408618.7482 Z=2838152.5911
  LLH:  Lat=26.592218843° Lon=108.632817941° H=597.3091m
  原始数据:
2025/11/16 10:32:18.000   26.592218843  108.632817941   597.3091   2  25   0.0213   0.0527   0.0549   0.0178   0.0196   0.0144  30.00    1.0 8516405

[TCP数据流] 2025/11/16 18:32:45 - 浮点解 (23颗卫星)
  ECEF: X=-1823650.7796 Y=5408618.7702 Z=2838152.2839
  LLH:  Lat=26.592216299° Lon=108.632817728° H=597.1860m
  原始数据:
2025/11/16 10:33:03.000   26.592216299  108.632817728   597.1860   2  23   0.0208   0.0526   0.0538   0.0177   0.0198   0.0145   0.00    1.1 8516405

[TCP数据流] 2025/11/16 18:32:46 - 浮点解 (24颗卫星)
  ECEF: X=-1823650.7937 Y=5408618.8180 Z=2838152.0354
  LLH:  Lat=26.592214093° Lon=108.632817709° H=597.1193m
  原始数据:
2025/11/16 10:33:04.000   26.592214093  108.632817709   597.1193   2  24   0.0203   0.0525   0.0530   0.0176   0.0199   0.0146   0.00    1.1 8516405

[TCP数据流] 2025/11/16 18:32:47 - 浮点解 (25颗卫星)
  ECEF: X=-1823650.8037 Y=5408618.8701 Z=2838151.8206
  LLH:  Lat=26.592212147° Lon=108.632817637° H=597.0701m
  原始数据:
2025/11/16 10:33:05.000   26.592212147  108.632817637   597.0701   2  25   0.0198   0.0523   0.0522   0.0176   0.0200   0.0147   0.00    1.0 8516405

[TCP数据流] 2025/11/16 18:32:48 - 浮点解 (25颗卫星)
  ECEF: X=-1823650.8238 Y=5408618.9148 Z=2838151.6333
  LLH:  Lat=26.592210438° Lon=108.632817685° H=597.0299m
  原始数据:
2025/11/16 10:33:06.000   26.592210438  108.632817685   597.0299   2  25   0.0194   0.0522   0.0515   0.0175   0.0200   0.0148   0.00    1.1 8516405

[TCP数据流] 2025/11/16 18:32:49 - 浮点解 (24颗卫星)
  ECEF: X=-1823650.8356 Y=5408618.9631 Z=2838151.4656
  LLH:  Lat=26.592208885° Lon=108.632817642° H=596.9991m
  原始数据:
2025/11/16 10:33:07.000   26.592208885  108.632817642   596.9991   2  24   0.0190   0.0521   0.0508   0.0175   0.0201   0.0148   0.00    1.3 8516405

[TCP数据流] 2025/11/16 18:32:50 - 浮点解 (25颗卫星)
  ECEF: X=-1823650.8569 Y=5408619.0017 Z=2838151.3216
  LLH:  Lat=26.592207547° Lon=108.632817721° H=596.9735m
  原始数据:
2025/11/16 10:33:08.000   26.592207547  108.632817721   596.9735   2  25   0.0187   0.0520   0.0502   0.0174   0.0202   0.0148   1.00    1.0 8516405

[TCP数据流] 2025/11/16 18:32:51 - 浮点解 (24颗卫星)
  ECEF: X=-1823650.8707 Y=5408619.0427 Z=2838151.1842
  LLH:  Lat=26.592206264° Lon=108.632817720° H=596.9507m
  原始数据:
2025/11/16 10:33:09.000   26.592206264  108.632817720   596.9507   2  24   0.0184   0.0518   0.0496   0.0174   0.0202   0.0148   0.00    1.0 8516405

[TCP数据流] 2025/11/16 18:32:52 - 浮点解 (25颗卫星)
  ECEF: X=-1823650.9039 Y=5408619.0748 Z=2838151.0627
  LLH:  Lat=26.592205118° Lon=108.632817933° H=596.9330m
  原始数据:
2025/11/16 10:33:10.000   26.592205118  108.632817933   596.9330   2  25   0.0182   0.0517   0.0491   0.0174   0.0202   0.0148   0.00    1.1 8516405

[TCP数据流] 2025/11/16 18:32:53 - 浮点解 (25颗卫星)
  ECEF: X=-1823650.9185 Y=5408619.1073 Z=2838150.9511
  LLH:  Lat=26.592204074° Lon=108.632817968° H=596.9147m
  原始数据:
2025/11/16 10:33:11.000   26.592204074  108.632817968   596.9147   2  25   0.0179   0.0516   0.0486   0.0173   0.0203   0.0148   1.00    1.1 8516405

[TCP数据流] 2025/11/16 18:32:54 - 浮点解 (25颗卫星)
  ECEF: X=-1823650.9468 Y=5408619.1324 Z=2838150.8593
  LLH:  Lat=26.592203200° Lon=108.632818157° H=596.9030m
  原始数据:
2025/11/16 10:33:12.000   26.592203200  108.632818157   596.9030   2  25   0.0177   0.0515   0.0482   0.0173   0.0203   0.0148   2.00    1.0 8516405

[TCP数据流] 2025/11/16 18:32:55 - 浮点解 (25颗卫星)
  ECEF: X=-1823651.0007 Y=5408619.1471 Z=2838150.7882
  LLH:  Lat=26.592202501° Lon=108.632818622° H=596.8990m
  原始数据:
2025/11/16 10:33:13.000   26.592202501  108.632818622   596.8990   2  25   0.0176   0.0514   0.0478   0.0173   0.0203   0.0148   3.00    1.0 8516405

[TCP数据流] 2025/11/16 18:32:56 - 浮点解 (25颗卫星)
  ECEF: X=-1823651.0236 Y=5408619.1653 Z=2838150.7288
  LLH:  Lat=26.592201922° Lon=108.632818782° H=596.8944m
  原始数据:
2025/11/16 10:33:14.000   26.592201922  108.632818782   596.8944   2  25   0.0174   0.0512   0.0475   0.0172   0.0202   0.0148   4.00    1.0 8516405

[TCP数据流] 2025/11/16 18:32:57 - 浮点解 (25颗卫星)
  ECEF: X=-1823651.0613 Y=5408619.1752 Z=2838150.6815
  LLH:  Lat=26.592201454° Lon=108.632819109° H=596.8924m
  原始数据:
2025/11/16 10:33:15.000   26.592201454  108.632819109   596.8924   2  25   0.0174   0.0511   0.0472   0.0172   0.0202   0.0147   5.00    1.1 8516405

[TCP数据流] 2025/11/16 18:32:58 - 浮点解 (25颗卫星)
  ECEF: X=-1823651.0826 Y=5408619.1848 Z=2838150.6391
  LLH:  Lat=26.592201048° Lon=108.632819281° H=596.8876m
  原始数据:
2025/11/16 10:33:16.000   26.592201048  108.632819281   596.8876   2  25   0.0173   0.0510   0.0470   0.0171   0.0202   0.0147   6.00    1.1 8516405

[TCP数据流] 2025/11/16 18:32:59 - 浮点解 (25颗卫星)
  ECEF: X=-1823651.0960 Y=5408619.1946 Z=2838150.6011
  LLH:  Lat=26.592200686° Lon=108.632819376° H=596.8827m
  原始数据:
2025/11/16 10:33:17.000   26.592200686  108.632819376   596.8827   2  25   0.0172   0.0509   0.0468   0.0171   0.0202   0.0147   7.00    1.1 8516405

[TCP数据流] 2025/11/16 18:33:00 - 浮点解 (25颗卫星)
  ECEF: X=-1823651.1146 Y=5408619.1995 Z=2838150.5678
  LLH:  Lat=26.592200375° Lon=108.632819538° H=596.8773m
  原始数据:
2025/11/16 10:33:18.000   26.592200375  108.632819538   596.8773   2  25   0.0172   0.0508   0.0466   0.0171   0.0201   0.0147   8.00    1.0 8516405

[TCP数据流] 2025/11/16 18:33:01 - 浮点解 (25颗卫星)
  ECEF: X=-1823651.1507 Y=5408619.1978 Z=2838150.5404
  LLH:  Lat=26.592200113° Lon=108.632819886° H=596.8739m
  原始数据:
2025/11/16 10:33:19.000   26.592200113  108.632819886   596.8739   2  25   0.0171   0.0507   0.0465   0.0170   0.0201   0.0147   9.00    1.0 8516405

[TCP数据流] 2025/11/16 18:33:02 - 浮点解 (25颗卫星)
  ECEF: X=-1823651.1889 Y=5408619.1927 Z=2838150.5158
  LLH:  Lat=26.592199885° Lon=108.632820266° H=596.8695m
  原始数据:
2025/11/16 10:33:20.000   26.592199885  108.632820266   596.8695   2  25   0.0171   0.0506   0.0463   0.0170   0.0201   0.0146  10.00    1.0 8516405

[TCP数据流] 2025/11/16 18:33:03 - 浮点解 (20颗卫星)
  ECEF: X=-1823651.2244 Y=5408619.2018 Z=2838150.5051
  LLH:  Lat=26.592199718° Lon=108.632820575° H=596.8825m
  原始数据:
2025/11/16 10:33:21.000   26.592199718  108.632820575   596.8825   2  20   0.0171   0.0505   0.0462   0.0170   0.0200   0.0146  11.00    1.0 8516405

[TCP数据流] 2025/11/16 18:33:04 - 浮点解 (25颗卫星)
  ECEF: X=-1823651.2456 Y=5408619.1971 Z=2838150.4821
  LLH:  Lat=26.592199523° Lon=108.632820791° H=596.8743m
  原始数据:
2025/11/16 10:33:22.000   26.592199523  108.632820791   596.8743   2  25   0.0170   0.0504   0.0461   0.0169   0.0200   0.0146  12.00    1.0 8516405

[TCP数据流] 2025/11/16 18:33:05 - 浮点解 (25颗卫星)
  ECEF: X=-1823651.2918 Y=5408619.1859 Z=2838150.4605
  LLH:  Lat=26.592199332° Lon=108.632821267° H=596.8684m
  原始数据:
2025/11/16 10:33:23.000   26.592199332  108.632821267   596.8684   2  25   0.0170   0.0503   0.0460   0.0169   0.0199   0.0146  13.00    1.0 8516405

[TCP数据流] 2025/11/16 18:33:06 - 浮点解 (25颗卫星)
  ECEF: X=-1823651.3143 Y=5408619.1790 Z=2838150.4400
  LLH:  Lat=26.592199164° Lon=108.632821503° H=596.8598m
  原始数据:
2025/11/16 10:33:24.000   26.592199164  108.632821503   596.8598   2  25   0.0170   0.0502   0.0459   0.0168   0.0199   0.0146  14.00    1.1 8516405

[TCP数据流] 2025/11/16 18:33:07 - 浮点解 (25颗卫星)
  ECEF: X=-1823651.3606 Y=5408619.1664 Z=2838150.4206
  LLH:  Lat=26.592198996° Lon=108.632821984° H=596.8536m
  原始数据:
2025/11/16 10:33:25.000   26.592198996  108.632821984   596.8536   2  25   0.0170   0.0500   0.0459   0.0168   0.0198   0.0145  15.00    1.1 8516405

[TCP数据流] 2025/11/16 18:33:08 - 浮点解 (25颗卫星)
  ECEF: X=-1823651.3612 Y=5408619.1634 Z=2838150.3974
  LLH:  Lat=26.592198819° Lon=108.632821999° H=596.8409m
  原始数据:
2025/11/16 10:33:26.000   26.592198819  108.632821999   596.8409   2  25   0.0169   0.0500   0.0458   0.0168   0.0198   0.0145  16.00    1.0 8516405

[TCP数据流] 2025/11/16 18:33:09 - 浮点解 (25颗卫星)
  ECEF: X=-1823651.3905 Y=5408619.1541 Z=2838150.3761
  LLH:  Lat=26.592198645° Lon=108.632822308° H=596.8318m
  原始数据:
2025/11/16 10:33:27.000   26.592198645  108.632822308   596.8318   2  25   0.0169   0.0499   0.0457   0.0167   0.0197   0.0145  17.00    1.1 8516405

[TCP数据流] 2025/11/16 18:33:10 - 浮点解 (14颗卫星)
  ECEF: X=-1823651.4054 Y=5408619.1523 Z=2838150.3729
  LLH:  Lat=26.592198607° Lon=108.632822455° H=596.8331m
  原始数据:
2025/11/16 10:33:28.000   26.592198607  108.632822455   596.8331   2  14   0.0169   0.0498   0.0457   0.0167   0.0197   0.0145  18.00    1.3 8516405

[TCP数据流] 2025/11/16 18:33:11 - 浮点解 (25颗卫星)
  ECEF: X=-1823651.4046 Y=5408619.1484 Z=2838150.3508
  LLH:  Lat=26.592198445° Lon=108.632822460° H=596.8197m
  原始数据:
2025/11/16 10:33:29.000   26.592198445  108.632822460   596.8197   2  25   0.0169   0.0497   0.0456   0.0167   0.0197   0.0145  19.00    1.1 8516405

[TCP数据流] 2025/11/16 18:33:12 - 浮点解 (25颗卫星)
  ECEF: X=-1823651.4333 Y=5408619.1377 Z=2838150.3305
  LLH:  Lat=26.592198285° Lon=108.632822767° H=596.8098m
  原始数据:
2025/11/16 10:33:30.000   26.592198285  108.632822767   596.8098   2  25   0.0169   0.0496   0.0456   0.0166   0.0196   0.0145  20.00    1.4 8516405

[TCP数据流] 2025/11/16 18:33:13 - 浮点解 (25颗卫星)
  ECEF: X=-1823651.4339 Y=5408619.1328 Z=2838150.3093
  LLH:  Lat=26.592198132° Lon=108.632822789° H=596.7963m
  原始数据:
2025/11/16 10:33:31.000   26.592198132  108.632822789   596.7963   2  25   0.0169   0.0495   0.0455   0.0166   0.0196   0.0144  21.00    1.2 8516405

[TCP数据流] 2025/11/16 18:33:14 - 浮点解 (25颗卫星)
  ECEF: X=-1823651.4613 Y=5408619.1218 Z=2838150.2892
  LLH:  Lat=26.592197976° Lon=108.632823085° H=596.7858m
  原始数据:
2025/11/16 10:33:32.000   26.592197976  108.632823085   596.7858   2  25   0.0169   0.0494   0.0455   0.0166   0.0196   0.0144  22.00    1.1 8516405

[TCP数据流] 2025/11/16 18:33:15 - 浮点解 (25颗卫星)
  ECEF: X=-1823651.4655 Y=5408619.1161 Z=2838150.2681
  LLH:  Lat=26.592197822° Lon=108.632823143° H=596.7727m
  原始数据:
2025/11/16 10:33:33.000   26.592197822  108.632823143   596.7727   2  25   0.0168   0.0493   0.0454   0.0165   0.0195   0.0144  23.00    1.1 8516405

[TCP数据流] 2025/11/16 18:33:16 - 浮点解 (25颗卫星)
  ECEF: X=-1823651.4945 Y=5408619.1042 Z=2838150.2492
  LLH:  Lat=26.592197678° Lon=108.632823457° H=596.7625m
  原始数据:
2025/11/16 10:33:34.000   26.592197678  108.632823457   596.7625   2  25   0.0168   0.0492   0.0454   0.0165   0.0195   0.0144  24.00    1.3 8516405

[TCP数据流] 2025/11/16 18:33:17 - 浮点解 (25颗卫星)
  ECEF: X=-1823651.4947 Y=5408619.0983 Z=2838150.2292
  LLH:  Lat=26.592197539° Lon=108.632823478° H=596.7486m
  原始数据:
2025/11/16 10:33:35.000   26.592197539  108.632823478   596.7486   2  25   0.0168   0.0492   0.0453   0.0165   0.0194   0.0144  25.00    1.0 8516405

[TCP数据流] 2025/11/16 18:33:18 - 浮点解 (25颗卫星)
  ECEF: X=-1823651.5242 Y=5408619.0859 Z=2838150.2108
  LLH:  Lat=26.592197400° Lon=108.632823798° H=596.7382m
  原始数据:
2025/11/16 10:33:36.000   26.592197400  108.632823798   596.7382   2  25   0.0168   0.0491   0.0453   0.0164   0.0194   0.0144  26.00    1.1 8516405

[TCP数据流] 2025/11/16 18:33:19 - 浮点解 (25颗卫星)
  ECEF: X=-1823651.5246 Y=5408619.0795 Z=2838150.1911
  LLH:  Lat=26.592197265° Lon=108.632823822° H=596.7241m
  原始数据:
2025/11/16 10:33:37.000   26.592197265  108.632823822   596.7241   2  25   0.0168   0.0490   0.0453   0.0164   0.0193   0.0143  27.00    1.1 8516405

[TCP数据流] 2025/11/16 18:33:20 - 浮点解 (25颗卫星)
  ECEF: X=-1823651.5519 Y=5408619.0670 Z=2838150.1725
  LLH:  Lat=26.592197127° Lon=108.632824122° H=596.7130m
  原始数据:
2025/11/16 10:33:38.000   26.592197127  108.632824122   596.7130   2  25   0.0168   0.0489   0.0452   0.0164   0.0193   0.0143  28.00    1.0 8516405

[TCP数据流] 2025/11/16 18:33:21 - 浮点解 (19颗卫星)
  ECEF: X=-1823651.5421 Y=5408619.0608 Z=2838150.1536
  LLH:  Lat=26.592197011° Lon=108.632824049° H=596.6965m
  原始数据:
2025/11/16 10:33:39.000   26.592197011  108.632824049   596.6965   2  19   0.0168   0.0488   0.0452   0.0163   0.0192   0.0143  29.00    1.1 8516405

[TCP数据流] 2025/11/16 18:33:22 - 浮点解 (25颗卫星)
  ECEF: X=-1823651.5710 Y=5408619.0478 Z=2838150.1357
  LLH:  Lat=26.592196879° Lon=108.632824366° H=596.6857m
  原始数据:
2025/11/16 10:33:40.000   26.592196879  108.632824366   596.6857   2  25   0.0168   0.0487   0.0452   0.0163   0.0192   0.0143  30.00    1.1 8516405

[TCP数据流] 2025/11/16 18:34:10 - 浮点解 (22颗卫星)
  ECEF: X=-1823651.5800 Y=5408619.2195 Z=2838150.1449
  LLH:  Lat=26.592196285° Lon=108.632823900° H=596.8379m
  原始数据:
2025/11/16 10:34:28.000   26.592196285  108.632823900   596.8379   2  22   0.0167   0.0486   0.0446   0.0162   0.0194   0.0143   0.00    1.1 8516405

[TCP数据流] 2025/11/16 18:34:11 - 固定解 (23颗卫星)
  ECEF: X=-1823651.3696 Y=5408619.7127 Z=2838150.1184
  LLH:  Lat=26.592194454° Lon=108.632820317° H=597.1838m
  原始数据:
2025/11/16 10:34:29.000   26.592194454  108.632820317   597.1838   1  23   0.0024   0.0013   0.0051  -0.0014  -0.0017   0.0032   0.00    3.7 8516405

[TCP数据流] 2025/11/16 18:34:12 - 固定解 (23颗卫星)
  ECEF: X=-1823651.3647 Y=5408619.7239 Z=2838150.1317
  LLH:  Lat=26.592194525° Lon=108.632820235° H=597.1979m
  原始数据:
2025/11/16 10:34:30.000   26.592194525  108.632820235   597.1979   1  23   0.0024   0.0013   0.0050  -0.0014  -0.0016   0.0031   1.00    7.0 8516405

[TCP数据流] 2025/11/16 18:34:13 - 固定解 (23颗卫星)
  ECEF: X=-1823651.3601 Y=5408619.7346 Z=2838150.1443
  LLH:  Lat=26.592194592° Lon=108.632820157° H=597.2113m
  原始数据:
2025/11/16 10:34:31.000   26.592194592  108.632820157   597.2113   1  23   0.0023   0.0012   0.0049  -0.0014  -0.0016   0.0031   0.00    4.3 8516405

[TCP数据流] 2025/11/16 18:34:14 - 浮点解 (23颗卫星)
  ECEF: X=-1823651.5801 Y=5408619.7306 Z=2838150.1455
  LLH:  Lat=26.592194333° Lon=108.632822262° H=597.2713m
  原始数据:
2025/11/16 10:34:32.000   26.592194333  108.632822262   597.2713   2  23   0.0164   0.0481   0.0427   0.0159   0.0199   0.0144   0.00    1.7 8516405

[TCP数据流] 2025/11/16 18:34:15 - 浮点解 (17颗卫星)
  ECEF: X=-1823651.5482 Y=5408619.8119 Z=2838150.1318
  LLH:  Lat=26.592193952° Lon=108.632821698° H=597.3249m
  原始数据:
2025/11/16 10:34:33.000   26.592193952  108.632821698   597.3249   2  17   0.0164   0.0480   0.0425   0.0158   0.0200   0.0144   1.00    1.0 8516405

[TCP数据流] 2025/11/16 18:34:16 - 浮点解 (23颗卫星)
  ECEF: X=-1823651.5539 Y=5408619.9005 Z=2838150.1250
  LLH:  Lat=26.592193551° Lon=108.632821468° H=597.3986m
  原始数据:
2025/11/16 10:34:34.000   26.592193551  108.632821468   597.3986   2  23   0.0163   0.0479   0.0421   0.0157   0.0200   0.0144   1.00    1.0 8516405

[TCP数据流] 2025/11/16 18:34:17 - 浮点解 (19颗卫星)
  ECEF: X=-1823651.5508 Y=5408619.9202 Z=2838150.1216
  LLH:  Lat=26.592193452° Lon=108.632821375° H=597.4128m
  原始数据:
2025/11/16 10:34:35.000   26.592193452  108.632821375   597.4128   2  19   0.0163   0.0479   0.0419   0.0157   0.0200   0.0144   2.00    1.4 8516405

[TCP数据流] 2025/11/16 18:34:18 - 浮点解 (23颗卫星)
  ECEF: X=-1823651.5516 Y=5408619.9856 Z=2838150.1156
  LLH:  Lat=26.592193152° Lon=108.632821173° H=597.4658m
  原始数据:
2025/11/16 10:34:36.000   26.592193152  108.632821173   597.4658   2  23   0.0163   0.0477   0.0416   0.0157   0.0200   0.0144   3.00    1.5 8516405

[TCP数据流] 2025/11/16 18:34:19 - 浮点解 (23颗卫星)
  ECEF: X=-1823651.5494 Y=5408620.0400 Z=2838150.1074
  LLH:  Lat=26.592192881° Lon=108.632820978° H=597.5076m
  原始数据:
2025/11/16 10:34:37.000   26.592192881  108.632820978   597.5076   2  23   0.0162   0.0477   0.0413   0.0156   0.0201   0.0143   4.00    1.0 8516405

[TCP数据流] 2025/11/16 18:34:20 - 浮点解 (23颗卫星)
  ECEF: X=-1823651.5540 Y=5408620.0800 Z=2838150.0992
  LLH:  Lat=26.592192655° Lon=108.632820893° H=597.5391m
  原始数据:
2025/11/16 10:34:38.000   26.592192655  108.632820893   597.5391   2  23   0.0162   0.0476   0.0411   0.0156   0.0201   0.0143   5.00    1.1 8516405

[TCP数据流] 2025/11/16 18:34:21 - 浮点解 (23颗卫星)
  ECEF: X=-1823651.5528 Y=5408620.1125 Z=2838150.0875
  LLH:  Lat=26.592192438° Lon=108.632820778° H=597.5611m
  原始数据:
2025/11/16 10:34:39.000   26.592192438  108.632820778   597.5611   2  23   0.0162   0.0475   0.0409   0.0155   0.0201   0.0143   6.00    1.0 8516405

[TCP数据流] 2025/11/16 18:34:22 - 浮点解 (23颗卫星)
  ECEF: X=-1823651.5581 Y=5408620.1360 Z=2838150.0772
  LLH:  Lat=26.592192258° Lon=108.632820753° H=597.5779m
  原始数据:
2025/11/16 10:34:40.000   26.592192258  108.632820753   597.5779   2  23   0.0162   0.0474   0.0408   0.0155   0.0201   0.0143   7.00    1.1 8516405

[TCP数据流] 2025/11/16 18:34:23 - 浮点解 (23颗卫星)
  ECEF: X=-1823651.5596 Y=5408620.1560 Z=2838150.0645
  LLH:  Lat=26.592192077° Lon=108.632820703° H=597.5896m
  原始数据:
2025/11/16 10:34:41.000   26.592192077  108.632820703   597.5896   2  23   0.0161   0.0473   0.0406   0.0154   0.0201   0.0143   8.00    1.3 8516405

[TCP数据流] 2025/11/16 18:34:24 - 浮点解 (23颗卫星)
  ECEF: X=-1823651.5722 Y=5408620.1665 Z=2838150.0514
  LLH:  Lat=26.592191915° Lon=108.632820789° H=597.5962m
  原始数据:
2025/11/16 10:34:42.000   26.592191915  108.632820789   597.5962   2  23   0.0161   0.0472   0.0405   0.0154   0.0200   0.0143   9.00    1.3 8516405

[TCP数据流] 2025/11/16 18:34:25 - 浮点解 (23颗卫星)
  ECEF: X=-1823651.5752 Y=5408620.1779 Z=2838150.0378
  LLH:  Lat=26.592191758° Lon=108.632820781° H=597.6007m
  原始数据:
2025/11/16 10:34:43.000   26.592191758  108.632820781   597.6007   2  23   0.0161   0.0471   0.0404   0.0154   0.0200   0.0143  10.00    1.1 8516405

[TCP数据流] 2025/11/16 18:34:26 - 浮点解 (23颗卫星)
  ECEF: X=-1823651.5822 Y=5408620.1842 Z=2838150.0245
  LLH:  Lat=26.592191617° Lon=108.632820827° H=597.6020m
  原始数据:
2025/11/16 10:34:44.000   26.592191617  108.632820827   597.6020   2  23   0.0161   0.0471   0.0403   0.0153   0.0200   0.0142  11.00    1.0 8516405

[TCP数据流] 2025/11/16 18:34:27 - 浮点解 (23颗卫星)
  ECEF: X=-1823651.5850 Y=5408620.1904 Z=2838150.0098
  LLH:  Lat=26.592191471° Lon=108.632820834° H=597.6015m
  原始数据:
2025/11/16 10:34:45.000   26.592191471  108.632820834   597.6015   2  23   0.0161   0.0470   0.0402   0.0153   0.0200   0.0142  12.00    1.1 8516405

[TCP数据流] 2025/11/16 18:34:28 - 浮点解 (23颗卫星)
  ECEF: X=-1823651.5922 Y=5408620.1927 Z=2838149.9961
  LLH:  Lat=26.592191343° Lon=108.632820895° H=597.5994m
  原始数据:
2025/11/16 10:34:46.000   26.592191343  108.632820895   597.5994   2  23   0.0161   0.0469   0.0401   0.0153   0.0199   0.0142  13.00    1.0 8516405

[TCP数据流] 2025/11/16 18:34:29 - 浮点解 (23颗卫星)
  ECEF: X=-1823651.5936 Y=5408620.1956 Z=2838149.9804
  LLH:  Lat=26.592191203° Lon=108.632820899° H=597.5952m
  原始数据:
2025/11/16 10:34:47.000   26.592191203  108.632820899   597.5952   2  23   0.0161   0.0468   0.0401   0.0152   0.0199   0.0142  14.00    1.0 8516405

[TCP数据流] 2025/11/16 18:34:31 - 浮点解 (19颗卫星)
  ECEF: X=-1823651.6036 Y=5408620.1882 Z=2838149.9677
  LLH:  Lat=26.592191116° Lon=108.632821018° H=597.5861m
  原始数据:
2025/11/16 10:34:49.000   26.592191116  108.632821018   597.5861   2  19   0.0161   0.0468   0.0400   0.0152   0.0199   0.0142  16.00    1.0 8516405

[TCP数据流] 2025/11/16 18:34:32 - 浮点解 (12颗卫星)
  ECEF: X=-1823651.6038 Y=5408620.1885 Z=2838149.9612
  LLH:  Lat=26.592191062° Lon=108.632821019° H=597.5835m
  原始数据:
2025/11/16 10:34:50.000   26.592191062  108.632821019   597.5835   2  12   0.0161   0.0467   0.0400   0.0152   0.0199   0.0142  17.00    2.3 8516405

[TCP数据流] 2025/11/16 18:34:33 - 浮点解 (14颗卫星)
  ECEF: X=-1823651.6086 Y=5408620.1837 Z=2838149.9534
  LLH:  Lat=26.592191011° Lon=108.632821080° H=597.5773m
  原始数据:
2025/11/16 10:34:51.000   26.592191011  108.632821080   597.5773   2  14   0.0161   0.0467   0.0400   0.0152   0.0198   0.0142  18.00    1.1 8516405

[TCP数据流] 2025/11/16 18:34:34 - 浮点解 (19颗卫星)
  ECEF: X=-1823651.6183 Y=5408620.1764 Z=2838149.9408
  LLH:  Lat=26.592190925° Lon=108.632821196° H=597.5683m
  原始数据:
2025/11/16 10:34:52.000   26.592190925  108.632821196   597.5683   2  19   0.0160   0.0466   0.0399   0.0152   0.0198   0.0141  19.00    1.0 8516405

[TCP数据流] 2025/11/16 18:34:36 - 浮点解 (17颗卫星)
  ECEF: X=-1823651.6257 Y=5408620.1691 Z=2838149.9242
  LLH:  Lat=26.592190809° Lon=108.632821289° H=597.5568m
  原始数据:
2025/11/16 10:34:54.000   26.592190809  108.632821289   597.5568   2  17   0.0160   0.0465   0.0399   0.0151   0.0198   0.0141  21.00    1.1 8516405

[TCP数据流] 2025/11/16 18:34:37 - 浮点解 (23颗卫星)
  ECEF: X=-1823651.6205 Y=5408620.1679 Z=2838149.9100
  LLH:  Lat=26.592190706° Lon=108.632821244° H=597.5479m
  原始数据:
2025/11/16 10:34:55.000   26.592190706  108.632821244   597.5479   2  23   0.0160   0.0465   0.0399   0.0151   0.0197   0.0141  22.00    1.1 8516405

[TCP数据流] 2025/11/16 18:34:38 - 浮点解 (23颗卫星)
  ECEF: X=-1823651.6361 Y=5408620.1593 Z=2838149.8925
  LLH:  Lat=26.592190578° Lon=108.632821420° H=597.5373m
  原始数据:
2025/11/16 10:34:56.000   26.592190578  108.632821420   597.5373   2  23   0.0160   0.0464   0.0398   0.0151   0.0197   0.0141  23.00    1.1 8516405

[TCP数据流] 2025/11/16 18:34:39 - 浮点解 (23颗卫星)
  ECEF: X=-1823651.6308 Y=5408620.1574 Z=2838149.8781
  LLH:  Lat=26.592190476° Lon=108.632821376° H=597.5277m
  原始数据:
2025/11/16 10:34:57.000   26.592190476  108.632821376   597.5277   2  23   0.0160   0.0463   0.0398   0.0150   0.0196   0.0141  24.00    1.1 8516405

[TCP数据流] 2025/11/16 18:34:40 - 浮点解 (23颗卫星)
  ECEF: X=-1823651.6448 Y=5408620.1482 Z=2838149.8602
  LLH:  Lat=26.592190348° Lon=108.632821538° H=597.5159m
  原始数据:
2025/11/16 10:34:58.000   26.592190348  108.632821538   597.5159   2  23   0.0160   0.0463   0.0398   0.0150   0.0196   0.0141  25.00    1.1 8516405

[TCP数据流] 2025/11/16 18:34:41 - 浮点解 (23颗卫星)
  ECEF: X=-1823651.6386 Y=5408620.1454 Z=2838149.8452
  LLH:  Lat=26.592190246° Lon=108.632821488° H=597.5050m
  原始数据:
2025/11/16 10:34:59.000   26.592190246  108.632821488   597.5050   2  23   0.0160   0.0462   0.0397   0.0150   0.0196   0.0141  26.00    1.1 8516405

[TCP数据流] 2025/11/16 18:34:42 - 浮点解 (17颗卫星)
  ECEF: X=-1823651.6468 Y=5408620.1366 Z=2838149.8288
  LLH:  Lat=26.592190137° Lon=108.632821594° H=597.4926m
  原始数据:
2025/11/16 10:35:00.000   26.592190137  108.632821594   597.4926   2  17   0.0160   0.0461   0.0397   0.0149   0.0195   0.0141  27.00    2.6 8516405

[TCP数据流] 2025/11/16 18:34:43 - 浮点解 (23颗卫星)
  ECEF: X=-1823651.6408 Y=5408620.1337 Z=2838149.8143
  LLH:  Lat=26.592190039° Lon=108.632821547° H=597.4819m
  原始数据:
2025/11/16 10:35:01.000   26.592190039  108.632821547   597.4819   2  23   0.0160   0.0461   0.0397   0.0149   0.0195   0.0140  28.00    1.4 8516405

[TCP数据流] 2025/11/16 18:34:44 - 浮点解 (23颗卫星)
  ECEF: X=-1823651.6546 Y=5408620.1237 Z=2838149.7961
  LLH:  Lat=26.592189912° Lon=108.632821710° H=597.4692m
  原始数据:
2025/11/16 10:35:02.000   26.592189912  108.632821710   597.4692   2  23   0.0160   0.0460   0.0397   0.0149   0.0195   0.0140  29.00    1.4 8516405

[TCP数据流] 2025/11/16 18:34:45 - 浮点解 (23颗卫星)
  ECEF: X=-1823651.6488 Y=5408620.1203 Z=2838149.7814
  LLH:  Lat=26.592189814° Lon=108.632821666° H=597.4581m
  原始数据:
2025/11/16 10:35:03.000   26.592189814  108.632821666   597.4581   2  23   0.0160   0.0459   0.0396   0.0149   0.0194   0.0140  30.00    1.3 8516405

[TCP数据流] 2025/11/16 18:35:27 - 浮点解 (25颗卫星)
  ECEF: X=-1823651.5754 Y=5408620.4582 Z=2838149.6609
  LLH:  Lat=26.592187643° Lon=108.632819884° H=597.6695m
  原始数据:
2025/11/16 10:35:45.000   26.592187643  108.632819884   597.6695   2  25   0.0158   0.0456   0.0384   0.0146   0.0198   0.0140   2.00    1.1 8516405

[TCP数据流] 2025/11/16 18:35:28 - 浮点解 (25颗卫星)
  ECEF: X=-1823651.5532 Y=5408620.5098 Z=2838149.6190
  LLH:  Lat=26.592187136° Lon=108.632819507° H=597.6882m
  原始数据:
2025/11/16 10:35:46.000   26.592187136  108.632819507   597.6882   2  25   0.0158   0.0455   0.0381   0.0146   0.0198   0.0140   3.00    1.0 8516405

[TCP数据流] 2025/11/16 18:35:29 - 浮点解 (25颗卫星)
  ECEF: X=-1823651.5465 Y=5408620.5454 Z=2838149.5799
  LLH:  Lat=26.592186693° Lon=108.632819329° H=597.6989m
  原始数据:
2025/11/16 10:35:47.000   26.592186693  108.632819329   597.6989   2  25   0.0157   0.0454   0.0379   0.0145   0.0198   0.0139   4.00    1.1 8516405

[TCP数据流] 2025/11/16 18:35:30 - 浮点解 (26颗卫星)
  ECEF: X=-1823651.5312 Y=5408620.5744 Z=2838149.5460
  LLH:  Lat=26.592186328° Lon=108.632819091° H=597.7039m
  原始数据:
2025/11/16 10:35:48.000   26.592186328  108.632819091   597.7039   2  26   0.0157   0.0453   0.0377   0.0145   0.0198   0.0139   5.00    1.1 8516405

[TCP数据流] 2025/11/16 18:35:31 - 浮点解 (26颗卫星)
  ECEF: X=-1823651.5285 Y=5408620.5929 Z=2838149.5132
  LLH:  Lat=26.592185996° Lon=108.632819006° H=597.7042m
  原始数据:
2025/11/16 10:35:49.000   26.592185996  108.632819006   597.7042   2  26   0.0157   0.0452   0.0375   0.0144   0.0198   0.0139   6.00    1.0 8516405

[TCP数据流] 2025/11/16 18:35:32 - 浮点解 (26颗卫星)
  ECEF: X=-1823651.5168 Y=5408620.6086 Z=2838149.4840
  LLH:  Lat=26.592185715° Lon=108.632818844° H=597.7010m
  原始数据:
2025/11/16 10:35:50.000   26.592185715  108.632818844   597.7010   2  26   0.0157   0.0452   0.0374   0.0144   0.0198   0.0139   7.00    1.0 8516405

[TCP数据流] 2025/11/16 18:35:33 - 浮点解 (26颗卫星)
  ECEF: X=-1823651.5192 Y=5408620.6176 Z=2838149.4559
  LLH:  Lat=26.592185451° Lon=108.632818838° H=597.6968m
  原始数据:
2025/11/16 10:35:51.000   26.592185451  108.632818838   597.6968   2  26   0.0156   0.0451   0.0372   0.0143   0.0198   0.0139   8.00    1.1 8516405

[TCP数据流] 2025/11/16 18:35:34 - 浮点解 (26颗卫星)
  ECEF: X=-1823651.5106 Y=5408620.6255 Z=2838149.4300
  LLH:  Lat=26.592185223° Lon=108.632818731° H=597.6894m
  原始数据:
2025/11/16 10:35:52.000   26.592185223  108.632818731   597.6894   2  26   0.0156   0.0450   0.0371   0.0143   0.0198   0.0138   9.00    1.1 8516405

[TCP数据流] 2025/11/16 18:35:35 - 浮点解 (26颗卫星)
  ECEF: X=-1823651.5140 Y=5408620.6280 Z=2838149.4043
  LLH:  Lat=26.592185001° Lon=108.632818755° H=597.6810m
  原始数据:
2025/11/16 10:35:53.000   26.592185001  108.632818755   597.6810   2  26   0.0156   0.0449   0.0370   0.0143   0.0197   0.0138  10.00    1.0 8516405

[TCP数据流] 2025/11/16 18:35:36 - 浮点解 (26颗卫星)
  ECEF: X=-1823651.5075 Y=5408620.6314 Z=2838149.3806
  LLH:  Lat=26.592184805° Lon=108.632818683° H=597.6714m
  原始数据:
2025/11/16 10:35:54.000   26.592184805  108.632818683   597.6714   2  26   0.0156   0.0449   0.0369   0.0142   0.0197   0.0138  11.00    1.0 8516405

[TCP数据流] 2025/11/16 18:35:37 - 浮点解 (26颗卫星)
  ECEF: X=-1823651.5112 Y=5408620.6298 Z=2838149.3557
  LLH:  Lat=26.592184606° Lon=108.632818723° H=597.6600m
  原始数据:
2025/11/16 10:35:55.000   26.592184606  108.632818723   597.6600   2  26   0.0156   0.0448   0.0369   0.0142   0.0197   0.0138  12.00    1.0 8516405

[TCP数据流] 2025/11/16 18:35:38 - 浮点解 (26颗卫星)
  ECEF: X=-1823651.5059 Y=5408620.6300 Z=2838149.3334
  LLH:  Lat=26.592184432° Lon=108.632818672° H=597.6486m
  原始数据:
2025/11/16 10:35:56.000   26.592184432  108.632818672   597.6486   2  26   0.0156   0.0448   0.0368   0.0142   0.0197   0.0138  13.00    1.1 8516405

[TCP数据流] 2025/11/16 18:35:39 - 浮点解 (26颗卫星)
  ECEF: X=-1823651.5120 Y=5408620.6265 Z=2838149.3109
  LLH:  Lat=26.592184256° Lon=108.632818741° H=597.6373m
  原始数据:
2025/11/16 10:35:57.000   26.592184256  108.632818741   597.6373   2  26   0.0156   0.0447   0.0367   0.0141   0.0196   0.0137  14.00    1.1 8516405

[TCP数据流] 2025/11/16 18:35:40 - 浮点解 (26颗卫星)
  ECEF: X=-1823651.5070 Y=5408620.6249 Z=2838149.2898
  LLH:  Lat=26.592184098° Lon=108.632818699° H=597.6251m
  原始数据:
2025/11/16 10:35:58.000   26.592184098  108.632818699   597.6251   2  26   0.0155   0.0446   0.0367   0.0141   0.0196   0.0137  15.00    1.0 8516405

[TCP数据流] 2025/11/16 18:35:41 - 浮点解 (26颗卫星)
  ECEF: X=-1823651.5129 Y=5408620.6198 Z=2838149.2681
  LLH:  Lat=26.592183935° Lon=108.632818771° H=597.6128m
  原始数据:
2025/11/16 10:35:59.000   26.592183935  108.632818771   597.6128   2  26   0.0155   0.0445   0.0366   0.0141   0.0196   0.0137  16.00    1.0 8516405

[TCP数据流] 2025/11/16 18:35:42 - 浮点解 (26颗卫星)
  ECEF: X=-1823651.5081 Y=5408620.6169 Z=2838149.2479
  LLH:  Lat=26.592183789° Lon=108.632818735° H=597.5999m
  原始数据:
2025/11/16 10:36:00.000   26.592183789  108.632818735   597.5999   2  26   0.0155   0.0445   0.0366   0.0141   0.0195   0.0137  17.00    1.0 8516405

[TCP数据流] 2025/11/16 18:35:43 - 浮点解 (25颗卫星)
  ECEF: X=-1823651.5182 Y=5408620.6105 Z=2838149.2280
  LLH:  Lat=26.592183640° Lon=108.632818851° H=597.5884m
  原始数据:
2025/11/16 10:36:01.000   26.592183640  108.632818851   597.5884   2  25   0.0155   0.0444   0.0365   0.0140   0.0195   0.0137  18.00    1.1 8516405

[TCP数据流] 2025/11/16 18:35:44 - 浮点解 (25颗卫星)
  ECEF: X=-1823651.5151 Y=5408620.6063 Z=2838149.2085
  LLH:  Lat=26.592183503° Lon=108.632818835° H=597.5753m
  原始数据:
2025/11/16 10:36:02.000   26.592183503  108.632818835   597.5753   2  25   0.0155   0.0444   0.0365   0.0140   0.0195   0.0137  19.00    1.0 8516405

[TCP数据流] 2025/11/16 18:35:45 - 浮点解 (26颗卫星)
  ECEF: X=-1823651.5286 Y=5408620.5978 Z=2838149.1883
  LLH:  Lat=26.592183355° Lon=108.632818991° H=597.5629m
  原始数据:
2025/11/16 10:36:03.000   26.592183355  108.632818991   597.5629   2  26   0.0155   0.0443   0.0365   0.0140   0.0194   0.0137  20.00    1.0 8516405

[TCP数据流] 2025/11/16 18:35:46 - 浮点解 (26颗卫星)
  ECEF: X=-1823651.5259 Y=5408620.5929 Z=2838149.1693
  LLH:  Lat=26.592183224° Lon=108.632818981° H=597.5495m
  原始数据:
2025/11/16 10:36:04.000   26.592183224  108.632818981   597.5495   2  26   0.0155   0.0442   0.0364   0.0139   0.0194   0.0136  21.00    1.0 8516405

[TCP数据流] 2025/11/16 18:35:47 - 浮点解 (26颗卫星)
  ECEF: X=-1823651.5339 Y=5408620.5849 Z=2838149.1491
  LLH:  Lat=26.592183081° Lon=108.632819083° H=597.5359m
  原始数据:
2025/11/16 10:36:05.000   26.592183081  108.632819083   597.5359   2  26   0.0155   0.0442   0.0364   0.0139   0.0194   0.0136  22.00    1.0 8516405

[TCP数据流] 2025/11/16 18:35:48 - 浮点解 (26颗卫星)
  ECEF: X=-1823651.5335 Y=5408620.5790 Z=2838149.1308
  LLH:  Lat=26.592182957° Lon=108.632819098° H=597.5226m
  原始数据:
2025/11/16 10:36:06.000   26.592182957  108.632819098   597.5226   2  26   0.0155   0.0441   0.0364   0.0139   0.0193   0.0136  23.00    1.0 8516405

[TCP数据流] 2025/11/16 18:35:49 - 浮点解 (25颗卫星)
  ECEF: X=-1823651.5456 Y=5408620.5702 Z=2838149.1124
  LLH:  Lat=26.592182826° Lon=108.632819241° H=597.5104m
  原始数据:
2025/11/16 10:36:07.000   26.592182826  108.632819241   597.5104   2  25   0.0155   0.0440   0.0363   0.0139   0.0193   0.0136  24.00    1.0 8516405

[TCP数据流] 2025/11/16 18:35:50 - 浮点解 (25颗卫星)
  ECEF: X=-1823651.5443 Y=5408620.5641 Z=2838149.0943
  LLH:  Lat=26.592182705° Lon=108.632819248° H=597.4967m
  原始数据:
2025/11/16 10:36:08.000   26.592182705  108.632819248   597.4967   2  25   0.0155   0.0440   0.0363   0.0138   0.0193   0.0136  25.00    1.0 8516405

[TCP数据流] 2025/11/16 18:35:51 - 浮点解 (25颗卫星)
  ECEF: X=-1823651.5555 Y=5408620.5566 Z=2838149.0765
  LLH:  Lat=26.592182576° Lon=108.632819379° H=597.4856m
  原始数据:
2025/11/16 10:36:09.000   26.592182576  108.632819379   597.4856   2  25   0.0155   0.0439   0.0363   0.0138   0.0192   0.0136  26.00    1.0 8516405

[TCP数据流] 2025/11/16 18:35:52 - 浮点解 (19颗卫星)
  ECEF: X=-1823651.5660 Y=5408620.5517 Z=2838149.0663
  LLH:  Lat=26.592182499° Lon=108.632819495° H=597.4799m
  原始数据:
2025/11/16 10:36:10.000   26.592182499  108.632819495   597.4799   2  19   0.0154   0.0439   0.0362   0.0138   0.0192   0.0136  27.00    1.1 8516405

[TCP数据流] 2025/11/16 18:35:53 - 浮点解 (25颗卫星)
  ECEF: X=-1823651.5623 Y=5408620.5469 Z=2838149.0479
  LLH:  Lat=26.592182373° Lon=108.632819475° H=597.4665m
  原始数据:
2025/11/16 10:36:11.000   26.592182373  108.632819475   597.4665   2  25   0.0154   0.0438   0.0362   0.0138   0.0192   0.0136  28.00    1.1 8516405

[TCP数据流] 2025/11/16 18:35:54 - 浮点解 (25颗卫星)
  ECEF: X=-1823651.5758 Y=5408620.5381 Z=2838149.0315
  LLH:  Lat=26.592182257° Lon=108.632819631° H=597.4556m
  原始数据:
2025/11/16 10:36:12.000   26.592182257  108.632819631   597.4556   2  25   0.0154   0.0438   0.0362   0.0138   0.0191   0.0135  29.00    1.1 8516405

[TCP数据流] 2025/11/16 18:35:55 - 浮点解 (25颗卫星)
  ECEF: X=-1823651.5722 Y=5408620.5329 Z=2838149.0131
  LLH:  Lat=26.592182133° Lon=108.632819614° H=597.4419m
  原始数据:
2025/11/16 10:36:13.000   26.592182133  108.632819614   597.4419   2  25   0.0154   0.0437   0.0362   0.0137   0.0191   0.0135  30.00    1.1 8516405

[TCP数据流] 2025/11/16 18:41:18 - 浮点解 (22颗卫星)
  ECEF: X=-1823651.6011 Y=5408620.5279 Z=2838149.0101
  LLH:  Lat=26.592182091° Lon=108.632819905° H=597.4446m
  原始数据:
2025/11/16 10:41:36.000   26.592182091  108.632819905   597.4446   2  22   0.0154   0.0436   0.0362   0.0137   0.0191   0.0135  13.00    0.0 8516405

[TCP数据流] 2025/11/16 18:41:19 - 浮点解 (14颗卫星)
  ECEF: X=-1823651.6317 Y=5408620.5180 Z=2838149.0033
  LLH:  Lat=26.592182034° Lon=108.632820228° H=597.4419m
  原始数据:
2025/11/16 10:41:37.000   26.592182034  108.632820228   597.4419   2  14   0.0154   0.0436   0.0361   0.0137   0.0190   0.0135  14.00    0.0 8516405

[TCP数据流] 2025/11/16 18:41:20 - 浮点解 (24颗卫星)
  ECEF: X=-1823651.6586 Y=5408620.5092 Z=2838148.9944
  LLH:  Lat=26.592181961° Lon=108.632820512° H=597.4382m
  原始数据:
2025/11/16 10:41:38.000   26.592181961  108.632820512   597.4382   2  24   0.0154   0.0435   0.0361   0.0137   0.0190   0.0135  15.00    0.0 8516405

[TCP数据流] 2025/11/16 18:41:21 - 浮点解 (16颗卫星)
  ECEF: X=-1823651.6805 Y=5408620.5019 Z=2838148.9885
  LLH:  Lat=26.592181914° Lon=108.632820743° H=597.4356m
  原始数据:
2025/11/16 10:41:39.000   26.592181914  108.632820743   597.4356   2  16   0.0154   0.0434   0.0361   0.0136   0.0189   0.0135  16.00    0.0 8516405

[TCP数据流] 2025/11/16 18:41:22 - 浮点解 (23颗卫星)
  ECEF: X=-1823651.7049 Y=5408620.4921 Z=2838148.9794
  LLH:  Lat=26.592181846° Lon=108.632821007° H=597.4302m
  原始数据:
2025/11/16 10:41:40.000   26.592181846  108.632821007   597.4302   2  23   0.0154   0.0434   0.0361   0.0136   0.0189   0.0135  17.00    0.0 8516405

[TCP数据流] 2025/11/16 18:41:23 - 浮点解 (24颗卫星)
  ECEF: X=-1823651.7319 Y=5408620.4833 Z=2838148.9710
  LLH:  Lat=26.592181777° Lon=108.632821292° H=597.4267m
  原始数据:
2025/11/16 10:41:41.000   26.592181777  108.632821292   597.4267   2  24   0.0154   0.0433   0.0361   0.0136   0.0189   0.0135  18.00    1.2 8516405

[TCP数据流] 2025/11/16 18:41:24 - 浮点解 (23颗卫星)
  ECEF: X=-1823651.7561 Y=5408620.4736 Z=2838148.9617
  LLH:  Lat=26.592181708° Lon=108.632821553° H=597.4212m
  原始数据:
2025/11/16 10:41:42.000   26.592181708  108.632821553   597.4212   2  23   0.0154   0.0432   0.0361   0.0136   0.0188   0.0135  19.00    1.1 8516405

[TCP数据流] 2025/11/16 18:41:25 - 浮点解 (24颗卫星)
  ECEF: X=-1823651.7828 Y=5408620.4648 Z=2838148.9530
  LLH:  Lat=26.592181637° Lon=108.632821835° H=597.4175m
  原始数据:
2025/11/16 10:41:43.000   26.592181637  108.632821835   597.4175   2  24   0.0154   0.0432   0.0361   0.0135   0.0188   0.0134  20.00    1.2 8516405

[TCP数据流] 2025/11/16 18:41:26 - 浮点解 (24颗卫星)
  ECEF: X=-1823651.8103 Y=5408620.4553 Z=2838148.9447
  LLH:  Lat=26.592181571° Lon=108.632822127° H=597.4136m
  原始数据:
2025/11/16 10:41:44.000   26.592181571  108.632822127   597.4136   2  24   0.0154   0.0431   0.0361   0.0135   0.0187   0.0134  21.00    1.4 8516405

[TCP数据流] 2025/11/16 18:41:27 - 浮点解 (25颗卫星)
  ECEF: X=-1823651.8373 Y=5408620.4452 Z=2838148.9343
  LLH:  Lat=26.592181491° Lon=108.632822417° H=597.4081m
  原始数据:
2025/11/16 10:41:45.000   26.592181491  108.632822417   597.4081   2  25   0.0154   0.0430   0.0361   0.0135   0.0187   0.0134  22.00    1.5 8516405

[TCP数据流] 2025/11/16 18:41:28 - 浮点解 (25颗卫星)
  ECEF: X=-1823651.8609 Y=5408620.4371 Z=2838148.9264
  LLH:  Lat=26.592181428° Lon=108.632822667° H=597.4044m
  原始数据:
2025/11/16 10:41:46.000   26.592181428  108.632822667   597.4044   2  25   0.0154   0.0430   0.0360   0.0135   0.0186   0.0134  23.00    1.6 8516405

[TCP数据流] 2025/11/16 18:41:29 - 浮点解 (24颗卫星)
  ECEF: X=-1823651.8881 Y=5408620.4268 Z=2838148.9161
  LLH:  Lat=26.592181349° Lon=108.632822959° H=597.3989m
  原始数据:
2025/11/16 10:41:47.000   26.592181349  108.632822959   597.3989   2  24   0.0154   0.0429   0.0360   0.0134   0.0186   0.0134  24.00    1.5 8516405

[TCP数据流] 2025/11/16 18:41:30 - 浮点解 (24颗卫星)
  ECEF: X=-1823651.9126 Y=5408620.4185 Z=2838148.9089
  LLH:  Lat=26.592181291° Lon=108.632823219° H=597.3956m
  原始数据:
2025/11/16 10:41:48.000   26.592181291  108.632823219   597.3956   2  24   0.0154   0.0428   0.0360   0.0134   0.0186   0.0134  25.00    1.2 8516405

[TCP数据流] 2025/11/16 18:41:31 - 浮点解 (24颗卫星)
  ECEF: X=-1823651.9381 Y=5408620.4084 Z=2838148.8983
  LLH:  Lat=26.592181211° Lon=108.632823494° H=597.3896m
  原始数据:
2025/11/16 10:41:49.000   26.592181211  108.632823494   597.3896   2  24   0.0154   0.0428   0.0360   0.0134   0.0185   0.0134  26.00    1.2 8516405

[TCP数据流] 2025/11/16 18:41:33 - 浮点解 (24颗卫星)
  ECEF: X=-1823651.9634 Y=5408620.3996 Z=2838148.8907
  LLH:  Lat=26.592181151° Lon=108.632823762° H=597.3860m
  原始数据:
2025/11/16 10:41:51.000   26.592181151  108.632823762   597.3860   2  24   0.0154   0.0427   0.0360   0.0134   0.0185   0.0134  28.00    1.1 8516405

[TCP数据流] 2025/11/16 18:41:35 - 浮点解 (24颗卫星)
  ECEF: X=-1823651.9891 Y=5408620.3896 Z=2838148.8804
  LLH:  Lat=26.592181073° Lon=108.632824039° H=597.3802m
  原始数据:
2025/11/16 10:41:53.000   26.592181073  108.632824039   597.3802   2  24   0.0153   0.0426   0.0360   0.0133   0.0184   0.0134  30.00    1.4 8516405

[TCP数据流] 2025/11/16 18:42:00 - 固定解 (21颗卫星)
  ECEF: X=-1823652.0545 Y=5408620.3176 Z=2838148.8903
  LLH:  Lat=26.592181344° Lon=108.632824892° H=597.3423m
  原始数据:
2025/11/16 10:42:18.000   26.592181344  108.632824892   597.3423   1  21   0.0051   0.0051   0.0123  -0.0029  -0.0033   0.0051   0.00    3.8 8516405

[TCP数据流] 2025/11/16 18:42:01 - 浮点解 (23颗卫星)
  ECEF: X=-1823652.0268 Y=5408620.3680 Z=2838148.8475
  LLH:  Lat=26.592180841° Lon=108.632824467° H=597.3580m
  原始数据:
2025/11/16 10:42:19.000   26.592180841  108.632824467   597.3580   2  23   0.0153   0.0425   0.0360   0.0133   0.0184   0.0133   1.00    2.0 8516405

[TCP数据流] 2025/11/16 18:42:02 - 浮点解 (23颗卫星)
  ECEF: X=-1823652.0309 Y=5408620.3607 Z=2838148.8346
  LLH:  Lat=26.592180760° Lon=108.632824529° H=597.3472m
  原始数据:
2025/11/16 10:42:20.000   26.592180760  108.632824529   597.3472   2  23   0.0153   0.0425   0.0360   0.0133   0.0183   0.0133   2.00    1.0 8516405

[TCP数据流] 2025/11/16 18:42:03 - 浮点解 (23颗卫星)
  ECEF: X=-1823652.0569 Y=5408620.3501 Z=2838148.8232
  LLH:  Lat=26.592180675° Lon=108.632824811° H=597.3405m
  原始数据:
2025/11/16 10:42:21.000   26.592180675  108.632824811   597.3405   2  23   0.0153   0.0424   0.0359   0.0133   0.0183   0.0133   3.00    1.0 8516405

[TCP数据流] 2025/11/16 18:42:04 - 浮点解 (23颗卫星)
  ECEF: X=-1823652.0615 Y=5408620.3430 Z=2838148.8113
  LLH:  Lat=26.592180600° Lon=108.632824877° H=597.3305m
  原始数据:
2025/11/16 10:42:22.000   26.592180600  108.632824877   597.3305   2  23   0.0153   0.0424   0.0359   0.0132   0.0183   0.0133   4.00    1.5 8516405

[TCP数据流] 2025/11/16 18:42:05 - 浮点解 (23颗卫星)
  ECEF: X=-1823652.0882 Y=5408620.3325 Z=2838148.8004
  LLH:  Lat=26.592180518° Lon=108.632825165° H=597.3243m
  原始数据:
2025/11/16 10:42:23.000   26.592180518  108.632825165   597.3243   2  23   0.0153   0.0423   0.0359   0.0132   0.0182   0.0133   5.00    1.0 8516405

[TCP数据流] 2025/11/16 18:42:06 - 浮点解 (23颗卫星)
  ECEF: X=-1823652.0930 Y=5408620.3257 Z=2838148.7889
  LLH:  Lat=26.592180445° Lon=108.632825232° H=597.3148m
  原始数据:
2025/11/16 10:42:24.000   26.592180445  108.632825232   597.3148   2  23   0.0153   0.0423   0.0359   0.0132   0.0182   0.0133   6.00    1.2 8516405

[TCP数据流] 2025/11/16 18:42:07 - 浮点解 (23颗卫星)
  ECEF: X=-1823652.1182 Y=5408620.3148 Z=2838148.7773
  LLH:  Lat=26.592180360° Lon=108.632825507° H=597.3076m
  原始数据:
2025/11/16 10:42:25.000   26.592180360  108.632825507   597.3076   2  23   0.0153   0.0422   0.0359   0.0132   0.0182   0.0133   7.00    1.2 8516405

[TCP数据流] 2025/11/16 18:42:08 - 浮点解 (23颗卫星)
  ECEF: X=-1823652.1220 Y=5408620.3080 Z=2838148.7653
  LLH:  Lat=26.592180285° Lon=108.632825565° H=597.2975m
  原始数据:
2025/11/16 10:42:26.000   26.592180285  108.632825565   597.2975   2  23   0.0153   0.0422   0.0359   0.0132   0.0181   0.0133   8.00    1.0 8516405

[TCP数据流] 2025/11/16 18:42:09 - 浮点解 (23颗卫星)
  ECEF: X=-1823652.1472 Y=5408620.2972 Z=2838148.7538
  LLH:  Lat=26.592180201° Lon=108.632825839° H=597.2904m
  原始数据:
2025/11/16 10:42:27.000   26.592180201  108.632825839   597.2904   2  23   0.0153   0.0421   0.0359   0.0131   0.0181   0.0132   9.00    1.1 8516405

[TCP数据流] 2025/11/16 18:42:10 - 浮点解 (23颗卫星)
  ECEF: X=-1823652.1529 Y=5408620.2901 Z=2838148.7425
  LLH:  Lat=26.592180129° Lon=108.632825916° H=597.2810m
  原始数据:
2025/11/16 10:42:28.000   26.592180129  108.632825916   597.2810   2  23   0.0153   0.0420   0.0359   0.0131   0.0181   0.0132  10.00    1.1 8516405

[TCP数据流] 2025/11/16 18:42:12 - 浮点解 (23颗卫星)
  ECEF: X=-1823652.1773 Y=5408620.2793 Z=2838148.7307
  LLH:  Lat=26.592180044° Lon=108.632826183° H=597.2735m
  原始数据:
2025/11/16 10:42:30.000   26.592180044  108.632826183   597.2735   2  23   0.0153   0.0420   0.0359   0.0131   0.0180   0.0132  12.00    1.2 8516405

[TCP数据流] 2025/11/16 18:42:13 - 浮点解 (23颗卫星)
  ECEF: X=-1823652.1808 Y=5408620.2722 Z=2838148.7186
  LLH:  Lat=26.592179969° Lon=108.632826239° H=597.2631m
  原始数据:
2025/11/16 10:42:31.000   26.592179969  108.632826239   597.2631   2  23   0.0153   0.0419   0.0359   0.0131   0.0180   0.0132  13.00    1.0 8516405

[TCP数据流] 2025/11/16 18:42:14 - 浮点解 (23颗卫星)
  ECEF: X=-1823652.2047 Y=5408620.2614 Z=2838148.7065
  LLH:  Lat=26.592179882° Lon=108.632826501° H=597.2553m
  原始数据:
2025/11/16 10:42:32.000   26.592179882  108.632826501   597.2553   2  23   0.0153   0.0419   0.0359   0.0131   0.0180   0.0132  14.00    1.0 8516405

[TCP数据流] 2025/11/16 18:42:15 - 浮点解 (16颗卫星)
  ECEF: X=-1823652.2149 Y=5408620.2551 Z=2838148.6962
  LLH:  Lat=26.592179810° Lon=108.632826618° H=597.2483m
  原始数据:
2025/11/16 10:42:33.000   26.592179810  108.632826618   597.2483   2  16   0.0153   0.0418   0.0358   0.0130   0.0179   0.0132   0.00    2.3 8516405

[TCP数据流] 2025/11/16 18:42:16 - 浮点解 (23颗卫星)
  ECEF: X=-1823652.2397 Y=5408620.2435 Z=2838148.6822
  LLH:  Lat=26.592179709° Lon=108.632826891° H=597.2393m
  原始数据:
2025/11/16 10:42:34.000   26.592179709  108.632826891   597.2393   2  23   0.0153   0.0418   0.0358   0.0130   0.0179   0.0132   0.00    2.4 8516405

[TCP数据流] 2025/11/16 18:42:17 - 浮点解 (23颗卫星)
  ECEF: X=-1823652.2449 Y=5408620.2359 Z=2838148.6687
  LLH:  Lat=26.592179623° Lon=108.632826965° H=597.2283m
  原始数据:
2025/11/16 10:42:35.000   26.592179623  108.632826965   597.2283   2  23   0.0153   0.0417   0.0358   0.0130   0.0179   0.0132   1.00    2.3 8516405

[TCP数据流] 2025/11/16 18:42:18 - 浮点解 (16颗卫星)
  ECEF: X=-1823652.2683 Y=5408620.2270 Z=2838148.6599
  LLH:  Lat=26.592179555° Lon=108.632827216° H=597.2235m
  原始数据:
2025/11/16 10:42:36.000   26.592179555  108.632827216   597.2235   2  16   0.0153   0.0417   0.0358   0.0130   0.0178   0.0132   2.00    2.5 8516405

[TCP数据流] 2025/11/16 18:42:19 - 浮点解 (23颗卫星)
  ECEF: X=-1823652.2732 Y=5408620.2194 Z=2838148.6468
  LLH:  Lat=26.592179473° Lon=108.632827287° H=597.2126m
  原始数据:
2025/11/16 10:42:37.000   26.592179473  108.632827287   597.2126   2  23   0.0152   0.0417   0.0358   0.0130   0.0178   0.0132   3.00    1.2 8516405

[TCP数据流] 2025/11/16 18:42:20 - 浮点解 (23颗卫星)
  ECEF: X=-1823652.2981 Y=5408620.2082 Z=2838148.6344
  LLH:  Lat=26.592179383° Lon=108.632827560° H=597.2047m
  原始数据:
2025/11/16 10:42:38.000   26.592179383  108.632827560   597.2047   2  23   0.0152   0.0416   0.0358   0.0129   0.0178   0.0131   4.00    1.1 8516405

[TCP数据流] 2025/11/16 18:42:22 - 浮点解 (23颗卫星)
  ECEF: X=-1823652.3025 Y=5408620.2005 Z=2838148.6216
  LLH:  Lat=26.592179304° Lon=108.632827627° H=597.1937m
  原始数据:
2025/11/16 10:42:40.000   26.592179304  108.632827627   597.1937   2  23   0.0152   0.0416   0.0358   0.0129   0.0177   0.0131   6.00    1.4 8516405

[TCP数据流] 2025/11/16 18:42:24 - 浮点解 (23颗卫星)
  ECEF: X=-1823652.3262 Y=5408620.1892 Z=2838148.6089
  LLH:  Lat=26.592179214° Lon=108.632827888° H=597.1852m
  原始数据:
2025/11/16 10:42:42.000   26.592179214  108.632827888   597.1852   2  23   0.0152   0.0415   0.0358   0.0129   0.0177   0.0131   8.00    1.4 8516405

[TCP数据流] 2025/11/16 18:42:25 - 浮点解 (19颗卫星)
  ECEF: X=-1823652.3268 Y=5408620.1822 Z=2838148.5979
  LLH:  Lat=26.592179151° Lon=108.632827916° H=597.1745m
  原始数据:
2025/11/16 10:42:43.000   26.592179151  108.632827916   597.1745   2  19   0.0152   0.0415   0.0358   0.0129   0.0177   0.0131   9.00    1.1 8516405

[TCP数据流] 2025/11/16 18:42:26 - 浮点解 (23颗卫星)
  ECEF: X=-1823652.3477 Y=5408620.1715 Z=2838148.5861
  LLH:  Lat=26.592179070° Lon=108.632828150° H=597.1661m
  原始数据:
2025/11/16 10:42:44.000   26.592179070  108.632828150   597.1661   2  23   0.0152   0.0414   0.0358   0.0129   0.0176   0.0131  10.00    1.3 8516405

[TCP数据流] 2025/11/16 18:42:27 - 浮点解 (18颗卫星)
  ECEF: X=-1823652.3580 Y=5408620.1641 Z=2838148.5761
  LLH:  Lat=26.592179004° Lon=108.632828271° H=597.1583m
  原始数据:
2025/11/16 10:42:45.000   26.592179004  108.632828271   597.1583   2  18   0.0152   0.0414   0.0357   0.0129   0.0176   0.0131  11.00    1.5 8516405

[TCP数据流] 2025/11/16 18:42:28 - 浮点解 (22颗卫星)
  ECEF: X=-1823652.3596 Y=5408620.1573 Z=2838148.5640
  LLH:  Lat=26.592178931° Lon=108.632828308° H=597.1476m
  原始数据:
2025/11/16 10:42:46.000   26.592178931  108.632828308   597.1476   2  22   0.0152   0.0413   0.0357   0.0128   0.0176   0.0131  12.00    1.2 8516405

[TCP数据流] 2025/11/16 18:42:29 - 浮点解 (22颗卫星)
  ECEF: X=-1823652.3825 Y=5408620.1462 Z=2838148.5517
  LLH:  Lat=26.592178844° Lon=108.632828562° H=597.1392m
  原始数据:
2025/11/16 10:42:47.000   26.592178844  108.632828562   597.1392   2  22   0.0152   0.0413   0.0357   0.0128   0.0176   0.0131  13.00    1.1 8516405

[TCP数据流] 2025/11/16 18:42:30 - 浮点解 (22颗卫星)
  ECEF: X=-1823652.3847 Y=5408620.1395 Z=2838148.5403
  LLH:  Lat=26.592178775° Lon=108.632828604° H=597.1291m
  原始数据:
2025/11/16 10:42:48.000   26.592178775  108.632828604   597.1291   2  22   0.0152   0.0412   0.0357   0.0128   0.0175   0.0131  14.00    1.1 8516405

[TCP数据流] 2025/11/16 18:42:31 - 浮点解 (23颗卫星)
  ECEF: X=-1823652.4060 Y=5408620.1287 Z=2838148.5274
  LLH:  Lat=26.592178685° Lon=108.632828841° H=597.1202m
  原始数据:
2025/11/16 10:42:49.000   26.592178685  108.632828841   597.1202   2  23   0.0152   0.0412   0.0357   0.0128   0.0175   0.0131  15.00    1.1 8516405

[TCP数据流] 2025/11/16 18:42:32 - 浮点解 (23颗卫星)
  ECEF: X=-1823652.4091 Y=5408620.1213 Z=2838148.5148
  LLH:  Lat=26.592178607° Lon=108.632828895° H=597.1092m
  原始数据:
2025/11/16 10:42:50.000   26.592178607  108.632828895   597.1092   2  23   0.0152   0.0411   0.0357   0.0128   0.0175   0.0131  16.00    1.2 8516405

[TCP数据流] 2025/11/16 18:42:33 - 浮点解 (23颗卫星)
  ECEF: X=-1823652.4303 Y=5408620.1105 Z=2838148.5021
  LLH:  Lat=26.592178519° Lon=108.632829131° H=597.1004m
  原始数据:
2025/11/16 10:42:51.000   26.592178519  108.632829131   597.1004   2  23   0.0152   0.0411   0.0357   0.0127   0.0174   0.0130  17.00    1.0 8516405

[TCP数据流] 2025/11/16 18:42:34 - 浮点解 (24颗卫星)
  ECEF: X=-1823652.4331 Y=5408620.1031 Z=2838148.4893
  LLH:  Lat=26.592178440° Lon=108.632829181° H=597.0892m
  原始数据:
2025/11/16 10:42:52.000   26.592178440  108.632829181   597.0892   2  24   0.0152   0.0410   0.0357   0.0127   0.0174   0.0130  18.00    1.0 8516405

[TCP数据流] 2025/11/16 18:42:35 - 浮点解 (24颗卫星)
  ECEF: X=-1823652.4537 Y=5408620.0922 Z=2838148.4764
  LLH:  Lat=26.592178351° Lon=108.632829412° H=597.0801m
  原始数据:
2025/11/16 10:42:53.000   26.592178351  108.632829412   597.0801   2  24   0.0152   0.0410   0.0357   0.0127   0.0174   0.0130  19.00    1.0 8516405

[TCP数据流] 2025/11/16 18:42:36 - 浮点解 (19颗卫星)
  ECEF: X=-1823652.4610 Y=5408620.0855 Z=2838148.4675
  LLH:  Lat=26.592178296° Lon=108.632829503° H=597.0725m
  原始数据:
2025/11/16 10:42:54.000   26.592178296  108.632829503   597.0725   2  19   0.0152   0.0410   0.0357   0.0127   0.0173   0.0130  20.00    1.1 8516405

[TCP数据流] 2025/11/16 18:42:37 - 浮点解 (24颗卫星)
  ECEF: X=-1823652.4700 Y=5408620.0772 Z=2838148.4544
  LLH:  Lat=26.592178210° Lon=108.632829615° H=597.0622m
  原始数据:
2025/11/16 10:42:55.000   26.592178210  108.632829615   597.0622   2  24   0.0152   0.0409   0.0357   0.0127   0.0173   0.0130  21.00    1.0 8516405

[TCP数据流] 2025/11/16 18:42:38 - 浮点解 (18颗卫星)
  ECEF: X=-1823652.4869 Y=5408620.0690 Z=2838148.4461
  LLH:  Lat=26.592178153° Lon=108.632829802° H=597.0564m
  原始数据:
2025/11/16 10:42:56.000   26.592178153  108.632829802   597.0564   2  18   0.0152   0.0409   0.0356   0.0127   0.0173   0.0130  22.00    1.0 8516405

[TCP数据流] 2025/11/16 18:42:39 - 浮点解 (24颗卫星)
  ECEF: X=-1823652.4961 Y=5408620.0607 Z=2838148.4331
  LLH:  Lat=26.592178068° Lon=108.632829916° H=597.0462m
  原始数据:
2025/11/16 10:42:57.000   26.592178068  108.632829916   597.0462   2  24   0.0152   0.0408   0.0356   0.0126   0.0173   0.0130  23.00    1.0 8516405

[TCP数据流] 2025/11/16 18:42:40 - 浮点解 (24颗卫星)
  ECEF: X=-1823652.5138 Y=5408620.0504 Z=2838148.4210
  LLH:  Lat=26.592177987° Lon=108.632830118° H=597.0371m
  原始数据:
2025/11/16 10:42:58.000   26.592177987  108.632830118   597.0371   2  24   0.0152   0.0408   0.0356   0.0126   0.0172   0.0130  24.00    1.0 8516405

[TCP数据流] 2025/11/16 18:42:41 - 浮点解 (24颗卫星)
  ECEF: X=-1823652.5232 Y=5408620.0423 Z=2838148.4083
  LLH:  Lat=26.592177903° Lon=108.632830233° H=597.0272m
  原始数据:
2025/11/16 10:42:59.000   26.592177903  108.632830233   597.0272   2  24   0.0152   0.0407   0.0356   0.0126   0.0172   0.0130  25.00    1.0 8516405

[TCP数据流] 2025/11/16 18:42:42 - 浮点解 (24颗卫星)
  ECEF: X=-1823652.5401 Y=5408620.0321 Z=2838148.3961
  LLH:  Lat=26.592177822° Lon=108.632830427° H=597.0179m
  原始数据:
2025/11/16 10:43:00.000   26.592177822  108.632830427   597.0179   2  24   0.0152   0.0407   0.0356   0.0126   0.0172   0.0130  26.00    1.0 8516405

[TCP数据流] 2025/11/16 18:42:43 - 浮点解 (24颗卫星)
  ECEF: X=-1823652.5487 Y=5408620.0237 Z=2838148.3826
  LLH:  Lat=26.592177734° Lon=108.632830536° H=597.0072m
  原始数据:
2025/11/16 10:43:01.000   26.592177734  108.632830536   597.0072   2  24   0.0151   0.0406   0.0356   0.0126   0.0171   0.0130  27.00    1.0 8516405

[TCP数据流] 2025/11/16 18:42:44 - 浮点解 (14颗卫星)
  ECEF: X=-1823652.5505 Y=5408620.0180 Z=2838148.3745
  LLH:  Lat=26.592177688° Lon=108.632830571° H=596.9993m
  原始数据:
2025/11/16 10:43:02.000   26.592177688  108.632830571   596.9993   2  14   0.0151   0.0406   0.0356   0.0126   0.0171   0.0129  28.00    1.2 8516405

[TCP数据流] 2025/11/16 18:42:45 - 浮点解 (24颗卫星)
  ECEF: X=-1823652.5674 Y=5408620.0078 Z=2838148.3623
  LLH:  Lat=26.592177607° Lon=108.632830764° H=596.9900m
  原始数据:
2025/11/16 10:43:03.000   26.592177607  108.632830764   596.9900   2  24   0.0151   0.0406   0.0356   0.0125   0.0171   0.0129  29.00    1.0 8516405

[TCP数据流] 2025/11/16 18:42:46 - 浮点解 (24颗卫星)
  ECEF: X=-1823652.5760 Y=5408619.9996 Z=2838148.3491
  LLH:  Lat=26.592177521° Lon=108.632830873° H=596.9796m
  原始数据:
2025/11/16 10:43:04.000   26.592177521  108.632830873   596.9796   2  24   0.0151   0.0405   0.0356   0.0125   0.0170   0.0129  30.00    1.0 8516405

[TCP数据流] 2025/11/16 18:43:27 - 浮点解 (24颗卫星)
  ECEF: X=-1823652.6873 Y=5408619.9242 Z=2838148.1549
  LLH:  Lat=26.592176098° Lon=108.632832173° H=596.8606m
  原始数据:
2025/11/16 10:43:45.000   26.592176098  108.632832173   596.8606   2  24   0.0151   0.0403   0.0355   0.0125   0.0170   0.0129   0.00    1.2 8516405

[TCP数据流] 2025/11/16 18:43:28 - 浮点解 (18颗卫星)
  ECEF: X=-1823652.7288 Y=5408619.9076 Z=2838148.1106
  LLH:  Lat=26.592175751° Lon=108.632832621° H=596.8386m
  原始数据:
2025/11/16 10:43:46.000   26.592175751  108.632832621   596.8386   2  18   0.0151   0.0403   0.0355   0.0125   0.0169   0.0128   0.00    1.5 8516405

[TCP数据流] 2025/11/16 18:43:29 - 浮点解 (23颗卫星)
  ECEF: X=-1823652.7604 Y=5408619.8853 Z=2838148.0590
  LLH:  Lat=26.592175379° Lon=108.632832993° H=596.8056m
  原始数据:
2025/11/16 10:43:47.000   26.592175379  108.632832993   596.8056   2  23   0.0151   0.0402   0.0355   0.0124   0.0169   0.0128   0.00    2.1 8516405

[TCP数据流] 2025/11/16 18:43:30 - 浮点解 (24颗卫星)
  ECEF: X=-1823652.7879 Y=5408619.8660 Z=2838148.0121
  LLH:  Lat=26.592175039° Lon=108.632833316° H=596.7761m
  原始数据:
2025/11/16 10:43:48.000   26.592175039  108.632833316   596.7761   2  24   0.0151   0.0402   0.0354   0.0124   0.0169   0.0128   1.00    1.3 8516405

[TCP数据流] 2025/11/16 18:43:31 - 浮点解 (24颗卫星)
  ECEF: X=-1823652.8154 Y=5408619.8461 Z=2838147.9704
  LLH:  Lat=26.592174743° Lon=108.632833642° H=596.7484m
  原始数据:
2025/11/16 10:43:49.000   26.592174743  108.632833642   596.7484   2  24   0.0150   0.0401   0.0354   0.0124   0.0168   0.0128   2.00    1.4 8516405

[TCP数据流] 2025/11/16 18:43:32 - 浮点解 (24颗卫星)
  ECEF: X=-1823652.8388 Y=5408619.8293 Z=2838147.9347
  LLH:  Lat=26.592174489° Lon=108.632833918° H=596.7249m
  原始数据:
2025/11/16 10:43:50.000   26.592174489  108.632833918   596.7249   2  24   0.0150   0.0400   0.0354   0.0124   0.0168   0.0128   3.00    1.4 8516405

[TCP数据流] 2025/11/16 18:43:33 - 浮点解 (24颗卫星)
  ECEF: X=-1823652.8628 Y=5408619.8125 Z=2838147.9038
  LLH:  Lat=26.592174273° Lon=108.632834200° H=596.7037m
  原始数据:
2025/11/16 10:43:51.000   26.592174273  108.632834200   596.7037   2  24   0.0150   0.0400   0.0354   0.0124   0.0168   0.0128   4.00    1.1 8516405

[TCP数据流] 2025/11/16 18:43:34 - 浮点解 (24颗卫星)
  ECEF: X=-1823652.8833 Y=5408619.7981 Z=2838147.8767
  LLH:  Lat=26.592174083° Lon=108.632834442° H=596.6852m
  原始数据:
2025/11/16 10:43:52.000   26.592174083  108.632834442   596.6852   2  24   0.0150   0.0399   0.0354   0.0124   0.0167   0.0127   5.00    1.1 8516405

[TCP数据流] 2025/11/16 18:43:35 - 浮点解 (24颗卫星)
  ECEF: X=-1823652.9056 Y=5408619.7834 Z=2838147.8528
  LLH:  Lat=26.592173918° Lon=108.632834701° H=596.6684m
  原始数据:
2025/11/16 10:43:53.000   26.592173918  108.632834701   596.6684   2  24   0.0150   0.0399   0.0354   0.0123   0.0167   0.0127   6.00    1.0 8516405

[TCP数据流] 2025/11/16 18:43:36 - 浮点解 (24颗卫星)
  ECEF: X=-1823652.9251 Y=5408619.7706 Z=2838147.8313
  LLH:  Lat=26.592173768° Lon=108.632834928° H=596.6535m
  原始数据:
2025/11/16 10:43:54.000   26.592173768  108.632834928   596.6535   2  24   0.0150   0.0398   0.0353   0.0123   0.0167   0.0127   7.00    1.2 8516405

[TCP数据流] 2025/11/16 18:43:37 - 浮点解 (24颗卫星)
  ECEF: X=-1823652.9462 Y=5408619.7572 Z=2838147.8115
  LLH:  Lat=26.592173632° Lon=108.632835171° H=596.6393m
  原始数据:
2025/11/16 10:43:55.000   26.592173632  108.632835171   596.6393   2  24   0.0150   0.0398   0.0353   0.0123   0.0166   0.0127   8.00    1.0 8516405

[TCP数据流] 2025/11/16 18:43:38 - 浮点解 (24颗卫星)
  ECEF: X=-1823652.9645 Y=5408619.7457 Z=2838147.7929
  LLH:  Lat=26.592173503° Lon=108.632835382° H=596.6265m
  原始数据:
2025/11/16 10:43:56.000   26.592173503  108.632835382   596.6265   2  24   0.0150   0.0397   0.0353   0.0123   0.0166   0.0127   9.00    1.2 8516405

[TCP数据流] 2025/11/16 18:43:39 - 浮点解 (23颗卫星)
  ECEF: X=-1823652.9735 Y=5408619.7330 Z=2838147.7731
  LLH:  Lat=26.592173380° Lon=108.632835509° H=596.6094m
  原始数据:
2025/11/16 10:43:57.000   26.592173380  108.632835509   596.6094   2  23   0.0150   0.0397   0.0353   0.0123   0.0166   0.0127  10.00    1.1 8516405

[TCP数据流] 2025/11/16 18:43:40 - 浮点解 (25颗卫星)
  ECEF: X=-1823652.9806 Y=5408619.7087 Z=2838147.7228
  LLH:  Lat=26.592173058° Lon=108.632835654° H=596.5684m
  原始数据:
2025/11/16 10:43:58.000   26.592173058  108.632835654   596.5684   2  25   0.0150   0.0396   0.0353   0.0122   0.0165   0.0127   0.00    1.1 8516405

[TCP数据流] 2025/11/16 18:43:41 - 浮点解 (19颗卫星)
  ECEF: X=-1823652.9882 Y=5408619.6917 Z=2838147.6839
  LLH:  Lat=26.592172799° Lon=108.632835781° H=596.5387m
  原始数据:
2025/11/16 10:43:59.000   26.592172799  108.632835781   596.5387   2  19   0.0150   0.0396   0.0353   0.0122   0.0165   0.0127   0.00    1.2 8516405

[TCP数据流] 2025/11/16 18:43:42 - 浮点解 (25颗卫星)
  ECEF: X=-1823652.9962 Y=5408619.6701 Z=2838147.6392
  LLH:  Lat=26.592172511° Lon=108.632835926° H=596.5027m
  原始数据:
2025/11/16 10:44:00.000   26.592172511  108.632835926   596.5027   2  25   0.0150   0.0395   0.0353   0.0122   0.0165   0.0126   1.00    1.3 8516405

[TCP数据流] 2025/11/16 18:43:43 - 浮点解 (25颗卫星)
  ECEF: X=-1823653.0024 Y=5408619.6486 Z=2838147.5979
  LLH:  Lat=26.592172252° Lon=108.632836054° H=596.4677m
  原始数据:
2025/11/16 10:44:01.000   26.592172252  108.632836054   596.4677   2  25   0.0149   0.0395   0.0352   0.0122   0.0165   0.0126   2.00    1.2 8516405

[TCP数据流] 2025/11/16 18:43:44 - 浮点解 (25颗卫星)
  ECEF: X=-1823653.0096 Y=5408619.6287 Z=2838147.5616
  LLH:  Lat=26.592172026° Lon=108.632836186° H=596.4367m
  原始数据:
2025/11/16 10:44:02.000   26.592172026  108.632836186   596.4367   2  25   0.0149   0.0394   0.0352   0.0122   0.0164   0.0126   3.00    1.1 8516405

[TCP数据流] 2025/11/16 18:43:45 - 浮点解 (26颗卫星)
  ECEF: X=-1823653.0194 Y=5408619.6084 Z=2838147.5288
  LLH:  Lat=26.592171826° Lon=108.632836345° H=596.4076m
  原始数据:
2025/11/16 10:44:03.000   26.592171826  108.632836345   596.4076   2  26   0.0149   0.0394   0.0352   0.0122   0.0164   0.0126   4.00    1.0 8516405

[TCP数据流] 2025/11/16 18:43:46 - 浮点解 (26颗卫星)
  ECEF: X=-1823653.0257 Y=5408619.5903 Z=2838147.4990
  LLH:  Lat=26.592171647° Lon=108.632836463° H=596.3807m
  原始数据:
2025/11/16 10:44:04.000   26.592171647  108.632836463   596.3807   2  26   0.0149   0.0393   0.0352   0.0121   0.0164   0.0126   5.00    1.1 8516405

[TCP数据流] 2025/11/16 18:43:47 - 浮点解 (26颗卫星)
  ECEF: X=-1823653.0342 Y=5408619.5718 Z=2838147.4717
  LLH:  Lat=26.592171486° Lon=108.632836603° H=596.3553m
  原始数据:
2025/11/16 10:44:05.000   26.592171486  108.632836603   596.3553   2  26   0.0149   0.0393   0.0352   0.0121   0.0163   0.0126   6.00    1.0 8516405

[TCP数据流] 2025/11/16 18:43:48 - 浮点解 (26颗卫星)
  ECEF: X=-1823653.0418 Y=5408619.5553 Z=2838147.4466
  LLH:  Lat=26.592171337° Lon=108.632836728° H=596.3322m
  原始数据:
2025/11/16 10:44:06.000   26.592171337  108.632836728   596.3322   2  26   0.0149   0.0392   0.0352   0.0121   0.0163   0.0126   7.00    1.0 8516405

[TCP数据流] 2025/11/16 18:43:49 - 浮点解 (26颗卫星)
  ECEF: X=-1823653.0505 Y=5408619.5383 Z=2838147.4228
  LLH:  Lat=26.592171199° Lon=108.632836865° H=596.3096m
  原始数据:
2025/11/16 10:44:07.000   26.592171199  108.632836865   596.3096   2  26   0.0149   0.0392   0.0351   0.0121   0.0163   0.0125   8.00    1.0 8516405

[TCP数据流] 2025/11/16 18:43:50 - 浮点解 (26颗卫星)
  ECEF: X=-1823653.0578 Y=5408619.5231 Z=2838147.4004
  LLH:  Lat=26.592171067° Lon=108.632836984° H=596.2888m
  原始数据:
2025/11/16 10:44:08.000   26.592171067  108.632836984   596.2888   2  26   0.0149   0.0391   0.0351   0.0121   0.0162   0.0125   9.00    1.0 8516405

[TCP数据流] 2025/11/16 18:43:51 - 浮点解 (25颗卫星)
  ECEF: X=-1823653.0655 Y=5408619.5076 Z=2838147.3788
  LLH:  Lat=26.592170942° Lon=108.632837107° H=596.2682m
  原始数据:
2025/11/16 10:44:09.000   26.592170942  108.632837107   596.2682   2  25   0.0149   0.0391   0.0351   0.0120   0.0162   0.0125  10.00    1.0 8516405

[TCP数据流] 2025/11/16 18:43:52 - 浮点解 (25颗卫星)
  ECEF: X=-1823653.0731 Y=5408619.4934 Z=2838147.3583
  LLH:  Lat=26.592170821° Lon=108.632837224° H=596.2492m
  原始数据:
2025/11/16 10:44:10.000   26.592170821  108.632837224   596.2492   2  25   0.0149   0.0391   0.0351   0.0120   0.0162   0.0125  11.00    1.4 8516405

[TCP数据流] 2025/11/16 18:43:53 - 浮点解 (19颗卫星)
  ECEF: X=-1823653.0787 Y=5408619.4814 Z=2838147.3421
  LLH:  Lat=26.592170729° Lon=108.632837316° H=596.2334m
  原始数据:
2025/11/16 10:44:11.000   26.592170729  108.632837316   596.2334   2  19   0.0149   0.0390   0.0351   0.0120   0.0162   0.0125  12.00    1.0 8516405

[TCP数据流] 2025/11/16 18:43:54 - 浮点解 (25颗卫星)
  ECEF: X=-1823653.0870 Y=5408619.4683 Z=2838147.3235
  LLH:  Lat=26.592170618° Lon=108.632837437° H=596.2163m
  原始数据:
2025/11/16 10:44:12.000   26.592170618  108.632837437   596.2163   2  25   0.0149   0.0390   0.0351   0.0120   0.0161   0.0125  13.00    1.0 8516405

[TCP数据流] 2025/11/16 18:43:55 - 浮点解 (25颗卫星)
  ECEF: X=-1823653.0951 Y=5408619.4547 Z=2838147.3048
  LLH:  Lat=26.592170509° Lon=108.632837558° H=596.1987m
  原始数据:
2025/11/16 10:44:13.000   26.592170509  108.632837558   596.1987   2  25   0.0149   0.0389   0.0351   0.0120   0.0161   0.0125  14.00    1.3 8516405

[TCP数据流] 2025/11/16 18:43:56 - 浮点解 (25颗卫星)
  ECEF: X=-1823653.1036 Y=5408619.4421 Z=2838147.2869
  LLH:  Lat=26.592170402° Lon=108.632837679° H=596.1825m
  原始数据:
2025/11/16 10:44:14.000   26.592170402  108.632837679   596.1825   2  25   0.0149   0.0389   0.0351   0.0120   0.0161   0.0125  15.00    1.0 8516405

[TCP数据流] 2025/11/16 18:43:57 - 浮点解 (25颗卫星)
  ECEF: X=-1823653.1111 Y=5408619.4289 Z=2838147.2686
  LLH:  Lat=26.592170295° Lon=108.632837793° H=596.1652m
  原始数据:
2025/11/16 10:44:15.000   26.592170295  108.632837793   596.1652   2  25   0.0149   0.0388   0.0351   0.0119   0.0160   0.0125  16.00    1.0 8516405

[TCP数据流] 2025/11/16 18:43:58 - 浮点解 (25颗卫星)
  ECEF: X=-1823653.1188 Y=5408619.4170 Z=2838147.2514
  LLH:  Lat=26.592170192° Lon=108.632837904° H=596.1497m
  原始数据:
2025/11/16 10:44:16.000   26.592170192  108.632837904   596.1497   2  25   0.0149   0.0388   0.0351   0.0119   0.0160   0.0125  17.00    1.3 8516405

[TCP数据流] 2025/11/16 18:43:59 - 浮点解 (25颗卫星)
  ECEF: X=-1823653.1288 Y=5408619.4040 Z=2838147.2333
  LLH:  Lat=26.592170083° Lon=108.632838041° H=596.1334m
  原始数据:
2025/11/16 10:44:17.000   26.592170083  108.632838041   596.1334   2  25   0.0149   0.0387   0.0350   0.0119   0.0160   0.0124  18.00    1.0 8516405

[TCP数据流] 2025/11/16 18:44:00 - 浮点解 (25颗卫星)
  ECEF: X=-1823653.1367 Y=5408619.3923 Z=2838147.2167
  LLH:  Lat=26.592169983° Lon=108.632838153° H=596.1183m
  原始数据:
2025/11/16 10:44:18.000   26.592169983  108.632838153   596.1183   2  25   0.0148   0.0387   0.0350   0.0119   0.0159   0.0124  19.00    1.2 8516405

[TCP数据流] 2025/11/16 18:44:01 - 浮点解 (25颗卫星)
  ECEF: X=-1823653.1438 Y=5408619.3800 Z=2838147.1995
  LLH:  Lat=26.592169882° Lon=108.632838261° H=596.1022m
  原始数据:
2025/11/16 10:44:19.000   26.592169882  108.632838261   596.1022   2  25   0.0148   0.0387   0.0350   0.0119   0.0159   0.0124  20.00    1.2 8516405

[TCP数据流] 2025/11/16 18:44:02 - 浮点解 (26颗卫星)
  ECEF: X=-1823653.1517 Y=5408619.3686 Z=2838147.1830
  LLH:  Lat=26.592169783° Lon=108.632838372° H=596.0874m
  原始数据:
2025/11/16 10:44:20.000   26.592169783  108.632838372   596.0874   2  26   0.0148   0.0386   0.0350   0.0119   0.0159   0.0124  21.00    1.1 8516405

[TCP数据流] 2025/11/16 18:44:03 - 浮点解 (26颗卫星)
  ECEF: X=-1823653.1583 Y=5408619.3570 Z=2838147.1670
  LLH:  Lat=26.592169689° Lon=108.632838472° H=596.0723m
  原始数据:
2025/11/16 10:44:21.000   26.592169689  108.632838472   596.0723   2  26   0.0148   0.0386   0.0350   0.0118   0.0159   0.0124  22.00    1.0 8516405

[TCP数据流] 2025/11/16 18:44:04 - 浮点解 (26颗卫星)
  ECEF: X=-1823653.1670 Y=5408619.3460 Z=2838147.1512
  LLH:  Lat=26.592169593° Lon=108.632838590° H=596.0584m
  原始数据:
2025/11/16 10:44:22.000   26.592169593  108.632838590   596.0584   2  26   0.0148   0.0385   0.0350   0.0118   0.0158   0.0124  23.00    1.0 8516405

[TCP数据流] 2025/11/16 18:44:05 - 浮点解 (26颗卫星)
  ECEF: X=-1823653.1767 Y=5408619.3337 Z=2838147.1352
  LLH:  Lat=26.592169498° Lon=108.632838722° H=596.0436m
  原始数据:
2025/11/16 10:44:23.000   26.592169498  108.632838722   596.0436   2  26   0.0148   0.0385   0.0350   0.0118   0.0158   0.0124  24.00    1.1 8516405

[TCP数据流] 2025/11/16 18:44:06 - 浮点解 (26颗卫星)
  ECEF: X=-1823653.1854 Y=5408619.3229 Z=2838147.1198
  LLH:  Lat=26.592169404° Lon=108.632838839° H=596.0300m
  原始数据:
2025/11/16 10:44:24.000   26.592169404  108.632838839   596.0300   2  26   0.0148   0.0384   0.0350   0.0118   0.0158   0.0124  25.00    1.2 8516405

[TCP数据流] 2025/11/16 18:44:07 - 浮点解 (26颗卫星)
  ECEF: X=-1823653.1954 Y=5408619.3108 Z=2838147.1043
  LLH:  Lat=26.592169312° Lon=108.632838973° H=596.0157m
  原始数据:
2025/11/16 10:44:25.000   26.592169312  108.632838973   596.0157   2  26   0.0148   0.0384   0.0350   0.0118   0.0157   0.0124  26.00    1.0 8516405

[TCP数据流] 2025/11/16 18:44:08 - 浮点解 (26颗卫星)
  ECEF: X=-1823653.2033 Y=5408619.3002 Z=2838147.0890
  LLH:  Lat=26.592169219° Lon=108.632839082° H=596.0021m
  原始数据:
2025/11/16 10:44:26.000   26.592169219  108.632839082   596.0021   2  26   0.0148   0.0383   0.0350   0.0118   0.0157   0.0124  27.00    1.0 8516405

[TCP数据流] 2025/11/16 18:44:09 - 浮点解 (26颗卫星)
  ECEF: X=-1823653.2100 Y=5408619.2891 Z=2838147.0736
  LLH:  Lat=26.592169129° Lon=108.632839182° H=595.9878m
  原始数据:
2025/11/16 10:44:27.000   26.592169129  108.632839182   595.9878   2  26   0.0148   0.0383   0.0350   0.0117   0.0157   0.0123  28.00    1.0 8516405

[TCP数据流] 2025/11/16 18:44:10 - 浮点解 (21颗卫星)
  ECEF: X=-1823653.2162 Y=5408619.2819 Z=2838147.0623
  LLH:  Lat=26.592169057° Lon=108.632839264° H=595.9784m
  原始数据:
2025/11/16 10:44:28.000   26.592169057  108.632839264   595.9784   2  21   0.0148   0.0383   0.0349   0.0117   0.0157   0.0123  29.00    1.0 8516405

[TCP数据流] 2025/11/16 18:44:11 - 浮点解 (26颗卫星)
  ECEF: X=-1823653.2243 Y=5408619.2710 Z=2838147.0475
  LLH:  Lat=26.592168969° Lon=108.632839376° H=595.9648m
  原始数据:
2025/11/16 10:44:29.000   26.592168969  108.632839376   595.9648   2  26   0.0148   0.0382   0.0349   0.0117   0.0156   0.0123  30.00    1.0 8516405

[TCP数据流] 2025/11/16 18:44:34 - 浮点解 (27颗卫星)
  ECEF: X=-1823653.2674 Y=5408619.2654 Z=2838146.9361
  LLH:  Lat=26.592168036° Lon=108.632839804° H=595.9225m
  原始数据:
2025/11/16 10:44:52.000   26.592168036  108.632839804   595.9225   2  27   0.0148   0.0381   0.0349   0.0117   0.0156   0.0123   4.00    1.0 8516405

[TCP数据流] 2025/11/16 18:44:39 - 浮点解 (28颗卫星)
  ECEF: X=-1823653.2863 Y=5408619.2560 Z=2838146.9101
  LLH:  Lat=26.592167838° Lon=108.632840014° H=595.9083m
  原始数据:
2025/11/16 10:44:57.000   26.592167838  108.632840014   595.9083   2  28   0.0148   0.0381   0.0349   0.0117   0.0155   0.0123   9.00    1.1 8516405

[TCP数据流] 2025/11/16 18:44:40 - 浮点解 (28颗卫星)
  ECEF: X=-1823653.3040 Y=5408619.2471 Z=2838146.8874
  LLH:  Lat=26.592167666° Lon=108.632840210° H=595.8957m
  原始数据:
2025/11/16 10:44:58.000   26.592167666  108.632840210   595.8957   2  28   0.0148   0.0380   0.0349   0.0116   0.0155   0.0123  10.00    1.1 8516405

[TCP数据流] 2025/11/16 18:44:41 - 浮点解 (22颗卫星)
  ECEF: X=-1823653.3222 Y=5408619.2432 Z=2838146.8731
  LLH:  Lat=26.592167542° Lon=108.632840396° H=595.8911m
  原始数据:
2025/11/16 10:44:59.000   26.592167542  108.632840396   595.8911   2  22   0.0147   0.0380   0.0349   0.0116   0.0155   0.0123  11.00    1.1 8516405

[TCP数据流] 2025/11/16 18:44:42 - 浮点解 (27颗卫星)
  ECEF: X=-1823653.3369 Y=5408619.2349 Z=2838146.8536
  LLH:  Lat=26.592167397° Lon=108.632840563° H=595.8796m
  原始数据:
2025/11/16 10:45:00.000   26.592167397  108.632840563   595.8796   2  27   0.0147   0.0379   0.0348   0.0116   0.0154   0.0123  12.00    1.0 8516405

[TCP数据流] 2025/11/16 18:44:43 - 浮点解 (27颗卫星)
  ECEF: X=-1823653.3540 Y=5408619.2262 Z=2838146.8344
  LLH:  Lat=26.592167253° Lon=108.632840753° H=595.8685m
  原始数据:
2025/11/16 10:45:01.000   26.592167253  108.632840753   595.8685   2  27   0.0147   0.0379   0.0348   0.0116   0.0154   0.0122  13.00    1.0 8516405

[TCP数据流] 2025/11/16 18:44:44 - 浮点解 (27颗卫星)
  ECEF: X=-1823653.3673 Y=5408619.2179 Z=2838146.8167
  LLH:  Lat=26.592167125° Lon=108.632840906° H=595.8573m
  原始数据:
2025/11/16 10:45:02.000   26.592167125  108.632840906   595.8573   2  27   0.0147   0.0378   0.0348   0.0116   0.0154   0.0122  14.00    1.0 8516405

[TCP数据流] 2025/11/16 18:44:45 - 浮点解 (26颗卫星)
  ECEF: X=-1823653.3809 Y=5408619.2092 Z=2838146.7985
  LLH:  Lat=26.592166994° Lon=108.632841064° H=595.8457m
  原始数据:
2025/11/16 10:45:03.000   26.592166994  108.632841064   595.8457   2  26   0.0147   0.0378   0.0348   0.0116   0.0153   0.0122  15.00    1.1 8516405

[TCP数据流] 2025/11/16 18:44:46 - 浮点解 (27颗卫星)
  ECEF: X=-1823653.3951 Y=5408619.2011 Z=2838146.7826
  LLH:  Lat=26.592166878° Lon=108.632841225° H=595.8358m
  原始数据:
2025/11/16 10:45:04.000   26.592166878  108.632841225   595.8358   2  27   0.0147   0.0377   0.0348   0.0115   0.0153   0.0122  16.00    1.0 8516405

[TCP数据流] 2025/11/16 18:44:47 - 浮点解 (28颗卫星)
  ECEF: X=-1823653.4136 Y=5408619.1921 Z=2838146.7669
  LLH:  Lat=26.592166762° Lon=108.632841430° H=595.8264m
  原始数据:
2025/11/16 10:45:05.000   26.592166762  108.632841430   595.8264   2  28   0.0147   0.0377   0.0348   0.0115   0.0153   0.0122  17.00    1.0 8516405

[TCP数据流] 2025/11/16 18:44:48 - 浮点解 (27颗卫星)
  ECEF: X=-1823653.4284 Y=5408619.1837 Z=2838146.7519
  LLH:  Lat=26.592166654° Lon=108.632841597° H=595.8168m
  原始数据:
2025/11/16 10:45:06.000   26.592166654  108.632841597   595.8168   2  27   0.0147   0.0377   0.0348   0.0115   0.0153   0.0122  18.00    1.0 8516405

[TCP数据流] 2025/11/16 18:44:49 - 浮点解 (27颗卫星)
  ECEF: X=-1823653.4454 Y=5408619.1749 Z=2838146.7364
  LLH:  Lat=26.592166541° Lon=108.632841787° H=595.8073m
  原始数据:
2025/11/16 10:45:07.000   26.592166541  108.632841787   595.8073   2  27   0.0147   0.0376   0.0348   0.0115   0.0152   0.0122  19.00    1.1 8516405

[TCP数据流] 2025/11/16 18:44:51 - 浮点解 (27颗卫星)
  ECEF: X=-1823653.4596 Y=5408619.1663 Z=2838146.7221
  LLH:  Lat=26.592166440° Lon=108.632841950° H=595.7977m
  原始数据:
2025/11/16 10:45:09.000   26.592166440  108.632841950   595.7977   2  27   0.0147   0.0376   0.0348   0.0115   0.0152   0.0122  21.00    1.0 8516405

[TCP数据流] 2025/11/16 18:44:52 - 浮点解 (27颗卫星)
  ECEF: X=-1823653.4738 Y=5408619.1575 Z=2838146.7069
  LLH:  Lat=26.592166333° Lon=108.632842113° H=595.7875m
  原始数据:
2025/11/16 10:45:10.000   26.592166333  108.632842113   595.7875   2  27   0.0147   0.0375   0.0348   0.0115   0.0152   0.0122  22.00    1.1 8516405

[TCP数据流] 2025/11/16 18:44:53 - 浮点解 (21颗卫星)
  ECEF: X=-1823653.4776 Y=5408619.1509 Z=2838146.6939
  LLH:  Lat=26.592166248° Lon=108.632842170° H=595.7771m
  原始数据:
2025/11/16 10:45:11.000   26.592166248  108.632842170   595.7771   2  21   0.0147   0.0375   0.0347   0.0114   0.0151   0.0122  23.00    1.1 8516405

[TCP数据流] 2025/11/16 18:44:55 - 浮点解 (27颗卫星)
  ECEF: X=-1823653.4925 Y=5408619.1420 Z=2838146.6794
  LLH:  Lat=26.592166146° Lon=108.632842341° H=595.7674m
  原始数据:
2025/11/16 10:45:13.000   26.592166146  108.632842341   595.7674   2  27   0.0147   0.0374   0.0347   0.0114   0.0151   0.0122  25.00    1.0 8516405

[TCP数据流] 2025/11/16 18:44:56 - 浮点解 (27颗卫星)
  ECEF: X=-1823653.5068 Y=5408619.1335 Z=2838146.6664
  LLH:  Lat=26.592166055° Lon=108.632842504° H=595.7584m
  原始数据:
2025/11/16 10:45:14.000   26.592166055  108.632842504   595.7584   2  27   0.0147   0.0374   0.0347   0.0114   0.0151   0.0121  26.00    1.0 8516405

[TCP数据流] 2025/11/16 18:44:57 - 浮点解 (27颗卫星)
  ECEF: X=-1823653.5235 Y=5408619.1246 Z=2838146.6527
  LLH:  Lat=26.592165957° Lon=108.632842691° H=595.7495m
  原始数据:
2025/11/16 10:45:15.000   26.592165957  108.632842691   595.7495   2  27   0.0147   0.0373   0.0347   0.0114   0.0150   0.0121  27.00    1.1 8516405

[TCP数据流] 2025/11/16 18:44:58 - 浮点解 (27颗卫星)
  ECEF: X=-1823653.5381 Y=5408619.1159 Z=2838146.6400
  LLH:  Lat=26.592165869° Lon=108.632842858° H=595.7406m
  原始数据:
2025/11/16 10:45:16.000   26.592165869  108.632842858   595.7406   2  27   0.0147   0.0373   0.0347   0.0114   0.0150   0.0121  28.00    1.0 8516405

[TCP数据流] 2025/11/16 18:44:59 - 浮点解 (27颗卫星)
  ECEF: X=-1823653.5547 Y=5408619.1071 Z=2838146.6268
  LLH:  Lat=26.592165775° Lon=108.632843044° H=595.7320m
  原始数据:
2025/11/16 10:45:17.000   26.592165775  108.632843044   595.7320   2  27   0.0147   0.0373   0.0347   0.0114   0.0150   0.0121  29.00    1.0 8516405

[TCP数据流] 2025/11/16 18:45:00 - 浮点解 (27颗卫星)
  ECEF: X=-1823653.5690 Y=5408619.0986 Z=2838146.6143
  LLH:  Lat=26.592165688° Lon=108.632843207° H=595.7233m
  原始数据:
2025/11/16 10:45:18.000   26.592165688  108.632843207   595.7233   2  27   0.0147   0.0372   0.0347   0.0113   0.0150   0.0121  30.00    1.1 8516405

[TCP数据流] 2025/11/16 18:45:06 - 浮点解 (28颗卫星)
  ECEF: X=-1823653.6033 Y=5408619.0991 Z=2838146.5056
  LLH:  Lat=26.592164765° Lon=108.632843532° H=595.6849m
  原始数据:
2025/11/16 10:45:24.000   26.592164765  108.632843532   595.6849   2  28   0.0146   0.0372   0.0347   0.0113   0.0149   0.0121   0.00    1.3 8516405

[TCP数据流] 2025/11/16 18:45:07 - 浮点解 (28颗卫星)
  ECEF: X=-1823653.6326 Y=5408619.0999 Z=2838146.4076
  LLH:  Lat=26.592163933° Lon=108.632843808° H=595.6500m
  原始数据:
2025/11/16 10:45:25.000   26.592163933  108.632843808   595.6500   2  28   0.0146   0.0371   0.0346   0.0113   0.0149   0.0121   1.00    1.1 8516405

[TCP数据流] 2025/11/16 18:45:08 - 浮点解 (10颗卫星)
  ECEF: X=-1823653.6328 Y=5408619.0935 Z=2838146.4003
  LLH:  Lat=26.592163898° Lon=108.632843831° H=595.6414m
  原始数据:
2025/11/16 10:45:26.000   26.592163898  108.632843831   595.6414   2  10   0.0146   0.0371   0.0346   0.0113   0.0149   0.0121   2.00    0.0 8516405

[TCP数据流] 2025/11/16 18:45:09 - 浮点解 (28颗卫星)
  ECEF: X=-1823653.6601 Y=5408619.0890 Z=2838146.3254
  LLH:  Lat=26.592163276° Lon=108.632844105° H=595.6119m
  原始数据:
2025/11/16 10:45:27.000   26.592163276  108.632844105   595.6119   2  28   0.0146   0.0371   0.0346   0.0113   0.0148   0.0120   3.00    1.1 8516405

[TCP数据流] 2025/11/16 18:45:10 - 浮点解 (28颗卫星)
  ECEF: X=-1823653.6829 Y=5408619.0838 Z=2838146.2647
  LLH:  Lat=26.592162777° Lon=108.632844339° H=595.5868m
  原始数据:
2025/11/16 10:45:28.000   26.592162777  108.632844339   595.5868   2  28   0.0146   0.0370   0.0346   0.0113   0.0148   0.0120   4.00    1.0 8516405

[TCP数据流] 2025/11/16 18:45:11 - 浮点解 (28颗卫星)
  ECEF: X=-1823653.7059 Y=5408619.0768 Z=2838146.2133
  LLH:  Lat=26.592162359° Lon=108.632844580° H=595.5644m
  原始数据:
2025/11/16 10:45:29.000   26.592162359  108.632844580   595.5644   2  28   0.0146   0.0370   0.0345   0.0113   0.0148   0.0120   5.00    1.0 8516405

[TCP数据流] 2025/11/16 18:45:12 - 浮点解 (28颗卫星)
  ECEF: X=-1823653.7246 Y=5408619.0696 Z=2838146.1694
  LLH:  Lat=26.592162008° Lon=108.632844781° H=595.5440m
  原始数据:
2025/11/16 10:45:30.000   26.592162008  108.632844781   595.5440   2  28   0.0145   0.0369   0.0345   0.0113   0.0147   0.0120   6.00    1.1 8516405

[TCP数据流] 2025/11/16 18:45:13 - 浮点解 (28颗卫星)
  ECEF: X=-1823653.7465 Y=5408619.0609 Z=2838146.1317
  LLH:  Lat=26.592161709° Lon=108.632845017° H=595.5260m
  原始数据:
2025/11/16 10:45:31.000   26.592161709  108.632845017   595.5260   2  28   0.0145   0.0369   0.0345   0.0112   0.0147   0.0120   7.00    1.0 8516405

[TCP数据流] 2025/11/16 18:45:14 - 浮点解 (28颗卫星)
  ECEF: X=-1823653.7642 Y=5408619.0524 Z=2838146.0979
  LLH:  Lat=26.592161446° Lon=108.632845212° H=595.5088m
  原始数据:
2025/11/16 10:45:32.000   26.592161446  108.632845212   595.5088   2  28   0.0145   0.0368   0.0345   0.0112   0.0147   0.0120   8.00    1.0 8516405

[TCP数据流] 2025/11/16 18:45:15 - 浮点解 (28颗卫星)
  ECEF: X=-1823653.7847 Y=5408619.0429 Z=2838146.0678
  LLH:  Lat=26.592161213° Lon=108.632845438° H=595.4931m
  原始数据:
2025/11/16 10:45:33.000   26.592161213  108.632845438   595.4931   2  28   0.0145   0.0368   0.0345   0.0112   0.0147   0.0120   9.00    1.0 8516405

[TCP数据流] 2025/11/16 18:45:16 - 浮点解 (28颗卫星)
  ECEF: X=-1823653.8023 Y=5408619.0340 Z=2838146.0404
  LLH:  Lat=26.592161003° Lon=108.632845634° H=595.4783m
  原始数据:
2025/11/16 10:45:34.000   26.592161003  108.632845634   595.4783   2  28   0.0145   0.0367   0.0345   0.0112   0.0146   0.0119  10.00    1.1 8516405

[TCP数据流] 2025/11/16 18:45:17 - 浮点解 (28颗卫星)
  ECEF: X=-1823653.8225 Y=5408619.0241 Z=2838146.0152
  LLH:  Lat=26.592160812° Lon=108.632845858° H=595.4644m
  原始数据:
2025/11/16 10:45:35.000   26.592160812  108.632845858   595.4644   2  28   0.0145   0.0367   0.0344   0.0112   0.0146   0.0119  11.00    1.1 8516405

[TCP数据流] 2025/11/16 18:45:18 - 浮点解 (28颗卫星)
  ECEF: X=-1823653.8392 Y=5408619.0148 Z=2838145.9915
  LLH:  Lat=26.592160634° Lon=108.632846046° H=595.4507m
  原始数据:
2025/11/16 10:45:36.000   26.592160634  108.632846046   595.4507   2  28   0.0145   0.0366   0.0344   0.0112   0.0146   0.0119  12.00    1.0 8516405

[TCP数据流] 2025/11/16 18:45:19 - 浮点解 (28颗卫星)
  ECEF: X=-1823653.8590 Y=5408619.0049 Z=2838145.9695
  LLH:  Lat=26.592160469° Lon=108.632846267° H=595.4381m
  原始数据:
2025/11/16 10:45:37.000   26.592160469  108.632846267   595.4381   2  28   0.0145   0.0366   0.0344   0.0111   0.0145   0.0119  13.00    1.1 8516405

[TCP数据流] 2025/11/16 18:45:20 - 浮点解 (28颗卫星)
  ECEF: X=-1823653.8741 Y=5408618.9955 Z=2838145.9479
  LLH:  Lat=26.592160311° Lon=108.632846440° H=595.4248m
  原始数据:
2025/11/16 10:45:38.000   26.592160311  108.632846440   595.4248   2  28   0.0145   0.0366   0.0344   0.0111   0.0145   0.0119  14.00    1.0 8516405

[TCP数据流] 2025/11/16 18:45:21 - 浮点解 (28颗卫星)
  ECEF: X=-1823653.8927 Y=5408618.9854 Z=2838145.9275
  LLH:  Lat=26.592160161° Lon=108.632846650° H=595.4124m
  原始数据:
2025/11/16 10:45:39.000   26.592160161  108.632846650   595.4124   2  28   0.0145   0.0365   0.0344   0.0111   0.0145   0.0119  15.00    1.1 8516405

[TCP数据流] 2025/11/16 18:45:22 - 浮点解 (28颗卫星)
  ECEF: X=-1823653.9079 Y=5408618.9761 Z=2838145.9080
  LLH:  Lat=26.592160020° Lon=108.632846824° H=595.4001m
  原始数据:
2025/11/16 10:45:40.000   26.592160020  108.632846824   595.4001   2  28   0.0145   0.0365   0.0344   0.0111   0.0145   0.0119  16.00    1.0 8516405

[TCP数据流] 2025/11/16 18:45:23 - 浮点解 (21颗卫星)
  ECEF: X=-1823653.9162 Y=5408618.9690 Z=2838145.8919
  LLH:  Lat=26.592159906° Lon=108.632846926° H=595.3893m
  原始数据:
2025/11/16 10:45:41.000   26.592159906  108.632846926   595.3893   2  21   0.0145   0.0364   0.0344   0.0111   0.0144   0.0119  17.00    1.2 8516405

[TCP数据流] 2025/11/16 18:45:24 - 浮点解 (28颗卫星)
  ECEF: X=-1823653.9310 Y=5408618.9592 Z=2838145.8732
  LLH:  Lat=26.592159774° Lon=108.632847098° H=595.3769m
  原始数据:
2025/11/16 10:45:42.000   26.592159774  108.632847098   595.3769   2  28   0.0145   0.0364   0.0344   0.0111   0.0144   0.0119  18.00    1.0 8516405

[TCP数据流] 2025/11/16 18:45:25 - 浮点解 (28颗卫星)
  ECEF: X=-1823653.9488 Y=5408618.9491 Z=2838145.8554
  LLH:  Lat=26.592159646° Lon=108.632847300° H=595.3654m
  原始数据:
2025/11/16 10:45:43.000   26.592159646  108.632847300   595.3654   2  28   0.0145   0.0364   0.0344   0.0111   0.0144   0.0119  19.00    1.1 8516405

[TCP数据流] 2025/11/16 18:45:26 - 浮点解 (29颗卫星)
  ECEF: X=-1823653.9636 Y=5408618.9392 Z=2838145.8372
  LLH:  Lat=26.592159518° Lon=108.632847472° H=595.3531m
  原始数据:
2025/11/16 10:45:44.000   26.592159518  108.632847472   595.3531   2  29   0.0144   0.0363   0.0344   0.0111   0.0143   0.0118  20.00    1.0 8516405

[TCP数据流] 2025/11/16 18:45:27 - 浮点解 (29颗卫星)
  ECEF: X=-1823653.9812 Y=5408618.9289 Z=2838145.8200
  LLH:  Lat=26.592159396° Lon=108.632847673° H=595.3417m
  原始数据:
2025/11/16 10:45:45.000   26.592159396  108.632847673   595.3417   2  29   0.0144   0.0363   0.0343   0.0110   0.0143   0.0118  21.00    1.2 8516405

[TCP数据流] 2025/11/16 18:45:28 - 浮点解 (29颗卫星)
  ECEF: X=-1823653.9958 Y=5408618.9194 Z=2838145.8032
  LLH:  Lat=26.592159278° Lon=108.632847842° H=595.3303m
  原始数据:
2025/11/16 10:45:46.000   26.592159278  108.632847842   595.3303   2  29   0.0144   0.0362   0.0343   0.0110   0.0143   0.0118  22.00    1.1 8516405

[TCP数据流] 2025/11/16 18:45:29 - 浮点解 (29颗卫星)
  ECEF: X=-1823654.0129 Y=5408618.9093 Z=2838145.7870
  LLH:  Lat=26.592159164° Lon=108.632848037° H=595.3194m
  原始数据:
2025/11/16 10:45:47.000   26.592159164  108.632848037   595.3194   2  29   0.0144   0.0362   0.0343   0.0110   0.0143   0.0118  23.00    1.1 8516405

[TCP数据流] 2025/11/16 18:45:30 - 浮点解 (23颗卫星)
  ECEF: X=-1823654.0258 Y=5408618.9029 Z=2838145.7752
  LLH:  Lat=26.592159076° Lon=108.632848180° H=595.3123m
  原始数据:
2025/11/16 10:45:48.000   26.592159076  108.632848180   595.3123   2  23   0.0144   0.0361   0.0343   0.0110   0.0142   0.0118  24.00    1.1 8516405

[TCP数据流] 2025/11/16 18:45:31 - 浮点解 (29颗卫星)
  ECEF: X=-1823654.0582 Y=5408618.9047 Z=2838145.6603
  LLH:  Lat=26.592158100° Lon=108.632848483° H=595.2717m
  原始数据:
2025/11/16 10:45:49.000   26.592158100  108.632848483   595.2717   2  29   0.0144   0.0361   0.0343   0.0110   0.0142   0.0118   0.00    1.0 8516405

[TCP数据流] 2025/11/16 18:45:32 - 浮点解 (29颗卫星)
  ECEF: X=-1823654.0842 Y=5408618.9075 Z=2838145.5498
  LLH:  Lat=26.592157164° Lon=108.632848721° H=595.2320m
  原始数据:
2025/11/16 10:45:50.000   26.592157164  108.632848721   595.2320   2  29   0.0144   0.0361   0.0342   0.0110   0.0142   0.0118   0.00    1.1 8516405

[TCP数据流] 2025/11/16 18:45:33 - 浮点解 (23颗卫星)
  ECEF: X=-1823654.1211 Y=5408618.9350 Z=2838145.4811
  LLH:  Lat=26.592156457° Lon=108.632848984° H=595.2352m
  原始数据:
2025/11/16 10:45:51.000   26.592156457  108.632848984   595.2352   2  23   0.0143   0.0360   0.0342   0.0110   0.0141   0.0117   1.00    1.2 8516405

[TCP数据流] 2025/11/16 18:45:34 - 浮点解 (29颗卫星)
  ECEF: X=-1823654.1464 Y=5408618.9318 Z=2838145.3902
  LLH:  Lat=26.592155703° Lon=108.632849235° H=595.1990m
  原始数据:
2025/11/16 10:45:52.000   26.592155703  108.632849235   595.1990   2  29   0.0143   0.0360   0.0342   0.0109   0.0141   0.0117   2.00    1.2 8516405

[TCP数据流] 2025/11/16 18:45:35 - 浮点解 (21颗卫星)
  ECEF: X=-1823654.1622 Y=5408618.9318 Z=2838145.3200
  LLH:  Lat=26.592155116° Lon=108.632849385° H=595.1721m
  原始数据:
2025/11/16 10:45:53.000   26.592155116  108.632849385   595.1721   2  21   0.0143   0.0359   0.0342   0.0109   0.0141   0.0117   3.00    1.5 8516405

[TCP数据流] 2025/11/16 18:45:36 - 浮点解 (29颗卫星)
  ECEF: X=-1823654.1808 Y=5408618.9259 Z=2838145.2567
  LLH:  Lat=26.592154604° Lon=108.632849581° H=595.1440m
  原始数据:
2025/11/16 10:45:54.000   26.592154604  108.632849581   595.1440   2  29   0.0143   0.0359   0.0341   0.0109   0.0141   0.0117   4.00    1.1 8516405

[TCP数据流] 2025/11/16 18:45:37 - 浮点解 (29颗卫星)
  ECEF: X=-1823654.2019 Y=5408618.9180 Z=2838145.2039
  LLH:  Lat=26.592154181° Lon=108.632849807° H=595.1197m
  原始数据:
2025/11/16 10:45:55.000   26.592154181  108.632849807   595.1197   2  29   0.0143   0.0359   0.0341   0.0109   0.0140   0.0117   5.00    1.1 8516405

[TCP数据流] 2025/11/16 18:45:38 - 浮点解 (29颗卫星)
  ECEF: X=-1823654.2186 Y=5408618.9099 Z=2838145.1587
  LLH:  Lat=26.592153825° Lon=108.632849992° H=595.0974m
  原始数据:
2025/11/16 10:45:56.000   26.592153825  108.632849992   595.0974   2  29   0.0143   0.0358   0.0341   0.0109   0.0140   0.0117   6.00    1.0 8516405

[TCP数据流] 2025/11/16 18:45:39 - 浮点解 (29颗卫星)
  ECEF: X=-1823654.2372 Y=5408618.9008 Z=2838145.1192
  LLH:  Lat=26.592153518° Lon=108.632850198° H=595.0773m
  原始数据:
2025/11/16 10:45:57.000   26.592153518  108.632850198   595.0773   2  29   0.0143   0.0358   0.0341   0.0109   0.0140   0.0116   7.00    1.1 8516405

[TCP数据流] 2025/11/16 18:45:40 - 浮点解 (24颗卫星)
  ECEF: X=-1823654.2456 Y=5408618.8841 Z=2838145.0994
  LLH:  Lat=26.592153411° Lon=108.632850331° H=595.0567m
  原始数据:
2025/11/16 10:45:58.000   26.592153411  108.632850331   595.0567   2  24   0.0142   0.0357   0.0341   0.0109   0.0139   0.0116   8.00    1.1 8516405

[TCP数据流] 2025/11/16 18:45:41 - 浮点解 (29颗卫星)
  ECEF: X=-1823654.2607 Y=5408618.8752 Z=2838145.0681
  LLH:  Lat=26.592153173° Lon=108.632850504° H=595.0395m
  原始数据:
2025/11/16 10:45:59.000   26.592153173  108.632850504   595.0395   2  29   0.0142   0.0357   0.0340   0.0109   0.0139   0.0116   9.00    1.1 8516405

[TCP数据流] 2025/11/16 18:45:42 - 浮点解 (21颗卫星)
  ECEF: X=-1823654.2698 Y=5408618.8688 Z=2838145.0432
  LLH:  Lat=26.592152985° Lon=108.632850611° H=595.0255m
  原始数据:
2025/11/16 10:46:00.000   26.592152985  108.632850611   595.0255   2  21   0.0142   0.0357   0.0340   0.0109   0.0139   0.0116  10.00    1.3 8516405

[TCP数据流] 2025/11/16 18:45:43 - 浮点解 (29颗卫星)
  ECEF: X=-1823654.2837 Y=5408618.8595 Z=2838145.0166
  LLH:  Lat=26.592152788° Lon=108.632850773° H=595.0097m
  原始数据:
2025/11/16 10:46:01.000   26.592152788  108.632850773   595.0097   2  29   0.0142   0.0356   0.0340   0.0108   0.0139   0.0116  11.00    1.1 8516405

[TCP数据流] 2025/11/16 18:45:44 - 浮点解 (29颗卫星)
  ECEF: X=-1823654.3000 Y=5408618.8492 Z=2838144.9918
  LLH:  Lat=26.592152606° Lon=108.632850961° H=594.9945m
  原始数据:
2025/11/16 10:46:02.000   26.592152606  108.632850961   594.9945   2  29   0.0142   0.0356   0.0340   0.0108   0.0139   0.0116  12.00    1.1 8516405

[TCP数据流] 2025/11/16 18:45:45 - 浮点解 (29颗卫星)
  ECEF: X=-1823654.3133 Y=5408618.8399 Z=2838144.9687
  LLH:  Lat=26.592152438° Lon=108.632851117° H=594.9801m
  原始数据:
2025/11/16 10:46:03.000   26.592152438  108.632851117   594.9801   2  29   0.0142   0.0356   0.0340   0.0108   0.0138   0.0116  13.00    1.1 8516405

[TCP数据流] 2025/11/16 18:45:46 - 浮点解 (29颗卫星)
  ECEF: X=-1823654.3293 Y=5408618.8297 Z=2838144.9467
  LLH:  Lat=26.592152279° Lon=108.632851302° H=594.9662m
  原始数据:
2025/11/16 10:46:04.000   26.592152279  108.632851302   594.9662   2  29   0.0142   0.0355   0.0340   0.0108   0.0138   0.0116  14.00    1.0 8516405

[TCP数据流] 2025/11/16 18:45:47 - 浮点解 (29颗卫星)
  ECEF: X=-1823654.3410 Y=5408618.8202 Z=2838144.9251
  LLH:  Lat=26.592152126° Lon=108.632851444° H=594.9518m
  原始数据:
2025/11/16 10:46:05.000   26.592152126  108.632851444   594.9518   2  29   0.0142   0.0355   0.0340   0.0108   0.0138   0.0116  15.00    1.1 8516405

[TCP数据流] 2025/11/16 18:45:48 - 浮点解 (29颗卫星)
  ECEF: X=-1823654.3566 Y=5408618.8099 Z=2838144.9049
  LLH:  Lat=26.592151982° Lon=108.632851625° H=594.9385m
  原始数据:
2025/11/16 10:46:06.000   26.592151982  108.632851625   594.9385   2  29   0.0142   0.0354   0.0340   0.0108   0.0137   0.0116  16.00    1.1 8516405

[TCP数据流] 2025/11/16 18:45:49 - 浮点解 (28颗卫星)
  ECEF: X=-1823654.3660 Y=5408618.8014 Z=2838144.8858
  LLH:  Lat=26.592151848° Lon=108.632851742° H=594.9254m
  原始数据:
2025/11/16 10:46:07.000   26.592151848  108.632851742   594.9254   2  28   0.0142   0.0354   0.0339   0.0108   0.0137   0.0115  17.00    1.2 8516405

[TCP数据流] 2025/11/16 18:45:50 - 浮点解 (23颗卫星)
  ECEF: X=-1823654.3754 Y=5408618.7909 Z=2838144.8729
  LLH:  Lat=26.592151772° Lon=108.632851865° H=594.9134m
  原始数据:
2025/11/16 10:46:08.000   26.592151772  108.632851865   594.9134   2  23   0.0142   0.0354   0.0339   0.0107   0.0137   0.0115  18.00    1.1 8516405

[TCP数据流] 2025/11/16 18:45:51 - 浮点解 (28颗卫星)
  ECEF: X=-1823654.3877 Y=5408618.7817 Z=2838144.8550
  LLH:  Lat=26.592151647° Lon=108.632852012° H=594.9011m
  原始数据:
2025/11/16 10:46:09.000   26.592151647  108.632852012   594.9011   2  28   0.0142   0.0353   0.0339   0.0107   0.0137   0.0115  19.00    1.3 8516405

[TCP数据流] 2025/11/16 18:45:52 - 浮点解 (28颗卫星)
  ECEF: X=-1823654.4002 Y=5408618.7723 Z=2838144.8374
  LLH:  Lat=26.592151525° Lon=108.632852160° H=594.8889m
  原始数据:
2025/11/16 10:46:10.000   26.592151525  108.632852160   594.8889   2  28   0.0142   0.0353   0.0339   0.0107   0.0136   0.0115  20.00    1.2 8516405

[TCP数据流] 2025/11/16 18:45:53 - 浮点解 (28颗卫星)
  ECEF: X=-1823654.4120 Y=5408618.7632 Z=2838144.8205
  LLH:  Lat=26.592151408° Lon=108.632852302° H=594.8770m
  原始数据:
2025/11/16 10:46:11.000   26.592151408  108.632852302   594.8770   2  28   0.0142   0.0352   0.0339   0.0107   0.0136   0.0115  21.00    1.2 8516405

[TCP数据流] 2025/11/16 18:45:54 - 浮点解 (29颗卫星)
  ECEF: X=-1823654.4247 Y=5408618.7540 Z=2838144.8036
  LLH:  Lat=26.592151291° Lon=108.632852452° H=594.8652m
  原始数据:
2025/11/16 10:46:12.000   26.592151291  108.632852452   594.8652   2  29   0.0142   0.0352   0.0339   0.0107   0.0136   0.0115  22.00    1.2 8516405

[TCP数据流] 2025/11/16 18:45:55 - 浮点解 (29颗卫星)
  ECEF: X=-1823654.4388 Y=5408618.7442 Z=2838144.7869
  LLH:  Lat=26.592151175° Lon=108.632852618° H=594.8535m
  原始数据:
2025/11/16 10:46:13.000   26.592151175  108.632852618   594.8535   2  29   0.0142   0.0352   0.0339   0.0107   0.0136   0.0115  23.00    1.1 8516405

[TCP数据流] 2025/11/16 18:45:56 - 浮点解 (23颗卫星)
  ECEF: X=-1823654.4500 Y=5408618.7377 Z=2838144.7749
  LLH:  Lat=26.592151089° Lon=108.632852745° H=594.8458m
  原始数据:
2025/11/16 10:46:14.000   26.592151089  108.632852745   594.8458   2  23   0.0142   0.0351   0.0339   0.0107   0.0135   0.0115  24.00    1.0 8516405

[TCP数据流] 2025/11/16 18:45:57 - 浮点解 (29颗卫星)
  ECEF: X=-1823654.4642 Y=5408618.7282 Z=2838144.7588
  LLH:  Lat=26.592150977° Lon=108.632852911° H=594.8346m
  原始数据:
2025/11/16 10:46:15.000   26.592150977  108.632852911   594.8346   2  29   0.0142   0.0351   0.0339   0.0107   0.0135   0.0115  25.00    1.0 8516405

[TCP数据流] 2025/11/16 18:45:58 - 浮点解 (29颗卫星)
  ECEF: X=-1823654.4754 Y=5408618.7193 Z=2838144.7430
  LLH:  Lat=26.592150869° Lon=108.632853046° H=594.8232m
  原始数据:
2025/11/16 10:46:16.000   26.592150869  108.632853046   594.8232   2  29   0.0141   0.0351   0.0339   0.0106   0.0135   0.0115  26.00    1.0 8516405

[TCP数据流] 2025/11/16 18:45:59 - 浮点解 (28颗卫星)
  ECEF: X=-1823654.4869 Y=5408618.7103 Z=2838144.7278
  LLH:  Lat=26.592150766° Lon=108.632853184° H=594.8121m
  原始数据:
2025/11/16 10:46:17.000   26.592150766  108.632853184   594.8121   2  28   0.0141   0.0350   0.0339   0.0106   0.0135   0.0115  27.00    1.0 8516405

[TCP数据流] 2025/11/16 18:46:00 - 浮点解 (27颗卫星)
  ECEF: X=-1823654.4972 Y=5408618.7013 Z=2838144.7122
  LLH:  Lat=26.592150661° Lon=108.632853311° H=594.8004m
  原始数据:
2025/11/16 10:46:18.000   26.592150661  108.632853311   594.8004   2  27   0.0141   0.0350   0.0338   0.0106   0.0134   0.0114  28.00    1.0 8516405

[TCP数据流] 2025/11/16 18:46:01 - 浮点解 (28颗卫星)
  ECEF: X=-1823654.5083 Y=5408618.6925 Z=2838144.6973
  LLH:  Lat=26.592150560° Lon=108.632853445° H=594.7894m
  原始数据:
2025/11/16 10:46:19.000   26.592150560  108.632853445   594.7894   2  28   0.0141   0.0349   0.0338   0.0106   0.0134   0.0114  29.00    1.0 8516405

[TCP数据流] 2025/11/16 18:46:02 - 浮点解 (22颗卫星)
  ECEF: X=-1823654.5190 Y=5408618.6858 Z=2838144.6860
  LLH:  Lat=26.592150481° Lon=108.632853568° H=594.7818m
  原始数据:
2025/11/16 10:46:20.000   26.592150481  108.632853568   594.7818   2  22   0.0141   0.0349   0.0338   0.0106   0.0134   0.0114  30.00    1.0 8516405

[TCP数据流] 2025/11/16 18:46:31 - 浮点解 (30颗卫星)
  ECEF: X=-1823654.5452 Y=5408618.6703 Z=2838144.4764
  LLH:  Lat=26.592148815° Lon=108.632853867° H=594.6823m
  原始数据:
2025/11/16 10:46:49.000   26.592148815  108.632853867   594.6823   2  30   0.0141   0.0349   0.0338   0.0106   0.0133   0.0114   0.00    1.2 8516405

[TCP数据流] 2025/11/16 18:46:32 - 浮点解 (30颗卫星)
  ECEF: X=-1823654.5683 Y=5408618.6573 Z=2838144.2781
  LLH:  Lat=26.592147235° Lon=108.632854128° H=594.5891m
  原始数据:
2025/11/16 10:46:50.000   26.592147235  108.632854128   594.5891   2  30   0.0140   0.0348   0.0337   0.0106   0.0133   0.0113   0.00    1.2 8516405

[TCP数据流] 2025/11/16 18:46:33 - 浮点解 (30颗卫星)
  ECEF: X=-1823654.5959 Y=5408618.6465 Z=2838144.0916
  LLH:  Lat=26.592145735° Lon=108.632854425° H=594.5043m
  原始数据:
2025/11/16 10:46:51.000   26.592145735  108.632854425   594.5043   2  30   0.0140   0.0348   0.0336   0.0105   0.0133   0.0113   0.00    1.1 8516405

[TCP数据流] 2025/11/16 18:46:34 - 浮点解 (30颗卫星)
  ECEF: X=-1823654.6196 Y=5408618.6364 Z=2838143.9128
  LLH:  Lat=26.592144300° Lon=108.632854683° H=594.4225m
  原始数据:
2025/11/16 10:46:52.000   26.592144300  108.632854683   594.4225   2  30   0.0139   0.0347   0.0335   0.0105   0.0132   0.0112   0.00    1.1 8516405

[TCP数据流] 2025/11/16 18:46:35 - 浮点解 (22颗卫星)
  ECEF: X=-1823654.6463 Y=5408618.6489 Z=2838143.7756
  LLH:  Lat=26.592143111° Lon=108.632854897° H=594.3793m
  原始数据:
2025/11/16 10:46:53.000   26.592143111  108.632854897   594.3793   2  22   0.0139   0.0347   0.0335   0.0105   0.0132   0.0112   1.00    1.2 8516405

[TCP数据流] 2025/11/16 18:46:36 - 浮点解 (22颗卫星)
  ECEF: X=-1823654.6676 Y=5408618.6575 Z=2838143.6573
  LLH:  Lat=26.592142096° Lon=108.632855072° H=594.3397m
  原始数据:
2025/11/16 10:46:54.000   26.592142096  108.632855072   594.3397   2  22   0.0139   0.0347   0.0334   0.0105   0.0132   0.0112   2.00    1.0 8516405

[TCP数据流] 2025/11/16 18:46:38 - 浮点解 (30颗卫星)
  ECEF: X=-1823654.6856 Y=5408618.6387 Z=2838143.5515
  LLH:  Lat=26.592141291° Lon=108.632855304° H=594.2816m
  原始数据:
2025/11/16 10:46:56.000   26.592141291  108.632855304   594.2816   2  30   0.0138   0.0346   0.0334   0.0105   0.0131   0.0111   4.00    1.2 8516405

[TCP数据流] 2025/11/16 18:46:41 - 浮点解 (22颗卫星)
  ECEF: X=-1823654.6947 Y=5408618.6316 Z=2838143.4989
  LLH:  Lat=26.592140882° Lon=108.632855413° H=594.2546m
  原始数据:
2025/11/16 10:46:59.000   26.592140882  108.632855413   594.2546   2  22   0.0138   0.0346   0.0334   0.0105   0.0131   0.0111   7.00    1.1 8516405

[TCP数据流] 2025/11/16 18:46:42 - 固定解 (10颗卫星)
  ECEF: X=-1823654.9907 Y=5408618.3819 Z=2838143.3438
  LLH:  Lat=26.592140204° Lon=108.632859029° H=594.0582m
  原始数据:
2025/11/16 10:47:00.000   26.592140204  108.632859029   594.0582   1  10   0.0038   0.0012   0.0048  -0.0007   0.0012  -0.0017   8.00    3.2 8516405

[TCP数据流] 2025/11/16 18:46:43 - 浮点解 (22颗卫星)
  ECEF: X=-1823654.7046 Y=5408618.6176 Z=2838143.4530
  LLH:  Lat=26.592140552° Lon=108.632855552° H=594.2250m
  原始数据:
2025/11/16 10:47:01.000   26.592140552  108.632855552   594.2250   2  22   0.0138   0.0346   0.0334   0.0105   0.0131   0.0111   9.00    1.3 8516405

[TCP数据流] 2025/11/16 18:46:44 - 浮点解 (22颗卫星)
  ECEF: X=-1823654.7109 Y=5408618.6092 Z=2838143.4168
  LLH:  Lat=26.592140284° Lon=108.632855639° H=594.2035m
  原始数据:
2025/11/16 10:47:02.000   26.592140284  108.632855639   594.2035   2  22   0.0138   0.0346   0.0333   0.0105   0.0131   0.0111  10.00    1.2 8516405

[TCP数据流] 2025/11/16 18:46:45 - 固定解 (16颗卫星)
  ECEF: X=-1823654.9930 Y=5408618.3872 Z=2838143.3370
  LLH:  Lat=26.592140126° Lon=108.632859034° H=594.0603m
  原始数据:
2025/11/16 10:47:03.000   26.592140126  108.632859034   594.0603   1  16   0.0036   0.0012   0.0047  -0.0007   0.0011  -0.0018  11.00    3.9 8516405

[TCP数据流] 2025/11/16 18:46:46 - 浮点解 (29颗卫星)
  ECEF: X=-1823654.7208 Y=5408618.5805 Z=2838143.3638
  LLH:  Lat=26.592139953° Lon=108.632855825° H=594.1583m
  原始数据:
2025/11/16 10:47:04.000   26.592139953  108.632855825   594.1583   2  29   0.0138   0.0345   0.0333   0.0105   0.0130   0.0111  12.00    1.5 8516405

[TCP数据流] 2025/11/16 18:46:49 - 浮点解 (22颗卫星)
  ECEF: X=-1823654.7273 Y=5408618.5710 Z=2838143.3392
  LLH:  Lat=26.592139783° Lon=108.632855918° H=594.1411m
  原始数据:
2025/11/16 10:47:07.000   26.592139783  108.632855918   594.1411   2  22   0.0138   0.0345   0.0333   0.0105   0.0130   0.0111  15.00    1.0 8516405

[TCP数据流] 2025/11/16 18:46:50 - 浮点解 (29颗卫星)
  ECEF: X=-1823654.7386 Y=5408618.5551 Z=2838143.3086
  LLH:  Lat=26.592139582° Lon=108.632856076° H=594.1171m
  原始数据:
2025/11/16 10:47:08.000   26.592139582  108.632856076   594.1171   2  29   0.0138   0.0345   0.0333   0.0104   0.0130   0.0111  16.00    1.6 8516405

[TCP数据流] 2025/11/16 18:46:51 - 固定解 (10颗卫星)
  ECEF: X=-1823654.9949 Y=5408618.3917 Z=2838143.3327
  LLH:  Lat=26.592140071° Lon=108.632859038° H=594.0627m
  原始数据:
2025/11/16 10:47:09.000   26.592140071  108.632859038   594.0627   1  10   0.0035   0.0012   0.0046  -0.0006   0.0010  -0.0018  17.00    4.2 8516405

[TCP数据流] 2025/11/16 18:46:52 - 固定解 (17颗卫星)
  ECEF: X=-1823654.9950 Y=5408618.3920 Z=2838143.3334
  LLH:  Lat=26.592140076° Lon=108.632859038° H=594.0633m
  原始数据:
2025/11/16 10:47:10.000   26.592140076  108.632859038   594.0633   1  17   0.0035   0.0012   0.0046  -0.0006   0.0010  -0.0018  18.00    4.1 8516405

[TCP数据流] 2025/11/16 18:46:53 - 固定解 (10颗卫星)
  ECEF: X=-1823654.9950 Y=5408618.3922 Z=2838143.3341
  LLH:  Lat=26.592140081° Lon=108.632859037° H=594.0638m
  原始数据:
2025/11/16 10:47:11.000   26.592140081  108.632859037   594.0638   1  10   0.0035   0.0012   0.0046  -0.0006   0.0010  -0.0018  19.00    4.0 8516405

[TCP数据流] 2025/11/16 18:46:54 - 浮点解 (24颗卫星)
  ECEF: X=-1823654.7514 Y=5408618.5297 Z=2838143.2706
  LLH:  Lat=26.592139356° Lon=108.632856279° H=594.0823m
  原始数据:
2025/11/16 10:47:12.000   26.592139356  108.632856279   594.0823   2  24   0.0138   0.0344   0.0333   0.0104   0.0129   0.0110  20.00    1.7 8516405

[TCP数据流] 2025/11/16 18:46:55 - 固定解 (10颗卫星)
  ECEF: X=-1823654.9946 Y=5408618.4338 Z=2838143.3418
  LLH:  Lat=26.592139984° Lon=108.632858900° H=594.1024m
  原始数据:
2025/11/16 10:47:13.000   26.592139984  108.632858900   594.1024   1  10   0.0050   0.0046   0.0130   0.0039  -0.0073  -0.0068  21.00    3.7 8516405

[TCP数据流] 2025/11/16 18:46:56 - 固定解 (10颗卫星)
  ECEF: X=-1823654.9946 Y=5408618.4321 Z=2838143.3420
  LLH:  Lat=26.592139992° Lon=108.632858906° H=594.1010m
  原始数据:
2025/11/16 10:47:14.000   26.592139992  108.632858906   594.1010   1  10   0.0050   0.0046   0.0130   0.0039  -0.0073  -0.0068  22.00    3.6 8516405

[TCP数据流] 2025/11/16 18:46:57 - 浮点解 (30颗卫星)
  ECEF: X=-1823654.7640 Y=5408618.5087 Z=2838143.2400
  LLH:  Lat=26.592139173° Lon=108.632856466° H=594.0544m
  原始数据:
2025/11/16 10:47:15.000   26.592139173  108.632856466   594.0544   2  30   0.0138   0.0343   0.0332   0.0104   0.0129   0.0110  23.00    1.4 8516405

[TCP数据流] 2025/11/16 18:46:58 - 固定解 (24颗卫星)
  ECEF: X=-1823654.9952 Y=5408618.4339 Z=2838143.3400
  LLH:  Lat=26.592139968° Lon=108.632858906° H=594.1018m
  原始数据:
2025/11/16 10:47:16.000   26.592139968  108.632858906   594.1018   1  24   0.0049   0.0046   0.0130   0.0039  -0.0073  -0.0068  24.00    3.5 8516405

[TCP数据流] 2025/11/16 18:47:00 - 浮点解 (30颗卫星)
  ECEF: X=-1823654.7790 Y=5408618.4843 Z=2838143.2047
  LLH:  Lat=26.592138963° Lon=108.632856687° H=594.0222m
  原始数据:
2025/11/16 10:47:18.000   26.592138963  108.632856687   594.0222   2  30   0.0138   0.0343   0.0332   0.0104   0.0128   0.0110  26.00    1.3 8516405

[TCP数据流] 2025/11/16 18:47:01 - 浮点解 (29颗卫星)
  ECEF: X=-1823654.7866 Y=5408618.4717 Z=2838143.1840
  LLH:  Lat=26.592138834° Lon=108.632856800° H=594.0044m
  原始数据:
2025/11/16 10:47:19.000   26.592138834  108.632856800   594.0044   2  29   0.0137   0.0342   0.0332   0.0104   0.0128   0.0110  27.00    1.2 8516405

[TCP数据流] 2025/11/16 18:47:02 - 浮点解 (29颗卫星)
  ECEF: X=-1823654.7948 Y=5408618.4592 Z=2838143.1635
  LLH:  Lat=26.592138706° Lon=108.632856918° H=593.9870m
  原始数据:
2025/11/16 10:47:20.000   26.592138706  108.632856918   593.9870   2  29   0.0137   0.0342   0.0332   0.0103   0.0128   0.0110  28.00    1.5 8516405

[TCP数据流] 2025/11/16 18:51:21 - 浮点解 (26颗卫星)
  ECEF: X=-1823655.9252 Y=5408620.3054 Z=2838145.5225
  LLH:  Lat=26.592149217° Lon=108.632861749° H=596.9303m
  原始数据:
2025/11/16 10:51:39.000   26.592149217  108.632861749   596.9303   2  26   0.0136   0.0341   0.0328   0.0102   0.0126   0.0105   0.00    0.0 8516405

[TCP数据流] 2025/11/16 18:53:00 - 浮点解 (27颗卫星)
  ECEF: X=-1823656.9527 Y=5408621.9911 Z=2838147.6444
  LLH:  Lat=26.592158561° Lon=108.632866116° H=599.6021m
  原始数据:
2025/11/16 10:53:18.000   26.592158561  108.632866116   599.6021   2  27   0.0134   0.0340   0.0322   0.0100   0.0122   0.0098   0.00    2.9 8516405

[TCP数据流] 2025/11/16 18:53:01 - 浮点解 (28颗卫星)
  ECEF: X=-1823657.8189 Y=5408623.4546 Z=2838149.4890
  LLH:  Lat=26.592166727° Lon=108.632869662° H=601.9154m
  原始数据:
2025/11/16 10:53:19.000   26.592166727  108.632869662   601.9154   2  28   0.0132   0.0339   0.0317   0.0099   0.0120   0.0091   1.00    1.1 8516405

[TCP数据流] 2025/11/16 18:53:02 - 浮点解 (28颗卫星)
  ECEF: X=-1823658.5008 Y=5408624.6393 Z=2838150.9734
  LLH:  Lat=26.592173291° Lon=108.632872349° H=603.7785m
  原始数据:
2025/11/16 10:53:20.000   26.592173291  108.632872349   603.7785   2  28   0.0130   0.0339   0.0314   0.0098   0.0117   0.0086   2.00    1.5 8516405

[TCP数据流] 2025/11/16 18:53:03 - 固定解 (28颗卫星)
  ECEF: X=-1823659.0511 Y=5408625.6820 Z=2838152.1640
  LLH:  Lat=26.592178197° Lon=108.632874239° H=605.3522m
  原始数据:
2025/11/16 10:53:21.000   26.592178197  108.632874239   605.3522   1  28   0.0039   0.0014   0.0062  -0.0010   0.0020  -0.0016   3.00    6.6 8516405

[TCP数据流] 2025/11/16 18:53:04 - 浮点解 (28颗卫星)
  ECEF: X=-1823659.4333 Y=5408626.3067 Z=2838153.0448
  LLH:  Lat=26.592182420° Lon=108.632875871° H=606.3850m
  原始数据:
2025/11/16 10:53:22.000   26.592182420  108.632875871   606.3850   2  28   0.0128   0.0338   0.0309   0.0096   0.0114   0.0079   4.00    1.1 8516405

[TCP数据流] 2025/11/16 18:53:05 - 浮点解 (28颗卫星)
  ECEF: X=-1823659.7442 Y=5408626.8704 Z=2838153.7394
  LLH:  Lat=26.592185467° Lon=108.632877020° H=607.2624m
  原始数据:
2025/11/16 10:53:23.000   26.592185467  108.632877020   607.2624   2  28   0.0128   0.0337   0.0307   0.0096   0.0113   0.0076   5.00    1.8 8516405

[TCP数据流] 2025/11/16 18:53:06 - 浮点解 (28颗卫星)
  ECEF: X=-1823659.9841 Y=5408627.3125 Z=2838154.2814
  LLH:  Lat=26.592187838° Lon=108.632877884° H=607.9482m
  原始数据:
2025/11/16 10:53:24.000   26.592187838  108.632877884   607.9482   2  28   0.0127   0.0337   0.0306   0.0095   0.0112   0.0074   6.00    1.1 8516405

[TCP数据流] 2025/11/16 18:53:07 - 浮点解 (28颗卫星)
  ECEF: X=-1823660.1748 Y=5408627.6632 Z=2838154.7092
  LLH:  Lat=26.592189702° Lon=108.632878574° H=608.4913m
  原始数据:
2025/11/16 10:53:25.000   26.592189702  108.632878574   608.4913   2  28   0.0127   0.0336   0.0305   0.0095   0.0111   0.0072   7.00    1.1 8516405

[TCP数据流] 2025/11/16 18:53:08 - 浮点解 (28颗卫星)
  ECEF: X=-1823660.3324 Y=5408627.9447 Z=2838155.0528
  LLH:  Lat=26.592191194° Lon=108.632879170° H=608.9287m
  原始数据:
2025/11/16 10:53:26.000   26.592191194  108.632879170   608.9287   2  28   0.0126   0.0336   0.0304   0.0094   0.0111   0.0070   8.00    1.1 8516405

[TCP数据流] 2025/11/16 18:53:09 - 浮点解 (28颗卫星)
  ECEF: X=-1823660.4571 Y=5408628.1751 Z=2838155.3308
  LLH:  Lat=26.592192395° Lon=108.632879617° H=609.2840m
  原始数据:
2025/11/16 10:53:27.000   26.592192395  108.632879617   609.2840   2  28   0.0126   0.0336   0.0303   0.0094   0.0110   0.0069   9.00    1.1 8516405

[TCP数据流] 2025/11/16 18:53:10 - 浮点解 (28颗卫星)
  ECEF: X=-1823660.5604 Y=5408628.3655 Z=2838155.5600
  LLH:  Lat=26.592193382° Lon=108.632879989° H=609.5774m
  原始数据:
2025/11/16 10:53:28.000   26.592193382  108.632879989   609.5774   2  28   0.0126   0.0335   0.0302   0.0094   0.0109   0.0068  10.00    1.2 8516405

[TCP数据流] 2025/11/16 18:53:11 - 浮点解 (28颗卫星)
  ECEF: X=-1823660.6480 Y=5408628.5245 Z=2838155.7502
  LLH:  Lat=26.592194195° Lon=108.632880312° H=609.8223m
  原始数据:
2025/11/16 10:53:29.000   26.592194195  108.632880312   609.8223   2  28   0.0125   0.0335   0.0302   0.0094   0.0109   0.0067  11.00    1.0 8516405

[TCP数据流] 2025/11/16 18:53:12 - 浮点解 (28颗卫星)
  ECEF: X=-1823660.7210 Y=5408628.6593 Z=2838155.9106
  LLH:  Lat=26.592194879° Lon=108.632880574° H=610.0292m
  原始数据:
2025/11/16 10:53:30.000   26.592194879  108.632880574   610.0292   2  28   0.0125   0.0335   0.0301   0.0094   0.0109   0.0066  12.00    1.1 8516405

[TCP数据流] 2025/11/16 18:53:13 - 浮点解 (28颗卫星)
  ECEF: X=-1823660.7844 Y=5408628.7742 Z=2838156.0461
  LLH:  Lat=26.592195451° Lon=108.632880809° H=610.2053m
  原始数据:
2025/11/16 10:53:31.000   26.592195451  108.632880809   610.2053   2  28   0.0125   0.0334   0.0301   0.0093   0.0108   0.0066  13.00    1.1 8516405

[TCP数据流] 2025/11/16 18:53:14 - 浮点解 (28颗卫星)
  ECEF: X=-1823660.8396 Y=5408628.8727 Z=2838156.1621
  LLH:  Lat=26.592195939° Lon=108.632881018° H=610.3565m
  原始数据:
2025/11/16 10:53:32.000   26.592195939  108.632881018   610.3565   2  28   0.0125   0.0334   0.0301   0.0093   0.0108   0.0065  14.00    1.0 8516405

[TCP数据流] 2025/11/16 18:53:15 - 浮点解 (28颗卫星)
  ECEF: X=-1823660.8886 Y=5408628.9582 Z=2838156.2618
  LLH:  Lat=26.592196353° Lon=108.632881210° H=610.4876m
  原始数据:
2025/11/16 10:53:33.000   26.592196353  108.632881210   610.4876   2  28   0.0125   0.0334   0.0300   0.0093   0.0107   0.0064  15.00    1.2 8516405

[TCP数据流] 2025/11/16 18:53:16 - 浮点解 (28颗卫星)
  ECEF: X=-1823660.9325 Y=5408629.0329 Z=2838156.3486
  LLH:  Lat=26.592196711° Lon=108.632881388° H=610.6023m
  原始数据:
2025/11/16 10:53:34.000   26.592196711  108.632881388   610.6023   2  28   0.0125   0.0333   0.0300   0.0093   0.0107   0.0064  16.00    1.2 8516405

[TCP数据流] 2025/11/16 18:53:17 - 浮点解 (28颗卫星)
  ECEF: X=-1823660.9710 Y=5408629.0988 Z=2838156.4245
  LLH:  Lat=26.592197021° Lon=108.632881543° H=610.7031m
  原始数据:
2025/11/16 10:53:35.000   26.592197021  108.632881543   610.7031   2  28   0.0125   0.0333   0.0300   0.0093   0.0107   0.0063  17.00    1.2 8516405

[TCP数据流] 2025/11/16 18:53:18 - 浮点解 (28颗卫星)
  ECEF: X=-1823661.0053 Y=5408629.1567 Z=2838156.4909
  LLH:  Lat=26.592197291° Lon=108.632881683° H=610.7917m
  原始数据:
2025/11/16 10:53:36.000   26.592197291  108.632881683   610.7917   2  28   0.0124   0.0333   0.0300   0.0093   0.0107   0.0063  18.00    1.3 8516405

[TCP数据流] 2025/11/16 18:53:19 - 浮点解 (28颗卫星)
  ECEF: X=-1823661.0369 Y=5408629.2081 Z=2838156.5489
  LLH:  Lat=26.592197522° Lon=108.632881819° H=610.8702m
  原始数据:
2025/11/16 10:53:37.000   26.592197522  108.632881819   610.8702   2  28   0.0124   0.0332   0.0299   0.0092   0.0106   0.0063  19.00    1.3 8516405

[TCP数据流] 2025/11/16 18:53:21 - 浮点解 (28颗卫星)
  ECEF: X=-1823661.0630 Y=5408629.2490 Z=2838156.5946
  LLH:  Lat=26.592197700° Lon=108.632881936° H=610.9328m
  原始数据:
2025/11/16 10:53:39.000   26.592197700  108.632881936   610.9328   2  28   0.0124   0.0332   0.0299   0.0092   0.0106   0.0062  21.00    1.0 8516405

[TCP数据流] 2025/11/16 18:53:22 - 浮点解 (28颗卫星)
  ECEF: X=-1823661.0892 Y=5408629.2858 Z=2838156.6356
  LLH:  Lat=26.592197857° Lon=108.632882067° H=610.9898m
  原始数据:
2025/11/16 10:53:40.000   26.592197857  108.632882067   610.9898   2  28   0.0124   0.0332   0.0299   0.0092   0.0106   0.0062  22.00    1.0 8516405

[TCP数据流] 2025/11/16 18:53:23 - 浮点解 (28颗卫星)
  ECEF: X=-1823661.1114 Y=5408629.3189 Z=2838156.6718
  LLH:  Lat=26.592197993° Lon=108.632882172° H=611.0404m
  原始数据:
2025/11/16 10:53:41.000   26.592197993  108.632882172   611.0404   2  28   0.0124   0.0331   0.0299   0.0092   0.0106   0.0062  23.00    1.1 8516405

[TCP数据流] 2025/11/16 18:53:25 - 浮点解 (27颗卫星)
  ECEF: X=-1823661.4878 Y=5408630.1306 Z=2838157.6299
  LLH:  Lat=26.592202132° Lon=108.632883149° H=612.2646m
  原始数据:
2025/11/16 10:53:43.000   26.592202132  108.632883149   612.2646   2  27   0.0123   0.0331   0.0296   0.0091   0.0104   0.0057   0.00    1.1 8516405

[TCP数据流] 2025/11/16 18:53:26 - 浮点解 (28颗卫星)
  ECEF: X=-1823661.7601 Y=5408630.7078 Z=2838158.3175
  LLH:  Lat=26.592205120° Lon=108.632883888° H=613.1393m
  原始数据:
2025/11/16 10:53:44.000   26.592205120  108.632883888   613.1393   2  28   0.0122   0.0331   0.0294   0.0091   0.0103   0.0052   1.00    1.0 8516405

[TCP数据流] 2025/11/16 18:53:27 - 浮点解 (28颗卫星)
  ECEF: X=-1823661.9780 Y=5408631.1824 Z=2838158.8781
  LLH:  Lat=26.592207546° Lon=108.632884439° H=613.8547m
  原始数据:
2025/11/16 10:53:45.000   26.592207546  108.632884439   613.8547   2  28   0.0122   0.0330   0.0293   0.0090   0.0102   0.0048   2.00    1.2 8516405

[TCP数据流] 2025/11/16 18:53:28 - 浮点解 (28颗卫星)
  ECEF: X=-1823662.1511 Y=5408631.5586 Z=2838159.3195
  LLH:  Lat=26.592209445° Lon=108.632884879° H=614.4205m
  原始数据:
2025/11/16 10:53:46.000   26.592209445  108.632884879   614.4205   2  28   0.0121   0.0330   0.0291   0.0090   0.0101   0.0045   3.00    1.6 8516405

[TCP数据流] 2025/11/16 18:53:29 - 浮点解 (28颗卫星)
  ECEF: X=-1823662.2858 Y=5408631.8529 Z=2838159.6625
  LLH:  Lat=26.592210912° Lon=108.632885216° H=614.8618m
  原始数据:
2025/11/16 10:53:47.000   26.592210912  108.632885216   614.8618   2  28   0.0121   0.0329   0.0290   0.0089   0.0100   0.0042   4.00    1.0 8516405

[TCP数据流] 2025/11/16 18:53:30 - 浮点解 (28颗卫星)
  ECEF: X=-1823662.3915 Y=5408632.0829 Z=2838159.9291
  LLH:  Lat=26.592212047° Lon=108.632885484° H=615.2063m
  原始数据:
2025/11/16 10:53:48.000   26.592212047  108.632885484   615.2063   2  28   0.0120   0.0329   0.0289   0.0089   0.0100   0.0039   5.00    1.1 8516405

[TCP数据流] 2025/11/16 18:53:31 - 浮点解 (27颗卫星)
  ECEF: X=-1823662.4708 Y=5408632.2646 Z=2838160.1357
  LLH:  Lat=26.592212916° Lon=108.632885655° H=615.4754m
  原始数据:
2025/11/16 10:53:49.000   26.592212916  108.632885655   615.4754   2  27   0.0120   0.0329   0.0288   0.0089   0.0099   0.0037   6.00    1.0 8516405

[TCP数据流] 2025/11/16 18:53:32 - 浮点解 (28颗卫星)
  ECEF: X=-1823662.5388 Y=5408632.4081 Z=2838160.3001
  LLH:  Lat=26.592213606° Lon=108.632885842° H=615.6900m
  原始数据:
2025/11/16 10:53:50.000   26.592213606  108.632885842   615.6900   2  28   0.0120   0.0328   0.0288   0.0089   0.0099   0.0035   7.00    1.1 8516405

[TCP数据流] 2025/11/16 18:53:33 - 浮点解 (28颗卫星)
  ECEF: X=-1823662.5918 Y=5408632.5234 Z=2838160.4296
  LLH:  Lat=26.592214141° Lon=108.632885976° H=615.8608m
  原始数据:
2025/11/16 10:53:51.000   26.592214141  108.632885976   615.8608   2  28   0.0119   0.0328   0.0287   0.0088   0.0098   0.0034   8.00    1.0 8516405

[TCP数据流] 2025/11/16 18:53:34 - 浮点解 (28颗卫星)
  ECEF: X=-1823662.6354 Y=5408632.6175 Z=2838160.5345
  LLH:  Lat=26.592214571° Lon=108.632886089° H=616.0000m
  原始数据:
2025/11/16 10:53:52.000   26.592214571  108.632886089   616.0000   2  28   0.0119   0.0328   0.0287   0.0088   0.0098   0.0032   9.00    1.1 8516405

[TCP数据流] 2025/11/16 18:53:35 - 浮点解 (25颗卫星)
  ECEF: X=-1823662.6620 Y=5408632.6955 Z=2838160.6158
  LLH:  Lat=26.592214894° Lon=108.632886092° H=616.1100m
  原始数据:
2025/11/16 10:53:53.000   26.592214894  108.632886092   616.1100   2  25   0.0119   0.0328   0.0287   0.0088   0.0097   0.0032  10.00    1.1 8516405

[TCP数据流] 2025/11/16 18:53:36 - 浮点解 (26颗卫星)
  ECEF: X=-1823662.6939 Y=5408632.7583 Z=2838160.6844
  LLH:  Lat=26.592215166° Lon=108.632886194° H=616.2031m
  原始数据:
2025/11/16 10:53:54.000   26.592215166  108.632886194   616.2031   2  26   0.0119   0.0327   0.0286   0.0088   0.0097   0.0031  11.00    1.0 8516405

[TCP数据流] 2025/11/16 18:53:37 - 浮点解 (26颗卫星)
  ECEF: X=-1823662.7154 Y=5408632.8133 Z=2838160.7404
  LLH:  Lat=26.592215380° Lon=108.632886222° H=616.2809m
  原始数据:
2025/11/16 10:53:55.000   26.592215380  108.632886222   616.2809   2  26   0.0119   0.0327   0.0286   0.0088   0.0097   0.0030  12.00    1.0 8516405

[TCP数据流] 2025/11/16 18:53:38 - 浮点解 (27颗卫星)
  ECEF: X=-1823662.7390 Y=5408632.8590 Z=2838160.7882
  LLH:  Lat=26.592215560° Lon=108.632886300° H=616.3478m
  原始数据:
2025/11/16 10:53:56.000   26.592215560  108.632886300   616.3478   2  27   0.0119   0.0327   0.0286   0.0088   0.0097   0.0029  13.00    1.0 8516405

[TCP数据流] 2025/11/16 18:53:39 - 浮点解 (26颗卫星)
  ECEF: X=-1823662.7590 Y=5408632.8983 Z=2838160.8286
  LLH:  Lat=26.592215710° Lon=108.632886364° H=616.4049m
  原始数据:
2025/11/16 10:53:57.000   26.592215710  108.632886364   616.4049   2  26   0.0119   0.0326   0.0286   0.0088   0.0097   0.0029  14.00    1.1 8516405

[TCP数据流] 2025/11/16 18:53:40 - 浮点解 (25颗卫星)
  ECEF: X=-1823662.7753 Y=5408632.9338 Z=2838160.8630
  LLH:  Lat=26.592215831° Lon=108.632886405° H=616.4550m
  原始数据:
2025/11/16 10:53:58.000   26.592215831  108.632886405   616.4550   2  25   0.0119   0.0326   0.0286   0.0088   0.0096   0.0028  15.00    1.0 8516405

[TCP数据流] 2025/11/16 18:53:41 - 浮点解 (25颗卫星)
  ECEF: X=-1823662.7926 Y=5408632.9631 Z=2838160.8920
  LLH:  Lat=26.592215930° Lon=108.632886476° H=616.4977m
  原始数据:
2025/11/16 10:53:59.000   26.592215930  108.632886476   616.4977   2  25   0.0119   0.0326   0.0286   0.0088   0.0096   0.0028  16.00    1.0 8516405

[TCP数据流] 2025/11/16 18:53:42 - 浮点解 (25颗卫星)
  ECEF: X=-1823662.8064 Y=5408632.9904 Z=2838160.9170
  LLH:  Lat=26.592216010° Lon=108.632886520° H=616.5360m
  原始数据:
2025/11/16 10:54:00.000   26.592216010  108.632886520   616.5360   2  25   0.0119   0.0326   0.0285   0.0087   0.0096   0.0027  17.00    1.0 8516405

[TCP数据流] 2025/11/16 18:53:43 - 浮点解 (25颗卫星)
  ECEF: X=-1823662.8188 Y=5408633.0132 Z=2838160.9378
  LLH:  Lat=26.592216074° Lon=108.632886565° H=616.5682m
  原始数据:
2025/11/16 10:54:01.000   26.592216074  108.632886565   616.5682   2  25   0.0119   0.0325   0.0285   0.0087   0.0096   0.0027  18.00    1.0 8516405

[TCP数据流] 2025/11/16 18:53:44 - 浮点解 (25颗卫星)
  ECEF: X=-1823662.8299 Y=5408633.0348 Z=2838160.9564
  LLH:  Lat=26.592216127° Lon=108.632886601° H=616.5980m
  原始数据:
2025/11/16 10:54:02.000   26.592216127  108.632886601   616.5980   2  25   0.0119   0.0325   0.0285   0.0087   0.0096   0.0027  19.00    1.0 8516405

[TCP数据流] 2025/11/16 18:53:45 - 浮点解 (26颗卫星)
  ECEF: X=-1823662.8420 Y=5408633.0528 Z=2838160.9721
  LLH:  Lat=26.592216170° Lon=108.632886658° H=616.6237m
  原始数据:
2025/11/16 10:54:03.000   26.592216170  108.632886658   616.6237   2  26   0.0119   0.0325   0.0285   0.0087   0.0096   0.0026  20.00    1.1 8516405

[TCP数据流] 2025/11/16 18:53:46 - 浮点解 (26颗卫星)
  ECEF: X=-1823662.8538 Y=5408633.0683 Z=2838160.9844
  LLH:  Lat=26.592216194° Lon=108.632886721° H=616.6458m
  原始数据:
2025/11/16 10:54:04.000   26.592216194  108.632886721   616.6458   2  26   0.0119   0.0325   0.0285   0.0087   0.0095   0.0026  21.00    1.0 8516405

[TCP数据流] 2025/11/16 18:53:47 - 浮点解 (25颗卫星)
  ECEF: X=-1823662.8599 Y=5408633.0840 Z=2838160.9954
  LLH:  Lat=26.592216215° Lon=108.632886728° H=616.6657m
  原始数据:
2025/11/16 10:54:05.000   26.592216215  108.632886728   616.6657   2  25   0.0119   0.0324   0.0285   0.0087   0.0095   0.0026  22.00    1.1 8516405

[TCP数据流] 2025/11/16 18:53:48 - 浮点解 (26颗卫星)
  ECEF: X=-1823662.8701 Y=5408633.0968 Z=2838161.0048
  LLH:  Lat=26.592216229° Lon=108.632886784° H=616.6837m
  原始数据:
2025/11/16 10:54:06.000   26.592216229  108.632886784   616.6837   2  26   0.0118   0.0324   0.0285   0.0087   0.0095   0.0026  23.00    1.0 8516405

[TCP数据流] 2025/11/16 18:53:49 - 浮点解 (25颗卫星)
  ECEF: X=-1823662.8770 Y=5408633.1097 Z=2838161.0133
  LLH:  Lat=26.592216239° Lon=108.632886809° H=616.7004m
  原始数据:
2025/11/16 10:54:07.000   26.592216239  108.632886809   616.7004   2  25   0.0118   0.0324   0.0285   0.0087   0.0095   0.0025  24.00    1.1 8516405

[TCP数据流] 2025/11/16 18:53:50 - 浮点解 (26颗卫星)
  ECEF: X=-1823662.8873 Y=5408633.1196 Z=2838161.0197
  LLH:  Lat=26.592216239° Lon=108.632886875° H=616.7146m
  原始数据:
2025/11/16 10:54:08.000   26.592216239  108.632886875   616.7146   2  26   0.0118   0.0324   0.0285   0.0087   0.0095   0.0025  25.00    1.1 8516405

[TCP数据流] 2025/11/16 18:53:51 - 浮点解 (25颗卫星)
  ECEF: X=-1823662.8929 Y=5408633.1302 Z=2838161.0254
  LLH:  Lat=26.592216238° Lon=108.632886894° H=616.7277m
  原始数据:
2025/11/16 10:54:09.000   26.592216238  108.632886894   616.7277   2  25   0.0118   0.0323   0.0285   0.0087   0.0095   0.0025  26.00    1.1 8516405

[TCP数据流] 2025/11/16 18:53:52 - 浮点解 (25颗卫星)
  ECEF: X=-1823662.8995 Y=5408633.1385 Z=2838161.0289
  LLH:  Lat=26.592216226° Lon=108.632886930° H=616.7382m
  原始数据:
2025/11/16 10:54:10.000   26.592216226  108.632886930   616.7382   2  25   0.0118   0.0323   0.0285   0.0087   0.0094   0.0025  27.00    1.1 8516405

[TCP数据流] 2025/11/16 18:53:53 - 浮点解 (27颗卫星)
  ECEF: X=-1823662.9057 Y=5408633.1463 Z=2838161.0318
  LLH:  Lat=26.592216211° Lon=108.632886964° H=616.7479m
  原始数据:
2025/11/16 10:54:11.000   26.592216211  108.632886964   616.7479   2  27   0.0118   0.0323   0.0285   0.0087   0.0094   0.0024  28.00    1.1 8516405

[TCP数据流] 2025/11/16 18:53:54 - 浮点解 (25颗卫星)
  ECEF: X=-1823662.9118 Y=5408633.1534 Z=2838161.0339
  LLH:  Lat=26.592216193° Lon=108.632887000° H=616.7566m
  原始数据:
2025/11/16 10:54:12.000   26.592216193  108.632887000   616.7566   2  25   0.0118   0.0323   0.0284   0.0087   0.0094   0.0024  29.00    1.1 8516405

[TCP数据流] 2025/11/16 18:53:55 - 浮点解 (25颗卫星)
  ECEF: X=-1823662.9200 Y=5408633.1591 Z=2838161.0348
  LLH:  Lat=26.592216168° Lon=108.632887059° H=616.7642m
  原始数据:
2025/11/16 10:54:13.000   26.592216168  108.632887059   616.7642   2  25   0.0118   0.0322   0.0284   0.0087   0.0094   0.0024  30.00    1.1 8516405

[TCP数据流] 2025/11/16 18:54:00 - 浮点解 (18颗卫星)
  ECEF: X=-1823663.0595 Y=5408633.4995 Z=2838161.4120
  LLH:  Lat=26.592217729° Lon=108.632887294° H=617.2613m
  原始数据:
2025/11/16 10:54:18.000   26.592217729  108.632887294   617.2613   2  18   0.0118   0.0322   0.0283   0.0086   0.0094   0.0019   0.00    1.1 8516405

[TCP数据流] 2025/11/16 18:54:01 - 浮点解 (25颗卫星)
  ECEF: X=-1823663.0740 Y=5408633.4944 Z=2838161.4034
  LLH:  Lat=26.592217660° Lon=108.632887449° H=617.2573m
  原始数据:
2025/11/16 10:54:19.000   26.592217660  108.632887449   617.2573   2  25   0.0118   0.0322   0.0283   0.0086   0.0093   0.0017   1.00    1.1 8516405

[TCP数据流] 2025/11/16 18:54:02 - 浮点解 (27颗卫星)
  ECEF: X=-1823663.0929 Y=5408633.4887 Z=2838161.3940
  LLH:  Lat=26.592217582° Lon=108.632887647° H=617.2536m
  原始数据:
2025/11/16 10:54:20.000   26.592217582  108.632887647   617.2536   2  27   0.0118   0.0321   0.0283   0.0086   0.0093   0.0016   2.00    1.1 8516405

[TCP数据流] 2025/11/16 18:54:03 - 浮点解 (25颗卫星)
  ECEF: X=-1823663.1006 Y=5408633.4840 Z=2838161.3847
  LLH:  Lat=26.592217515° Lon=108.632887735° H=617.2477m
  原始数据:
2025/11/16 10:54:21.000   26.592217515  108.632887735   617.2477   2  25   0.0118   0.0321   0.0282   0.0086   0.0092   0.0015   3.00    1.2 8516405

[TCP数据流] 2025/11/16 18:54:04 - 浮点解 (26颗卫星)
  ECEF: X=-1823663.1128 Y=5408633.4777 Z=2838161.3737
  LLH:  Lat=26.592217434° Lon=108.632887871° H=617.2409m
  原始数据:
2025/11/16 10:54:22.000   26.592217434  108.632887871   617.2409   2  26   0.0117   0.0321   0.0282   0.0086   0.0092   0.0014   4.00    1.3 8516405

[TCP数据流] 2025/11/16 18:54:05 - 浮点解 (25颗卫星)
  ECEF: X=-1823663.1169 Y=5408633.4729 Z=2838161.3639
  LLH:  Lat=26.592217368° Lon=108.632887926° H=617.2336m
  原始数据:
2025/11/16 10:54:23.000   26.592217368  108.632887926   617.2336   2  25   0.0117   0.0320   0.0282   0.0085   0.0092   0.0013   5.00    1.1 8516405

[TCP数据流] 2025/11/16 18:54:06 - 浮点解 (26颗卫星)
  ECEF: X=-1823663.1279 Y=5408633.4665 Z=2838161.3534
  LLH:  Lat=26.592217294° Lon=108.632888051° H=617.2267m
  原始数据:
2025/11/16 10:54:24.000   26.592217294  108.632888051   617.2267   2  26   0.0117   0.0320   0.0282   0.0085   0.0092   0.0012   6.00    1.0 8516405

[TCP数据流] 2025/11/16 18:54:07 - 浮点解 (26颗卫星)
  ECEF: X=-1823663.1319 Y=5408633.4608 Z=2838161.3437
  LLH:  Lat=26.592217232° Lon=108.632888107° H=617.2186m
  原始数据:
2025/11/16 10:54:25.000   26.592217232  108.632888107   617.2186   2  26   0.0117   0.0320   0.0282   0.0085   0.0091   0.0011   7.00    1.0 8516405

[TCP数据流] 2025/11/16 18:54:08 - 浮点解 (26颗卫星)
  ECEF: X=-1823663.1392 Y=5408633.4549 Z=2838161.3321
  LLH:  Lat=26.592217152° Lon=108.632888196° H=617.2105m
  原始数据:
2025/11/16 10:54:26.000   26.592217152  108.632888196   617.2105   2  26   0.0117   0.0320   0.0282   0.0085   0.0091   0.0011   8.00    1.1 8516405

[TCP数据流] 2025/11/16 18:54:09 - 浮点解 (26颗卫星)
  ECEF: X=-1823663.1440 Y=5408633.4493 Z=2838161.3225
  LLH:  Lat=26.592217090° Lon=108.632888259° H=617.2028m
  原始数据:
2025/11/16 10:54:27.000   26.592217090  108.632888259   617.2028   2  26   0.0117   0.0319   0.0282   0.0085   0.0091   0.0010   9.00    1.1 8516405

[TCP数据流] 2025/11/16 18:54:10 - 浮点解 (26颗卫星)
  ECEF: X=-1823663.1503 Y=5408633.4437 Z=2838161.3110
  LLH:  Lat=26.592217010° Lon=108.632888337° H=617.1947m
  原始数据:
2025/11/16 10:54:28.000   26.592217010  108.632888337   617.1947   2  26   0.0117   0.0319   0.0282   0.0085   0.0091   0.0009  10.00    1.1 8516405

[TCP数据流] 2025/11/16 18:54:11 - 浮点解 (26颗卫星)
  ECEF: X=-1823663.1516 Y=5408633.4388 Z=2838161.3012
  LLH:  Lat=26.592216948° Lon=108.632888365° H=617.1866m
  原始数据:
2025/11/16 10:54:29.000   26.592216948  108.632888365   617.1866   2  26   0.0117   0.0319   0.0282   0.0085   0.0091   0.0009  11.00    1.0 8516405

[TCP数据流] 2025/11/16 18:54:13 - 浮点解 (26颗卫星)
  ECEF: X=-1823663.1572 Y=5408633.4336 Z=2838161.2901
  LLH:  Lat=26.592216871° Lon=108.632888435° H=617.1788m
  原始数据:
2025/11/16 10:54:31.000   26.592216871  108.632888435   617.1788   2  26   0.0117   0.0319   0.0281   0.0085   0.0090   0.0008  13.00    1.1 8516405

[TCP数据流] 2025/11/16 18:54:14 - 浮点解 (26颗卫星)
  ECEF: X=-1823663.1586 Y=5408633.4287 Z=2838161.2801
  LLH:  Lat=26.592216807° Lon=108.632888464° H=617.1706m
  原始数据:
2025/11/16 10:54:32.000   26.592216807  108.632888464   617.1706   2  26   0.0117   0.0318   0.0281   0.0085   0.0090   0.0008  14.00    1.1 8516405

[TCP数据流] 2025/11/16 18:54:15 - 浮点解 (25颗卫星)
  ECEF: X=-1823663.1618 Y=5408633.4249 Z=2838161.2694
  LLH:  Lat=26.592216731° Lon=108.632888507° H=617.1635m
  原始数据:
2025/11/16 10:54:33.000   26.592216731  108.632888507   617.1635   2  25   0.0117   0.0318   0.0281   0.0085   0.0090   0.0007  15.00    1.1 8516405

[TCP数据流] 2025/11/16 18:54:16 - 浮点解 (26颗卫星)
  ECEF: X=-1823663.1660 Y=5408633.4198 Z=2838161.2595
  LLH:  Lat=26.592216666° Lon=108.632888563° H=617.1559m
  原始数据:
2025/11/16 10:54:34.000   26.592216666  108.632888563   617.1559   2  26   0.0117   0.0318   0.0281   0.0084   0.0090   0.0007  16.00    1.1 8516405

[TCP数据流] 2025/11/16 18:54:17 - 浮点解 (26颗卫星)
  ECEF: X=-1823663.1711 Y=5408633.4149 Z=2838161.2486
  LLH:  Lat=26.592216590° Lon=108.632888627° H=617.1484m
  原始数据:
2025/11/16 10:54:35.000   26.592216590  108.632888627   617.1484   2  26   0.0117   0.0318   0.0281   0.0084   0.0090   0.0006  17.00    1.1 8516405

[TCP数据流] 2025/11/16 18:54:18 - 浮点解 (26颗卫星)
  ECEF: X=-1823663.1715 Y=5408633.4106 Z=2838161.2388
  LLH:  Lat=26.592216527° Lon=108.632888645° H=617.1404m
  原始数据:
2025/11/16 10:54:36.000   26.592216527  108.632888645   617.1404   2  26   0.0117   0.0317   0.0281   0.0084   0.0090   0.0006  18.00    1.2 8516405

[TCP数据流] 2025/11/16 18:54:19 - 浮点解 (26颗卫星)
  ECEF: X=-1823663.1765 Y=5408633.4059 Z=2838161.2279
  LLH:  Lat=26.592216450° Lon=108.632888707° H=617.1330m
  原始数据:
2025/11/16 10:54:37.000   26.592216450  108.632888707   617.1330   2  26   0.0117   0.0317   0.0281   0.0084   0.0090   0.0005  19.00    1.0 8516405

[TCP数据流] 2025/11/16 18:54:20 - 浮点解 (26颗卫星)
  ECEF: X=-1823663.1770 Y=5408633.4016 Z=2838161.2182
  LLH:  Lat=26.592216388° Lon=108.632888726° H=617.1252m
  原始数据:
2025/11/16 10:54:38.000   26.592216388  108.632888726   617.1252   2  26   0.0117   0.0317   0.0281   0.0084   0.0089   0.0005  20.00    1.0 8516405

[TCP数据流] 2025/11/16 18:54:21 - 浮点解 (26颗卫星)
  ECEF: X=-1823663.1813 Y=5408633.3973 Z=2838161.2075
  LLH:  Lat=26.592216312° Lon=108.632888781° H=617.1180m
  原始数据:
2025/11/16 10:54:39.000   26.592216312  108.632888781   617.1180   2  26   0.0117   0.0317   0.0281   0.0084   0.0089   0.0004  21.00    1.0 8516405

[TCP数据流] 2025/11/16 18:54:22 - 浮点解 (26颗卫星)
  ECEF: X=-1823663.1861 Y=5408633.3920 Z=2838161.1974
  LLH:  Lat=26.592216245° Lon=108.632888844° H=617.1103m
  原始数据:
2025/11/16 10:54:40.000   26.592216245  108.632888844   617.1103   2  26   0.0117   0.0316   0.0281   0.0084   0.0089   0.0003  22.00    1.0 8516405

[TCP数据流] 2025/11/16 18:54:23 - 浮点解 (26颗卫星)
  ECEF: X=-1823663.1914 Y=5408633.3881 Z=2838161.1873
  LLH:  Lat=26.592216172° Lon=108.632888906° H=617.1040m
  原始数据:
2025/11/16 10:54:41.000   26.592216172  108.632888906   617.1040   2  26   0.0117   0.0316   0.0281   0.0084   0.0089   0.0003  23.00    1.0 8516405

[TCP数据流] 2025/11/16 18:54:24 - 浮点解 (26颗卫星)
  ECEF: X=-1823663.1903 Y=5408633.3853 Z=2838161.1781
  LLH:  Lat=26.592216109° Lon=108.632888905° H=617.0972m
  原始数据:
2025/11/16 10:54:42.000   26.592216109  108.632888905   617.0972   2  26   0.0117   0.0316   0.0281   0.0084   0.0089   0.0002  24.00    1.2 8516405

[TCP数据流] 2025/11/16 18:54:28 - 浮点解 (21颗卫星)
  ECEF: X=-1823663.2044 Y=5408633.3745 Z=2838161.1588
  LLH:  Lat=26.592215977° Lon=108.632889074° H=617.0834m
  原始数据:
2025/11/16 10:54:46.000   26.592215977  108.632889074   617.0834   2  21   0.0117   0.0316   0.0281   0.0084   0.0089   0.0003   2.00    1.2 8516405

[TCP数据流] 2025/11/16 18:54:29 - 浮点解 (25颗卫星)
  ECEF: X=-1823663.2151 Y=5408633.3694 Z=2838161.1456
  LLH:  Lat=26.592215876° Lon=108.632889192° H=617.0763m
  原始数据:
2025/11/16 10:54:47.000   26.592215876  108.632889192   617.0763   2  25   0.0117   0.0315   0.0281   0.0084   0.0089   0.0003   3.00    1.2 8516405

[TCP数据流] 2025/11/16 18:54:32 - 浮点解 (25颗卫星)
  ECEF: X=-1823663.2247 Y=5408633.3645 Z=2838161.1333
  LLH:  Lat=26.592215783° Lon=108.632889299° H=617.0693m
  原始数据:
2025/11/16 10:54:50.000   26.592215783  108.632889299   617.0693   2  25   0.0117   0.0315   0.0281   0.0084   0.0089   0.0003   6.00    1.5 8516405

[TCP数据流] 2025/11/16 18:54:33 - 浮点解 (20颗卫星)
  ECEF: X=-1823663.2301 Y=5408633.3601 Z=2838161.1255
  LLH:  Lat=26.592215730° Lon=108.632889364° H=617.0636m
  原始数据:
2025/11/16 10:54:51.000   26.592215730  108.632889364   617.0636   2  20   0.0117   0.0315   0.0281   0.0084   0.0089   0.0004   7.00    1.1 8516405

[TCP数据流] 2025/11/16 18:54:34 - 浮点解 (20颗卫星)
  ECEF: X=-1823663.2314 Y=5408633.3582 Z=2838161.1177
  LLH:  Lat=26.592215673° Lon=108.632889383° H=617.0590m
  原始数据:
2025/11/16 10:54:52.000   26.592215673  108.632889383   617.0590   2  20   0.0117   0.0315   0.0281   0.0084   0.0088   0.0003   8.00    0.0 8516405

[TCP数据流] 2025/11/16 18:54:36 - 浮点解 (19颗卫星)
  ECEF: X=-1823663.2381 Y=5408633.3543 Z=2838161.1104
  LLH:  Lat=26.592215620° Lon=108.632889459° H=617.0543m
  原始数据:
2025/11/16 10:54:54.000   26.592215620  108.632889459   617.0543   2  19   0.0117   0.0314   0.0281   0.0084   0.0088   0.0003  10.00    1.1 8516405

[TCP数据流] 2025/11/16 18:54:37 - 浮点解 (15颗卫星)
  ECEF: X=-1823663.2378 Y=5408633.3524 Z=2838161.1060
  LLH:  Lat=26.592215592° Lon=108.632889462° H=617.0506m
  原始数据:
2025/11/16 10:54:55.000   26.592215592  108.632889462   617.0506   2  15   0.0117   0.0314   0.0281   0.0084   0.0088   0.0003  11.00    1.1 8516405

[TCP数据流] 2025/11/16 18:54:38 - 浮点解 (25颗卫星)
  ECEF: X=-1823663.2431 Y=5408633.3486 Z=2838161.0964
  LLH:  Lat=26.592215523° Lon=108.632889525° H=617.0446m
  原始数据:
2025/11/16 10:54:56.000   26.592215523  108.632889525   617.0446   2  25   0.0117   0.0314   0.0280   0.0084   0.0088   0.0003  12.00    1.0 8516405

[TCP数据流] 2025/11/16 18:54:40 - 浮点解 (25颗卫星)
  ECEF: X=-1823663.2454 Y=5408633.3455 Z=2838161.0868
  LLH:  Lat=26.592215454° Lon=108.632889557° H=617.0384m
  原始数据:
2025/11/16 10:54:58.000   26.592215454  108.632889557   617.0384   2  25   0.0117   0.0314   0.0280   0.0083   0.0088   0.0003  14.00    1.0 8516405

[TCP数据流] 2025/11/16 18:54:46 - 浮点解 (25颗卫星)
  ECEF: X=-1823663.2492 Y=5408633.3421 Z=2838161.0774
  LLH:  Lat=26.592215386° Lon=108.632889604° H=617.0324m
  原始数据:
2025/11/16 10:55:04.000   26.592215386  108.632889604   617.0324   2  25   0.0117   0.0314   0.0280   0.0083   0.0088   0.0002  20.00    1.1 8516405

[TCP数据流] 2025/11/16 18:54:47 - 浮点解 (20颗卫星)
  ECEF: X=-1823663.2519 Y=5408633.3390 Z=2838161.0707
  LLH:  Lat=26.592215340° Lon=108.632889639° H=617.0275m
  原始数据:
2025/11/16 10:55:05.000   26.592215340  108.632889639   617.0275   2  20   0.0117   0.0313   0.0280   0.0083   0.0088   0.0002  21.00    1.2 8516405

[TCP数据流] 2025/11/16 18:54:48 - 浮点解 (25颗卫星)
  ECEF: X=-1823663.2537 Y=5408633.3360 Z=2838161.0607
  LLH:  Lat=26.592215269° Lon=108.632889666° H=617.0210m
  原始数据:
2025/11/16 10:55:06.000   26.592215269  108.632889666   617.0210   2  25   0.0117   0.0313   0.0280   0.0083   0.0088   0.0002  22.00    1.0 8516405

[TCP数据流] 2025/11/16 18:54:49 - 浮点解 (26颗卫星)
  ECEF: X=-1823663.2555 Y=5408633.3342 Z=2838161.0521
  LLH:  Lat=26.592215204° Lon=108.632889689° H=617.0161m
  原始数据:
2025/11/16 10:55:07.000   26.592215204  108.632889689   617.0161   2  26   0.0117   0.0313   0.0280   0.0083   0.0088   0.0001  23.00    1.3 8516405

[TCP数据流] 2025/11/16 18:54:50 - 浮点解 (22颗卫星)
  ECEF: X=-1823663.2749 Y=5408633.3284 Z=2838161.0317
  LLH:  Lat=26.592215037° Lon=108.632889892° H=617.0076m
  原始数据:
2025/11/16 10:55:08.000   26.592215037  108.632889892   617.0076   2  22   0.0117   0.0313   0.0280   0.0083   0.0088   0.0004   0.00    1.1 8516405

[TCP数据流] 2025/11/16 18:54:51 - 浮点解 (27颗卫星)
  ECEF: X=-1823663.2876 Y=5408633.3215 Z=2838161.0109
  LLH:  Lat=26.592214879° Lon=108.632890035° H=616.9961m
  原始数据:
2025/11/16 10:55:09.000   26.592214879  108.632890035   616.9961   2  27   0.0117   0.0312   0.0280   0.0083   0.0088   0.0005   1.00    1.1 8516405

[TCP数据流] 2025/11/16 18:54:52 - 浮点解 (26颗卫星)
  ECEF: X=-1823663.3021 Y=5408633.3124 Z=2838160.9911
  LLH:  Lat=26.592214735° Lon=108.632890202° H=616.9837m
  原始数据:
2025/11/16 10:55:10.000   26.592214735  108.632890202   616.9837   2  26   0.0117   0.0312   0.0280   0.0083   0.0088   0.0005   2.00    1.1 8516405

[TCP数据流] 2025/11/16 18:54:53 - 浮点解 (26颗卫星)
  ECEF: X=-1823663.3108 Y=5408633.3054 Z=2838160.9732
  LLH:  Lat=26.592214606° Lon=108.632890307° H=616.9722m
  原始数据:
2025/11/16 10:55:11.000   26.592214606  108.632890307   616.9722   2  26   0.0117   0.0312   0.0280   0.0083   0.0088   0.0006   3.00    1.0 8516405

[TCP数据流] 2025/11/16 18:54:54 - 浮点解 (26颗卫星)
  ECEF: X=-1823663.3186 Y=5408633.2966 Z=2838160.9549
  LLH:  Lat=26.592214482° Lon=108.632890410° H=616.9588m
  原始数据:
2025/11/16 10:55:12.000   26.592214482  108.632890410   616.9588   2  26   0.0117   0.0312   0.0280   0.0083   0.0088   0.0006   4.00    1.1 8516405

[TCP数据流] 2025/11/16 18:54:55 - 浮点解 (26颗卫星)
  ECEF: X=-1823663.3225 Y=5408633.2898 Z=2838160.9391
  LLH:  Lat=26.592214376° Lon=108.632890469° H=616.9471m
  原始数据:
2025/11/16 10:55:13.000   26.592214376  108.632890469   616.9471   2  26   0.0117   0.0311   0.0280   0.0083   0.0088   0.0006   5.00    1.1 8516405

[TCP数据流] 2025/11/16 18:54:56 - 浮点解 (26颗卫星)
  ECEF: X=-1823663.3278 Y=5408633.2811 Z=2838160.9231
  LLH:  Lat=26.592214273° Lon=108.632890547° H=616.9341m
  原始数据:
2025/11/16 10:55:14.000   26.592214273  108.632890547   616.9341   2  26   0.0116   0.0311   0.0279   0.0083   0.0087   0.0006   6.00    1.2 8516405

[TCP数据流] 2025/11/16 18:54:57 - 浮点解 (26颗卫星)
  ECEF: X=-1823663.3298 Y=5408633.2751 Z=2838160.9089
  LLH:  Lat=26.592214179° Lon=108.632890585° H=616.9232m
  原始数据:
2025/11/16 10:55:15.000   26.592214179  108.632890585   616.9232   2  26   0.0116   0.0311   0.0279   0.0083   0.0087   0.0006   7.00    1.1 8516405

[TCP数据流] 2025/11/16 18:54:58 - 浮点解 (20颗卫星)
  ECEF: X=-1823663.3277 Y=5408633.2709 Z=2838160.8994
  LLH:  Lat=26.592214121° Lon=108.632890579° H=616.9148m
  原始数据:
2025/11/16 10:55:16.000   26.592214121  108.632890579   616.9148   2  20   0.0116   0.0311   0.0279   0.0083   0.0087   0.0006   8.00    1.2 8516405

[TCP数据流] 2025/11/16 18:54:59 - 浮点解 (20颗卫星)
  ECEF: X=-1823663.3210 Y=5408633.2691 Z=2838160.8904
  LLH:  Lat=26.592214064° Lon=108.632890521° H=616.9073m
  原始数据:
2025/11/16 10:55:17.000   26.592214064  108.632890521   616.9073   2  20   0.0116   0.0311   0.0279   0.0083   0.0087   0.0006   9.00    1.2 8516405

[TCP数据流] 2025/11/16 18:55:01 - 浮点解 (9颗卫星)
  ECEF: X=-1823663.3183 Y=5408633.2660 Z=2838160.8863
  LLH:  Lat=26.592214046° Lon=108.632890505° H=616.9021m
  原始数据:
2025/11/16 10:55:19.000   26.592214046  108.632890505   616.9021   2   9   0.0116   0.0310   0.0279   0.0083   0.0087   0.0006  11.00    1.2 8516405

[TCP数据流] 2025/11/16 18:55:02 - 浮点解 (27颗卫星)
  ECEF: X=-1823663.3229 Y=5408633.2597 Z=2838160.8741
  LLH:  Lat=26.592213966° Lon=108.632890569° H=616.8926m
  原始数据:
2025/11/16 10:55:20.000   26.592213966  108.632890569   616.8926   2  27   0.0116   0.0310   0.0279   0.0083   0.0087   0.0006  12.00    1.0 8516405

[TCP数据流] 2025/11/16 18:55:04 - 浮点解 (20颗卫星)
  ECEF: X=-1823663.3221 Y=5408633.2545 Z=2838160.8638
  LLH:  Lat=26.592213904° Lon=108.632890578° H=616.8833m
  原始数据:
2025/11/16 10:55:22.000   26.592213904  108.632890578   616.8833   2  20   0.0116   0.0310   0.0279   0.0083   0.0087   0.0005  14.00    1.0 8516405

[TCP数据流] 2025/11/16 18:55:06 - 浮点解 (14颗卫星)
  ECEF: X=-1823663.3183 Y=5408633.2522 Z=2838160.8580
  LLH:  Lat=26.592213871° Lon=108.632890549° H=616.8777m
  原始数据:
2025/11/16 10:55:24.000   26.592213871  108.632890549   616.8777   2  14   0.0116   0.0310   0.0279   0.0083   0.0087   0.0005  16.00    1.1 8516405

[TCP数据流] 2025/11/16 18:55:08 - 浮点解 (21颗卫星)
  ECEF: X=-1823663.3117 Y=5408633.2495 Z=2838160.8488
  LLH:  Lat=26.592213815° Lon=108.632890495° H=616.8694m
  原始数据:
2025/11/16 10:55:26.000   26.592213815  108.632890495   616.8694   2  21   0.0116   0.0310   0.0279   0.0082   0.0087   0.0005  18.00    1.0 8516405

[TCP数据流] 2025/11/16 18:55:11 - 浮点解 (14颗卫星)
  ECEF: X=-1823663.3078 Y=5408633.2472 Z=2838160.8430
  LLH:  Lat=26.592213782° Lon=108.632890466° H=616.8637m
  原始数据:
2025/11/16 10:55:29.000   26.592213782  108.632890466   616.8637   2  14   0.0116   0.0310   0.0279   0.0082   0.0087   0.0005  21.00    1.1 8516405

[TCP数据流] 2025/11/16 18:55:12 - 浮点解 (27颗卫星)
  ECEF: X=-1823663.3070 Y=5408633.2419 Z=2838160.8305
  LLH:  Lat=26.592213703° Lon=108.632890475° H=616.8534m
  原始数据:
2025/11/16 10:55:30.000   26.592213703  108.632890475   616.8534   2  27   0.0116   0.0310   0.0279   0.0082   0.0086   0.0004  22.00    1.1 8516405

[TCP数据流] 2025/11/16 18:55:14 - 浮点解 (21颗卫星)
  ECEF: X=-1823663.3025 Y=5408633.2396 Z=2838160.8223
  LLH:  Lat=26.592213651° Lon=108.632890439° H=616.8465m
  原始数据:
2025/11/16 10:55:32.000   26.592213651  108.632890439   616.8465   2  21   0.0116   0.0309   0.0279   0.0082   0.0086   0.0004  24.00    1.0 8516405

[TCP数据流] 2025/11/16 18:55:17 - 浮点解 (14颗卫星)
  ECEF: X=-1823663.2977 Y=5408633.2365 Z=2838160.8153
  LLH:  Lat=26.592213613° Lon=108.632890404° H=616.8394m
  原始数据:
2025/11/16 10:55:35.000   26.592213613  108.632890404   616.8394   2  14   0.0116   0.0309   0.0279   0.0082   0.0086   0.0004  27.00    1.2 8516405

[TCP数据流] 2025/11/16 18:55:18 - 浮点解 (27颗卫星)
  ECEF: X=-1823663.3006 Y=5408633.2320 Z=2838160.8048
  LLH:  Lat=26.592213541° Lon=108.632890446° H=616.8317m
  原始数据:
2025/11/16 10:55:36.000   26.592213541  108.632890446   616.8317   2  27   0.0116   0.0309   0.0279   0.0082   0.0086   0.0003  28.00    1.3 8516405

[TCP数据流] 2025/11/16 18:55:19 - 浮点解 (15颗卫星)
  ECEF: X=-1823663.3040 Y=5408633.2274 Z=2838160.7993
  LLH:  Lat=26.592213510° Lon=108.632890493° H=616.8263m
  原始数据:
2025/11/16 10:55:37.000   26.592213510  108.632890493   616.8263   2  15   0.0116   0.0309   0.0279   0.0082   0.0086   0.0003  29.00    1.5 8516405

[TCP数据流] 2025/11/16 18:55:20 - 浮点解 (27颗卫星)
  ECEF: X=-1823663.3071 Y=5408633.2228 Z=2838160.7887
  LLH:  Lat=26.592213438° Lon=108.632890537° H=616.8186m
  原始数据:
2025/11/16 10:55:38.000   26.592213438  108.632890537   616.8186   2  27   0.0116   0.0309   0.0279   0.0082   0.0086   0.0003  30.00    1.1 8516405

[TCP数据流] 2025/11/16 18:56:42 - 浮点解 (20颗卫星)
  ECEF: X=-1823663.2344 Y=5408633.1485 Z=2838160.6828
  LLH:  Lat=26.592212962° Lon=108.632890084° H=616.6874m
  原始数据:
2025/11/16 10:57:00.000   26.592212962  108.632890084   616.6874   2  20   0.0116   0.0308   0.0279   0.0082   0.0085  -0.0005   7.00    1.2 8516405

[TCP数据流] 2025/11/16 18:56:44 - 浮点解 (21颗卫星)
  ECEF: X=-1823663.2199 Y=5408633.1376 Z=2838160.6616
  LLH:  Lat=26.592212851° Lon=108.632889981° H=616.6646m
  原始数据:
2025/11/16 10:57:02.000   26.592212851  108.632889981   616.6646   2  21   0.0116   0.0308   0.0279   0.0082   0.0085  -0.0006   9.00    1.4 8516405

[TCP数据流] 2025/11/16 18:56:46 - 浮点解 (27颗卫星)
  ECEF: X=-1823663.2214 Y=5408633.1056 Z=2838160.6189
  LLH:  Lat=26.592212627° Lon=108.632890098° H=616.6188m
  原始数据:
2025/11/16 10:57:04.000   26.592212627  108.632890098   616.6188   2  27   0.0116   0.0307   0.0278   0.0082   0.0085  -0.0006  11.00    1.0 8516405

[TCP数据流] 2025/11/16 18:56:49 - 浮点解 (14颗卫星)
  ECEF: X=-1823663.2182 Y=5408633.1031 Z=2838160.6128
  LLH:  Lat=26.592212592° Lon=108.632890075° H=616.6130m
  原始数据:
2025/11/16 10:57:07.000   26.592212592  108.632890075   616.6130   2  14   0.0116   0.0307   0.0278   0.0082   0.0085  -0.0006  14.00    1.0 8516405

[TCP数据流] 2025/11/16 18:56:51 - 浮点解 (27颗卫星)
  ECEF: X=-1823663.2212 Y=5408633.0811 Z=2838160.5830
  LLH:  Lat=26.592212432° Lon=108.632890174° H=616.5819m
  原始数据:
2025/11/16 10:57:09.000   26.592212432  108.632890174   616.5819   2  27   0.0116   0.0307   0.0278   0.0082   0.0085  -0.0006  16.00    1.0 8516405

[TCP数据流] 2025/11/16 18:56:53 - 浮点解 (27颗卫星)
  ECEF: X=-1823663.2203 Y=5408633.0640 Z=2838160.5587
  LLH:  Lat=26.592212302° Lon=108.632890221° H=616.5563m
  原始数据:
2025/11/16 10:57:11.000   26.592212302  108.632890221   616.5563   2  27   0.0116   0.0307   0.0278   0.0082   0.0085  -0.0006  18.00    1.1 8516405

[TCP数据流] 2025/11/16 18:56:55 - 浮点解 (21颗卫星)
  ECEF: X=-1823663.2139 Y=5408633.0583 Z=2838160.5456
  LLH:  Lat=26.592212227° Lon=108.632890178° H=616.5437m
  原始数据:
2025/11/16 10:57:13.000   26.592212227  108.632890178   616.5437   2  21   0.0116   0.0307   0.0278   0.0082   0.0085  -0.0007  20.00    1.3 8516405

[TCP数据流] 2025/11/16 18:56:56 - 浮点解 (26颗卫星)
  ECEF: X=-1823663.2141 Y=5408633.0440 Z=2838160.5245
  LLH:  Lat=26.592212111° Lon=108.632890226° H=616.5222m
  原始数据:
2025/11/16 10:57:14.000   26.592212111  108.632890226   616.5222   2  26   0.0116   0.0306   0.0278   0.0081   0.0085  -0.0007  21.00    1.0 8516405

[TCP数据流] 2025/11/16 18:56:57 - 浮点解 (15颗卫星)
  ECEF: X=-1823663.2093 Y=5408633.0387 Z=2838160.5142
  LLH:  Lat=26.592212054° Lon=108.632890197° H=616.5117m
  原始数据:
2025/11/16 10:57:15.000   26.592212054  108.632890197   616.5117   2  15   0.0116   0.0306   0.0278   0.0081   0.0085  -0.0007  22.00    1.0 8516405

[TCP数据流] 2025/11/16 19:02:14 - 浮点解 (26颗卫星)
  ECEF: X=-1823663.2375 Y=5408633.0149 Z=2838160.4189
  LLH:  Lat=26.592211340° Lon=108.632890542° H=616.4570m
  原始数据:
2025/11/16 11:02:32.000   26.592211340  108.632890542   616.4570   2  26   0.0116   0.0304   0.0278   0.0081   0.0082  -0.0009   5.00    1.1 8516405

[TCP数据流] 2025/11/16 19:02:15 - 浮点解 (26颗卫星)
  ECEF: X=-1823663.2401 Y=5408633.0126 Z=2838160.4101
  LLH:  Lat=26.592211274° Lon=108.632890574° H=616.4518m
  原始数据:
2025/11/16 11:02:33.000   26.592211274  108.632890574   616.4518   2  26   0.0116   0.0303   0.0278   0.0081   0.0082  -0.0009   6.00    1.1 8516405

[TCP数据流] 2025/11/16 19:02:16 - 浮点解 (26颗卫星)
  ECEF: X=-1823663.2453 Y=5408633.0101 Z=2838160.4018
  LLH:  Lat=26.592211210° Lon=108.632890631° H=616.4475m
  原始数据:
2025/11/16 11:02:34.000   26.592211210  108.632890631   616.4475   2  26   0.0116   0.0303   0.0278   0.0081   0.0082  -0.0009   7.00    1.2 8516405

[TCP数据流] 2025/11/16 19:02:17 - 浮点解 (26颗卫星)
  ECEF: X=-1823663.2500 Y=5408633.0076 Z=2838160.3938
  LLH:  Lat=26.592211149° Lon=108.632890684° H=616.4431m
  原始数据:
2025/11/16 11:02:35.000   26.592211149  108.632890684   616.4431   2  26   0.0116   0.0303   0.0278   0.0081   0.0082  -0.0009   8.00    1.1 8516405

[TCP数据流] 2025/11/16 19:02:18 - 浮点解 (26颗卫星)
  ECEF: X=-1823663.2564 Y=5408633.0053 Z=2838160.3862
  LLH:  Lat=26.592211088° Lon=108.632890752° H=616.4396m
  原始数据:
2025/11/16 11:02:36.000   26.592211088  108.632890752   616.4396   2  26   0.0116   0.0303   0.0278   0.0081   0.0082  -0.0009   9.00    1.0 8516405

[TCP数据流] 2025/11/16 19:02:19 - 浮点解 (26颗卫星)
  ECEF: X=-1823663.2588 Y=5408633.0029 Z=2838160.3776
  LLH:  Lat=26.592211025° Lon=108.632890783° H=616.4344m
  原始数据:
2025/11/16 11:02:37.000   26.592211025  108.632890783   616.4344   2  26   0.0116   0.0302   0.0278   0.0081   0.0082  -0.0009  10.00    1.1 8516405

[TCP数据流] 2025/11/16 19:02:20 - 浮点解 (26颗卫星)
  ECEF: X=-1823663.2651 Y=5408633.0003 Z=2838160.3697
  LLH:  Lat=26.592210963° Lon=108.632890851° H=616.4305m
  原始数据:
2025/11/16 11:02:38.000   26.592210963  108.632890851   616.4305   2  26   0.0116   0.0302   0.0278   0.0081   0.0081  -0.0009  11.00    1.0 8516405

[TCP数据流] 2025/11/16 19:02:21 - 浮点解 (26颗卫星)
  ECEF: X=-1823663.2678 Y=5408632.9979 Z=2838160.3609
  LLH:  Lat=26.592210898° Lon=108.632890884° H=616.4253m
  原始数据:
2025/11/16 11:02:39.000   26.592210898  108.632890884   616.4253   2  26   0.0116   0.0302   0.0278   0.0081   0.0081  -0.0010  12.00    1.0 8516405

[TCP数据流] 2025/11/16 19:02:22 - 浮点解 (26颗卫星)
  ECEF: X=-1823663.2741 Y=5408632.9957 Z=2838160.3533
  LLH:  Lat=26.592210837° Lon=108.632890952° H=616.4218m
  原始数据:
2025/11/16 11:02:40.000   26.592210837  108.632890952   616.4218   2  26   0.0116   0.0302   0.0277   0.0081   0.0081  -0.0010  13.00    1.1 8516405

[TCP数据流] 2025/11/16 19:02:23 - 浮点解 (26颗卫星)
  ECEF: X=-1823663.2771 Y=5408632.9932 Z=2838160.3446
  LLH:  Lat=26.592210772° Lon=108.632890988° H=616.4166m
  原始数据:
2025/11/16 11:02:41.000   26.592210772  108.632890988   616.4166   2  26   0.0116   0.0301   0.0277   0.0080   0.0081  -0.0010  14.00    1.1 8516405

[TCP数据流] 2025/11/16 19:02:24 - 浮点解 (26颗卫星)
  ECEF: X=-1823663.2817 Y=5408632.9910 Z=2838160.3366
  LLH:  Lat=26.592210710° Lon=108.632891039° H=616.4125m
  原始数据:
2025/11/16 11:02:42.000   26.592210710  108.632891039   616.4125   2  26   0.0116   0.0301   0.0277   0.0080   0.0081  -0.0010  15.00    1.1 8516405

[TCP数据流] 2025/11/16 19:02:25 - 浮点解 (26颗卫星)
  ECEF: X=-1823663.2840 Y=5408632.9883 Z=2838160.3274
  LLH:  Lat=26.592210643° Lon=108.632891069° H=616.4068m
  原始数据:
2025/11/16 11:02:43.000   26.592210643  108.632891069   616.4068   2  26   0.0116   0.0301   0.0277   0.0080   0.0081  -0.0010  16.00    1.1 8516405

[TCP数据流] 2025/11/16 19:02:26 - 浮点解 (26颗卫星)
  ECEF: X=-1823663.2902 Y=5408632.9859 Z=2838160.3194
  LLH:  Lat=26.592210580° Lon=108.632891136° H=616.4029m
  原始数据:
2025/11/16 11:02:44.000   26.592210580  108.632891136   616.4029   2  26   0.0116   0.0301   0.0277   0.0080   0.0080  -0.0010  17.00    1.0 8516405

[TCP数据流] 2025/11/16 19:02:27 - 浮点解 (20颗卫星)
  ECEF: X=-1823663.2907 Y=5408632.9836 Z=2838160.3125
  LLH:  Lat=26.592210532° Lon=108.632891148° H=616.3980m
  原始数据:
2025/11/16 11:02:45.000   26.592210532  108.632891148   616.3980   2  20   0.0116   0.0301   0.0277   0.0080   0.0080  -0.0010  18.00    1.0 8516405

[TCP数据流] 2025/11/16 19:02:28 - 浮点解 (26颗卫星)
  ECEF: X=-1823663.2958 Y=5408632.9813 Z=2838160.3046
  LLH:  Lat=26.592210471° Lon=108.632891204° H=616.3940m
  原始数据:
2025/11/16 11:02:46.000   26.592210471  108.632891204   616.3940   2  26   0.0116   0.0300   0.0277   0.0080   0.0080  -0.0010  19.00    1.0 8516405

[TCP数据流] 2025/11/16 19:02:30 - 浮点解 (26颗卫星)
  ECEF: X=-1823663.2973 Y=5408632.9786 Z=2838160.2952
  LLH:  Lat=26.592210403° Lon=108.632891227° H=616.3879m
  原始数据:
2025/11/16 11:02:48.000   26.592210403  108.632891227   616.3879   2  26   0.0116   0.0300   0.0277   0.0080   0.0080  -0.0010  21.00    1.0 8516405

[TCP数据流] 2025/11/16 19:02:31 - 浮点解 (26颗卫星)
  ECEF: X=-1823663.3023 Y=5408632.9765 Z=2838160.2878
  LLH:  Lat=26.592210345° Lon=108.632891281° H=616.3843m
  原始数据:
2025/11/16 11:02:49.000   26.592210345  108.632891281   616.3843   2  26   0.0116   0.0300   0.0277   0.0080   0.0080  -0.0010  22.00    1.0 8516405

[TCP数据流] 2025/11/16 19:02:32 - 浮点解 (26颗卫星)
  ECEF: X=-1823663.3045 Y=5408632.9738 Z=2838160.2782
  LLH:  Lat=26.592210275° Lon=108.632891311° H=616.3783m
  原始数据:
2025/11/16 11:02:50.000   26.592210275  108.632891311   616.3783   2  26   0.0116   0.0300   0.0277   0.0080   0.0080  -0.0010  23.00    1.1 8516405

[TCP数据流] 2025/11/16 19:02:33 - 浮点解 (20颗卫星)
  ECEF: X=-1823663.3076 Y=5408632.9719 Z=2838160.2729
  LLH:  Lat=26.592210236° Lon=108.632891347° H=616.3752m
  原始数据:
2025/11/16 11:02:51.000   26.592210236  108.632891347   616.3752   2  20   0.0116   0.0300   0.0277   0.0080   0.0079  -0.0011  24.00    1.0 8516405

[TCP数据流] 2025/11/16 19:02:34 - 浮点解 (26颗卫星)
  ECEF: X=-1823663.3107 Y=5408632.9694 Z=2838160.2642
  LLH:  Lat=26.592210171° Lon=108.632891384° H=616.3701m
  原始数据:
2025/11/16 11:02:52.000   26.592210171  108.632891384   616.3701   2  26   0.0116   0.0299   0.0277   0.0080   0.0079  -0.0011  25.00    1.0 8516405

[TCP数据流] 2025/11/16 19:02:35 - 浮点解 (26颗卫星)
  ECEF: X=-1823663.3157 Y=5408632.9669 Z=2838160.2559
  LLH:  Lat=26.592210107° Lon=108.632891440° H=616.3657m
  原始数据:
2025/11/16 11:02:53.000   26.592210107  108.632891440   616.3657   2  26   0.0116   0.0299   0.0277   0.0080   0.0079  -0.0011  26.00    1.0 8516405

[TCP数据流] 2025/11/16 19:02:36 - 浮点解 (26颗卫星)
  ECEF: X=-1823663.3181 Y=5408632.9643 Z=2838160.2470
  LLH:  Lat=26.592210042° Lon=108.632891471° H=616.3602m
  原始数据:
2025/11/16 11:02:54.000   26.592210042  108.632891471   616.3602   2  26   0.0116   0.0299   0.0277   0.0080   0.0079  -0.0011  27.00    1.0 8516405

[TCP数据流] 2025/11/16 19:02:37 - 浮点解 (26颗卫星)
  ECEF: X=-1823663.3224 Y=5408632.9620 Z=2838160.2385
  LLH:  Lat=26.592209977° Lon=108.632891519° H=616.3557m
  原始数据:
2025/11/16 11:02:55.000   26.592209977  108.632891519   616.3557   2  26   0.0116   0.0299   0.0277   0.0080   0.0079  -0.0011  28.00    1.1 8516405

[TCP数据流] 2025/11/16 19:02:38 - 浮点解 (26颗卫星)
  ECEF: X=-1823663.3248 Y=5408632.9595 Z=2838160.2298
  LLH:  Lat=26.592209913° Lon=108.632891550° H=616.3503m
  原始数据:
2025/11/16 11:02:56.000   26.592209913  108.632891550   616.3503   2  26   0.0116   0.0298   0.0277   0.0080   0.0079  -0.0011  29.00    1.1 8516405

[TCP数据流] 2025/11/16 19:02:39 - 浮点解 (26颗卫星)
  ECEF: X=-1823663.3293 Y=5408632.9569 Z=2838160.2213
  LLH:  Lat=26.592209849° Lon=108.632891601° H=616.3456m
  原始数据:
2025/11/16 11:02:57.000   26.592209849  108.632891601   616.3456   2  26   0.0116   0.0298   0.0277   0.0080   0.0078  -0.0011  30.00    1.0 8516405

[TCP数据流] 2025/11/16 19:03:21 - 浮点解 (22颗卫星)
  ECEF: X=-1823663.3168 Y=5408632.9336 Z=2838160.1753
  LLH:  Lat=26.592209583° Lon=108.632891557° H=616.3017m
  原始数据:
2025/11/16 11:03:39.000   26.592209583  108.632891557   616.3017   2  22   0.0115   0.0298   0.0277   0.0080   0.0078  -0.0011   1.00    1.5 8516405

[TCP数据流] 2025/11/16 19:03:22 - 浮点解 (26颗卫星)
  ECEF: X=-1823663.3108 Y=5408632.9137 Z=2838160.1375
  LLH:  Lat=26.592209362° Lon=108.632891564° H=616.2662m
  原始数据:
2025/11/16 11:03:40.000   26.592209362  108.632891564   616.2662   2  26   0.0115   0.0297   0.0277   0.0080   0.0078  -0.0011   2.00    1.2 8516405

[TCP数据流] 2025/11/16 19:03:24 - 浮点解 (26颗卫星)
  ECEF: X=-1823663.3053 Y=5408632.8977 Z=2838160.1081
  LLH:  Lat=26.592209193° Lon=108.632891563° H=616.2379m
  原始数据:
2025/11/16 11:03:42.000   26.592209193  108.632891563   616.2379   2  26   0.0115   0.0297   0.0276   0.0080   0.0078  -0.0011   4.00    1.4 8516405

[TCP数据流] 2025/11/16 19:03:25 - 浮点解 (26颗卫星)
  ECEF: X=-1823663.3042 Y=5408632.8846 Z=2838160.0842
  LLH:  Lat=26.592209051° Lon=108.632891594° H=616.2158m
  原始数据:
2025/11/16 11:03:43.000   26.592209051  108.632891594   616.2158   2  26   0.0115   0.0297   0.0276   0.0079   0.0078  -0.0011   5.00    1.1 8516405

[TCP数据流] 2025/11/16 19:03:26 - 浮点解 (26颗卫星)
  ECEF: X=-1823663.2997 Y=5408632.8729 Z=2838160.0613
  LLH:  Lat=26.592208917° Lon=108.632891589° H=616.1943m
  原始数据:
2025/11/16 11:03:44.000   26.592208917  108.632891589   616.1943   2  26   0.0115   0.0297   0.0276   0.0079   0.0078  -0.0011   6.00    1.3 8516405

[TCP数据流] 2025/11/16 19:03:27 - 浮点解 (26颗卫星)
  ECEF: X=-1823663.3007 Y=5408632.8632 Z=2838160.0432
  LLH:  Lat=26.592208807° Lon=108.632891630° H=616.1783m
  原始数据:
2025/11/16 11:03:45.000   26.592208807  108.632891630   616.1783   2  26   0.0115   0.0296   0.0276   0.0079   0.0077  -0.0011   7.00    1.1 8516405

[TCP数据流] 2025/11/16 19:03:28 - 浮点解 (26颗卫星)
  ECEF: X=-1823663.2986 Y=5408632.8542 Z=2838160.0247
  LLH:  Lat=26.592208695° Lon=108.632891638° H=616.1618m
  原始数据:
2025/11/16 11:03:46.000   26.592208695  108.632891638   616.1618   2  26   0.0115   0.0296   0.0276   0.0079   0.0077  -0.0011   8.00    1.1 8516405

[TCP数据流] 2025/11/16 19:03:29 - 浮点解 (26颗卫星)
  ECEF: X=-1823663.2996 Y=5408632.8460 Z=2838160.0091
  LLH:  Lat=26.592208599° Lon=108.632891674° H=616.1482m
  原始数据:
2025/11/16 11:03:47.000   26.592208599  108.632891674   616.1482   2  26   0.0115   0.0296   0.0276   0.0079   0.0077  -0.0011   9.00    1.1 8516405

[TCP数据流] 2025/11/16 19:03:30 - 浮点解 (26颗卫星)
  ECEF: X=-1823663.2985 Y=5408632.8385 Z=2838159.9935
  LLH:  Lat=26.592208503° Lon=108.632891688° H=616.1345m
  原始数据:
2025/11/16 11:03:48.000   26.592208503  108.632891688   616.1345   2  26   0.0115   0.0296   0.0276   0.0079   0.0077  -0.0011  10.00    1.0 8516405

[TCP数据流] 2025/11/16 19:03:31 - 浮点解 (26颗卫星)
  ECEF: X=-1823663.3026 Y=5408632.8319 Z=2838159.9804
  LLH:  Lat=26.592208418° Lon=108.632891748° H=616.1242m
  原始数据:
2025/11/16 11:03:49.000   26.592208418  108.632891748   616.1242   2  26   0.0115   0.0295   0.0276   0.0079   0.0077  -0.0011  11.00    1.0 8516405

[TCP数据流] 2025/11/16 19:03:32 - 浮点解 (26颗卫星)
  ECEF: X=-1823663.3022 Y=5408632.8254 Z=2838159.9663
  LLH:  Lat=26.592208329° Lon=108.632891765° H=616.1123m
  原始数据:
2025/11/16 11:03:50.000   26.592208329  108.632891765   616.1123   2  26   0.0115   0.0295   0.0276   0.0079   0.0076  -0.0011  12.00    1.0 8516405

[TCP数据流] 2025/11/16 19:03:33 - 浮点解 (26颗卫星)
  ECEF: X=-1823663.3064 Y=5408632.8198 Z=2838159.9544
  LLH:  Lat=26.592208249° Lon=108.632891823° H=616.1034m
  原始数据:
2025/11/16 11:03:51.000   26.592208249  108.632891823   616.1034   2  26   0.0115   0.0295   0.0276   0.0079   0.0076  -0.0011  13.00    1.0 8516405

[TCP数据流] 2025/11/16 19:03:34 - 浮点解 (26颗卫星)
  ECEF: X=-1823663.3080 Y=5408632.8138 Z=2838159.9414
  LLH:  Lat=26.592208165° Lon=108.632891857° H=616.0930m
  原始数据:
2025/11/16 11:03:52.000   26.592208165  108.632891857   616.0930   2  26   0.0115   0.0295   0.0275   0.0079   0.0076  -0.0011  14.00    1.0 8516405

[TCP数据流] 2025/11/16 19:03:35 - 浮点解 (19颗卫星)
  ECEF: X=-1823663.3108 Y=5408632.8107 Z=2838159.9346
  LLH:  Lat=26.592208119° Lon=108.632891894° H=616.0881m
  原始数据:
2025/11/16 11:03:53.000   26.592208119  108.632891894   616.0881   2  19   0.0115   0.0295   0.0275   0.0079   0.0076  -0.0011  15.00    1.1 8516405

[TCP数据流] 2025/11/16 19:03:36 - 浮点解 (26颗卫星)
  ECEF: X=-1823663.3121 Y=5408632.8054 Z=2838159.9222
  LLH:  Lat=26.592208037° Lon=108.632891923° H=616.0784m
  原始数据:
2025/11/16 11:03:54.000   26.592208037  108.632891923   616.0784   2  26   0.0115   0.0294   0.0275   0.0079   0.0076  -0.0011  16.00    1.1 8516405

[TCP数据流] 2025/11/16 19:03:37 - 浮点解 (26颗卫星)
  ECEF: X=-1823663.3147 Y=5408632.8005 Z=2838159.9106
  LLH:  Lat=26.592207959° Lon=108.632891964° H=616.0699m
  原始数据:
2025/11/16 11:03:55.000   26.592207959  108.632891964   616.0699   2  26   0.0115   0.0294   0.0275   0.0079   0.0076  -0.0011  17.00    1.0 8516405

[TCP数据流] 2025/11/16 19:03:38 - 浮点解 (25颗卫星)
  ECEF: X=-1823663.3170 Y=5408632.7958 Z=2838159.8997
  LLH:  Lat=26.592207886° Lon=108.632892001° H=616.0617m
  原始数据:
2025/11/16 11:03:56.000   26.592207886  108.632892001   616.0617   2  25   0.0115   0.0294   0.0275   0.0079   0.0076  -0.0011  18.00    1.0 8516405

[TCP数据流] 2025/11/16 19:03:39 - 浮点解 (25颗卫星)
  ECEF: X=-1823663.3194 Y=5408632.7914 Z=2838159.8887
  LLH:  Lat=26.592207811° Lon=108.632892038° H=616.0537m
  原始数据:
2025/11/16 11:03:57.000   26.592207811  108.632892038   616.0537   2  25   0.0115   0.0294   0.0275   0.0079   0.0075  -0.0012  19.00    1.0 8516405

[TCP数据流] 2025/11/16 19:03:40 - 浮点解 (25颗卫星)
  ECEF: X=-1823663.3233 Y=5408632.7869 Z=2838159.8788
  LLH:  Lat=26.592207743° Lon=108.632892089° H=616.0465m
  原始数据:
2025/11/16 11:03:58.000   26.592207743  108.632892089   616.0465   2  25   0.0115   0.0293   0.0275   0.0079   0.0075  -0.0012  20.00    1.1 8516405

[TCP数据流] 2025/11/16 19:03:41 - 浮点解 (25颗卫星)
  ECEF: X=-1823663.3280 Y=5408632.7825 Z=2838159.8687
  LLH:  Lat=26.592207673° Lon=108.632892148° H=616.0396m
  原始数据:
2025/11/16 11:03:59.000   26.592207673  108.632892148   616.0396   2  25   0.0115   0.0293   0.0275   0.0079   0.0075  -0.0012  21.00    1.0 8516405

[TCP数据流] 2025/11/16 19:03:42 - 浮点解 (26颗卫星)
  ECEF: X=-1823663.3305 Y=5408632.7780 Z=2838159.8581
  LLH:  Lat=26.592207601° Lon=108.632892186° H=616.0318m
  原始数据:
2025/11/16 11:04:00.000   26.592207601  108.632892186   616.0318   2  26   0.0115   0.0293   0.0275   0.0079   0.0075  -0.0012  22.00    1.0 8516405

[TCP数据流] 2025/11/16 19:03:44 - 浮点解 (26颗卫星)
  ECEF: X=-1823663.3334 Y=5408632.7741 Z=2838159.8482
  LLH:  Lat=26.592207532° Lon=108.632892226° H=616.0249m
  原始数据:
2025/11/16 11:04:02.000   26.592207532  108.632892226   616.0249   2  26   0.0115   0.0293   0.0275   0.0079   0.0075  -0.0012  24.00    1.0 8516405

[TCP数据流] 2025/11/16 19:03:45 - 浮点解 (26颗卫星)
  ECEF: X=-1823663.3374 Y=5408632.7699 Z=2838159.8383
  LLH:  Lat=26.592207463° Lon=108.632892278° H=616.0180m
  原始数据:
2025/11/16 11:04:03.000   26.592207463  108.632892278   616.0180   2  26   0.0115   0.0293   0.0275   0.0079   0.0075  -0.0012  25.00    1.0 8516405

[TCP数据流] 2025/11/16 19:03:46 - 浮点解 (26颗卫星)
  ECEF: X=-1823663.3407 Y=5408632.7660 Z=2838159.8281
  LLH:  Lat=26.592207392° Lon=108.632892322° H=616.0111m
  原始数据:
2025/11/16 11:04:04.000   26.592207392  108.632892322   616.0111   2  26   0.0115   0.0292   0.0275   0.0079   0.0074  -0.0012  26.00    1.0 8516405

[TCP数据流] 2025/11/16 19:03:47 - 浮点解 (21颗卫星)
  ECEF: X=-1823663.3443 Y=5408632.7618 Z=2838159.8203
  LLH:  Lat=26.592207340° Lon=108.632892369° H=616.0051m
  原始数据:
2025/11/16 11:04:05.000   26.592207340  108.632892369   616.0051   2  21   0.0115   0.0292   0.0275   0.0079   0.0074  -0.0012  27.00    1.0 8516405

[TCP数据流] 2025/11/16 19:03:48 - 浮点解 (26颗卫星)
  ECEF: X=-1823663.3478 Y=5408632.7580 Z=2838159.8104
  LLH:  Lat=26.592207270° Lon=108.632892415° H=615.9984m
  原始数据:
2025/11/16 11:04:06.000   26.592207270  108.632892415   615.9984   2  26   0.0115   0.0292   0.0275   0.0079   0.0074  -0.0012  28.00    1.0 8516405

[TCP数据流] 2025/11/16 19:03:49 - 浮点解 (26颗卫星)
  ECEF: X=-1823663.3496 Y=5408632.7543 Z=2838159.8005
  LLH:  Lat=26.592207202° Lon=108.632892444° H=615.9914m
  原始数据:
2025/11/16 11:04:07.000   26.592207202  108.632892444   615.9914   2  26   0.0115   0.0292   0.0275   0.0078   0.0074  -0.0012  29.00    1.0 8516405

[TCP数据流] 2025/11/16 19:03:50 - 浮点解 (26颗卫星)
  ECEF: X=-1823663.3529 Y=5408632.7507 Z=2838159.7907
  LLH:  Lat=26.592207133° Lon=108.632892487° H=615.9849m
  原始数据:
2025/11/16 11:04:08.000   26.592207133  108.632892487   615.9849   2  26   0.0115   0.0292   0.0275   0.0078   0.0074  -0.0012  30.00    1.0 8516405

[TCP数据流] 2025/11/16 19:04:29 - 浮点解 (18颗卫星)
  ECEF: X=-1823663.2911 Y=5408632.7226 Z=2838159.7108
  LLH:  Lat=26.592206675° Lon=108.632891989° H=615.9076m
  原始数据:
2025/11/16 11:04:47.000   26.592206675  108.632891989   615.9076   2  18   0.0115   0.0291   0.0274   0.0078   0.0074  -0.0011   0.00    1.2 8516405

[TCP数据流] 2025/11/16 19:04:30 - 浮点解 (21颗卫星)
  ECEF: X=-1823663.2584 Y=5408632.7037 Z=2838159.6484
  LLH:  Lat=26.592206286° Lon=108.632891739° H=615.8543m
  原始数据:
2025/11/16 11:04:48.000   26.592206286  108.632891739   615.8543   2  21   0.0115   0.0291   0.0274   0.0078   0.0074  -0.0010   0.00    1.1 8516405

[TCP数据流] 2025/11/16 19:04:32 - 浮点解 (26颗卫星)
  ECEF: X=-1823663.2475 Y=5408632.6870 Z=2838159.6020
  LLH:  Lat=26.592205990° Lon=108.632891689° H=615.8163m
  原始数据:
2025/11/16 11:04:50.000   26.592205990  108.632891689   615.8163   2  26   0.0115   0.0290   0.0273   0.0078   0.0074  -0.0009   2.00    1.0 8516405

[TCP数据流] 2025/11/16 19:04:35 - 浮点解 (26颗卫星)
  ECEF: X=-1823663.2455 Y=5408632.6715 Z=2838159.5713
  LLH:  Lat=26.592205804° Lon=108.632891719° H=615.7889m
  原始数据:
2025/11/16 11:04:53.000   26.592205804  108.632891719   615.7889   2  26   0.0115   0.0290   0.0273   0.0078   0.0074  -0.0008   5.00    1.4 8516405

[TCP数据流] 2025/11/16 19:04:36 - 浮点解 (26颗卫星)
  ECEF: X=-1823663.2260 Y=5408632.6537 Z=2838159.5351
  LLH:  Lat=26.592205605° Lon=108.632891591° H=615.7520m
  原始数据:
2025/11/16 11:04:54.000   26.592205605  108.632891591   615.7520   2  26   0.0115   0.0290   0.0273   0.0078   0.0074  -0.0008   6.00    1.0 8516405

[TCP数据流] 2025/11/16 19:04:37 - 浮点解 (26颗卫星)
  ECEF: X=-1823663.2244 Y=5408632.6411 Z=2838159.5112
  LLH:  Lat=26.592205462° Lon=108.632891616° H=615.7302m
  原始数据:
2025/11/16 11:04:55.000   26.592205462  108.632891616   615.7302   2  26   0.0115   0.0289   0.0272   0.0078   0.0074  -0.0008   7.00    1.3 8516405

[TCP数据流] 2025/11/16 19:04:38 - 浮点解 (26颗卫星)
  ECEF: X=-1823663.2199 Y=5408632.6291 Z=2838159.4878
  LLH:  Lat=26.592205325° Lon=108.632891612° H=615.7083m
  原始数据:
2025/11/16 11:04:56.000   26.592205325  108.632891612   615.7083   2  26   0.0114   0.0289   0.0272   0.0077   0.0073  -0.0007   8.00    1.0 8516405

[TCP数据流] 2025/11/16 19:04:42 - 浮点解 (26颗卫星)
  ECEF: X=-1823663.2235 Y=5408632.6206 Z=2838159.4726
  LLH:  Lat=26.592205231° Lon=108.632891673° H=615.6953m
  原始数据:
2025/11/16 11:05:00.000   26.592205231  108.632891673   615.6953   2  26   0.0114   0.0289   0.0272   0.0077   0.0073  -0.0007  12.00    1.0 8516405

[TCP数据流] 2025/11/16 19:04:43 - 浮点解 (21颗卫星)
  ECEF: X=-1823663.2178 Y=5408632.6150 Z=2838159.4603
  LLH:  Lat=26.592205160° Lon=108.632891637° H=615.6834m
  原始数据:
2025/11/16 11:05:01.000   26.592205160  108.632891637   615.6834   2  21   0.0114   0.0289   0.0272   0.0077   0.0073  -0.0007  13.00    1.1 8516405

[TCP数据流] 2025/11/16 19:04:46 - 浮点解 (18颗卫星)
  ECEF: X=-1823663.2176 Y=5408632.6106 Z=2838159.4515
  LLH:  Lat=26.592205106° Lon=108.632891649° H=615.6757m
  原始数据:
2025/11/16 11:05:04.000   26.592205106  108.632891649   615.6757   2  18   0.0114   0.0289   0.0272   0.0077   0.0073  -0.0008   2.00    1.1 8516405

[TCP数据流] 2025/11/16 19:04:49 - 浮点解 (27颗卫星)
  ECEF: X=-1823663.2255 Y=5408632.6012 Z=2838159.4283
  LLH:  Lat=26.592204945° Lon=108.632891754° H=615.6596m
  原始数据:
2025/11/16 11:05:07.000   26.592204945  108.632891754   615.6596   2  27   0.0114   0.0288   0.0272   0.0077   0.0073  -0.0006   5.00    1.2 8516405

[TCP数据流] 2025/11/16 19:04:53 - 浮点解 (27颗卫星)
  ECEF: X=-1823663.2330 Y=5408632.5929 Z=2838159.4127
  LLH:  Lat=26.592204841° Lon=108.632891852° H=615.6477m
  原始数据:
2025/11/16 11:05:11.000   26.592204841  108.632891852   615.6477   2  27   0.0114   0.0288   0.0272   0.0077   0.0073  -0.0006   9.00    1.1 8516405

[TCP数据流] 2025/11/16 19:04:54 - 浮点解 (20颗卫星)
  ECEF: X=-1823663.2377 Y=5408632.5888 Z=2838159.4056
  LLH:  Lat=26.592204793° Lon=108.632891910° H=615.6424m
  原始数据:
2025/11/16 11:05:12.000   26.592204793  108.632891910   615.6424   2  20   0.0114   0.0288   0.0272   0.0077   0.0073  -0.0006  10.00    1.2 8516405

[TCP数据流] 2025/11/16 19:04:57 - 浮点解 (27颗卫星)
  ECEF: X=-1823663.2488 Y=5408632.5842 Z=2838159.3954
  LLH:  Lat=26.592204714° Lon=108.632892031° H=615.6371m
  原始数据:
2025/11/16 11:05:15.000   26.592204714  108.632892031   615.6371   2  27   0.0114   0.0288   0.0272   0.0077   0.0073  -0.0005  13.00    1.1 8516405

[TCP数据流] 2025/11/16 19:04:58 - 浮点解 (27颗卫星)
  ECEF: X=-1823663.2582 Y=5408632.5792 Z=2838159.3847
  LLH:  Lat=26.592204635° Lon=108.632892136° H=615.6308m
  原始数据:
2025/11/16 11:05:16.000   26.592204635  108.632892136   615.6308   2  27   0.0114   0.0288   0.0271   0.0077   0.0073  -0.0005  14.00    1.0 8516405

[TCP数据流] 2025/11/16 19:04:59 - 浮点解 (20颗卫星)
  ECEF: X=-1823663.2632 Y=5408632.5761 Z=2838159.3783
  LLH:  Lat=26.592204589° Lon=108.632892194° H=615.6267m
  原始数据:
2025/11/16 11:05:17.000   26.592204589  108.632892194   615.6267   2  20   0.0114   0.0288   0.0271   0.0077   0.0073  -0.0005  15.00    1.0 8516405

[TCP数据流] 2025/11/16 19:05:00 - 浮点解 (20颗卫星)
  ECEF: X=-1823663.2667 Y=5408632.5726 Z=2838159.3711
  LLH:  Lat=26.592204540° Lon=108.632892238° H=615.6215m
  原始数据:
2025/11/16 11:05:18.000   26.592204540  108.632892238   615.6215   2  20   0.0114   0.0287   0.0271   0.0077   0.0073  -0.0005  16.00    1.1 8516405

[TCP数据流] 2025/11/16 19:05:02 - 浮点解 (27颗卫星)
  ECEF: X=-1823663.2777 Y=5408632.5685 Z=2838159.3629
  LLH:  Lat=26.592204475° Lon=108.632892356° H=615.6175m
  原始数据:
2025/11/16 11:05:20.000   26.592204475  108.632892356   615.6175   2  27   0.0114   0.0287   0.0271   0.0077   0.0072  -0.0005  18.00    1.2 8516405

[TCP数据流] 2025/11/16 19:05:03 - 浮点解 (9颗卫星)
  ECEF: X=-1823663.2789 Y=5408632.5664 Z=2838159.3606
  LLH:  Lat=26.592204463° Lon=108.632892374° H=615.6150m
  原始数据:
2025/11/16 11:05:21.000   26.592204463  108.632892374   615.6150   2   9   0.0114   0.0287   0.0271   0.0077   0.0072  -0.0005  19.00    1.1 8516405

[TCP数据流] 2025/11/16 19:05:04 - 浮点解 (27颗卫星)
  ECEF: X=-1823663.2883 Y=5408632.5623 Z=2838159.3524
  LLH:  Lat=26.592204400° Lon=108.632892476° H=615.6106m
  原始数据:
2025/11/16 11:05:22.000   26.592204400  108.632892476   615.6106   2  27   0.0114   0.0287   0.0271   0.0077   0.0072  -0.0005  20.00    1.1 8516405

[TCP数据流] 2025/11/16 19:05:05 - 浮点解 (22颗卫星)
  ECEF: X=-1823663.2972 Y=5408632.5586 Z=2838159.3464
  LLH:  Lat=26.592204354° Lon=108.632892573° H=615.6073m
  原始数据:
2025/11/16 11:05:23.000   26.592204354  108.632892573   615.6073   2  22   0.0114   0.0287   0.0271   0.0077   0.0072  -0.0005  21.00    1.0 8516405

[TCP数据流] 2025/11/16 19:05:06 - 浮点解 (27颗卫星)
  ECEF: X=-1823663.3049 Y=5408632.5545 Z=2838159.3372
  LLH:  Lat=26.592204286° Lon=108.632892660° H=615.6019m
  原始数据:
2025/11/16 11:05:24.000   26.592204286  108.632892660   615.6019   2  27   0.0114   0.0287   0.0271   0.0077   0.0072  -0.0005  22.00    1.0 8516405

[TCP数据流] 2025/11/16 19:05:07 - 浮点解 (27颗卫星)
  ECEF: X=-1823663.3139 Y=5408632.5507 Z=2838159.3290
  LLH:  Lat=26.592204223° Lon=108.632892757° H=615.5976m
  原始数据:
2025/11/16 11:05:25.000   26.592204223  108.632892757   615.5976   2  27   0.0114   0.0286   0.0271   0.0077   0.0072  -0.0005  23.00    1.0 8516405

[TCP数据流] 2025/11/16 19:05:08 - 浮点解 (20颗卫星)
  ECEF: X=-1823663.3195 Y=5408632.5474 Z=2838159.3232
  LLH:  Lat=26.592204181° Lon=108.632892821° H=615.5938m
  原始数据:
2025/11/16 11:05:26.000   26.592204181  108.632892821   615.5938   2  20   0.0114   0.0286   0.0271   0.0077   0.0072  -0.0005  24.00    1.0 8516405

[TCP数据流] 2025/11/16 19:05:10 - 浮点解 (20颗卫星)
  ECEF: X=-1823663.3248 Y=5408632.5443 Z=2838159.3170
  LLH:  Lat=26.592204136° Lon=108.632892882° H=615.5899m
  原始数据:
2025/11/16 11:05:28.000   26.592204136  108.632892882   615.5899   2  20   0.0114   0.0286   0.0271   0.0077   0.0072  -0.0005  26.00    1.1 8516405

[TCP数据流] 2025/11/16 19:05:12 - 浮点解 (27颗卫星)
  ECEF: X=-1823663.3317 Y=5408632.5406 Z=2838159.3085
  LLH:  Lat=26.592204073° Lon=108.632892959° H=615.5849m
  原始数据:
2025/11/16 11:05:30.000   26.592204073  108.632892959   615.5849   2  27   0.0114   0.0286   0.0271   0.0077   0.0072  -0.0005  28.00    1.0 8516405

[TCP数据流] 2025/11/16 19:05:13 - 浮点解 (27颗卫星)
  ECEF: X=-1823663.3400 Y=5408632.5370 Z=2838159.3007
  LLH:  Lat=26.592204013° Lon=108.632893049° H=615.5808m
  原始数据:
2025/11/16 11:05:31.000   26.592204013  108.632893049   615.5808   2  27   0.0114   0.0286   0.0271   0.0077   0.0072  -0.0005  29.00    1.0 8516405

[TCP数据流] 2025/11/16 19:05:14 - 浮点解 (21颗卫星)
  ECEF: X=-1823663.3440 Y=5408632.5342 Z=2838159.2946
  LLH:  Lat=26.592203969° Lon=108.632893096° H=615.5768m
  原始数据:
2025/11/16 11:05:32.000   26.592203969  108.632893096   615.5768   2  21   0.0114   0.0286   0.0271   0.0077   0.0072  -0.0005  30.00    1.2 8516405

[TCP数据流] 2025/11/16 19:05:35 - 浮点解 (27颗卫星)
  ECEF: X=-1823663.4704 Y=5408632.5511 Z=2838159.1978
  LLH:  Lat=26.592202960° Lon=108.632894245° H=615.5839m
  原始数据:
2025/11/16 11:05:53.000   26.592202960  108.632894245   615.5839   2  27   0.0114   0.0284   0.0269   0.0076   0.0074   0.0013   6.00    1.2 8516405

[TCP数据流] 2025/11/16 19:05:37 - 浮点解 (9颗卫星)
  ECEF: X=-1823663.4715 Y=5408632.5489 Z=2838159.1954
  LLH:  Lat=26.592202948° Lon=108.632894262° H=615.5813m
  原始数据:
2025/11/16 11:05:55.000   26.592202948  108.632894262   615.5813   2   9   0.0114   0.0284   0.0269   0.0076   0.0074   0.0013   8.00    0.0 8516405

[TCP数据流] 2025/11/16 19:05:38 - 浮点解 (27颗卫星)
  ECEF: X=-1823663.4861 Y=5408632.5443 Z=2838159.1805
  LLH:  Lat=26.592202826° Lon=108.632894416° H=615.5749m
  原始数据:
2025/11/16 11:05:56.000   26.592202826  108.632894416   615.5749   2  27   0.0114   0.0284   0.0269   0.0076   0.0074   0.0013   9.00    1.0 8516405

[TCP数据流] 2025/11/16 19:05:40 - 浮点解 (21颗卫星)
  ECEF: X=-1823663.4877 Y=5408632.5398 Z=2838159.1716
  LLH:  Lat=26.592202770° Lon=108.632894445° H=615.5676m
  原始数据:
2025/11/16 11:05:58.000   26.592202770  108.632894445   615.5676   2  21   0.0114   0.0284   0.0269   0.0076   0.0074   0.0013  11.00    1.0 8516405

[TCP数据流] 2025/11/16 19:05:43 - 浮点解 (27颗卫星)
  ECEF: X=-1823663.4981 Y=5408632.5357 Z=2838159.1603
  LLH:  Lat=26.592202681° Lon=108.632894557° H=615.5620m
  原始数据:
2025/11/16 11:06:01.000   26.592202681  108.632894557   615.5620   2  27   0.0114   0.0284   0.0269   0.0076   0.0074   0.0013  14.00    1.1 8516405

[TCP数据流] 2025/11/16 19:05:44 - 浮点解 (23颗卫星)
  ECEF: X=-1823663.5464 Y=5408632.5490 Z=2838159.1262
  LLH:  Lat=26.592202292° Lon=108.632894974° H=615.5718m
  原始数据:
2025/11/16 11:06:02.000   26.592202292  108.632894974   615.5718   2  23   0.0114   0.0283   0.0268   0.0076   0.0074   0.0016   0.00    1.1 8516405

[TCP数据流] 2025/11/16 19:05:45 - 浮点解 (27颗卫星)
  ECEF: X=-1823663.5919 Y=5408632.5583 Z=2838159.0937
  LLH:  Lat=26.592201936° Lon=108.632895377° H=615.5781m
  原始数据:
2025/11/16 11:06:03.000   26.592201936  108.632895377   615.5781   2  27   0.0114   0.0283   0.0267   0.0076   0.0075   0.0017   1.00    1.1 8516405

[TCP数据流] 2025/11/16 19:05:47 - 浮点解 (22颗卫星)
  ECEF: X=-1823663.6252 Y=5408632.5586 Z=2838159.0678
  LLH:  Lat=26.592201683° Lon=108.632895693° H=615.5763m
  原始数据:
2025/11/16 11:06:05.000   26.592201683  108.632895693   615.5763   2  22   0.0113   0.0283   0.0267   0.0076   0.0075   0.0019   3.00    1.1 8516405

[TCP数据流] 2025/11/16 19:05:48 - 浮点解 (27颗卫星)
  ECEF: X=-1823663.6535 Y=5408632.5570 Z=2838159.0442
  LLH:  Lat=26.592201462° Lon=108.632895967° H=615.5725m
  原始数据:
2025/11/16 11:06:06.000   26.592201462  108.632895967   615.5725   2  27   0.0113   0.0282   0.0267   0.0076   0.0076   0.0020   4.00    1.1 8516405

[TCP数据流] 2025/11/16 19:05:49 - 浮点解 (27颗卫星)
  ECEF: X=-1823663.6753 Y=5408632.5541 Z=2838159.0228
  LLH:  Lat=26.592201272° Lon=108.632896184° H=615.5666m
  原始数据:
2025/11/16 11:06:07.000   26.592201272  108.632896184   615.5666   2  27   0.0113   0.0282   0.0266   0.0076   0.0076   0.0020   5.00    1.2 8516405

[TCP数据流] 2025/11/16 19:05:50 - 浮点解 (27颗卫星)
  ECEF: X=-1823663.6952 Y=5408632.5503 Z=2838159.0047
  LLH:  Lat=26.592201115° Lon=108.632896386° H=615.5610m
  原始数据:
2025/11/16 11:06:08.000   26.592201115  108.632896386   615.5610   2  27   0.0113   0.0282   0.0266   0.0076   0.0076   0.0021   6.00    1.1 8516405

[TCP数据流] 2025/11/16 19:05:51 - 浮点解 (27颗卫星)
  ECEF: X=-1823663.7110 Y=5408632.5461 Z=2838158.9882
  LLH:  Lat=26.592200977° Lon=108.632896549° H=615.5546m
  原始数据:
2025/11/16 11:06:09.000   26.592200977  108.632896549   615.5546   2  27   0.0113   0.0281   0.0266   0.0076   0.0076   0.0021   7.00    1.0 8516405

[TCP数据流] 2025/11/16 19:05:52 - 浮点解 (27颗卫星)
  ECEF: X=-1823663.7274 Y=5408632.5415 Z=2838158.9740
  LLH:  Lat=26.592200859° Lon=108.632896720° H=615.5490m
  原始数据:
2025/11/16 11:06:10.000   26.592200859  108.632896720   615.5490   2  27   0.0113   0.0281   0.0266   0.0076   0.0077   0.0021   8.00    1.1 8516405

[TCP数据流] 2025/11/16 19:05:53 - 浮点解 (27颗卫星)
  ECEF: X=-1823663.7393 Y=5408632.5372 Z=2838158.9597
  LLH:  Lat=26.592200745° Lon=108.632896847° H=615.5424m
  原始数据:
2025/11/16 11:06:11.000   26.592200745  108.632896847   615.5424   2  27   0.0113   0.0281   0.0266   0.0075   0.0077   0.0022   9.00    1.2 8516405

[TCP数据流] 2025/11/16 19:05:54 - 浮点解 (20颗卫星)
  ECEF: X=-1823663.7502 Y=5408632.5351 Z=2838158.9508
  LLH:  Lat=26.592200667° Lon=108.632896958° H=615.5397m
  原始数据:
2025/11/16 11:06:12.000   26.592200667  108.632896958   615.5397   2  20   0.0113   0.0281   0.0265   0.0075   0.0077   0.0022  10.00    1.1 8516405

[TCP数据流] 2025/11/16 19:05:55 - 浮点解 (27颗卫星)
  ECEF: X=-1823663.7621 Y=5408632.5306 Z=2838158.9385
  LLH:  Lat=26.592200570° Lon=108.632897085° H=615.5338m
  原始数据:
2025/11/16 11:06:13.000   26.592200570  108.632897085   615.5338   2  27   0.0113   0.0281   0.0265   0.0075   0.0077   0.0022  11.00    1.0 8516405

[TCP数据流] 2025/11/16 19:05:58 - 浮点解 (27颗卫星)
  ECEF: X=-1823663.7705 Y=5408632.5268 Z=2838158.9278
  LLH:  Lat=26.592200487° Lon=108.632897177° H=615.5282m
  原始数据:
2025/11/16 11:06:16.000   26.592200487  108.632897177   615.5282   2  27   0.0113   0.0280   0.0265   0.0075   0.0077   0.0022  14.00    1.1 8516405

[TCP数据流] 2025/11/16 19:05:59 - 浮点解 (27颗卫星)
  ECEF: X=-1823663.7793 Y=5408632.5229 Z=2838158.9172
  LLH:  Lat=26.592200405° Lon=108.632897273° H=615.5226m
  原始数据:
2025/11/16 11:06:17.000   26.592200405  108.632897273   615.5226   2  27   0.0113   0.0280   0.0265   0.0075   0.0077   0.0022  15.00    1.0 8516405

[TCP数据流] 2025/11/16 19:06:01 - 浮点解 (27颗卫星)
  ECEF: X=-1823663.7869 Y=5408632.5192 Z=2838158.9071
  LLH:  Lat=26.592200328° Lon=108.632897357° H=615.5172m
  原始数据:
2025/11/16 11:06:19.000   26.592200328  108.632897357   615.5172   2  27   0.0113   0.0280   0.0265   0.0075   0.0077   0.0022  17.00    1.1 8516405

[TCP数据流] 2025/11/16 19:06:02 - 浮点解 (27颗卫星)
  ECEF: X=-1823663.7966 Y=5408632.5156 Z=2838158.8984
  LLH:  Lat=26.592200259° Lon=108.632897461° H=615.5130m
  原始数据:
2025/11/16 11:06:20.000   26.592200259  108.632897461   615.5130   2  27   0.0113   0.0280   0.0265   0.0075   0.0077   0.0022  18.00    1.2 8516405

[TCP数据流] 2025/11/16 19:06:04 - 浮点解 (27颗卫星)
  ECEF: X=-1823663.8048 Y=5408632.5125 Z=2838158.8899
  LLH:  Lat=26.592200192° Lon=108.632897549° H=615.5089m
  原始数据:
2025/11/16 11:06:22.000   26.592200192  108.632897549   615.5089   2  27   0.0113   0.0280   0.0265   0.0075   0.0077   0.0023  20.00    1.1 8516405

[TCP数据流] 2025/11/16 19:06:05 - 浮点解 (27颗卫星)
  ECEF: X=-1823663.8118 Y=5408632.5091 Z=2838158.8809
  LLH:  Lat=26.592200123° Lon=108.632897627° H=615.5040m
  原始数据:
2025/11/16 11:06:23.000   26.592200123  108.632897627   615.5040   2  27   0.0113   0.0279   0.0265   0.0075   0.0076   0.0023  21.00    1.1 8516405

[TCP数据流] 2025/11/16 19:06:06 - 浮点解 (27颗卫星)
  ECEF: X=-1823663.8180 Y=5408632.5060 Z=2838158.8716
  LLH:  Lat=26.592200052° Lon=108.632897696° H=615.4990m
  原始数据:
2025/11/16 11:06:24.000   26.592200052  108.632897696   615.4990   2  27   0.0113   0.0279   0.0265   0.0075   0.0076   0.0023  22.00    1.1 8516405

[TCP数据流] 2025/11/16 19:06:07 - 浮点解 (27颗卫星)
  ECEF: X=-1823663.8249 Y=5408632.5031 Z=2838158.8633
  LLH:  Lat=26.592199987° Lon=108.632897771° H=615.4948m
  原始数据:
2025/11/16 11:06:25.000   26.592199987  108.632897771   615.4948   2  27   0.0113   0.0279   0.0265   0.0075   0.0076   0.0023  23.00    1.1 8516405

[TCP数据流] 2025/11/16 19:06:08 - 浮点解 (27颗卫星)
  ECEF: X=-1823663.8329 Y=5408632.4999 Z=2838158.8551
  LLH:  Lat=26.592199923° Lon=108.632897857° H=615.4907m
  原始数据:
2025/11/16 11:06:26.000   26.592199923  108.632897857   615.4907   2  27   0.0113   0.0279   0.0265   0.0075   0.0076   0.0023  24.00    1.1 8516405

[TCP数据流] 2025/11/16 19:06:09 - 浮点解 (23颗卫星)
  ECEF: X=-1823663.8650 Y=5408632.5040 Z=2838158.8111
  LLH:  Lat=26.592199511° Lon=108.632898149° H=615.4836m
  原始数据:
2025/11/16 11:06:27.000   26.592199511  108.632898149   615.4836   2  23   0.0113   0.0279   0.0264   0.0075   0.0077   0.0024   0.00    1.1 8516405

[TCP数据流] 2025/11/16 19:06:10 - 浮点解 (28颗卫星)
  ECEF: X=-1823663.8932 Y=5408632.5056 Z=2838158.7681
  LLH:  Lat=26.592199121° Lon=108.632898412° H=615.4738m
  原始数据:
2025/11/16 11:06:28.000   26.592199121  108.632898412   615.4738   2  28   0.0113   0.0278   0.0263   0.0075   0.0077   0.0025   1.00    1.1 8516405

[TCP数据流] 2025/11/16 19:06:11 - 浮点解 (28颗卫星)
  ECEF: X=-1823663.9185 Y=5408632.5029 Z=2838158.7296
  LLH:  Lat=26.592198788° Lon=108.632898662° H=615.4615m
  原始数据:
2025/11/16 11:06:29.000   26.592198788  108.632898662   615.4615   2  28   0.0113   0.0278   0.0263   0.0075   0.0078   0.0026   2.00    1.1 8516405

[TCP数据流] 2025/11/16 19:06:14 - 浮点解 (16颗卫星)
  ECEF: X=-1823663.9185 Y=5408632.4948 Z=2838158.7181
  LLH:  Lat=26.592198726° Lon=108.632898688° H=615.4495m
  原始数据:
2025/11/16 11:06:32.000   26.592198726  108.632898688   615.4495   2  16   0.0113   0.0278   0.0263   0.0075   0.0078   0.0026   5.00    1.1 8516405

[TCP数据流] 2025/11/16 19:06:15 - 浮点解 (28颗卫星)
  ECEF: X=-1823663.9312 Y=5408632.4846 Z=2838158.6923
  LLH:  Lat=26.592198541° Lon=108.632898841° H=615.4330m
  原始数据:
2025/11/16 11:06:33.000   26.592198541  108.632898841   615.4330   2  28   0.0113   0.0277   0.0263   0.0075   0.0078   0.0026   6.00    1.0 8516405

[TCP数据流] 2025/11/16 19:06:16 - 浮点解 (28颗卫星)
  ECEF: X=-1823663.9398 Y=5408632.4753 Z=2838158.6688
  LLH:  Lat=26.592198376° Lon=108.632898953° H=615.4170m
  原始数据:
2025/11/16 11:06:34.000   26.592198376  108.632898953   615.4170   2  28   0.0112   0.0277   0.0262   0.0075   0.0078   0.0027   7.00    1.2 8516405

[TCP数据流] 2025/11/16 19:06:18 - 浮点解 (14颗卫星)
  ECEF: X=-1823663.9418 Y=5408632.4731 Z=2838158.6650
  LLH:  Lat=26.592198351° Lon=108.632898979° H=615.4140m
  原始数据:
2025/11/16 11:06:36.000   26.592198351  108.632898979   615.4140   2  14   0.0112   0.0277   0.0262   0.0075   0.0078   0.0027   9.00    1.0 8516405

[TCP数据流] 2025/11/16 19:06:19 - 浮点解 (14颗卫星)
  ECEF: X=-1823663.9419 Y=5408632.4711 Z=2838158.6606
  LLH:  Lat=26.592198323° Lon=108.632898986° H=615.4104m
  原始数据:
2025/11/16 11:06:37.000   26.592198323  108.632898986   615.4104   2  14   0.0112   0.0277   0.0262   0.0075   0.0078   0.0026  10.00    1.1 8516405

[TCP数据流] 2025/11/16 19:06:21 - 浮点解 (16颗卫星)
  ECEF: X=-1823663.9466 Y=5408632.4664 Z=2838158.6513
  LLH:  Lat=26.592198260° Lon=108.632899046° H=615.4036m
  原始数据:
2025/11/16 11:06:39.000   26.592198260  108.632899046   615.4036   2  16   0.0112   0.0277   0.0262   0.0075   0.0078   0.0027  12.00    1.0 8516405

[TCP数据流] 2025/11/16 19:06:22 - 浮点解 (14颗卫星)
  ECEF: X=-1823663.9471 Y=5408632.4645 Z=2838158.6474
  LLH:  Lat=26.592198235° Lon=108.632899057° H=615.4004m
  原始数据:
2025/11/16 11:06:40.000   26.592198235  108.632899057   615.4004   2  14   0.0112   0.0277   0.0262   0.0075   0.0078   0.0027  13.00    1.1 8516405

[TCP数据流] 2025/11/16 19:06:27 - 浮点解 (16颗卫星)
  ECEF: X=-1823663.9502 Y=5408632.4608 Z=2838158.6418
  LLH:  Lat=26.592198200° Lon=108.632899098° H=615.3956m
  原始数据:
2025/11/16 11:06:45.000   26.592198200  108.632899098   615.3956   2  16   0.0112   0.0277   0.0262   0.0075   0.0078   0.0027  18.00    1.1 8516405

[TCP数据流] 2025/11/16 19:06:28 - 浮点解 (23颗卫星)
  ECEF: X=-1823663.9539 Y=5408632.4554 Z=2838158.6314
  LLH:  Lat=26.592198132° Lon=108.632899151° H=615.3874m
  原始数据:
2025/11/16 11:06:46.000   26.592198132  108.632899151   615.3874   2  23   0.0112   0.0276   0.0262   0.0074   0.0078   0.0027  19.00    1.1 8516405

[TCP数据流] 2025/11/16 19:06:29 - 浮点解 (16颗卫星)
  ECEF: X=-1823663.9561 Y=5408632.4521 Z=2838158.6257
  LLH:  Lat=26.592198096° Lon=108.632899182° H=615.3827m
  原始数据:
2025/11/16 11:06:47.000   26.592198096  108.632899182   615.3827   2  16   0.0112   0.0276   0.0262   0.0074   0.0078   0.0027  20.00    1.2 8516405

[TCP数据流] 2025/11/16 19:06:30 - 浮点解 (28颗卫星)
  ECEF: X=-1823663.9604 Y=5408632.4470 Z=2838158.6147
  LLH:  Lat=26.592198021° Lon=108.632899239° H=615.3747m
  原始数据:
2025/11/16 11:06:48.000   26.592198021  108.632899239   615.3747   2  28   0.0112   0.0276   0.0262   0.0074   0.0078   0.0027  21.00    1.0 8516405

[TCP数据流] 2025/11/16 19:06:34 - 浮点解 (23颗卫星)
  ECEF: X=-1823663.9644 Y=5408632.4425 Z=2838158.6062
  LLH:  Lat=26.592197964° Lon=108.632899292° H=615.3682m
  原始数据:
2025/11/16 11:06:52.000   26.592197964  108.632899292   615.3682   2  23   0.0112   0.0276   0.0262   0.0074   0.0078   0.0027  25.00    1.1 8516405

[TCP数据流] 2025/11/16 19:06:35 - 浮点解 (21颗卫星)
  ECEF: X=-1823663.9662 Y=5408632.4393 Z=2838158.5986
  LLH:  Lat=26.592197913° Lon=108.632899319° H=615.3626m
  原始数据:
2025/11/16 11:06:53.000   26.592197913  108.632899319   615.3626   2  21   0.0112   0.0276   0.0262   0.0074   0.0077   0.0027  26.00    1.0 8516405

[TCP数据流] 2025/11/16 19:06:37 - 浮点解 (21颗卫星)
  ECEF: X=-1823663.9700 Y=5408632.4363 Z=2838158.5921
  LLH:  Lat=26.592197867° Lon=108.632899365° H=615.3583m
  原始数据:
2025/11/16 11:06:55.000   26.592197867  108.632899365   615.3583   2  21   0.0112   0.0276   0.0262   0.0074   0.0077   0.0027  28.00    1.0 8516405

[TCP数据流] 2025/11/16 19:06:38 - 浮点解 (28颗卫星)
  ECEF: X=-1823663.9725 Y=5408632.4323 Z=2838158.5819
  LLH:  Lat=26.592197797° Lon=108.632899402° H=615.3510m
  原始数据:
2025/11/16 11:06:56.000   26.592197797  108.632899402   615.3510   2  28   0.0112   0.0276   0.0262   0.0074   0.0077   0.0027  29.00    1.0 8516405

[TCP数据流] 2025/11/16 19:06:39 - 浮点解 (23颗卫星)
  ECEF: X=-1823663.9767 Y=5408632.4283 Z=2838158.5741
  LLH:  Lat=26.592197744° Lon=108.632899454° H=615.3453m
  原始数据:
2025/11/16 11:06:57.000   26.592197744  108.632899454   615.3453   2  23   0.0112   0.0275   0.0262   0.0074   0.0077   0.0027  30.00    1.0 8516405

[TCP数据流] 2025/11/16 19:11:38 - 浮点解 (28颗卫星)
  ECEF: X=-1823663.7509 Y=5408633.4060 Z=2838159.3969
  LLH:  Lat=26.592200932° Lon=108.632894171° H=616.4776m
  原始数据:
2025/11/16 11:11:56.000   26.592200932  108.632894171   616.4776   2  28   0.0110   0.0270   0.0256   0.0071   0.0073   0.0009  17.00    1.1 8516405

[TCP数据流] 2025/11/16 19:11:39 - 浮点解 (28颗卫星)
  ECEF: X=-1823663.7547 Y=5408633.4108 Z=2838159.3988
  LLH:  Lat=26.592200924° Lon=108.632894192° H=616.4836m
  原始数据:
2025/11/16 11:11:57.000   26.592200924  108.632894192   616.4836   2  28   0.0110   0.0270   0.0256   0.0071   0.0072   0.0009  18.00    1.0 8516405

[TCP数据流] 2025/11/16 19:11:41 - 浮点解 (21颗卫星)
  ECEF: X=-1823663.7567 Y=5408633.4135 Z=2838159.4002
  LLH:  Lat=26.592200923° Lon=108.632894202° H=616.4871m
  原始数据:
2025/11/16 11:11:59.000   26.592200923  108.632894202   616.4871   2  21   0.0110   0.0270   0.0256   0.0071   0.0072   0.0009  20.00    1.0 8516405

[TCP数据流] 2025/11/16 19:11:44 - 浮点解 (25颗卫星)
  ECEF: X=-1823663.7750 Y=5408633.4610 Z=2838159.4671
  LLH:  Lat=26.592201257° Lon=108.632894224° H=616.5625m
  原始数据:
2025/11/16 11:12:02.000   26.592201257  108.632894224   616.5625   2  25   0.0110   0.0270   0.0256   0.0071   0.0072   0.0006   0.00    1.2 8516405

[TCP数据流] 2025/11/16 19:11:45 - 浮点解 (27颗卫星)
  ECEF: X=-1823663.7941 Y=5408633.5009 Z=2838159.5232
  LLH:  Lat=26.592201533° Lon=108.632894277° H=616.6269m
  原始数据:
2025/11/16 11:12:03.000   26.592201533  108.632894277   616.6269   2  27   0.0110   0.0270   0.0256   0.0071   0.0072  -0.0003   1.00    1.1 8516405

[TCP数据流] 2025/11/16 19:11:50 - 浮点解 (23颗卫星)
  ECEF: X=-1823663.8049 Y=5408633.5231 Z=2838159.5511
  LLH:  Lat=26.592201659° Lon=108.632894309° H=616.6612m
  原始数据:
2025/11/16 11:12:08.000   26.592201659  108.632894309   616.6612   2  23   0.0110   0.0270   0.0255   0.0071   0.0072  -0.0006   5.00    1.4 8516405

[TCP数据流] 2025/11/16 19:11:51 - 浮点解 (26颗卫星)
  ECEF: X=-1823663.8155 Y=5408633.5390 Z=2838159.5713
  LLH:  Lat=26.592201747° Lon=108.632894359° H=616.6868m
  原始数据:
2025/11/16 11:12:09.000   26.592201747  108.632894359   616.6868   2  26   0.0110   0.0269   0.0255   0.0071   0.0071  -0.0007   6.00    1.8 8516405

[TCP数据流] 2025/11/16 19:11:53 - 浮点解 (26颗卫星)
  ECEF: X=-1823663.8217 Y=5408633.5497 Z=2838159.5819
  LLH:  Lat=26.592201784° Lon=108.632894383° H=616.7024m
  原始数据:
2025/11/16 11:12:11.000   26.592201784  108.632894383   616.7024   2  26   0.0110   0.0269   0.0255   0.0071   0.0071  -0.0008   8.00    1.5 8516405

[TCP数据流] 2025/11/16 19:11:54 - 浮点解 (26颗卫星)
  ECEF: X=-1823663.8298 Y=5408633.5584 Z=2838159.5909
  LLH:  Lat=26.592201813° Lon=108.632894433° H=616.7161m
  原始数据:
2025/11/16 11:12:12.000   26.592201813  108.632894433   616.7161   2  26   0.0110   0.0269   0.0255   0.0071   0.0071  -0.0009   9.00    1.0 8516405

[TCP数据流] 2025/11/16 19:11:56 - 浮点解 (26颗卫星)
  ECEF: X=-1823663.8348 Y=5408633.5640 Z=2838159.5943
  LLH:  Lat=26.592201812° Lon=108.632894462° H=616.7238m
  原始数据:
2025/11/16 11:12:14.000   26.592201812  108.632894462   616.7238   2  26   0.0110   0.0269   0.0255   0.0071   0.0071  -0.0009  11.00    1.3 8516405

[TCP数据流] 2025/11/16 19:11:57 - 浮点解 (26颗卫星)
  ECEF: X=-1823663.8415 Y=5408633.5688 Z=2838159.5972
  LLH:  Lat=26.592201809° Lon=108.632894511° H=616.7311m
  原始数据:
2025/11/16 11:12:15.000   26.592201809  108.632894511   616.7311   2  26   0.0110   0.0269   0.0255   0.0071   0.0071  -0.0010  12.00    1.0 8516405

[TCP数据流] 2025/11/16 19:11:59 - 浮点解 (26颗卫星)
  ECEF: X=-1823663.8453 Y=5408633.5716 Z=2838159.5966
  LLH:  Lat=26.592201788° Lon=108.632894538° H=616.7343m
  原始数据:
2025/11/16 11:12:17.000   26.592201788  108.632894538   616.7343   2  26   0.0109   0.0269   0.0255   0.0071   0.0070  -0.0010  14.00    1.0 8516405

[TCP数据流] 2025/11/16 19:12:00 - 浮点解 (26颗卫星)
  ECEF: X=-1823663.8507 Y=5408633.5740 Z=2838159.5962
  LLH:  Lat=26.592201769° Lon=108.632894581° H=616.7377m
  原始数据:
2025/11/16 11:12:18.000   26.592201769  108.632894581   616.7377   2  26   0.0109   0.0268   0.0255   0.0071   0.0070  -0.0010  15.00    1.1 8516405

[TCP数据流] 2025/11/16 19:12:01 - 浮点解 (26颗卫星)
  ECEF: X=-1823663.8541 Y=5408633.5760 Z=2838159.5939
  LLH:  Lat=26.592201738° Lon=108.632894607° H=616.7393m
  原始数据:
2025/11/16 11:12:19.000   26.592201738  108.632894607   616.7393   2  26   0.0109   0.0268   0.0255   0.0071   0.0070  -0.0010  16.00    1.0 8516405

[TCP数据流] 2025/11/16 19:12:02 - 浮点解 (26颗卫星)
  ECEF: X=-1823663.8603 Y=5408633.5777 Z=2838159.5922
  LLH:  Lat=26.592201710° Lon=108.632894661° H=616.7418m
  原始数据:
2025/11/16 11:12:20.000   26.592201710  108.632894661   616.7418   2  26   0.0109   0.0268   0.0255   0.0071   0.0070  -0.0011  17.00    1.1 8516405

[TCP数据流] 2025/11/16 19:12:03 - 浮点解 (26颗卫星)
  ECEF: X=-1823663.8635 Y=5408633.5789 Z=2838159.5892
  LLH:  Lat=26.592201677° Lon=108.632894688° H=616.7423m
  原始数据:
2025/11/16 11:12:21.000   26.592201677  108.632894688   616.7423   2  26   0.0109   0.0268   0.0255   0.0071   0.0070  -0.0011  18.00    1.0 8516405

[TCP数据流] 2025/11/16 19:12:04 - 浮点解 (27颗卫星)
  ECEF: X=-1823663.8693 Y=5408633.5796 Z=2838159.5861
  LLH:  Lat=26.592201642° Lon=108.632894740° H=616.7432m
  原始数据:
2025/11/16 11:12:22.000   26.592201642  108.632894740   616.7432   2  27   0.0109   0.0268   0.0255   0.0071   0.0070  -0.0011  19.00    1.0 8516405

[TCP数据流] 2025/11/16 19:12:05 - 浮点解 (27颗卫星)
  ECEF: X=-1823663.8725 Y=5408633.5801 Z=2838159.5822
  LLH:  Lat=26.592201604° Lon=108.632894769° H=616.7428m
  原始数据:
2025/11/16 11:12:23.000   26.592201604  108.632894769   616.7428   2  27   0.0109   0.0268   0.0255   0.0071   0.0070  -0.0011  20.00    1.1 8516405

[TCP数据流] 2025/11/16 19:12:06 - 浮点解 (27颗卫星)
  ECEF: X=-1823663.8772 Y=5408633.5806 Z=2838159.5785
  LLH:  Lat=26.592201567° Lon=108.632894812° H=616.7429m
  原始数据:
2025/11/16 11:12:24.000   26.592201567  108.632894812   616.7429   2  27   0.0109   0.0267   0.0255   0.0071   0.0069  -0.0011  21.00    1.0 8516405

[TCP数据流] 2025/11/16 19:12:07 - 浮点解 (27颗卫星)
  ECEF: X=-1823663.8813 Y=5408633.5807 Z=2838159.5746
  LLH:  Lat=26.592201529° Lon=108.632894851° H=616.7424m
  原始数据:
2025/11/16 11:12:25.000   26.592201529  108.632894851   616.7424   2  27   0.0109   0.0267   0.0255   0.0070   0.0069  -0.0011  22.00    1.1 8516405

[TCP数据流] 2025/11/16 19:12:08 - 浮点解 (27颗卫星)
  ECEF: X=-1823663.8873 Y=5408633.5807 Z=2838159.5708
  LLH:  Lat=26.592201491° Lon=108.632894908° H=616.7424m
  原始数据:
2025/11/16 11:12:26.000   26.592201491  108.632894908   616.7424   2  27   0.0109   0.0267   0.0255   0.0070   0.0069  -0.0012  23.00    1.0 8516405

[TCP数据流] 2025/11/16 19:12:09 - 浮点解 (23颗卫星)
  ECEF: X=-1823663.9027 Y=5408633.6015 Z=2838159.5895
  LLH:  Lat=26.592201543° Lon=108.632894988° H=616.7728m
  原始数据:
2025/11/16 11:12:27.000   26.592201543  108.632894988   616.7728   2  23   0.0109   0.0267   0.0255   0.0070   0.0069  -0.0013   0.00    1.1 8516405

[TCP数据流] 2025/11/16 19:12:10 - 浮点解 (21颗卫星)
  ECEF: X=-1823663.9104 Y=5408633.6185 Z=2838159.6052
  LLH:  Lat=26.592201594° Lon=108.632895007° H=616.7964m
  原始数据:
2025/11/16 11:12:28.000   26.592201594  108.632895007   616.7964   2  21   0.0109   0.0267   0.0254   0.0070   0.0069  -0.0013   1.00    1.1 8516405

[TCP数据流] 2025/11/16 19:12:11 - 浮点解 (27颗卫星)
  ECEF: X=-1823663.9220 Y=5408633.6320 Z=2838159.6163
  LLH:  Lat=26.592201617° Lon=108.632895073° H=616.8162m
  原始数据:
2025/11/16 11:12:29.000   26.592201617  108.632895073   616.8162   2  27   0.0109   0.0267   0.0254   0.0070   0.0069  -0.0014   2.00    1.1 8516405

[TCP数据流] 2025/11/16 19:12:12 - 浮点解 (27颗卫星)
  ECEF: X=-1823663.9320 Y=5408633.6431 Z=2838159.6248
  LLH:  Lat=26.592201630° Lon=108.632895133° H=616.8322m
  原始数据:
2025/11/16 11:12:30.000   26.592201630  108.632895133   616.8322   2  27   0.0109   0.0266   0.0254   0.0070   0.0068  -0.0015   3.00    1.0 8516405

[TCP数据流] 2025/11/16 19:12:13 - 浮点解 (22颗卫星)
  ECEF: X=-1823663.9428 Y=5408633.6508 Z=2838159.6324
  LLH:  Lat=26.592201648° Lon=108.632895211° H=616.8452m
  原始数据:
2025/11/16 11:12:31.000   26.592201648  108.632895211   616.8452   2  22   0.0109   0.0266   0.0254   0.0070   0.0068  -0.0015   4.00    1.1 8516405

[TCP数据流] 2025/11/16 19:12:14 - 浮点解 (27颗卫星)
  ECEF: X=-1823663.9520 Y=5408633.6574 Z=2838159.6367
  LLH:  Lat=26.592201646° Lon=108.632895277° H=616.8554m
  原始数据:
2025/11/16 11:12:32.000   26.592201646  108.632895277   616.8554   2  27   0.0109   0.0266   0.0254   0.0070   0.0068  -0.0016   5.00    1.1 8516405

[TCP数据流] 2025/11/16 19:12:15 - 浮点解 (27颗卫星)
  ECEF: X=-1823663.9583 Y=5408633.6619 Z=2838159.6373
  LLH:  Lat=26.592201625° Lon=108.632895323° H=616.8613m
  原始数据:
2025/11/16 11:12:33.000   26.592201625  108.632895323   616.8613   2  27   0.0109   0.0266   0.0254   0.0070   0.0068  -0.0016   6.00    1.0 8516405

[TCP数据流] 2025/11/16 19:12:16 - 浮点解 (27颗卫星)
  ECEF: X=-1823663.9657 Y=5408633.6656 Z=2838159.6377
  LLH:  Lat=26.592201605° Lon=108.632895382° H=616.8667m
  原始数据:
2025/11/16 11:12:34.000   26.592201605  108.632895382   616.8667   2  27   0.0109   0.0266   0.0254   0.0070   0.0068  -0.0016   7.00    1.0 8516405

[TCP数据流] 2025/11/16 19:12:17 - 浮点解 (21颗卫星)
  ECEF: X=-1823663.9662 Y=5408633.6680 Z=2838159.6366
  LLH:  Lat=26.592201586° Lon=108.632895378° H=616.8684m
  原始数据:
2025/11/16 11:12:35.000   26.592201586  108.632895378   616.8684   2  21   0.0109   0.0266   0.0254   0.0070   0.0068  -0.0016   8.00    1.1 8516405

[TCP数据流] 2025/11/16 19:12:18 - 浮点解 (27颗卫星)
  ECEF: X=-1823663.9724 Y=5408633.6698 Z=2838159.6342
  LLH:  Lat=26.592201552° Lon=108.632895432° H=616.8706m
  原始数据:
2025/11/16 11:12:36.000   26.592201552  108.632895432   616.8706   2  27   0.0109   0.0266   0.0254   0.0070   0.0068  -0.0017   9.00    1.1 8516405

[TCP数据流] 2025/11/16 19:12:19 - 浮点解 (26颗卫星)
  ECEF: X=-1823663.9760 Y=5408633.6708 Z=2838159.6306
  LLH:  Lat=26.592201514° Lon=108.632895463° H=616.8709m
  原始数据:
2025/11/16 11:12:37.000   26.592201514  108.632895463   616.8709   2  26   0.0109   0.0265   0.0254   0.0070   0.0067  -0.0017  10.00    1.1 8516405

[TCP数据流] 2025/11/16 19:12:20 - 浮点解 (26颗卫星)
  ECEF: X=-1823663.9812 Y=5408633.6716 Z=2838159.6267
  LLH:  Lat=26.592201473° Lon=108.632895510° H=616.8713m
  原始数据:
2025/11/16 11:12:38.000   26.592201473  108.632895510   616.8713   2  26   0.0109   0.0265   0.0254   0.0070   0.0067  -0.0017  11.00    1.0 8516405

[TCP数据流] 2025/11/16 19:12:21 - 浮点解 (26颗卫星)
  ECEF: X=-1823663.9844 Y=5408633.6718 Z=2838159.6219
  LLH:  Lat=26.592201429° Lon=108.632895540° H=616.8702m
  原始数据:
2025/11/16 11:12:39.000   26.592201429  108.632895540   616.8702   2  26   0.0109   0.0265   0.0254   0.0070   0.0067  -0.0017  12.00    1.0 8516405

[TCP数据流] 2025/11/16 19:12:22 - 浮点解 (26颗卫星)
  ECEF: X=-1823663.9893 Y=5408633.6718 Z=2838159.6171
  LLH:  Lat=26.592201384° Lon=108.632895586° H=616.8695m
  原始数据:
2025/11/16 11:12:40.000   26.592201384  108.632895586   616.8695   2  26   0.0109   0.0265   0.0253   0.0070   0.0067  -0.0017  13.00    1.0 8516405

[TCP数据流] 2025/11/16 19:12:23 - 浮点解 (26颗卫星)
  ECEF: X=-1823663.9921 Y=5408633.6713 Z=2838159.6111
  LLH:  Lat=26.592201334° Lon=108.632895614° H=616.8672m
  原始数据:
2025/11/16 11:12:41.000   26.592201334  108.632895614   616.8672   2  26   0.0109   0.0265   0.0253   0.0070   0.0067  -0.0017  14.00    1.0 8516405

[TCP数据流] 2025/11/16 19:12:24 - 浮点解 (27颗卫星)
  ECEF: X=-1823663.9967 Y=5408633.6708 Z=2838159.6056
  LLH:  Lat=26.592201286° Lon=108.632895660° H=616.8656m
  原始数据:
2025/11/16 11:12:42.000   26.592201286  108.632895660   616.8656   2  27   0.0109   0.0265   0.0253   0.0070   0.0067  -0.0017  15.00    1.0 8516405

[TCP数据流] 2025/11/16 19:12:25 - 浮点解 (27颗卫星)
  ECEF: X=-1823663.9986 Y=5408633.6701 Z=2838159.5993
  LLH:  Lat=26.592201235° Lon=108.632895680° H=616.8627m
  原始数据:
2025/11/16 11:12:43.000   26.592201235  108.632895680   616.8627   2  27   0.0109   0.0265   0.0253   0.0070   0.0066  -0.0018  16.00    1.1 8516405

[TCP数据流] 2025/11/16 19:12:27 - 浮点解 (27颗卫星)
  ECEF: X=-1823664.0024 Y=5408633.6690 Z=2838159.5932
  LLH:  Lat=26.592201185° Lon=108.632895720° H=616.8601m
  原始数据:
2025/11/16 11:12:45.000   26.592201185  108.632895720   616.8601   2  27   0.0109   0.0264   0.0253   0.0070   0.0066  -0.0018  18.00    1.1 8516405

[TCP数据流] 2025/11/16 19:12:28 - 浮点解 (27颗卫星)
  ECEF: X=-1823664.0042 Y=5408633.6678 Z=2838159.5863
  LLH:  Lat=26.592201132° Lon=108.632895741° H=616.8566m
  原始数据:
2025/11/16 11:12:46.000   26.592201132  108.632895741   616.8566   2  27   0.0109   0.0264   0.0253   0.0070   0.0066  -0.0018  19.00    1.1 8516405

[TCP数据流] 2025/11/16 19:12:29 - 浮点解 (27颗卫星)
  ECEF: X=-1823664.0078 Y=5408633.6665 Z=2838159.5800
  LLH:  Lat=26.592201081° Lon=108.632895779° H=616.8537m
  原始数据:
2025/11/16 11:12:47.000   26.592201081  108.632895779   616.8537   2  27   0.0109   0.0264   0.0253   0.0070   0.0066  -0.0018  20.00    1.1 8516405

[TCP数据流] 2025/11/16 19:12:30 - 浮点解 (27颗卫星)
  ECEF: X=-1823664.0095 Y=5408633.6651 Z=2838159.5730
  LLH:  Lat=26.592201028° Lon=108.632895800° H=616.8499m
  原始数据:
2025/11/16 11:12:48.000   26.592201028  108.632895800   616.8499   2  27   0.0109   0.0264   0.0253   0.0070   0.0066  -0.0018  21.00    1.1 8516405

[TCP数据流] 2025/11/16 19:12:31 - 浮点解 (27颗卫星)
  ECEF: X=-1823664.0131 Y=5408633.6638 Z=2838159.5665
  LLH:  Lat=26.592200976° Lon=108.632895838° H=616.8469m
  原始数据:
2025/11/16 11:12:49.000   26.592200976  108.632895838   616.8469   2  27   0.0109   0.0264   0.0253   0.0070   0.0066  -0.0018  22.00    1.2 8516405

[TCP数据流] 2025/11/16 19:12:32 - 浮点解 (21颗卫星)
  ECEF: X=-1823664.0118 Y=5408633.6625 Z=2838159.5605
  LLH:  Lat=26.592200934° Lon=108.632895830° H=616.8427m
  原始数据:
2025/11/16 11:12:50.000   26.592200934  108.632895830   616.8427   2  21   0.0109   0.0264   0.0253   0.0070   0.0066  -0.0018  23.00    1.1 8516405

[TCP数据流] 2025/11/16 19:12:33 - 浮点解 (26颗卫星)
  ECEF: X=-1823664.0157 Y=5408633.6612 Z=2838159.5544
  LLH:  Lat=26.592200885° Lon=108.632895871° H=616.8400m
  原始数据:
2025/11/16 11:12:51.000   26.592200885  108.632895871   616.8400   2  26   0.0109   0.0264   0.0253   0.0070   0.0066  -0.0018  24.00    1.1 8516405

[TCP数据流] 2025/11/16 19:12:34 - 浮点解 (27颗卫星)
  ECEF: X=-1823664.0184 Y=5408633.6597 Z=2838159.5478
  LLH:  Lat=26.592200834° Lon=108.632895902° H=616.8365m
  原始数据:
2025/11/16 11:12:52.000   26.592200834  108.632895902   616.8365   2  27   0.0109   0.0263   0.0253   0.0070   0.0065  -0.0018  25.00    1.0 8516405

[TCP数据流] 2025/11/16 19:12:35 - 浮点解 (26颗卫星)
  ECEF: X=-1823664.0217 Y=5408633.6584 Z=2838159.5416
  LLH:  Lat=26.592200784° Lon=108.632895937° H=616.8336m
  原始数据:
2025/11/16 11:12:53.000   26.592200784  108.632895937   616.8336   2  26   0.0109   0.0263   0.0253   0.0070   0.0065  -0.0018  26.00    1.1 8516405

[TCP数据流] 2025/11/16 19:12:36 - 浮点解 (26颗卫星)
  ECEF: X=-1823664.0243 Y=5408633.6568 Z=2838159.5345
  LLH:  Lat=26.592200730° Lon=108.632895967° H=616.8298m
  原始数据:
2025/11/16 11:12:54.000   26.592200730  108.632895967   616.8298   2  26   0.0109   0.0263   0.0253   0.0070   0.0065  -0.0018  27.00    1.1 8516405

[TCP数据流] 2025/11/16 19:12:37 - 浮点解 (26颗卫星)
  ECEF: X=-1823664.0276 Y=5408633.6555 Z=2838159.5284
  LLH:  Lat=26.592200681° Lon=108.632896003° H=616.8269m
  原始数据:
2025/11/16 11:12:55.000   26.592200681  108.632896003   616.8269   2  26   0.0109   0.0263   0.0253   0.0070   0.0065  -0.0018  28.00    1.0 8516405

[TCP数据流] 2025/11/16 19:12:38 - 浮点解 (26颗卫星)
  ECEF: X=-1823664.0289 Y=5408633.6539 Z=2838159.5208
  LLH:  Lat=26.592200625° Lon=108.632896020° H=616.8225m
  原始数据:
2025/11/16 11:12:56.000   26.592200625  108.632896020   616.8225   2  26   0.0109   0.0263   0.0253   0.0070   0.0065  -0.0018  29.00    1.2 8516405

[TCP数据流] 2025/11/16 19:12:39 - 浮点解 (26颗卫星)
  ECEF: X=-1823664.0322 Y=5408633.6524 Z=2838159.5141
  LLH:  Lat=26.592200572° Lon=108.632896056° H=616.8192m
  原始数据:
2025/11/16 11:12:57.000   26.592200572  108.632896056   616.8192   2  26   0.0109   0.0263   0.0253   0.0070   0.0065  -0.0018  30.00    1.2 8516405

[TCP数据流] 2025/11/16 19:12:44 - 浮点解 (23颗卫星)
  ECEF: X=-1823664.0466 Y=5408633.6575 Z=2838159.5135
  LLH:  Lat=26.592200529° Lon=108.632896177° H=616.8273m
  原始数据:
2025/11/16 11:13:02.000   26.592200529  108.632896177   616.8273   2  23   0.0108   0.0262   0.0253   0.0070   0.0065  -0.0019   0.00    1.0 8516405

[TCP数据流] 2025/11/16 19:12:45 - 浮点解 (22颗卫星)
  ECEF: X=-1823664.0579 Y=5408633.6621 Z=2838159.5112
  LLH:  Lat=26.592200478° Lon=108.632896270° H=616.8335m
  原始数据:
2025/11/16 11:13:03.000   26.592200478  108.632896270   616.8335   2  22   0.0108   0.0262   0.0253   0.0070   0.0064  -0.0019   0.00    1.0 8516405

[TCP数据流] 2025/11/16 19:12:46 - 浮点解 (23颗卫星)
  ECEF: X=-1823664.0713 Y=5408633.6659 Z=2838159.5100
  LLH:  Lat=26.592200437° Lon=108.632896385° H=616.8400m
  原始数据:
2025/11/16 11:13:04.000   26.592200437  108.632896385   616.8400   2  23   0.0108   0.0262   0.0252   0.0069   0.0064  -0.0019   0.00    1.1 8516405

[TCP数据流] 2025/11/16 19:12:47 - 浮点解 (22颗卫星)
  ECEF: X=-1823664.0821 Y=5408633.6703 Z=2838159.5075
  LLH:  Lat=26.592200386° Lon=108.632896474° H=616.8457m
  原始数据:
2025/11/16 11:13:05.000   26.592200386  108.632896474   616.8457   2  22   0.0108   0.0262   0.0252   0.0069   0.0064  -0.0019   0.00    1.4 8516405

[TCP数据流] 2025/11/16 19:12:48 - 浮点解 (24颗卫星)
  ECEF: X=-1823664.0940 Y=5408633.6729 Z=2838159.5047
  LLH:  Lat=26.592200338° Lon=108.632896578° H=616.8500m
  原始数据:
2025/11/16 11:13:06.000   26.592200338  108.632896578   616.8500   2  24   0.0108   0.0262   0.0252   0.0069   0.0064  -0.0020   1.00    1.0 8516405

[TCP数据流] 2025/11/16 19:12:49 - 浮点解 (24颗卫星)
  ECEF: X=-1823664.1026 Y=5408633.6744 Z=2838159.4995
  LLH:  Lat=26.592200279° Lon=108.632896655° H=616.8514m
  原始数据:
2025/11/16 11:13:07.000   26.592200279  108.632896655   616.8514   2  24   0.0108   0.0262   0.0252   0.0069   0.0064  -0.0020   2.00    1.3 8516405

[TCP数据流] 2025/11/16 19:12:50 - 浮点解 (24颗卫星)
  ECEF: X=-1823664.1131 Y=5408633.6758 Z=2838159.4960
  LLH:  Lat=26.592200232° Lon=108.632896751° H=616.8540m
  原始数据:
2025/11/16 11:13:08.000   26.592200232  108.632896751   616.8540   2  24   0.0108   0.0261   0.0252   0.0069   0.0064  -0.0020   3.00    1.0 8516405

[TCP数据流] 2025/11/16 19:12:51 - 浮点解 (24颗卫星)
  ECEF: X=-1823664.1187 Y=5408633.6758 Z=2838159.4897
  LLH:  Lat=26.592200174° Lon=108.632896804° H=616.8528m
  原始数据:
2025/11/16 11:13:09.000   26.592200174  108.632896804   616.8528   2  24   0.0108   0.0261   0.0252   0.0069   0.0064  -0.0020   4.00    1.2 8516405

[TCP数据流] 2025/11/16 19:12:52 - 浮点解 (24颗卫星)
  ECEF: X=-1823664.1256 Y=5408633.6757 Z=2838159.4848
  LLH:  Lat=26.592200126° Lon=108.632896870° H=616.8525m
  原始数据:
2025/11/16 11:13:10.000   26.592200126  108.632896870   616.8525   2  24   0.0108   0.0261   0.0252   0.0069   0.0064  -0.0020   5.00    1.0 8516405

[TCP数据流] 2025/11/16 19:12:53 - 浮点解 (24颗卫星)
  ECEF: X=-1823664.1308 Y=5408633.6747 Z=2838159.4784
  LLH:  Lat=26.592200071° Lon=108.632896923° H=616.8503m
  原始数据:
2025/11/16 11:13:11.000   26.592200071  108.632896923   616.8503   2  24   0.0108   0.0261   0.0252   0.0069   0.0064  -0.0020   6.00    1.2 8516405

[TCP数据流] 2025/11/16 19:12:54 - 浮点解 (24颗卫星)
  ECEF: X=-1823664.1362 Y=5408633.6737 Z=2838159.4724
  LLH:  Lat=26.592200020° Lon=108.632896977° H=616.8483m
  原始数据:
2025/11/16 11:13:12.000   26.592200020  108.632896977   616.8483   2  24   0.0108   0.0261   0.0252   0.0069   0.0063  -0.0021   7.00    1.0 8516405

[TCP数据流] 2025/11/16 19:12:55 - 浮点解 (24颗卫星)
  ECEF: X=-1823664.1391 Y=5408633.6724 Z=2838159.4650
  LLH:  Lat=26.592199961° Lon=108.632897009° H=616.8447m
  原始数据:
2025/11/16 11:13:13.000   26.592199961  108.632897009   616.8447   2  24   0.0108   0.0261   0.0252   0.0069   0.0063  -0.0021   8.00    1.0 8516405

[TCP数据流] 2025/11/16 19:12:56 - 浮点解 (24颗卫星)
  ECEF: X=-1823664.1432 Y=5408633.6712 Z=2838159.4590
  LLH:  Lat=26.592199912° Lon=108.632897052° H=616.8422m
  原始数据:
2025/11/16 11:13:14.000   26.592199912  108.632897052   616.8422   2  24   0.0108   0.0260   0.0251   0.0069   0.0063  -0.0021   9.00    1.1 8516405

[TCP数据流] 2025/11/16 19:12:57 - 浮点解 (24颗卫星)
  ECEF: X=-1823664.1453 Y=5408633.6694 Z=2838159.4517
  LLH:  Lat=26.592199857° Lon=108.632897078° H=616.8380m
  原始数据:
2025/11/16 11:13:15.000   26.592199857  108.632897078   616.8380   2  24   0.0108   0.0260   0.0251   0.0069   0.0063  -0.0021  10.00    1.0 8516405

[TCP数据流] 2025/11/16 19:12:58 - 浮点解 (25颗卫星)
  ECEF: X=-1823664.1490 Y=5408633.6678 Z=2838159.4447
  LLH:  Lat=26.592199802° Lon=108.632897118° H=616.8345m
  原始数据:
2025/11/16 11:13:16.000   26.592199802  108.632897118   616.8345   2  25   0.0108   0.0260   0.0251   0.0069   0.0063  -0.0021  11.00    1.0 8516405

[TCP数据流] 2025/11/16 19:12:59 - 浮点解 (24颗卫星)
  ECEF: X=-1823664.1590 Y=5408633.6688 Z=2838159.4356
  LLH:  Lat=26.592199712° Lon=108.632897210° H=616.8342m
  原始数据:
2025/11/16 11:13:17.000   26.592199712  108.632897210   616.8342   2  24   0.0108   0.0260   0.0251   0.0069   0.0063  -0.0021   0.00    1.0 8516405

[TCP数据流] 2025/11/16 19:13:00 - 浮点解 (25颗卫星)
  ECEF: X=-1823664.1709 Y=5408633.6685 Z=2838159.4264
  LLH:  Lat=26.592199624° Lon=108.632897324° H=616.8332m
  原始数据:
2025/11/16 11:13:18.000   26.592199624  108.632897324   616.8332   2  25   0.0108   0.0260   0.0251   0.0069   0.0063  -0.0021   1.00    1.2 8516405

[TCP数据流] 2025/11/16 19:13:01 - 浮点解 (25颗卫星)
  ECEF: X=-1823664.1808 Y=5408633.6676 Z=2838159.4175
  LLH:  Lat=26.592199542° Lon=108.632897421° H=616.8313m
  原始数据:
2025/11/16 11:13:19.000   26.592199542  108.632897421   616.8313   2  25   0.0108   0.0260   0.0251   0.0069   0.0063  -0.0021   2.00    1.0 8516405

[TCP数据流] 2025/11/16 19:13:02 - 浮点解 (25颗卫星)
  ECEF: X=-1823664.1900 Y=5408633.6661 Z=2838159.4083
  LLH:  Lat=26.592199462° Lon=108.632897513° H=616.8285m
  原始数据:
2025/11/16 11:13:20.000   26.592199462  108.632897513   616.8285   2  25   0.0108   0.0259   0.0251   0.0069   0.0063  -0.0021   3.00    1.0 8516405

[TCP数据流] 2025/11/16 19:13:03 - 浮点解 (25颗卫星)
  ECEF: X=-1823664.1960 Y=5408633.6642 Z=2838159.3987
  LLH:  Lat=26.592199384° Lon=108.632897577° H=616.8243m
  原始数据:
2025/11/16 11:13:21.000   26.592199384  108.632897577   616.8243   2  25   0.0108   0.0259   0.0251   0.0069   0.0062  -0.0022   4.00    1.0 8516405

[TCP数据流] 2025/11/16 19:13:04 - 浮点解 (24颗卫星)
  ECEF: X=-1823664.2032 Y=5408633.6621 Z=2838159.3906
  LLH:  Lat=26.592199317° Lon=108.632897652° H=616.8210m
  原始数据:
2025/11/16 11:13:22.000   26.592199317  108.632897652   616.8210   2  24   0.0108   0.0259   0.0251   0.0069   0.0062  -0.0022   5.00    1.1 8516405

[TCP数据流] 2025/11/16 19:13:05 - 浮点解 (24颗卫星)
  ECEF: X=-1823664.2075 Y=5408633.6598 Z=2838159.3812
  LLH:  Lat=26.592199245° Lon=108.632897700° H=616.8161m
  原始数据:
2025/11/16 11:13:23.000   26.592199245  108.632897700   616.8161   2  24   0.0108   0.0259   0.0251   0.0069   0.0062  -0.0022   6.00    1.1 8516405

[TCP数据流] 2025/11/16 19:13:06 - 浮点解 (19颗卫星)
  ECEF: X=-1823664.2151 Y=5408633.6573 Z=2838159.3757
  LLH:  Lat=26.592199200° Lon=108.632897780° H=616.8136m
  原始数据:
2025/11/16 11:13:24.000   26.592199200  108.632897780   616.8136   2  19   0.0108   0.0259   0.0251   0.0069   0.0062  -0.0022   7.00    1.0 8516405

[TCP数据流] 2025/11/16 19:13:07 - 浮点解 (24颗卫星)
  ECEF: X=-1823664.2178 Y=5408633.6547 Z=2838159.3663
  LLH:  Lat=26.592199131° Lon=108.632897814° H=616.8080m
  原始数据:
2025/11/16 11:13:25.000   26.592199131  108.632897814   616.8080   2  24   0.0107   0.0259   0.0251   0.0069   0.0062  -0.0022   8.00    1.1 8516405

[TCP数据流] 2025/11/16 19:13:08 - 浮点解 (25颗卫星)
  ECEF: X=-1823664.2221 Y=5408633.6522 Z=2838159.3580
  LLH:  Lat=26.592199068° Lon=108.632897863° H=616.8034m
  原始数据:
2025/11/16 11:13:26.000   26.592199068  108.632897863   616.8034   2  25   0.0107   0.0259   0.0250   0.0069   0.0062  -0.0022   9.00    1.0 8516405

[TCP数据流] 2025/11/16 19:13:09 - 浮点解 (25颗卫星)
  ECEF: X=-1823664.2239 Y=5408633.6496 Z=2838159.3489
  LLH:  Lat=26.592199002° Lon=108.632897889° H=616.7976m
  原始数据:
2025/11/16 11:13:27.000   26.592199002  108.632897889   616.7976   2  25   0.0107   0.0258   0.0250   0.0069   0.0062  -0.0022  10.00    1.0 8516405

[TCP数据流] 2025/11/16 19:13:10 - 浮点解 (24颗卫星)
  ECEF: X=-1823664.2276 Y=5408633.6473 Z=2838159.3414
  LLH:  Lat=26.592198946° Lon=108.632897931° H=616.7934m
  原始数据:
2025/11/16 11:13:28.000   26.592198946  108.632897931   616.7934   2  24   0.0107   0.0258   0.0250   0.0069   0.0062  -0.0022  11.00    1.0 8516405

[TCP数据流] 2025/11/16 19:13:11 - 浮点解 (24颗卫星)
  ECEF: X=-1823664.2293 Y=5408633.6447 Z=2838159.3326
  LLH:  Lat=26.592198882° Lon=108.632897956° H=616.7877m
  原始数据:
2025/11/16 11:13:29.000   26.592198882  108.632897956   616.7877   2  24   0.0107   0.0258   0.0250   0.0069   0.0062  -0.0022  12.00    1.0 8516405

[TCP数据流] 2025/11/16 19:13:12 - 浮点解 (24颗卫星)
  ECEF: X=-1823664.2326 Y=5408633.6425 Z=2838159.3255
  LLH:  Lat=26.592198829° Lon=108.632897994° H=616.7836m
  原始数据:
2025/11/16 11:13:30.000   26.592198829  108.632897994   616.7836   2  24   0.0107   0.0258   0.0250   0.0069   0.0062  -0.0022  13.00    1.2 8516405

[TCP数据流] 2025/11/16 19:13:13 - 浮点解 (24颗卫星)
  ECEF: X=-1823664.2354 Y=5408633.6399 Z=2838159.3172
  LLH:  Lat=26.592198769° Lon=108.632898029° H=616.7785m
  原始数据:
2025/11/16 11:13:31.000   26.592198769  108.632898029   616.7785   2  24   0.0107   0.0258   0.0250   0.0069   0.0061  -0.0022  14.00    1.0 8516405

[TCP数据流] 2025/11/16 19:13:14 - 浮点解 (24颗卫星)
  ECEF: X=-1823664.2386 Y=5408633.6373 Z=2838159.3093
  LLH:  Lat=26.592198711° Lon=108.632898068° H=616.7737m
  原始数据:
2025/11/16 11:13:32.000   26.592198711  108.632898068   616.7737   2  24   0.0107   0.0258   0.0250   0.0069   0.0061  -0.0022  15.00    1.1 8516405

[TCP数据流] 2025/11/16 19:13:15 - 浮点解 (24颗卫星)
  ECEF: X=-1823664.2399 Y=5408633.6349 Z=2838159.3016
  LLH:  Lat=26.592198656° Lon=108.632898088° H=616.7686m
  原始数据:
2025/11/16 11:13:33.000   26.592198656  108.632898088   616.7686   2  24   0.0107   0.0258   0.0250   0.0069   0.0061  -0.0022  16.00    1.0 8516405

[TCP数据流] 2025/11/16 19:13:16 - 浮点解 (24颗卫星)
  ECEF: X=-1823664.2430 Y=5408633.6326 Z=2838159.2939
  LLH:  Lat=26.592198599° Lon=108.632898125° H=616.7641m
  原始数据:
2025/11/16 11:13:34.000   26.592198599  108.632898125   616.7641   2  24   0.0107   0.0257   0.0250   0.0069   0.0061  -0.0022  17.00    1.2 8516405

[TCP数据流] 2025/11/16 19:13:18 - 浮点解 (24颗卫星)
  ECEF: X=-1823664.2441 Y=5408633.6302 Z=2838159.2860
  LLH:  Lat=26.592198543° Lon=108.632898143° H=616.7588m
  原始数据:
2025/11/16 11:13:36.000   26.592198543  108.632898143   616.7588   2  24   0.0107   0.0257   0.0250   0.0069   0.0061  -0.0022  19.00    1.0 8516405

[TCP数据流] 2025/11/16 19:13:19 - 浮点解 (24颗卫星)
  ECEF: X=-1823664.2471 Y=5408633.6279 Z=2838159.2785
  LLH:  Lat=26.592198487° Lon=108.632898179° H=616.7543m
  原始数据:
2025/11/16 11:13:37.000   26.592198487  108.632898179   616.7543   2  24   0.0107   0.0257   0.0250   0.0069   0.0061  -0.0022  20.00    1.1 8516405

[TCP数据流] 2025/11/16 19:13:20 - 浮点解 (24颗卫星)
  ECEF: X=-1823664.2491 Y=5408633.6255 Z=2838159.2711
  LLH:  Lat=26.592198434° Lon=108.632898206° H=616.7496m
  原始数据:
2025/11/16 11:13:38.000   26.592198434  108.632898206   616.7496   2  24   0.0107   0.0257   0.0250   0.0069   0.0061  -0.0022  21.00    1.1 8516405

[TCP数据流] 2025/11/16 19:13:21 - 浮点解 (25颗卫星)
  ECEF: X=-1823664.2501 Y=5408633.6232 Z=2838159.2628
  LLH:  Lat=26.592198375° Lon=108.632898223° H=616.7442m
  原始数据:
2025/11/16 11:13:39.000   26.592198375  108.632898223   616.7442   2  25   0.0107   0.0257   0.0250   0.0069   0.0061  -0.0022  22.00    1.0 8516405

[TCP数据流] 2025/11/16 19:13:22 - 浮点解 (25颗卫星)
  ECEF: X=-1823664.2513 Y=5408633.6208 Z=2838159.2551
  LLH:  Lat=26.592198320° Lon=108.632898242° H=616.7391m
  原始数据:
2025/11/16 11:13:40.000   26.592198320  108.632898242   616.7391   2  25   0.0107   0.0257   0.0250   0.0069   0.0061  -0.0022  23.00    1.0 8516405

[TCP数据流] 2025/11/16 19:13:23 - 浮点解 (25颗卫星)
  ECEF: X=-1823664.2541 Y=5408633.6187 Z=2838159.2481
  LLH:  Lat=26.592198268° Lon=108.632898275° H=616.7349m
  原始数据:
2025/11/16 11:13:41.000   26.592198268  108.632898275   616.7349   2  25   0.0107   0.0257   0.0250   0.0068   0.0061  -0.0022  24.00    1.1 8516405

[TCP数据流] 2025/11/16 19:13:24 - 浮点解 (25颗卫星)
  ECEF: X=-1823664.2550 Y=5408633.6163 Z=2838159.2398
  LLH:  Lat=26.592198209° Lon=108.632898291° H=616.7295m
  原始数据:
2025/11/16 11:13:42.000   26.592198209  108.632898291   616.7295   2  25   0.0107   0.0257   0.0250   0.0068   0.0060  -0.0022  25.00    1.0 8516405

[TCP数据流] 2025/11/16 19:13:25 - 浮点解 (25颗卫星)
  ECEF: X=-1823664.2576 Y=5408633.6141 Z=2838159.2323
  LLH:  Lat=26.592198154° Lon=108.632898323° H=616.7250m
  原始数据:
2025/11/16 11:13:43.000   26.592198154  108.632898323   616.7250   2  25   0.0107   0.0256   0.0250   0.0068   0.0060  -0.0022  26.00    1.1 8516405

[TCP数据流] 2025/11/16 19:13:26 - 浮点解 (25颗卫星)
  ECEF: X=-1823664.2597 Y=5408633.6117 Z=2838159.2246
  LLH:  Lat=26.592198098° Lon=108.632898351° H=616.7201m
  原始数据:
2025/11/16 11:13:44.000   26.592198098  108.632898351   616.7201   2  25   0.0107   0.0256   0.0250   0.0068   0.0060  -0.0023  27.00    1.0 8516405

[TCP数据流] 2025/11/16 19:13:27 - 浮点解 (25颗卫星)
  ECEF: X=-1823664.2623 Y=5408633.6096 Z=2838159.2172
  LLH:  Lat=26.592198043° Lon=108.632898382° H=616.7158m
  原始数据:
2025/11/16 11:13:45.000   26.592198043  108.632898382   616.7158   2  25   0.0107   0.0256   0.0250   0.0068   0.0060  -0.0023  28.00    1.0 8516405

[TCP数据流] 2025/11/16 19:13:28 - 浮点解 (25颗卫星)
  ECEF: X=-1823664.2631 Y=5408633.6075 Z=2838159.2095
  LLH:  Lat=26.592197988° Lon=108.632898397° H=616.7108m
  原始数据:
2025/11/16 11:13:46.000   26.592197988  108.632898397   616.7108   2  25   0.0107   0.0256   0.0250   0.0068   0.0060  -0.0023  29.00    1.0 8516405

[TCP数据流] 2025/11/16 19:13:29 - 浮点解 (25颗卫星)
  ECEF: X=-1823664.2659 Y=5408633.6055 Z=2838159.2028
  LLH:  Lat=26.592197938° Lon=108.632898430° H=616.7069m
  原始数据:
2025/11/16 11:13:47.000   26.592197938  108.632898430   616.7069   2  25   0.0107   0.0256   0.0250   0.0068   0.0060  -0.0023  30.00    1.0 8516405

[TCP数据流] 2025/11/16 19:13:34 - 浮点解 (15颗卫星)
  ECEF: X=-1823664.2734 Y=5408633.6191 Z=2838159.1797
  LLH:  Lat=26.592197690° Lon=108.632898458° H=616.7102m
  原始数据:
2025/11/16 11:13:52.000   26.592197690  108.632898458   616.7102   2  15   0.0107   0.0256   0.0250   0.0068   0.0060  -0.0023   0.00    1.3 8516405

[TCP数据流] 2025/11/16 19:13:35 - 浮点解 (25颗卫星)
  ECEF: X=-1823664.3025 Y=5408633.6294 Z=2838159.1562
  LLH:  Lat=26.592197423° Lon=108.632898701° H=616.7167m
  原始数据:
2025/11/16 11:13:53.000   26.592197423  108.632898701   616.7167   2  25   0.0107   0.0256   0.0249   0.0068   0.0060  -0.0022   1.00    1.5 8516405

[TCP数据流] 2025/11/16 19:13:36 - 浮点解 (26颗卫星)
  ECEF: X=-1823664.3279 Y=5408633.6365 Z=2838159.1346
  LLH:  Lat=26.592197189° Lon=108.632898920° H=616.7203m
  原始数据:
2025/11/16 11:13:54.000   26.592197189  108.632898920   616.7203   2  26   0.0107   0.0255   0.0249   0.0068   0.0060  -0.0022   2.00    2.0 8516405

[TCP数据流] 2025/11/16 19:13:37 - 浮点解 (26颗卫星)
  ECEF: X=-1823664.3499 Y=5408633.6412 Z=2838159.1157
  LLH:  Lat=26.592196990° Lon=108.632899114° H=616.7221m
  原始数据:
2025/11/16 11:13:55.000   26.592196990  108.632899114   616.7221   2  26   0.0107   0.0255   0.0249   0.0068   0.0060  -0.0022   3.00    2.0 8516405

[TCP数据流] 2025/11/16 19:13:38 - 浮点解 (26颗卫星)
  ECEF: X=-1823664.3677 Y=5408633.6431 Z=2838159.0989
  LLH:  Lat=26.592196824° Lon=108.632899278° H=616.7213m
  原始数据:
2025/11/16 11:13:56.000   26.592196824  108.632899278   616.7213   2  26   0.0107   0.0255   0.0249   0.0068   0.0060  -0.0022   4.00    1.2 8516405

[TCP数据流] 2025/11/16 19:13:39 - 浮点解 (26颗卫星)
  ECEF: X=-1823664.3830 Y=5408633.6434 Z=2838159.0839
  LLH:  Lat=26.592196682° Lon=108.632899422° H=616.7192m
  原始数据:
2025/11/16 11:13:57.000   26.592196682  108.632899422   616.7192   2  26   0.0107   0.0255   0.0249   0.0068   0.0060  -0.0022   5.00    1.0 8516405

[TCP数据流] 2025/11/16 19:13:40 - 浮点解 (26颗卫星)
  ECEF: X=-1823664.3954 Y=5408633.6426 Z=2838159.0700
  LLH:  Lat=26.592196557° Lon=108.632899542° H=616.7159m
  原始数据:
2025/11/16 11:13:58.000   26.592196557  108.632899542   616.7159   2  26   0.0107   0.0254   0.0249   0.0068   0.0060  -0.0022   6.00    1.1 8516405

[TCP数据流] 2025/11/16 19:13:41 - 浮点解 (26颗卫星)
  ECEF: X=-1823664.4063 Y=5408633.6416 Z=2838159.0577
  LLH:  Lat=26.592196447° Lon=108.632899649° H=616.7126m
  原始数据:
2025/11/16 11:13:59.000   26.592196447  108.632899649   616.7126   2  26   0.0107   0.0254   0.0249   0.0068   0.0060  -0.0022   7.00    1.1 8516405

[TCP数据流] 2025/11/16 19:13:42 - 浮点解 (26颗卫星)
  ECEF: X=-1823664.4136 Y=5408633.6400 Z=2838159.0452
  LLH:  Lat=26.592196343° Lon=108.632899724° H=616.7077m
  原始数据:
2025/11/16 11:14:00.000   26.592196343  108.632899724   616.7077   2  26   0.0107   0.0254   0.0249   0.0068   0.0060  -0.0023   8.00    1.1 8516405

[TCP数据流] 2025/11/16 19:13:43 - 浮点解 (26颗卫星)
  ECEF: X=-1823664.4216 Y=5408633.6382 Z=2838159.0341
  LLH:  Lat=26.592196250° Lon=108.632899806° H=616.7035m
  原始数据:
2025/11/16 11:14:01.000   26.592196250  108.632899806   616.7035   2  26   0.0107   0.0254   0.0248   0.0068   0.0060  -0.0023   9.00    1.1 8516405

[TCP数据流] 2025/11/16 19:13:44 - 浮点解 (26颗卫星)
  ECEF: X=-1823664.4270 Y=5408633.6360 Z=2838159.0229
  LLH:  Lat=26.592196161° Lon=108.632899864° H=616.6982m
  原始数据:
2025/11/16 11:14:02.000   26.592196161  108.632899864   616.6982   2  26   0.0107   0.0254   0.0248   0.0068   0.0059  -0.0023  10.00    1.0 8516405

[TCP数据流] 2025/11/16 19:13:46 - 浮点解 (26颗卫星)
  ECEF: X=-1823664.4329 Y=5408633.6337 Z=2838159.0132
  LLH:  Lat=26.592196084° Lon=108.632899928° H=616.6936m
  原始数据:
2025/11/16 11:14:04.000   26.592196084  108.632899928   616.6936   2  26   0.0107   0.0254   0.0248   0.0068   0.0059  -0.0023  12.00    1.0 8516405

[TCP数据流] 2025/11/16 19:13:47 - 浮点解 (25颗卫星)
  ECEF: X=-1823664.4366 Y=5408633.6314 Z=2838159.0030
  LLH:  Lat=26.592196006° Lon=108.632899970° H=616.6882m
  原始数据:
2025/11/16 11:14:05.000   26.592196006  108.632899970   616.6882   2  25   0.0107   0.0254   0.0248   0.0068   0.0059  -0.0023  13.00    1.0 8516405

[TCP数据流] 2025/11/16 19:13:48 - 浮点解 (25颗卫星)
  ECEF: X=-1823664.4413 Y=5408633.6292 Z=2838158.9939
  LLH:  Lat=26.592195935° Lon=108.632900022° H=616.6836m
  原始数据:
2025/11/16 11:14:06.000   26.592195935  108.632900022   616.6836   2  25   0.0107   0.0253   0.0248   0.0068   0.0059  -0.0023  14.00    1.1 8516405

[TCP数据流] 2025/11/16 19:13:49 - 浮点解 (26颗卫星)
  ECEF: X=-1823664.4614 Y=5408633.6245 Z=2838158.9693
  LLH:  Lat=26.592195728° Lon=108.632900228° H=616.6743m
  原始数据:
2025/11/16 11:14:07.000   26.592195728  108.632900228   616.6743   2  26   0.0107   0.0253   0.0248   0.0068   0.0059  -0.0023   0.00    1.1 8516405

[TCP数据流] 2025/11/16 19:13:50 - 浮点解 (25颗卫星)
  ECEF: X=-1823664.4829 Y=5408633.6193 Z=2838158.9458
  LLH:  Lat=26.592195531° Lon=108.632900450° H=616.6655m
  原始数据:
2025/11/16 11:14:08.000   26.592195531  108.632900450   616.6655   2  25   0.0106   0.0253   0.0248   0.0068   0.0059  -0.0022   1.00    1.2 8516405

[TCP数据流] 2025/11/16 19:13:51 - 浮点解 (25颗卫星)
  ECEF: X=-1823664.5018 Y=5408633.6132 Z=2838158.9239
  LLH:  Lat=26.592195353° Lon=108.632900649° H=616.6560m
  原始数据:
2025/11/16 11:14:09.000   26.592195353  108.632900649   616.6560   2  25   0.0106   0.0253   0.0248   0.0068   0.0059  -0.0022   2.00    1.3 8516405

[TCP数据流] 2025/11/16 19:13:52 - 浮点解 (25颗卫星)
  ECEF: X=-1823664.5191 Y=5408633.6071 Z=2838158.9048
  LLH:  Lat=26.592195200° Lon=108.632900833° H=616.6472m
  原始数据:
2025/11/16 11:14:10.000   26.592195200  108.632900833   616.6472   2  25   0.0106   0.0252   0.0247   0.0068   0.0059  -0.0022   3.00    1.2 8516405

[TCP数据流] 2025/11/16 19:13:53 - 浮点解 (25颗卫星)
  ECEF: X=-1823664.5309 Y=5408633.6007 Z=2838158.8864
  LLH:  Lat=26.592195061° Lon=108.632900966° H=616.6369m
  原始数据:
2025/11/16 11:14:11.000   26.592195061  108.632900966   616.6369   2  25   0.0106   0.0252   0.0247   0.0068   0.0059  -0.0022   4.00    1.1 8516405

[TCP数据流] 2025/11/16 19:13:54 - 浮点解 (25颗卫星)
  ECEF: X=-1823664.5432 Y=5408633.5944 Z=2838158.8708
  LLH:  Lat=26.592194943° Lon=108.632901103° H=616.6281m
  原始数据:
2025/11/16 11:14:12.000   26.592194943  108.632901103   616.6281   2  25   0.0106   0.0252   0.0247   0.0068   0.0059  -0.0022   5.00    1.2 8516405

[TCP数据流] 2025/11/16 19:13:55 - 浮点解 (20颗卫星)
  ECEF: X=-1823664.5417 Y=5408633.5887 Z=2838158.8563
  LLH:  Lat=26.592194850° Lon=108.632901107° H=616.6163m
  原始数据:
2025/11/16 11:14:13.000   26.592194850  108.632901107   616.6163   2  20   0.0106   0.0252   0.0247   0.0068   0.0059  -0.0022   6.00    1.6 8516405

[TCP数据流] 2025/11/16 19:14:02 - 浮点解 (25颗卫星)
  ECEF: X=-1823664.5457 Y=5408633.5846 Z=2838158.8461
  LLH:  Lat=26.592194778° Lon=108.632901158° H=616.6094m
  原始数据:
2025/11/16 11:14:20.000   26.592194778  108.632901158   616.6094   2  25   0.0106   0.0252   0.0247   0.0068   0.0059  -0.0022  13.00    1.1 8516405

[TCP数据流] 2025/11/16 19:14:03 - 浮点解 (26颗卫星)
  ECEF: X=-1823664.5474 Y=5408633.5807 Z=2838158.8354
  LLH:  Lat=26.592194704° Lon=108.632901187° H=616.6018m
  原始数据:
2025/11/16 11:14:21.000   26.592194704  108.632901187   616.6018   2  26   0.0106   0.0252   0.0247   0.0068   0.0059  -0.0022  14.00    1.1 8516405

[TCP数据流] 2025/11/16 19:14:04 - 浮点解 (25颗卫星)
  ECEF: X=-1823664.5513 Y=5408633.5771 Z=2838158.8258
  LLH:  Lat=26.592194636° Lon=108.632901236° H=616.5956m
  原始数据:
2025/11/16 11:14:22.000   26.592194636  108.632901236   616.5956   2  25   0.0106   0.0251   0.0247   0.0068   0.0059  -0.0022  15.00    1.2 8516405

[TCP数据流] 2025/11/16 19:14:06 - 浮点解 (26颗卫星)
  ECEF: X=-1823664.5542 Y=5408633.5736 Z=2838158.8166
  LLH:  Lat=26.592194571° Lon=108.632901274° H=616.5893m
  原始数据:
2025/11/16 11:14:24.000   26.592194571  108.632901274   616.5893   2  26   0.0106   0.0251   0.0247   0.0067   0.0059  -0.0022  17.00    1.3 8516405

[TCP数据流] 2025/11/16 19:14:07 - 浮点解 (20颗卫星)
  ECEF: X=-1823664.5537 Y=5408633.5704 Z=2838158.8087
  LLH:  Lat=26.592194520° Lon=108.632901280° H=616.5829m
  原始数据:
2025/11/16 11:14:25.000   26.592194520  108.632901280   616.5829   2  20   0.0106   0.0251   0.0247   0.0067   0.0059  -0.0022  18.00    1.2 8516405

[TCP数据流] 2025/11/16 19:14:12 - 浮点解 (26颗卫星)
  ECEF: X=-1823664.5542 Y=5408633.5674 Z=2838158.7997
  LLH:  Lat=26.592194458° Lon=108.632901294° H=616.5765m
  原始数据:
2025/11/16 11:14:30.000   26.592194458  108.632901294   616.5765   2  26   0.0106   0.0251   0.0247   0.0067   0.0059  -0.0022  23.00    1.1 8516405

[TCP数据流] 2025/11/16 19:14:13 - 浮点解 (26颗卫星)
  ECEF: X=-1823664.5566 Y=5408633.5648 Z=2838158.7916
  LLH:  Lat=26.592194400° Lon=108.632901325° H=616.5714m
  原始数据:
2025/11/16 11:14:31.000   26.592194400  108.632901325   616.5714   2  26   0.0106   0.0251   0.0247   0.0067   0.0059  -0.0022  24.00    1.1 8516405

[TCP数据流] 2025/11/16 19:14:14 - 浮点解 (26颗卫星)
  ECEF: X=-1823664.5568 Y=5408633.5623 Z=2838158.7829
  LLH:  Lat=26.592194339° Lon=108.632901335° H=616.5654m
  原始数据:
2025/11/16 11:14:32.000   26.592194339  108.632901335   616.5654   2  26   0.0106   0.0251   0.0247   0.0067   0.0059  -0.0022  25.00    1.0 8516405

[TCP数据流] 2025/11/16 19:14:43 - 浮点解 (25颗卫星)
  ECEF: X=-1823664.7058 Y=5408633.5716 Z=2838158.5416
  LLH:  Lat=26.592192164° Lon=108.632902723° H=616.5079m
  原始数据:
2025/11/16 11:15:01.000   26.592192164  108.632902723   616.5079   2  25   0.0106   0.0250   0.0245   0.0067   0.0059  -0.0021   2.00    1.2 8516405

[TCP数据流] 2025/11/16 19:14:44 - 浮点解 (26颗卫星)
  ECEF: X=-1823664.7434 Y=5408633.5681 Z=2838158.4822
  LLH:  Lat=26.592191649° Lon=108.632903092° H=616.4890m
  原始数据:
2025/11/16 11:15:02.000   26.592191649  108.632903092   616.4890   2  26   0.0105   0.0249   0.0245   0.0067   0.0059  -0.0021   3.00    1.1 8516405

[TCP数据流] 2025/11/16 19:14:46 - 浮点解 (27颗卫星)
  ECEF: X=-1823664.7614 Y=5408633.5551 Z=2838158.4316
  LLH:  Lat=26.592191268° Lon=108.632903305° H=616.4605m
  原始数据:
2025/11/16 11:15:04.000   26.592191268  108.632903305   616.4605   2  27   0.0105   0.0249   0.0245   0.0067   0.0059  -0.0021   5.00    1.1 8516405

[TCP数据流] 2025/11/16 19:14:47 - 浮点解 (26颗卫星)
  ECEF: X=-1823664.7822 Y=5408633.5464 Z=2838158.3944
  LLH:  Lat=26.592190974° Lon=108.632903530° H=616.4424m
  原始数据:
2025/11/16 11:15:05.000   26.592190974  108.632903530   616.4424   2  26   0.0105   0.0249   0.0245   0.0067   0.0059  -0.0021   6.00    1.1 8516405

[TCP数据流] 2025/11/16 19:14:50 - 浮点解 (21颗卫星)
  ECEF: X=-1823664.7852 Y=5408633.5417 Z=2838158.3845
  LLH:  Lat=26.592190908° Lon=108.632903574° H=616.4349m
  原始数据:
2025/11/16 11:15:08.000   26.592190908  108.632903574   616.4349   2  21   0.0105   0.0249   0.0245   0.0067   0.0059  -0.0021   9.00    1.2 8516405

[TCP数据流] 2025/11/16 19:14:51 - 浮点解 (27颗卫星)
  ECEF: X=-1823664.7929 Y=5408633.5320 Z=2838158.3583
  LLH:  Lat=26.592190724° Lon=108.632903678° H=616.4171m
  原始数据:
2025/11/16 11:15:09.000   26.592190724  108.632903678   616.4171   2  27   0.0105   0.0248   0.0244   0.0067   0.0059  -0.0021  10.00    1.0 8516405

[TCP数据流] 2025/11/16 19:14:52 - 浮点解 (27颗卫星)
  ECEF: X=-1823664.7983 Y=5408633.5228 Z=2838158.3341
  LLH:  Lat=26.592190557° Lon=108.632903759° H=616.4000m
  原始数据:
2025/11/16 11:15:10.000   26.592190557  108.632903759   616.4000   2  27   0.0105   0.0248   0.0244   0.0067   0.0059  -0.0021  11.00    1.0 8516405

[TCP数据流] 2025/11/16 19:14:54 - 浮点解 (27颗卫星)
  ECEF: X=-1823664.8040 Y=5408633.5150 Z=2838158.3143
  LLH:  Lat=26.592190419° Lon=108.632903838° H=616.3862m
  原始数据:
2025/11/16 11:15:12.000   26.592190419  108.632903838   616.3862   2  27   0.0105   0.0248   0.0244   0.0067   0.0059  -0.0021  13.00    1.0 8516405

[TCP数据流] 2025/11/16 19:14:55 - 浮点解 (27颗卫星)
  ECEF: X=-1823664.8071 Y=5408633.5078 Z=2838158.2950
  LLH:  Lat=26.592190287° Lon=108.632903891° H=616.3723m
  原始数据:
2025/11/16 11:15:13.000   26.592190287  108.632903891   616.3723   2  27   0.0105   0.0248   0.0244   0.0067   0.0059  -0.0021  14.00    1.1 8516405

[TCP数据流] 2025/11/16 19:14:57 - 浮点解 (27颗卫星)
  ECEF: X=-1823664.8114 Y=5408633.5016 Z=2838158.2788
  LLH:  Lat=26.592190175° Lon=108.632903952° H=616.3611m
  原始数据:
2025/11/16 11:15:15.000   26.592190175  108.632903952   616.3611   2  27   0.0105   0.0248   0.0244   0.0067   0.0059  -0.0021  16.00    1.1 8516405

[TCP数据流] 2025/11/16 19:14:58 - 浮点解 (27颗卫星)
  ECEF: X=-1823664.8134 Y=5408633.4957 Z=2838158.2627
  LLH:  Lat=26.592190065° Lon=108.632903990° H=616.3494m
  原始数据:
2025/11/16 11:15:16.000   26.592190065  108.632903990   616.3494   2  27   0.0105   0.0248   0.0244   0.0067   0.0059  -0.0021  17.00    1.0 8516405

[TCP数据流] 2025/11/16 19:15:01 - 浮点解 (27颗卫星)
  ECEF: X=-1823664.8165 Y=5408633.4906 Z=2838158.2493
  LLH:  Lat=26.592189972° Lon=108.632904036° H=616.3400m
  原始数据:
2025/11/16 11:15:19.000   26.592189972  108.632904036   616.3400   2  27   0.0105   0.0247   0.0244   0.0067   0.0059  -0.0021  20.00    1.0 8516405

[TCP数据流] 2025/11/16 19:15:02 - 浮点解 (27颗卫星)
  ECEF: X=-1823664.8187 Y=5408633.4857 Z=2838158.2362
  LLH:  Lat=26.592189882° Lon=108.632904072° H=616.3306m
  原始数据:
2025/11/16 11:15:20.000   26.592189882  108.632904072   616.3306   2  27   0.0105   0.0247   0.0244   0.0067   0.0059  -0.0021  21.00    1.0 8516405

[TCP数据流] 2025/11/16 19:15:05 - 浮点解 (27颗卫星)
  ECEF: X=-1823664.8212 Y=5408633.4813 Z=2838158.2243
  LLH:  Lat=26.592189800° Lon=108.632904110° H=616.3223m
  原始数据:
2025/11/16 11:15:23.000   26.592189800  108.632904110   616.3223   2  27   0.0105   0.0247   0.0244   0.0067   0.0059  -0.0021  24.00    1.0 8516405

[TCP数据流] 2025/11/16 19:15:06 - 浮点解 (27颗卫星)
  ECEF: X=-1823664.8218 Y=5408633.4771 Z=2838158.2121
  LLH:  Lat=26.592189717° Lon=108.632904129° H=616.3134m
  原始数据:
2025/11/16 11:15:24.000   26.592189717  108.632904129   616.3134   2  27   0.0105   0.0247   0.0244   0.0067   0.0058  -0.0021  25.00    1.0 8516405

[TCP数据流] 2025/11/16 19:15:08 - 浮点解 (27颗卫星)
  ECEF: X=-1823664.8242 Y=5408633.4732 Z=2838158.2012
  LLH:  Lat=26.592189641° Lon=108.632904165° H=616.3059m
  原始数据:
2025/11/16 11:15:26.000   26.592189641  108.632904165   616.3059   2  27   0.0105   0.0247   0.0244   0.0067   0.0058  -0.0021  27.00    1.0 8516405

[TCP数据流] 2025/11/16 19:15:09 - 浮点解 (27颗卫星)
  ECEF: X=-1823664.8247 Y=5408633.4694 Z=2838158.1901
  LLH:  Lat=26.592189565° Lon=108.632904181° H=616.2979m
  原始数据:
2025/11/16 11:15:27.000   26.592189565  108.632904181   616.2979   2  27   0.0105   0.0247   0.0244   0.0067   0.0058  -0.0021  28.00    1.0 8516405

[TCP数据流] 2025/11/16 19:15:11 - 浮点解 (20颗卫星)
  ECEF: X=-1823664.8237 Y=5408633.4665 Z=2838158.1816
  LLH:  Lat=26.592189509° Lon=108.632904181° H=616.2913m
  原始数据:
2025/11/16 11:15:29.000   26.592189509  108.632904181   616.2913   2  20   0.0105   0.0247   0.0244   0.0067   0.0058  -0.0021  30.00    1.2 8516405

[TCP数据流] 2025/11/16 19:15:32 - 浮点解 (26颗卫星)
  ECEF: X=-1823664.8996 Y=5408633.4553 Z=2838158.0236
  LLH:  Lat=26.592188179° Lon=108.632904939° H=616.2328m
  原始数据:
2025/11/16 11:15:50.000   26.592188179  108.632904939   616.2328   2  26   0.0105   0.0246   0.0243   0.0067   0.0059  -0.0021   1.00    1.1 8516405

[TCP数据流] 2025/11/16 19:15:35 - 浮点解 (23颗卫星)
  ECEF: X=-1823664.9715 Y=5408633.4439 Z=2838157.8690
  LLH:  Lat=26.592186882° Lon=108.632905660° H=616.1745m
  原始数据:
2025/11/16 11:15:53.000   26.592186882  108.632905660   616.1745   2  23   0.0104   0.0246   0.0242   0.0067   0.0059  -0.0020   1.00    1.1 8516405

[TCP数据流] 2025/11/16 19:15:36 - 浮点解 (28颗卫星)
  ECEF: X=-1823665.0368 Y=5408633.4287 Z=2838157.7364
  LLH:  Lat=26.592185786° Lon=108.632906330° H=616.1209m
  原始数据:
2025/11/16 11:15:54.000   26.592185786  108.632906330   616.1209   2  28   0.0104   0.0245   0.0241   0.0067   0.0059  -0.0019   2.00    1.2 8516405

[TCP数据流] 2025/11/16 19:15:37 - 浮点解 (21颗卫星)
  ECEF: X=-1823665.0797 Y=5408633.4213 Z=2838157.7270
  LLH:  Lat=26.592185683° Lon=108.632906761° H=616.1227m
  原始数据:
2025/11/16 11:15:55.000   26.592185683  108.632906761   616.1227   2  21   0.0104   0.0245   0.0241   0.0067   0.0059  -0.0019   3.00    1.2 8516405

[TCP数据流] 2025/11/16 19:15:38 - 浮点解 (28颗卫星)
  ECEF: X=-1823665.1249 Y=5408633.3992 Z=2838157.6322
  LLH:  Lat=26.592184944° Lon=108.632907262° H=616.0744m
  原始数据:
2025/11/16 11:15:56.000   26.592184944  108.632907262   616.0744   2  28   0.0104   0.0244   0.0241   0.0067   0.0059  -0.0019   4.00    1.1 8516405

[TCP数据流] 2025/11/16 19:15:41 - 浮点解 (21颗卫星)
  ECEF: X=-1823665.1429 Y=5408633.3951 Z=2838157.6243
  LLH:  Lat=26.592184873° Lon=108.632907446° H=616.0726m
  原始数据:
2025/11/16 11:15:59.000   26.592184873  108.632907446   616.0726   2  21   0.0104   0.0244   0.0241   0.0067   0.0059  -0.0019   7.00    1.0 8516405

[TCP数据流] 2025/11/16 19:15:44 - 浮点解 (28颗卫星)
  ECEF: X=-1823665.1581 Y=5408633.3776 Z=2838157.5840
  LLH:  Lat=26.592184595° Lon=108.632907647° H=616.0440m
  原始数据:
2025/11/16 11:16:02.000   26.592184595  108.632907647   616.0440   2  28   0.0104   0.0244   0.0241   0.0067   0.0059  -0.0019  10.00    1.0 8516405

[TCP数据流] 2025/11/16 19:15:46 - 浮点解 (27颗卫星)
  ECEF: X=-1823665.1698 Y=5408633.3633 Z=2838157.5520
  LLH:  Lat=26.592184376° Lon=108.632907805° H=616.0209m
  原始数据:
2025/11/16 11:16:04.000   26.592184376  108.632907805   616.0209   2  27   0.0104   0.0244   0.0241   0.0067   0.0059  -0.0019  12.00    1.0 8516405

[TCP数据流] 2025/11/16 19:15:47 - 浮点解 (20颗卫星)
  ECEF: X=-1823665.1762 Y=5408633.3615 Z=2838157.5457
  LLH:  Lat=26.592184324° Lon=108.632907871° H=616.0184m
  原始数据:
2025/11/16 11:16:05.000   26.592184324  108.632907871   616.0184   2  20   0.0104   0.0244   0.0240   0.0067   0.0058  -0.0019  13.00    1.2 8516405

[TCP数据流] 2025/11/16 19:15:49 - 浮点解 (20颗卫星)
  ECEF: X=-1823665.1810 Y=5408633.3597 Z=2838157.5393
  LLH:  Lat=26.592184273° Lon=108.632907922° H=616.0154m
  原始数据:
2025/11/16 11:16:07.000   26.592184273  108.632907922   616.0154   2  20   0.0104   0.0243   0.0240   0.0067   0.0058  -0.0019  15.00    1.1 8516405

[TCP数据流] 2025/11/16 19:15:50 - 浮点解 (27颗卫星)
  ECEF: X=-1823665.1884 Y=5408633.3494 Z=2838157.5163
  LLH:  Lat=26.592184117° Lon=108.632908026° H=615.9985m
  原始数据:
2025/11/16 11:16:08.000   26.592184117  108.632908026   615.9985   2  27   0.0104   0.0243   0.0240   0.0066   0.0058  -0.0019  16.00    1.1 8516405

[TCP数据流] 2025/11/16 19:15:52 - 浮点解 (27颗卫星)
  ECEF: X=-1823665.1943 Y=5408633.3404 Z=2838157.4959
  LLH:  Lat=26.592183980° Lon=108.632908111° H=615.9834m
  原始数据:
2025/11/16 11:16:10.000   26.592183980  108.632908111   615.9834   2  27   0.0104   0.0243   0.0240   0.0066   0.0058  -0.0019  18.00    1.1 8516405

[TCP数据流] 2025/11/16 19:15:55 - 浮点解 (27颗卫星)
  ECEF: X=-1823665.1995 Y=5408633.3329 Z=2838157.4786
  LLH:  Lat=26.592183862° Lon=108.632908184° H=615.9708m
  原始数据:
2025/11/16 11:16:13.000   26.592183862  108.632908184   615.9708   2  27   0.0104   0.0243   0.0240   0.0066   0.0058  -0.0019  21.00    1.1 8516405

[TCP数据流] 2025/11/16 19:15:58 - 浮点解 (27颗卫星)
  ECEF: X=-1823665.2029 Y=5408633.3265 Z=2838157.4630
  LLH:  Lat=26.592183756° Lon=108.632908237° H=615.9593m
  原始数据:
2025/11/16 11:16:16.000   26.592183756  108.632908237   615.9593   2  27   0.0104   0.0243   0.0240   0.0066   0.0058  -0.0019  24.00    1.0 8516405

[TCP数据流] 2025/11/16 19:15:59 - 浮点解 (26颗卫星)
  ECEF: X=-1823665.2064 Y=5408633.3202 Z=2838157.4486
  LLH:  Lat=26.592183660° Lon=108.632908291° H=615.9486m
  原始数据:
2025/11/16 11:16:17.000   26.592183660  108.632908291   615.9486   2  26   0.0104   0.0243   0.0240   0.0066   0.0058  -0.0019  25.00    1.0 8516405

[TCP数据流] 2025/11/16 19:16:00 - 浮点解 (26颗卫星)
  ECEF: X=-1823665.2108 Y=5408633.3141 Z=2838157.4350
  LLH:  Lat=26.592183567° Lon=108.632908352° H=615.9386m
  原始数据:
2025/11/16 11:16:18.000   26.592183567  108.632908352   615.9386   2  26   0.0104   0.0242   0.0240   0.0066   0.0058  -0.0019  26.00    1.0 8516405

[TCP数据流] 2025/11/16 19:16:02 - 浮点解 (26颗卫星)
  ECEF: X=-1823665.2137 Y=5408633.3088 Z=2838157.4220
  LLH:  Lat=26.592183479° Lon=108.632908397° H=615.9291m
  原始数据:
2025/11/16 11:16:20.000   26.592183479  108.632908397   615.9291   2  26   0.0104   0.0242   0.0240   0.0066   0.0058  -0.0019  28.00    1.0 8516405

[TCP数据流] 2025/11/16 19:16:03 - 浮点解 (27颗卫星)
  ECEF: X=-1823665.2164 Y=5408633.3036 Z=2838157.4091
  LLH:  Lat=26.592183391° Lon=108.632908439° H=615.9197m
  原始数据:
2025/11/16 11:16:21.000   26.592183391  108.632908439   615.9197   2  27   0.0104   0.0242   0.0240   0.0066   0.0058  -0.0019  29.00    1.0 8516405

[TCP数据流] 2025/11/16 19:16:04 - 浮点解 (22颗卫星)
  ECEF: X=-1823665.2155 Y=5408633.2984 Z=2838157.3975
  LLH:  Lat=26.592183319° Lon=108.632908447° H=615.9098m
  原始数据:
2025/11/16 11:16:22.000   26.592183319  108.632908447   615.9098   2  22   0.0104   0.0242   0.0240   0.0066   0.0058  -0.0019  30.00    1.0 8516405

[TCP数据流] 2025/11/16 19:16:26 - 浮点解 (17颗卫星)
  ECEF: X=-1823665.2278 Y=5408633.2713 Z=2838156.9273
  LLH:  Lat=26.592179612° Lon=108.632908651° H=615.6799m
  原始数据:
2025/11/16 11:16:44.000   26.592179612  108.632908651   615.6799   2  17   0.0103   0.0241   0.0238   0.0066   0.0060  -0.0017   1.00    1.3 8516405

[TCP数据流] 2025/11/16 19:16:27 - 浮点解 (21颗卫星)
  ECEF: X=-1823665.3194 Y=5408633.2661 Z=2838156.9240
  LLH:  Lat=26.592179487° Lon=108.632909539° H=615.7002m
  原始数据:
2025/11/16 11:16:45.000   26.592179487  108.632909539   615.7002   2  21   0.0103   0.0241   0.0238   0.0066   0.0059  -0.0017   2.00    2.2 8516405

[TCP数据流] 2025/11/16 19:16:28 - 浮点解 (21颗卫星)
  ECEF: X=-1823665.3927 Y=5408633.2619 Z=2838156.9196
  LLH:  Lat=26.592179373° Lon=108.632910250° H=615.7156m
  原始数据:
2025/11/16 11:16:46.000   26.592179373  108.632910250   615.7156   2  21   0.0103   0.0241   0.0238   0.0066   0.0059  -0.0017   3.00    1.9 8516405

[TCP数据流] 2025/11/16 19:16:34 - 浮点解 (21颗卫星)
  ECEF: X=-1823665.4157 Y=5408633.2594 Z=2838156.9149
  LLH:  Lat=26.592179315° Lon=108.632910477° H=615.7180m
  原始数据:
2025/11/16 11:16:52.000   26.592179315  108.632910477   615.7180   2  21   0.0103   0.0240   0.0238   0.0066   0.0059  -0.0017   9.00    1.4 8516405

[TCP数据流] 2025/11/16 19:16:35 - 浮点解 (17颗卫星)
  ECEF: X=-1823665.4167 Y=5408633.2503 Z=2838156.8656
  LLH:  Lat=26.592178951° Lon=108.632910515° H=615.6885m
  原始数据:
2025/11/16 11:16:53.000   26.592178951  108.632910515   615.6885   2  17   0.0103   0.0240   0.0237   0.0066   0.0059  -0.0017  10.00    1.0 8516405

[TCP数据流] 2025/11/16 19:16:37 - 浮点解 (21颗卫星)
  ECEF: X=-1823665.4302 Y=5408633.2485 Z=2838156.8598
  LLH:  Lat=26.592178894° Lon=108.632910650° H=615.6882m
  原始数据:
2025/11/16 11:16:55.000   26.592178894  108.632910650   615.6882   2  21   0.0103   0.0240   0.0237   0.0066   0.0059  -0.0017  12.00    1.0 8516405

[TCP数据流] 2025/11/16 19:16:38 - 浮点解 (15颗卫星)
  ECEF: X=-1823665.4278 Y=5408633.2471 Z=2838156.8552
  LLH:  Lat=26.592178865° Lon=108.632910631° H=615.6843m
  原始数据:
2025/11/16 11:16:56.000   26.592178865  108.632910631   615.6843   2  15   0.0103   0.0240   0.0237   0.0066   0.0059  -0.0017  13.00    1.1 8516405

[TCP数据流] 2025/11/16 19:16:39 - 浮点解 (15颗卫星)
  ECEF: X=-1823665.4270 Y=5408633.2456 Z=2838156.8510
  LLH:  Lat=26.592178838° Lon=108.632910628° H=615.6809m
  原始数据:
2025/11/16 11:16:57.000   26.592178838  108.632910628   615.6809   2  15   0.0103   0.0240   0.0237   0.0066   0.0059  -0.0017  14.00    1.1 8516405

[TCP数据流] 2025/11/16 19:16:40 - 浮点解 (28颗卫星)
  ECEF: X=-1823665.4393 Y=5408633.2382 Z=2838156.8205
  LLH:  Lat=26.592178604° Lon=108.632910769° H=615.6645m
  原始数据:
2025/11/16 11:16:58.000   26.592178604  108.632910769   615.6645   2  28   0.0103   0.0240   0.0237   0.0066   0.0059  -0.0017  15.00    1.0 8516405

[TCP数据流] 2025/11/16 19:16:43 - 浮点解 (17颗卫星)
  ECEF: X=-1823665.4399 Y=5408633.2321 Z=2838156.7989
  LLH:  Lat=26.592178452° Lon=108.632910794° H=615.6498m
  原始数据:
2025/11/16 11:17:01.000   26.592178452  108.632910794   615.6498   2  17   0.0102   0.0240   0.0237   0.0066   0.0059  -0.0017  18.00    1.5 8516405

[TCP数据流] 2025/11/16 19:16:45 - 浮点解 (28颗卫星)
  ECEF: X=-1823665.4471 Y=5408633.2266 Z=2838156.7774
  LLH:  Lat=26.592178291° Lon=108.632910881° H=615.6376m
  原始数据:
2025/11/16 11:17:03.000   26.592178291  108.632910881   615.6376   2  28   0.0102   0.0240   0.0237   0.0066   0.0059  -0.0017  20.00    1.0 8516405

[TCP数据流] 2025/11/16 19:16:46 - 浮点解 (23颗卫星)
  ECEF: X=-1823665.4539 Y=5408633.2211 Z=2838156.7587
  LLH:  Lat=26.592178152° Lon=108.632910963° H=615.6265m
  原始数据:
2025/11/16 11:17:04.000   26.592178152  108.632910963   615.6265   2  23   0.0102   0.0239   0.0237   0.0066   0.0058  -0.0017  21.00    1.1 8516405

[TCP数据流] 2025/11/16 19:16:47 - 浮点解 (23颗卫星)
  ECEF: X=-1823665.4606 Y=5408633.2160 Z=2838156.7416
  LLH:  Lat=26.592178025° Lon=108.632911043° H=615.6164m
  原始数据:
2025/11/16 11:17:05.000   26.592178025  108.632911043   615.6164   2  23   0.0102   0.0239   0.0237   0.0066   0.0058  -0.0017  22.00    1.1 8516405

[TCP数据流] 2025/11/16 19:16:49 - 浮点解 (17颗卫星)
  ECEF: X=-1823665.5756 Y=5408633.2096 Z=2838156.7379
  LLH:  Lat=26.592177871° Lon=108.632912157° H=615.6422m
  原始数据:
2025/11/16 11:17:07.000   26.592177871  108.632912157   615.6422   2  17   0.0102   0.0239   0.0237   0.0066   0.0058  -0.0017   0.00    1.3 8516405

[TCP数据流] 2025/11/16 19:16:50 - 浮点解 (28颗卫星)
  ECEF: X=-1823665.6704 Y=5408633.2498 Z=2838156.4950
  LLH:  Lat=26.592175635° Lon=108.632912930° H=615.5946m
  原始数据:
2025/11/16 11:17:08.000   26.592175635  108.632912930   615.5946   2  28   0.0102   0.0238   0.0236   0.0066   0.0058  -0.0016   1.00    1.1 8516405

[TCP数据流] 2025/11/16 19:16:53 - 浮点解 (23颗卫星)
  ECEF: X=-1823665.7310 Y=5408633.2507 Z=2838156.3450
  LLH:  Lat=26.592174342° Lon=108.632913504° H=615.5456m
  原始数据:
2025/11/16 11:17:11.000   26.592174342  108.632913504   615.5456   2  23   0.0102   0.0237   0.0236   0.0066   0.0058  -0.0015   4.00    1.1 8516405

[TCP数据流] 2025/11/16 19:16:55 - 浮点解 (16颗卫星)
  ECEF: X=-1823665.7731 Y=5408633.2472 Z=2838156.3417
  LLH:  Lat=26.592174275° Lon=108.632913915° H=615.5531m
  原始数据:
2025/11/16 11:17:13.000   26.592174275  108.632913915   615.5531   2  16   0.0102   0.0237   0.0235   0.0066   0.0057  -0.0015   6.00    1.4 8516405

[TCP数据流] 2025/11/16 19:16:56 - 浮点解 (15颗卫星)
  ECEF: X=-1823665.7714 Y=5408633.2456 Z=2838156.3376
  LLH:  Lat=26.592174250° Lon=108.632913904° H=615.5495m
  原始数据:
2025/11/16 11:17:14.000   26.592174250  108.632913904   615.5495   2  15   0.0102   0.0237   0.0235   0.0066   0.0057  -0.0015   7.00    0.0 8516405

[TCP数据流] 2025/11/16 19:16:57 - 浮点解 (17颗卫星)
  ECEF: X=-1823665.7703 Y=5408633.2333 Z=2838156.2627
  LLH:  Lat=26.592173694° Lon=108.632913933° H=615.5052m
  原始数据:
2025/11/16 11:17:15.000   26.592173694  108.632913933   615.5052   2  17   0.0101   0.0237   0.0235   0.0066   0.0058  -0.0015   8.00    1.0 8516405

[TCP数据流] 2025/11/16 19:16:59 - 浮点解 (15颗卫星)
  ECEF: X=-1823665.7683 Y=5408633.2318 Z=2838156.2583
  LLH:  Lat=26.592173667° Lon=108.632913919° H=615.5014m
  原始数据:
2025/11/16 11:17:17.000   26.592173667  108.632913919   615.5014   2  15   0.0101   0.0237   0.0235   0.0066   0.0057  -0.0015  10.00    1.1 8516405

========== RTKRCV 退出 ==========
时间: 2025-11-16T11:17:32.631Z
退出码: 0
信号: null
================================

