
========== RTKRCV 启动 ==========
时间: 2025-11-16T09:52:28.702Z
配置文件: 8516427.conf
进程 PID: 3560502
================================


[TCP数据流] 2025/11/16 17:53:13 - 浮点解 (28颗卫星)
  ECEF: X=-1627384.8648 Y=5410143.9951 Z=2952422.8793
  LLH:  Lat=27.749336155° Lon=106.741418522° H=1014.8127m
  原始数据:
2025/11/16 09:53:31.000   27.749336155  106.741418522  1014.8127   2  28   0.7121   0.6532   1.9247  -0.2933   0.3588  -0.5890   0.00    0.0 8516427

[TCP数据流] 2025/11/16 17:53:14 - 浮点解 (28颗卫星)
  ECEF: X=-1627384.9055 Y=5410144.1398 Z=2952422.8886
  LLH:  Lat=27.749335598° Lon=106.741418494° H=1014.9501m
  原始数据:
2025/11/16 09:53:32.000   27.749335598  106.741418494  1014.9501   2  28   0.5132   0.4715   1.3842  -0.2096   0.2484  -0.4214   0.00    0.0 8516427

[TCP数据流] 2025/11/16 17:53:15 - 浮点解 (21颗卫星)
  ECEF: X=-1627384.7243 Y=5410143.8729 Z=2952422.7334
  LLH:  Lat=27.749335652° Lon=106.741417514° H=1014.6054m
  原始数据:
2025/11/16 09:53:33.000   27.749335652  106.741417514  1014.6054   2  21   0.4480   0.4002   1.2024  -0.1824   0.2113  -0.4039   0.00    0.0 8516427

[TCP数据流] 2025/11/16 17:53:16 - 浮点解 (27颗卫星)
  ECEF: X=-1627384.8537 Y=5410143.8322 Z=2952422.7295
  LLH:  Lat=27.749335628° Lon=106.741418890° H=1014.6021m
  原始数据:
2025/11/16 09:53:34.000   27.749335628  106.741418890  1014.6021   2  27   0.3830   0.3451   1.0278  -0.1558   0.1794  -0.3367   0.00    0.0 8516427

[TCP数据流] 2025/11/16 17:53:17 - 浮点解 (27颗卫星)
  ECEF: X=-1627384.9287 Y=5410143.8713 Z=2952422.7962
  LLH:  Lat=27.749335912° Lon=106.741419504° H=1014.6854m
  原始数据:
2025/11/16 09:53:35.000   27.749335912  106.741419504  1014.6854   2  27   0.3401   0.3080   0.9125  -0.1381   0.1591  -0.2943   1.00    0.0 8516427

[TCP数据流] 2025/11/16 17:53:18 - 浮点解 (28颗卫星)
  ECEF: X=-1627385.0263 Y=5410143.9688 Z=2952422.8631
  LLH:  Lat=27.749335936° Lon=106.741420167° H=1014.8241m
  原始数据:
2025/11/16 09:53:36.000   27.749335936  106.741420167  1014.8241   2  28   0.3088   0.2807   0.8275  -0.1254   0.1441  -0.2643   0.00    0.0 8516427

[TCP数据流] 2025/11/16 17:53:19 - 浮点解 (27颗卫星)
  ECEF: X=-1627385.0117 Y=5410143.8661 Z=2952422.8546
  LLH:  Lat=27.749336299° Lon=106.741420325° H=1014.7293m
  原始数据:
2025/11/16 09:53:37.000   27.749336299  106.741420325  1014.7293   2  27   0.2847   0.2595   0.7620  -0.1156   0.1325  -0.2416   0.00    0.0 8516427

[TCP数据流] 2025/11/16 17:53:20 - 浮点解 (27颗卫星)
  ECEF: X=-1627384.9937 Y=5410143.8142 Z=2952422.8359
  LLH:  Lat=27.749336380° Lon=106.741420302° H=1014.6721m
  原始数据:
2025/11/16 09:53:38.000   27.749336380  106.741420302  1014.6721   2  27   0.2655   0.2425   0.7098  -0.1077   0.1230  -0.2242   0.00    0.0 8516427

[TCP数据流] 2025/11/16 17:53:21 - 浮点解 (27颗卫星)
  ECEF: X=-1627384.9796 Y=5410143.7102 Z=2952422.7741
  LLH:  Lat=27.749336322° Lon=106.741420469° H=1014.5516m
  原始数据:
2025/11/16 09:53:39.000   27.749336322  106.741420469  1014.5516   2  27   0.2499   0.2286   0.6672  -0.1012   0.1157  -0.2103   1.00    0.0 8516427

[TCP数据流] 2025/11/16 17:53:22 - 浮点解 (27颗卫星)
  ECEF: X=-1627385.0064 Y=5410143.6487 Z=2952422.7333
  LLH:  Lat=27.749336211° Lon=106.741420909° H=1014.4873m
  原始数据:
2025/11/16 09:53:40.000   27.749336211  106.741420909  1014.4873   2  27   0.2366   0.2167   0.6307  -0.0958   0.1096  -0.1982   2.00    0.0 8516427

[TCP数据流] 2025/11/16 17:53:23 - 浮点解 (27颗卫星)
  ECEF: X=-1627384.9867 Y=5410143.5356 Z=2952422.6545
  LLH:  Lat=27.749336061° Lon=106.741421048° H=1014.3497m
  原始数据:
2025/11/16 09:53:41.000   27.749336061  106.741421048  1014.3497   2  27   0.2252   0.2065   0.5995  -0.0912   0.1044  -0.1879   3.00    0.0 8516427

[TCP数据流] 2025/11/16 17:53:24 - 浮点解 (27颗卫星)
  ECEF: X=-1627384.9377 Y=5410143.4277 Z=2952422.5800
  LLH:  Lat=27.749335959° Lon=106.741420887° H=1014.2111m
  原始数据:
2025/11/16 09:53:42.000   27.749335959  106.741420887  1014.2111   2  27   0.2152   0.1976   0.5725  -0.0872   0.0999  -0.1791   4.00    0.0 8516427

[TCP数据流] 2025/11/16 17:53:25 - 浮点解 (27颗卫星)
  ECEF: X=-1627384.9262 Y=5410143.3956 Z=2952422.5212
  LLH:  Lat=27.749335633° Lon=106.741420869° H=1014.1536m
  原始数据:
2025/11/16 09:53:43.000   27.749335633  106.741420869  1014.1536   2  27   0.2065   0.1898   0.5488  -0.0836   0.0958  -0.1714   5.00    0.0 8516427

[TCP数据流] 2025/11/16 17:53:26 - 浮点解 (22颗卫星)
  ECEF: X=-1627384.9679 Y=5410143.3726 Z=2952422.4948
  LLH:  Lat=27.749335464° Lon=106.741421341° H=1014.1324m
  原始数据:
2025/11/16 09:53:44.000   27.749335464  106.741421341  1014.1324   2  22   0.2004   0.1836   0.5317  -0.0802   0.0930  -0.1647   6.00    0.0 8516427

[TCP数据流] 2025/11/16 17:53:27 - 浮点解 (27颗卫星)
  ECEF: X=-1627385.0055 Y=5410143.3931 Z=2952422.4720
  LLH:  Lat=27.749335154° Lon=106.741421647° H=1014.1488m
  原始数据:
2025/11/16 09:53:45.000   27.749335154  106.741421647  1014.1488   2  27   0.1933   0.1774   0.5126  -0.0774   0.0897  -0.1589   7.00    0.0 8516427

[TCP数据流] 2025/11/16 17:53:28 - 浮点解 (27颗卫星)
  ECEF: X=-1627384.9590 Y=5410143.2976 Z=2952422.3891
  LLH:  Lat=27.749334933° Lon=106.741421474° H=1014.0174m
  原始数据:
2025/11/16 09:53:46.000   27.749334933  106.741421474  1014.0174   2  27   0.1869   0.1717   0.4953  -0.0748   0.0867  -0.1534   8.00    0.0 8516427

[TCP数据流] 2025/11/16 17:53:29 - 浮点解 (27颗卫星)
  ECEF: X=-1627384.9007 Y=5410143.1740 Z=2952422.2751
  LLH:  Lat=27.749334590° Lon=106.741421269° H=1013.8447m
  原始数据:
2025/11/16 09:53:47.000   27.749334590  106.741421269  1013.8447   2  27   0.1811   0.1665   0.4797  -0.0725   0.0840  -0.1485   9.00    1.1 8516427

[TCP数据流] 2025/11/16 17:53:30 - 浮点解 (27颗卫星)
  ECEF: X=-1627384.8861 Y=5410143.1293 Z=2952422.2214
  LLH:  Lat=27.749334359° Lon=106.741421258° H=1013.7781m
  原始数据:
2025/11/16 09:53:48.000   27.749334359  106.741421258  1013.7781   2  27   0.1759   0.1617   0.4655  -0.0704   0.0816  -0.1441  10.00    1.1 8516427

[TCP数据流] 2025/11/16 17:53:31 - 浮点解 (27颗卫星)
  ECEF: X=-1627384.8797 Y=5410143.1154 Z=2952422.1964
  LLH:  Lat=27.749334223° Lon=106.741421236° H=1013.7530m
  原始数据:
2025/11/16 09:53:49.000   27.749334223  106.741421236  1013.7530   2  27   0.1710   0.1574   0.4525  -0.0685   0.0794  -0.1400  11.00    1.0 8516427

[TCP数据流] 2025/11/16 17:53:32 - 浮点解 (27颗卫星)
  ECEF: X=-1627384.8713 Y=5410143.0561 Z=2952422.1509
  LLH:  Lat=27.749334108° Lon=106.741421328° H=1013.6795m
  原始数据:
2025/11/16 09:53:50.000   27.749334108  106.741421328  1013.6795   2  27   0.1666   0.1533   0.4405  -0.0667   0.0772  -0.1364  12.00    2.8 8516427

[TCP数据流] 2025/11/16 17:53:33 - 浮点解 (27颗卫星)
  ECEF: X=-1627384.8175 Y=5410142.9513 Z=2952422.1043
  LLH:  Lat=27.749334223° Lon=106.741421112° H=1013.5552m
  原始数据:
2025/11/16 09:53:51.000   27.749334223  106.741421112  1013.5552   2  27   0.1625   0.1496   0.4295  -0.0651   0.0753  -0.1330  13.00    2.3 8516427

[TCP数据流] 2025/11/16 17:53:34 - 浮点解 (27颗卫星)
  ECEF: X=-1627384.7398 Y=5410142.7961 Z=2952422.0385
  LLH:  Lat=27.749334416° Lon=106.741420810° H=1013.3732m
  原始数据:
2025/11/16 09:53:52.000   27.749334416  106.741420810  1013.3732   2  27   0.1586   0.1462   0.4192  -0.0636   0.0735  -0.1298  14.00    2.1 8516427

[TCP数据流] 2025/11/16 17:53:35 - 浮点解 (27颗卫星)
  ECEF: X=-1627384.7341 Y=5410142.7241 Z=2952421.9629
  LLH:  Lat=27.749334109° Lon=106.741420965° H=1013.2756m
  原始数据:
2025/11/16 09:53:53.000   27.749334109  106.741420965  1013.2756   2  27   0.1550   0.1429   0.4096  -0.0622   0.0719  -0.1268  15.00    1.4 8516427

[TCP数据流] 2025/11/16 17:53:36 - 浮点解 (27颗卫星)
  ECEF: X=-1627384.7394 Y=5410142.6815 Z=2952421.9160
  LLH:  Lat=27.749333899° Lon=106.741421141° H=1013.2190m
  原始数据:
2025/11/16 09:53:54.000   27.749333899  106.741421141  1013.2190   2  27   0.1517   0.1399   0.4006  -0.0608   0.0703  -0.1240  16.00    1.4 8516427

[TCP数据流] 2025/11/16 17:53:37 - 浮点解 (27颗卫星)
  ECEF: X=-1627384.7320 Y=5410142.6409 Z=2952421.8716
  LLH:  Lat=27.749333717° Lon=106.741421188° H=1013.1620m
  原始数据:
2025/11/16 09:53:55.000   27.749333717  106.741421188  1013.1620   2  27   0.1486   0.1370   0.3923  -0.0596   0.0688  -0.1214  17.00    1.5 8516427

[TCP数据流] 2025/11/16 17:53:38 - 浮点解 (27颗卫星)
  ECEF: X=-1627384.7123 Y=5410142.6285 Z=2952421.8520
  LLH:  Lat=27.749333634° Lon=106.741421033° H=1013.1374m
  原始数据:
2025/11/16 09:53:56.000   27.749333634  106.741421033  1013.1374   2  27   0.1456   0.1344   0.3845  -0.0584   0.0675  -0.1191  18.00    2.1 8516427

[TCP数据流] 2025/11/16 17:53:39 - 浮点解 (27颗卫星)
  ECEF: X=-1627384.6950 Y=5410142.5855 Z=2952421.8073
  LLH:  Lat=27.749333471° Lon=106.741420990° H=1013.0757m
  原始数据:
2025/11/16 09:53:57.000   27.749333471  106.741420990  1013.0757   2  27   0.1429   0.1318   0.3771  -0.0573   0.0662  -0.1168  19.00    2.3 8516427

[TCP数据流] 2025/11/16 17:53:40 - 浮点解 (27颗卫星)
  ECEF: X=-1627384.6687 Y=5410142.5305 Z=2952421.7484
  LLH:  Lat=27.749333254° Lon=106.741420896° H=1012.9950m
  原始数据:
2025/11/16 09:53:58.000   27.749333254  106.741420896  1012.9950   2  27   0.1403   0.1295   0.3701  -0.0563   0.0649  -0.1147  20.00    1.9 8516427

[TCP数据流] 2025/11/16 17:53:41 - 浮点解 (27颗卫星)
  ECEF: X=-1627384.6599 Y=5410142.5165 Z=2952421.7265
  LLH:  Lat=27.749333146° Lon=106.741420851° H=1012.9706m
  原始数据:
2025/11/16 09:53:59.000   27.749333146  106.741420851  1012.9706   2  27   0.1378   0.1272   0.3635  -0.0553   0.0638  -0.1126  21.00    1.2 8516427

[TCP数据流] 2025/11/16 17:53:42 - 浮点解 (27颗卫星)
  ECEF: X=-1627384.6605 Y=5410142.4740 Z=2952421.7133
  LLH:  Lat=27.749333211° Lon=106.741420981° H=1012.9287m
  原始数据:
2025/11/16 09:54:00.000   27.749333211  106.741420981  1012.9287   2  27   0.1354   0.1250   0.3572  -0.0543   0.0627  -0.1107  22.00    1.2 8516427

[TCP数据流] 2025/11/16 17:53:43 - 浮点解 (27颗卫星)
  ECEF: X=-1627384.6640 Y=5410142.4486 Z=2952421.7070
  LLH:  Lat=27.749333259° Lon=106.741421089° H=1012.9051m
  原始数据:
2025/11/16 09:54:01.000   27.749333259  106.741421089  1012.9051   2  27   0.1332   0.1230   0.3512  -0.0534   0.0616  -0.1088  23.00    1.1 8516427

[TCP数据流] 2025/11/16 17:53:44 - 浮点解 (27颗卫星)
  ECEF: X=-1627384.6465 Y=5410142.3985 Z=2952421.6849
  LLH:  Lat=27.749333305° Lon=106.741421066° H=1012.8479m
  原始数据:
2025/11/16 09:54:02.000   27.749333305  106.741421066  1012.8479   2  27   0.1310   0.1210   0.3454  -0.0525   0.0607  -0.1070  24.00    2.0 8516427

[TCP数据流] 2025/11/16 17:53:45 - 浮点解 (27颗卫星)
  ECEF: X=-1627384.6110 Y=5410142.3223 Z=2952421.6389
  LLH:  Lat=27.749333287° Lon=106.741420944° H=1012.7528m
  原始数据:
2025/11/16 09:54:03.000   27.749333287  106.741420944  1012.7528   2  27   0.1290   0.1192   0.3401  -0.0517   0.0597  -0.1053  25.00    1.9 8516427

[TCP数据流] 2025/11/16 17:53:46 - 浮点解 (27颗卫星)
  ECEF: X=-1627384.5795 Y=5410142.2583 Z=2952421.5940
  LLH:  Lat=27.749333224° Lon=106.741420825° H=1012.6697m
  原始数据:
2025/11/16 09:54:04.000   27.749333224  106.741420825  1012.6697   2  27   0.1271   0.1174   0.3349  -0.0510   0.0588  -0.1037  26.00    1.4 8516427

[TCP数据流] 2025/11/16 17:53:47 - 浮点解 (27颗卫星)
  ECEF: X=-1627384.5647 Y=5410142.2194 Z=2952421.5696
  LLH:  Lat=27.749333204° Lon=106.741420794° H=1012.6216m
  原始数据:
2025/11/16 09:54:05.000   27.749333204  106.741420794  1012.6216   2  27   0.1252   0.1157   0.3299  -0.0502   0.0580  -0.1022  27.00    1.8 8516427

[TCP数据流] 2025/11/16 17:53:48 - 浮点解 (27颗卫星)
  ECEF: X=-1627384.5440 Y=5410142.1825 Z=2952421.5314
  LLH:  Lat=27.749333072° Lon=106.741420701° H=1012.5672m
  原始数据:
2025/11/16 09:54:06.000   27.749333072  106.741420701  1012.5672   2  27   0.1234   0.1141   0.3252  -0.0495   0.0571  -0.1008  28.00    1.1 8516427

[TCP数据流] 2025/11/16 17:53:49 - 浮点解 (27颗卫星)
  ECEF: X=-1627384.5217 Y=5410142.1288 Z=2952421.4961
  LLH:  Lat=27.749333033° Lon=106.741420642° H=1012.4996m
  原始数据:
2025/11/16 09:54:07.000   27.749333033  106.741420642  1012.4996   2  27   0.1217   0.1125   0.3207  -0.0488   0.0564  -0.0994  29.00    1.0 8516427

[TCP数据流] 2025/11/16 17:53:50 - 浮点解 (27颗卫星)
  ECEF: X=-1627384.5059 Y=5410142.0976 Z=2952421.4826
  LLH:  Lat=27.749333070° Lon=106.741420579° H=1012.4628m
  原始数据:
2025/11/16 09:54:08.000   27.749333070  106.741420579  1012.4628   2  27   0.1201   0.1110   0.3163  -0.0482   0.0556  -0.0980  30.00    1.1 8516427

[TCP数据流] 2025/11/16 17:53:53 - 浮点解 (27颗卫星)
  ECEF: X=-1627384.6258 Y=5410142.5048 Z=2952421.7153
  LLH:  Lat=27.749333145° Lon=106.741420554° H=1012.9468m
  原始数据:
2025/11/16 09:54:11.000   27.749333145  106.741420554  1012.9468   2  27   0.1172   0.1093   0.3016  -0.0470   0.0543  -0.0938   0.00    1.1 8516427

[TCP数据流] 2025/11/16 17:53:54 - 浮点解 (27颗卫星)
  ECEF: X=-1627384.7246 Y=5410142.8191 Z=2952421.8920
  LLH:  Lat=27.749333172° Lon=106.741420595° H=1013.3207m
  原始数据:
2025/11/16 09:54:12.000   27.749333172  106.741420595  1013.3207   2  27   0.1147   0.1078   0.2894  -0.0460   0.0531  -0.0902   0.00    1.2 8516427

[TCP数据流] 2025/11/16 17:53:55 - 浮点解 (27颗卫星)
  ECEF: X=-1627384.7865 Y=5410143.0464 Z=2952422.0377
  LLH:  Lat=27.749333346° Lon=106.741420533° H=1013.5969m
  原始数据:
2025/11/16 09:54:13.000   27.749333346  106.741420533  1013.5969   2  27   0.1123   0.1062   0.2789  -0.0450   0.0521  -0.0872   0.00    1.3 8516427

[TCP数据流] 2025/11/16 17:53:56 - 浮点解 (27颗卫星)
  ECEF: X=-1627384.8391 Y=5410143.2134 Z=2952422.1483
  LLH:  Lat=27.749333494° Lon=106.741420556° H=1013.8034m
  原始数据:
2025/11/16 09:54:14.000   27.749333494  106.741420556  1013.8034   2  27   0.1102   0.1048   0.2698  -0.0442   0.0512  -0.0846   0.00    1.2 8516427

[TCP数据流] 2025/11/16 17:53:57 - 浮点解 (27颗卫星)
  ECEF: X=-1627384.8782 Y=5410143.3741 Z=2952422.2585
  LLH:  Lat=27.749333680° Lon=106.741420466° H=1014.0008m
  原始数据:
2025/11/16 09:54:15.000   27.749333680  106.741420466  1014.0008   2  27   0.1082   0.1034   0.2617  -0.0433   0.0503  -0.0823   0.00    1.3 8516427

[TCP数据流] 2025/11/16 17:53:58 - 浮点解 (27颗卫星)
  ECEF: X=-1627384.9249 Y=5410143.5158 Z=2952422.3481
  LLH:  Lat=27.749333769° Lon=106.741420506° H=1014.1745m
  原始数据:
2025/11/16 09:54:16.000   27.749333769  106.741420506  1014.1745   2  27   0.1063   0.1021   0.2545  -0.0426   0.0495  -0.0803   0.00    1.1 8516427

[TCP数据流] 2025/11/16 17:53:59 - 浮点解 (21颗卫星)
  ECEF: X=-1627384.9407 Y=5410143.6002 Z=2952422.3879
  LLH:  Lat=27.749333728° Lon=106.741420412° H=1014.2686m
  原始数据:
2025/11/16 09:54:17.000   27.749333728  106.741420412  1014.2686   2  21   0.1052   0.1014   0.2495  -0.0422   0.0486  -0.0784   0.00    1.2 8516427

[TCP数据流] 2025/11/16 17:54:00 - 浮点解 (27颗卫星)
  ECEF: X=-1627384.9883 Y=5410143.7276 Z=2952422.4643
  LLH:  Lat=27.749333768° Lon=106.741420503° H=1014.4243m
  原始数据:
2025/11/16 09:54:18.000   27.749333768  106.741420503  1014.4243   2  27   0.1035   0.1001   0.2434  -0.0414   0.0478  -0.0769   0.00    1.1 8516427

[TCP数据流] 2025/11/16 17:54:01 - 浮点解 (27颗卫星)
  ECEF: X=-1627385.0165 Y=5410143.8332 Z=2952422.5308
  LLH:  Lat=27.749333840° Lon=106.741420468° H=1014.5520m
  原始数据:
2025/11/16 09:54:19.000   27.749333840  106.741420468  1014.5520   2  27   0.1020   0.0989   0.2378  -0.0407   0.0471  -0.0755   0.00    1.0 8516427

[TCP数据流] 2025/11/16 17:54:02 - 浮点解 (27颗卫星)
  ECEF: X=-1627385.0203 Y=5410143.8754 Z=2952422.5645
  LLH:  Lat=27.749333935° Lon=106.741420381° H=1014.6044m
  原始数据:
2025/11/16 09:54:20.000   27.749333935  106.741420381  1014.6044   2  27   0.1005   0.0978   0.2327  -0.0400   0.0464  -0.0742   1.00    1.0 8516427

[TCP数据流] 2025/11/16 17:54:03 - 浮点解 (21颗卫星)
  ECEF: X=-1627385.0060 Y=5410143.8835 Z=2952422.5711
  LLH:  Lat=27.749333972° Lon=106.741420219° H=1014.6106m
  原始数据:
2025/11/16 09:54:21.000   27.749333972  106.741420219  1014.6106   2  21   0.0996   0.0972   0.2294  -0.0397   0.0457  -0.0730   2.00    1.3 8516427

[TCP数据流] 2025/11/16 17:54:04 - 浮点解 (27颗卫星)
  ECEF: X=-1627385.0185 Y=5410143.9044 Z=2952422.5831
  LLH:  Lat=27.749333969° Lon=106.741420279° H=1014.6371m
  原始数据:
2025/11/16 09:54:22.000   27.749333969  106.741420279  1014.6371   2  27   0.0983   0.0961   0.2254  -0.0391   0.0451  -0.0721   3.00    1.0 8516427

[TCP数据流] 2025/11/16 17:54:05 - 浮点解 (22颗卫星)
  ECEF: X=-1627385.0348 Y=5410143.9208 Z=2952422.5876
  LLH:  Lat=27.749333919° Lon=106.741420390° H=1014.6573m
  原始数据:
2025/11/16 09:54:23.000   27.749333919  106.741420390  1014.6573   2  22   0.0975   0.0952   0.2234  -0.0386   0.0447  -0.0718   4.00    1.4 8516427

[TCP数据流] 2025/11/16 17:54:06 - 浮点解 (27颗卫星)
  ECEF: X=-1627385.0469 Y=5410143.9151 Z=2952422.5752
  LLH:  Lat=27.749333828° Lon=106.741420524° H=1014.6498m
  原始数据:
2025/11/16 09:54:24.000   27.749333828  106.741420524  1014.6498   2  27   0.0964   0.0943   0.2204  -0.0381   0.0442  -0.0711   5.00    1.1 8516427

[TCP数据流] 2025/11/16 17:54:07 - 浮点解 (28颗卫星)
  ECEF: X=-1627385.0456 Y=5410143.8941 Z=2952422.5616
  LLH:  Lat=27.749333806° Lon=106.741420573° H=1014.6253m
  原始数据:
2025/11/16 09:54:25.000   27.749333806  106.741420573  1014.6253   2  28   0.0954   0.0933   0.2177  -0.0376   0.0436  -0.0704   6.00    1.0 8516427

[TCP数据流] 2025/11/16 17:54:09 - 浮点解 (29颗卫星)
  ECEF: X=-1627385.0250 Y=5410143.8333 Z=2952422.5304
  LLH:  Lat=27.749333826° Lon=106.741420550° H=1014.5540m
  原始数据:
2025/11/16 09:54:27.000   27.749333826  106.741420550  1014.5540   2  29   0.0945   0.0925   0.2154  -0.0372   0.0431  -0.0699   8.00    1.0 8516427

[TCP数据流] 2025/11/16 17:54:10 - 浮点解 (22颗卫星)
  ECEF: X=-1627385.0351 Y=5410143.8154 Z=2952422.5134
  LLH:  Lat=27.749333750° Lon=106.741420701° H=1014.5335m
  原始数据:
2025/11/16 09:54:28.000   27.749333750  106.741420701  1014.5335   2  22   0.0938   0.0917   0.2137  -0.0370   0.0428  -0.0697   9.00    1.1 8516427

[TCP数据流] 2025/11/16 17:54:11 - 浮点解 (28颗卫星)
  ECEF: X=-1627385.0264 Y=5410143.7621 Z=2952422.4910
  LLH:  Lat=27.749333796° Lon=106.741420772° H=1014.4757m
  原始数据:
2025/11/16 09:54:29.000   27.749333796  106.741420772  1014.4757   2  28   0.0930   0.0909   0.2117  -0.0366   0.0424  -0.0691  10.00    1.0 8516427

[TCP数据流] 2025/11/16 17:54:12 - 浮点解 (29颗卫星)
  ECEF: X=-1627385.0052 Y=5410143.6969 Z=2952422.4803
  LLH:  Lat=27.749333999° Lon=106.741420756° H=1014.4100m
  原始数据:
2025/11/16 09:54:30.000   27.749333999  106.741420756  1014.4100   2  29   0.0922   0.0901   0.2099  -0.0362   0.0419  -0.0687  11.00    1.1 8516427

[TCP数据流] 2025/11/16 17:54:13 - 浮点解 (29颗卫星)
  ECEF: X=-1627384.9901 Y=5410143.6429 Z=2952422.4573
  LLH:  Lat=27.749334051° Lon=106.741420768° H=1014.3497m
  原始数据:
2025/11/16 09:54:31.000   27.749334051  106.741420768  1014.3497   2  29   0.0914   0.0893   0.2082  -0.0359   0.0415  -0.0682  12.00    1.1 8516427

[TCP数据流] 2025/11/16 17:54:14 - 浮点解 (29颗卫星)
  ECEF: X=-1627384.9799 Y=5410143.5941 Z=2952422.4280
  LLH:  Lat=27.749334025° Lon=106.741420811° H=1014.2921m
  原始数据:
2025/11/16 09:54:32.000   27.749334025  106.741420811  1014.2921   2  29   0.0906   0.0885   0.2066  -0.0355   0.0411  -0.0677  13.00    1.1 8516427

[TCP数据流] 2025/11/16 17:54:15 - 浮点解 (29颗卫星)
  ECEF: X=-1627384.9788 Y=5410143.5614 Z=2952422.4096
  LLH:  Lat=27.749334011° Lon=106.741420896° H=1014.2555m
  原始数据:
2025/11/16 09:54:33.000   27.749334011  106.741420896  1014.2555   2  29   0.0899   0.0878   0.2050  -0.0352   0.0407  -0.0673  14.00    1.1 8516427

[TCP数据流] 2025/11/16 17:54:16 - 浮点解 (29颗卫星)
  ECEF: X=-1627384.9806 Y=5410143.5270 Z=2952422.3856
  LLH:  Lat=27.749333956° Lon=106.741421014° H=1014.2157m
  原始数据:
2025/11/16 09:54:34.000   27.749333956  106.741421014  1014.2157   2  29   0.0892   0.0871   0.2036  -0.0349   0.0403  -0.0669  15.00    1.1 8516427

[TCP数据流] 2025/11/16 17:54:17 - 浮点解 (29颗卫星)
  ECEF: X=-1627384.9846 Y=5410143.5004 Z=2952422.3688
  LLH:  Lat=27.749333924° Lon=106.741421130° H=1014.1863m
  原始数据:
2025/11/16 09:54:35.000   27.749333924  106.741421130  1014.1863   2  29   0.0885   0.0864   0.2021  -0.0346   0.0399  -0.0665  16.00    1.1 8516427

[TCP数据流] 2025/11/16 17:54:18 - 浮点解 (29颗卫星)
  ECEF: X=-1627384.9869 Y=5410143.4548 Z=2952422.3356
  LLH:  Lat=27.749333839° Lon=106.741421286° H=1014.1328m
  原始数据:
2025/11/16 09:54:36.000   27.749333839  106.741421286  1014.1328   2  29   0.0878   0.0857   0.2008  -0.0343   0.0396  -0.0661  17.00    1.1 8516427

[TCP数据流] 2025/11/16 17:54:19 - 浮点解 (29颗卫星)
  ECEF: X=-1627384.9879 Y=5410143.4214 Z=2952422.3131
  LLH:  Lat=27.749333793° Lon=106.741421393° H=1014.0943m
  原始数据:
2025/11/16 09:54:37.000   27.749333793  106.741421393  1014.0943   2  29   0.0872   0.0850   0.1995  -0.0340   0.0392  -0.0657  18.00    1.1 8516427

[TCP数据流] 2025/11/16 17:54:20 - 浮点解 (29颗卫星)
  ECEF: X=-1627384.9998 Y=5410143.3969 Z=2952422.3020
  LLH:  Lat=27.749333788° Lon=106.741421580° H=1014.0714m
  原始数据:
2025/11/16 09:54:38.000   27.749333788  106.741421580  1014.0714   2  29   0.0866   0.0844   0.1982  -0.0337   0.0388  -0.0654  19.00    1.1 8516427

[TCP数据流] 2025/11/16 17:54:21 - 浮点解 (29颗卫星)
  ECEF: X=-1627385.0084 Y=5410143.3735 Z=2952422.2888
  LLH:  Lat=27.749333767° Lon=106.741421732° H=1014.0476m
  原始数据:
2025/11/16 09:54:39.000   27.749333767  106.741421732  1014.0476   2  29   0.0860   0.0837   0.1970  -0.0334   0.0385  -0.0650  20.00    1.0 8516427

[TCP数据流] 2025/11/16 17:54:22 - 浮点解 (29颗卫星)
  ECEF: X=-1627385.0114 Y=5410143.3471 Z=2952422.2726
  LLH:  Lat=27.749333740° Lon=106.741421838° H=1014.0185m
  原始数据:
2025/11/16 09:54:40.000   27.749333740  106.741421838  1014.0185   2  29   0.0854   0.0831   0.1958  -0.0332   0.0382  -0.0647  21.00    1.2 8516427

[TCP数据流] 2025/11/16 17:54:23 - 浮点解 (29颗卫星)
  ECEF: X=-1627384.9996 Y=5410143.3093 Z=2952422.2498
  LLH:  Lat=27.749333724° Lon=106.741421834° H=1013.9728m
  原始数据:
2025/11/16 09:54:41.000   27.749333724  106.741421834  1013.9728   2  29   0.0848   0.0825   0.1946  -0.0329   0.0379  -0.0643  22.00    1.1 8516427

[TCP数据流] 2025/11/16 17:54:24 - 浮点解 (30颗卫星)
  ECEF: X=-1627384.9850 Y=5410143.2678 Z=2952422.2323
  LLH:  Lat=27.749333769° Lon=106.741421814° H=1013.9258m
  原始数据:
2025/11/16 09:54:42.000   27.749333769  106.741421814  1013.9258   2  30   0.0842   0.0819   0.1935  -0.0327   0.0375  -0.0640  23.00    1.0 8516427

[TCP数据流] 2025/11/16 17:54:25 - 浮点解 (30颗卫星)
  ECEF: X=-1627384.9681 Y=5410143.2187 Z=2952422.2184
  LLH:  Lat=27.749333876° Lon=106.741421793° H=1013.8734m
  原始数据:
2025/11/16 09:54:43.000   27.749333876  106.741421793  1013.8734   2  30   0.0837   0.0813   0.1924  -0.0324   0.0372  -0.0636  24.00    1.0 8516427

[TCP数据流] 2025/11/16 17:54:26 - 浮点解 (29颗卫星)
  ECEF: X=-1627384.9564 Y=5410143.1777 Z=2952422.2051
  LLH:  Lat=27.749333949° Lon=106.741421799° H=1013.8294m
  原始数据:
2025/11/16 09:54:44.000   27.749333949  106.741421799  1013.8294   2  29   0.0831   0.0807   0.1913  -0.0322   0.0369  -0.0633  25.00    1.1 8516427

[TCP数据流] 2025/11/16 17:54:27 - 浮点解 (30颗卫星)
  ECEF: X=-1627384.9406 Y=5410143.1354 Z=2952422.1954
  LLH:  Lat=27.749334061° Lon=106.741421769° H=1013.7851m
  原始数据:
2025/11/16 09:54:45.000   27.749334061  106.741421769  1013.7851   2  30   0.0826   0.0802   0.1903  -0.0320   0.0366  -0.0630  26.00    1.0 8516427

[TCP数据流] 2025/11/16 17:54:28 - 浮点解 (30颗卫星)
  ECEF: X=-1627384.9235 Y=5410143.0975 Z=2952422.1841
  LLH:  Lat=27.749334144° Lon=106.741421714° H=1013.7433m
  原始数据:
2025/11/16 09:54:46.000   27.749334144  106.741421714  1013.7433   2  30   0.0821   0.0796   0.1893  -0.0317   0.0364  -0.0627  27.00    1.0 8516427

[TCP数据流] 2025/11/16 17:54:29 - 浮点解 (30颗卫星)
  ECEF: X=-1627384.9068 Y=5410143.0630 Z=2952422.1656
  LLH:  Lat=27.749334155° Lon=106.741421652° H=1013.7012m
  原始数据:
2025/11/16 09:54:47.000   27.749334155  106.741421652  1013.7012   2  30   0.0816   0.0791   0.1883  -0.0315   0.0361  -0.0624  28.00    1.1 8516427

[TCP数据流] 2025/11/16 17:54:30 - 浮点解 (30颗卫星)
  ECEF: X=-1627384.8986 Y=5410143.0317 Z=2952422.1452
  LLH:  Lat=27.749334128° Lon=106.741421664° H=1013.6631m
  原始数据:
2025/11/16 09:54:48.000   27.749334128  106.741421664  1013.6631   2  30   0.0811   0.0786   0.1873  -0.0313   0.0358  -0.0621  29.00    1.0 8516427

[TCP数据流] 2025/11/16 17:54:31 - 浮点解 (30颗卫星)
  ECEF: X=-1627384.8961 Y=5410143.0160 Z=2952422.1352
  LLH:  Lat=27.749334114° Lon=106.741421686° H=1013.6445m
  原始数据:
2025/11/16 09:54:49.000   27.749334114  106.741421686  1013.6445   2  30   0.0806   0.0781   0.1863  -0.0311   0.0355  -0.0618  30.00    1.0 8516427

[TCP数据流] 2025/11/16 17:54:52 - 浮点解 (23颗卫星)
  ECEF: X=-1627385.1189 Y=5410143.6972 Z=2952422.4486
  LLH:  Lat=27.749333607° Lon=106.741421860° H=1014.4245m
  原始数据:
2025/11/16 09:55:10.000   27.749333607  106.741421860  1014.4245   2  23   0.0763   0.0764   0.1665  -0.0293   0.0343  -0.0556   1.00    1.5 8516427

[TCP数据流] 2025/11/16 17:54:54 - 浮点解 (31颗卫星)
  ECEF: X=-1627385.1754 Y=5410143.8567 Z=2952422.5023
  LLH:  Lat=27.749333326° Lon=106.741421942° H=1014.5991m
  原始数据:
2025/11/16 09:55:12.000   27.749333326  106.741421942  1014.5991   2  31   0.0747   0.0757   0.1598  -0.0286   0.0337  -0.0537   3.00    1.1 8516427

[TCP数据流] 2025/11/16 17:54:55 - 浮点解 (16颗卫星)
  ECEF: X=-1627385.1851 Y=5410143.8964 Z=2952422.5043
  LLH:  Lat=27.749333170° Lon=106.741421921° H=1014.6362m
  原始数据:
2025/11/16 09:55:13.000   27.749333170  106.741421921  1014.6362   2  16   0.0741   0.0754   0.1569  -0.0283   0.0333  -0.0522   4.00    1.1 8516427

[TCP数据流] 2025/11/16 17:54:56 - 浮点解 (17颗卫星)
  ECEF: X=-1627385.1978 Y=5410143.9191 Z=2952422.5023
  LLH:  Lat=27.749333047° Lon=106.741421978° H=1014.6577m
  原始数据:
2025/11/16 09:55:14.000   27.749333047  106.741421978  1014.6577   2  17   0.0735   0.0749   0.1555  -0.0281   0.0333  -0.0525   5.00    1.1 8516427

[TCP数据流] 2025/11/16 17:55:00 - 浮点解 (17颗卫星)
  ECEF: X=-1627385.1922 Y=5410143.9137 Z=2952422.4970
  LLH:  Lat=27.749333034° Lon=106.741421939° H=1014.6492m
  原始数据:
2025/11/16 09:55:18.000   27.749333034  106.741421939  1014.6492   2  17   0.0734   0.0747   0.1548  -0.0280   0.0332  -0.0524   9.00    1.2 8516427

[TCP数据流] 2025/11/16 17:55:03 - 浮点解 (30颗卫星)
  ECEF: X=-1627385.2732 Y=5410144.1985 Z=2952422.6345
  LLH:  Lat=27.749332888° Lon=106.741421894° H=1014.9753m
  原始数据:
2025/11/16 09:55:21.000   27.749332888  106.741421894  1014.9753   2  30   0.0714   0.0739   0.1467  -0.0271   0.0325  -0.0498   0.00    1.1 8516427

[TCP数据流] 2025/11/16 17:55:04 - 浮点解 (17颗卫星)
  ECEF: X=-1627385.2946 Y=5410144.2890 Z=2952422.6774
  LLH:  Lat=27.749332840° Lon=106.741421837° H=1015.0774m
  原始数据:
2025/11/16 09:55:22.000   27.749332840  106.741421837  1015.0774   2  17   0.0706   0.0733   0.1447  -0.0268   0.0326  -0.0503   1.00    1.3 8516427

[TCP数据流] 2025/11/16 17:55:05 - 浮点解 (24颗卫星)
  ECEF: X=-1627385.3292 Y=5410144.3965 Z=2952422.7212
  LLH:  Lat=27.749332716° Lon=106.741421859° H=1015.1977m
  原始数据:
2025/11/16 09:55:23.000   27.749332716  106.741421859  1015.1977   2  24   0.0698   0.0727   0.1421  -0.0264   0.0325  -0.0503   2.00    1.4 8516427

[TCP数据流] 2025/11/16 17:55:06 - 浮点解 (24颗卫星)
  ECEF: X=-1627385.3527 Y=5410144.4606 Z=2952422.7423
  LLH:  Lat=27.749332598° Lon=106.741421900° H=1015.2678m
  原始数据:
2025/11/16 09:55:24.000   27.749332598  106.741421900  1015.2678   2  24   0.0691   0.0721   0.1399  -0.0261   0.0324  -0.0503   3.00    1.4 8516427

[TCP数据流] 2025/11/16 17:55:07 - 浮点解 (10颗卫星)
  ECEF: X=-1627385.3540 Y=5410144.4617 Z=2952422.7414
  LLH:  Lat=27.749332585° Lon=106.741421909° H=1015.2687m
  原始数据:
2025/11/16 09:55:25.000   27.749332585  106.741421909  1015.2687   2  10   0.0690   0.0720   0.1398  -0.0261   0.0324  -0.0504   4.00    1.2 8516427

[TCP数据流] 2025/11/16 17:55:08 - 浮点解 (23颗卫星)
  ECEF: X=-1627385.3753 Y=5410144.5011 Z=2952422.7350
  LLH:  Lat=27.749332349° Lon=106.741422001° H=1015.3045m
  原始数据:
2025/11/16 09:55:26.000   27.749332349  106.741422001  1015.3045   2  23   0.0681   0.0715   0.1369  -0.0256   0.0320  -0.0494   5.00    1.0 8516427

[TCP数据流] 2025/11/16 17:55:09 - 浮点解 (30颗卫星)
  ECEF: X=-1627385.3860 Y=5410144.5232 Z=2952422.7160
  LLH:  Lat=27.749332096° Lon=106.741422041° H=1015.3171m
  原始数据:
2025/11/16 09:55:27.000   27.749332096  106.741422041  1015.3171   2  30   0.0673   0.0709   0.1341  -0.0252   0.0316  -0.0484   6.00    1.0 8516427

[TCP数据流] 2025/11/16 17:55:10 - 浮点解 (24颗卫星)
  ECEF: X=-1627385.3844 Y=5410144.5099 Z=2952422.6924
  LLH:  Lat=27.749331963° Lon=106.741422064° H=1015.2945m
  原始数据:
2025/11/16 09:55:28.000   27.749331963  106.741422064  1015.2945   2  24   0.0668   0.0705   0.1330  -0.0250   0.0315  -0.0484   7.00    1.8 8516427

[TCP数据流] 2025/11/16 17:55:11 - 浮点解 (17颗卫星)
  ECEF: X=-1627385.3756 Y=5410144.4997 Z=2952422.6852
  LLH:  Lat=27.749331957° Lon=106.741422008° H=1015.2802m
  原始数据:
2025/11/16 09:55:29.000   27.749331957  106.741422008  1015.2802   2  17   0.0667   0.0703   0.1325  -0.0250   0.0314  -0.0482   8.00    1.2 8516427

[TCP数据流] 2025/11/16 17:55:12 - 浮点解 (23颗卫星)
  ECEF: X=-1627385.3839 Y=5410144.5095 Z=2952422.6686
  LLH:  Lat=27.749331775° Lon=106.741422060° H=1015.2829m
  原始数据:
2025/11/16 09:55:30.000   27.749331775  106.741422060  1015.2829   2  23   0.0662   0.0699   0.1311  -0.0247   0.0312  -0.0478   9.00    1.5 8516427

[TCP数据流] 2025/11/16 17:55:13 - 浮点解 (10颗卫星)
  ECEF: X=-1627385.3810 Y=5410144.5135 Z=2952422.6712
  LLH:  Lat=27.749331783° Lon=106.741422020° H=1015.2868m
  原始数据:
2025/11/16 09:55:31.000   27.749331783  106.741422020  1015.2868   2  10   0.0662   0.0698   0.1310  -0.0247   0.0311  -0.0478  10.00    1.1 8516427

[TCP数据流] 2025/11/16 17:55:14 - 浮点解 (24颗卫星)
  ECEF: X=-1627385.3709 Y=5410144.4803 Z=2952422.6384
  LLH:  Lat=27.749331667° Lon=106.741422019° H=1015.2408m
  原始数据:
2025/11/16 09:55:32.000   27.749331667  106.741422019  1015.2408   2  24   0.0659   0.0695   0.1303  -0.0245   0.0310  -0.0478  11.00    1.8 8516427

[TCP数据流] 2025/11/16 17:55:15 - 浮点解 (23颗卫星)
  ECEF: X=-1627385.3739 Y=5410144.4732 Z=2952422.6141
  LLH:  Lat=27.749331498° Lon=106.741422069° H=1015.2242m
  原始数据:
2025/11/16 09:55:33.000   27.749331498  106.741422069  1015.2242   2  23   0.0655   0.0691   0.1294  -0.0243   0.0308  -0.0474  12.00    1.5 8516427

[TCP数据流] 2025/11/16 17:55:16 - 浮点解 (17颗卫星)
  ECEF: X=-1627385.3669 Y=5410144.4620 Z=2952422.6074
  LLH:  Lat=27.749331498° Lon=106.741422034° H=1015.2098m
  原始数据:
2025/11/16 09:55:34.000   27.749331498  106.741422034  1015.2098   2  17   0.0654   0.0689   0.1291  -0.0243   0.0307  -0.0474  13.00    1.1 8516427

[TCP数据流] 2025/11/16 17:55:17 - 浮点解 (24颗卫星)
  ECEF: X=-1627385.3668 Y=5410144.4378 Z=2952422.5846
  LLH:  Lat=27.749331413° Lon=106.741422104° H=1015.1787m
  原始数据:
2025/11/16 09:55:35.000   27.749331413  106.741422104  1015.1787   2  24   0.0651   0.0686   0.1285  -0.0242   0.0306  -0.0473  14.00    1.5 8516427

[TCP数据流] 2025/11/16 17:55:19 - 浮点解 (24颗卫星)
  ECEF: X=-1627385.3584 Y=5410144.4117 Z=2952422.5595
  LLH:  Lat=27.749331328° Lon=106.741422098° H=1015.1427m
  原始数据:
2025/11/16 09:55:37.000   27.749331328  106.741422098  1015.1427   2  24   0.0649   0.0683   0.1281  -0.0240   0.0305  -0.0472  16.00    1.5 8516427

[TCP数据流] 2025/11/16 17:55:21 - 浮点解 (30颗卫星)
  ECEF: X=-1627385.3561 Y=5410144.3891 Z=2952422.5346
  LLH:  Lat=27.749331223° Lon=106.741422142° H=1015.1114m
  原始数据:
2025/11/16 09:55:39.000   27.749331223  106.741422142  1015.1114   2  30   0.0646   0.0679   0.1273  -0.0239   0.0303  -0.0469  18.00    1.0 8516427

[TCP数据流] 2025/11/16 17:55:23 - 浮点解 (30颗卫星)
  ECEF: X=-1627385.3560 Y=5410144.3684 Z=2952422.5125
  LLH:  Lat=27.749331130° Lon=106.741422202° H=1015.0835m
  原始数据:
2025/11/16 09:55:41.000   27.749331130  106.741422202  1015.0835   2  30   0.0642   0.0676   0.1267  -0.0237   0.0301  -0.0467  20.00    1.0 8516427

[TCP数据流] 2025/11/16 17:55:26 - 浮点解 (17颗卫星)
  ECEF: X=-1627385.3505 Y=5410144.3598 Z=2952422.5049
  LLH:  Lat=27.749331111° Lon=106.741422173° H=1015.0713m
  原始数据:
2025/11/16 09:55:44.000   27.749331111  106.741422173  1015.0713   2  17   0.0642   0.0674   0.1264  -0.0237   0.0300  -0.0466  23.00    1.1 8516427

[TCP数据流] 2025/11/16 17:55:29 - 浮点解 (24颗卫星)
  ECEF: X=-1627385.3444 Y=5410144.3398 Z=2952422.4877
  LLH:  Lat=27.749331061° Lon=106.741422172° H=1015.0448m
  原始数据:
2025/11/16 09:55:47.000   27.749331061  106.741422172  1015.0448   2  24   0.0640   0.0671   0.1261  -0.0236   0.0299  -0.0465  26.00    1.1 8516427

[TCP数据流] 2025/11/16 17:55:30 - 浮点解 (30颗卫星)
  ECEF: X=-1627385.3494 Y=5410144.3262 Z=2952422.4721
  LLH:  Lat=27.749330985° Lon=106.741422261° H=1015.0273m
  原始数据:
2025/11/16 09:55:48.000   27.749330985  106.741422261  1015.0273   2  30   0.0637   0.0668   0.1256  -0.0235   0.0297  -0.0463  27.00    1.0 8516427

[TCP数据流] 2025/11/16 17:55:31 - 浮点解 (23颗卫星)
  ECEF: X=-1627385.3510 Y=5410144.3229 Z=2952422.4645
  LLH:  Lat=27.749330936° Lon=106.741422286° H=1015.0214m
  原始数据:
2025/11/16 09:55:49.000   27.749330936  106.741422286  1015.0214   2  23   0.0635   0.0665   0.1252  -0.0234   0.0295  -0.0462  28.00    1.0 8516427

[TCP数据流] 2025/11/16 17:55:32 - 浮点解 (23颗卫星)
  ECEF: X=-1627385.3463 Y=5410144.3180 Z=2952422.4566
  LLH:  Lat=27.749330898° Lon=106.741422255° H=1015.0123m
  原始数据:
2025/11/16 09:55:50.000   27.749330898  106.741422255  1015.0123   2  23   0.0632   0.0662   0.1248  -0.0232   0.0294  -0.0461  29.00    1.0 8516427

[TCP数据流] 2025/11/16 17:55:33 - 浮点解 (10颗卫星)
  ECEF: X=-1627385.3421 Y=5410144.3230 Z=2952422.4579
  LLH:  Lat=27.749330893° Lon=106.741422199° H=1015.0161m
  原始数据:
2025/11/16 09:55:51.000   27.749330893  106.741422199  1015.0161   2  10   0.0632   0.0661   0.1247  -0.0232   0.0293  -0.0461  30.00    1.2 8516427

[TCP数据流] 2025/11/16 17:56:34 - 浮点解 (18颗卫星)
  ECEF: X=-1627385.4163 Y=5410144.6983 Z=2952422.6113
  LLH:  Lat=27.749330519° Lon=106.741421823° H=1015.4245m
  原始数据:
2025/11/16 09:56:52.000   27.749330519  106.741421823  1015.4245   2  18   0.0584   0.0655   0.1067  -0.0209   0.0274  -0.0335   0.00    1.0 8516427

[TCP数据流] 2025/11/16 17:56:36 - 浮点解 (18颗卫星)
  ECEF: X=-1627385.4329 Y=5410144.8112 Z=2952422.6634
  LLH:  Lat=27.749330460° Lon=106.741421655° H=1015.5487m
  原始数据:
2025/11/16 09:56:54.000   27.749330460  106.741421655  1015.5487   2  18   0.0566   0.0653   0.1006  -0.0199   0.0268  -0.0291   0.00    1.0 8516427

[TCP数据流] 2025/11/16 17:56:37 - 固定解 (10颗卫星)
  ECEF: X=-1627385.2792 Y=5410144.8662 Z=2952422.7221
  LLH:  Lat=27.749330894° Lon=106.741420002° H=1015.5834m
  原始数据:
2025/11/16 09:56:55.000   27.749330894  106.741420002  1015.5834   1  10   0.0447   0.0017   0.0241   0.0058   0.0045   0.0326   1.00    4.0 8516427

[TCP数据流] 2025/11/16 17:56:38 - 固定解 (17颗卫星)
  ECEF: X=-1627385.2792 Y=5410144.8661 Z=2952422.7303
  LLH:  Lat=27.749330960° Lon=106.741420002° H=1015.5872m
  原始数据:
2025/11/16 09:56:56.000   27.749330960  106.741420002  1015.5872   1  17   0.0441   0.0017   0.0237   0.0058   0.0045   0.0321   2.00    3.7 8516427

[TCP数据流] 2025/11/16 17:56:43 - 固定解 (17颗卫星)
  ECEF: X=-1627385.2791 Y=5410144.8660 Z=2952422.7295
  LLH:  Lat=27.749330954° Lon=106.741420001° H=1015.5867m
  原始数据:
2025/11/16 09:57:01.000   27.749330954  106.741420001  1015.5867   1  17   0.0438   0.0017   0.0236   0.0057   0.0045   0.0319   7.00    3.5 8516427

[TCP数据流] 2025/11/16 17:56:44 - 固定解 (10颗卫星)
  ECEF: X=-1627385.2791 Y=5410144.8661 Z=2952422.7303
  LLH:  Lat=27.749330960° Lon=106.741420001° H=1015.5871m
  原始数据:
2025/11/16 09:57:02.000   27.749330960  106.741420001  1015.5871   1  10   0.0437   0.0017   0.0235   0.0057   0.0044   0.0318   8.00    3.2 8516427

[TCP数据流] 2025/11/16 17:56:45 - 浮点解 (10颗卫星)
  ECEF: X=-1627385.4748 Y=5410144.9152 Z=2952422.7054
  LLH:  Lat=27.749330327° Lon=106.741421758° H=1015.6670m
  原始数据:
2025/11/16 09:57:03.000   27.749330327  106.741421758  1015.6670   2  10   0.0547   0.0646   0.0944  -0.0189   0.0262  -0.0251   9.00    2.9 8516427

[TCP数据流] 2025/11/16 17:56:46 - 浮点解 (17颗卫星)
  ECEF: X=-1627385.4762 Y=5410144.9115 Z=2952422.7024
  LLH:  Lat=27.749330316° Lon=106.741421782° H=1015.6628m
  原始数据:
2025/11/16 09:57:04.000   27.749330316  106.741421782  1015.6628   2  17   0.0545   0.0644   0.0939  -0.0188   0.0260  -0.0251  10.00    1.1 8516427

[TCP数据流] 2025/11/16 17:56:49 - 浮点解 (17颗卫星)
  ECEF: X=-1627385.4751 Y=5410144.9163 Z=2952422.7004
  LLH:  Lat=27.749330282° Lon=106.741421758° H=1015.6657m
  原始数据:
2025/11/16 09:57:07.000   27.749330282  106.741421758  1015.6657   2  17   0.0543   0.0643   0.0931  -0.0187   0.0259  -0.0247  13.00    1.0 8516427

[TCP数据流] 2025/11/16 17:56:50 - 浮点解 (10颗卫星)
  ECEF: X=-1627385.4738 Y=5410144.9184 Z=2952422.7025
  LLH:  Lat=27.749330292° Lon=106.741421739° H=1015.6681m
  原始数据:
2025/11/16 09:57:08.000   27.749330292  106.741421739  1015.6681   2  10   0.0543   0.0642   0.0931  -0.0187   0.0258  -0.0248  14.00    2.9 8516427

[TCP数据流] 2025/11/16 17:56:57 - 浮点解 (17颗卫星)
  ECEF: X=-1627385.4840 Y=5410144.9175 Z=2952422.6931
  LLH:  Lat=27.749330208° Lon=106.741421840° H=1015.6656m
  原始数据:
2025/11/16 09:57:15.000   27.749330208  106.741421840  1015.6656   2  17   0.0540   0.0639   0.0928  -0.0186   0.0258  -0.0250  21.00    1.1 8516427

[TCP数据流] 2025/11/16 17:56:58 - 浮点解 (10颗卫星)
  ECEF: X=-1627385.4820 Y=5410144.9168 Z=2952422.6920
  LLH:  Lat=27.749330205° Lon=106.741421823° H=1015.6640m
  原始数据:
2025/11/16 09:57:16.000   27.749330205  106.741421823  1015.6640   2  10   0.0540   0.0638   0.0928  -0.0186   0.0258  -0.0251  22.00    0.0 8516427

[TCP数据流] 2025/11/16 17:56:59 - 浮点解 (10颗卫星)
  ECEF: X=-1627385.4766 Y=5410144.9155 Z=2952422.6916
  LLH:  Lat=27.749330213° Lon=106.741421775° H=1015.6613m
  原始数据:
2025/11/16 09:57:17.000   27.749330213  106.741421775  1015.6613   2  10   0.0540   0.0637   0.0927  -0.0185   0.0257  -0.0251  23.00    2.7 8516427

[TCP数据流] 2025/11/16 17:57:00 - 浮点解 (17颗卫星)
  ECEF: X=-1627385.4672 Y=5410144.9026 Z=2952422.6820
  LLH:  Lat=27.749330200° Lon=106.741421721° H=1015.6435m
  原始数据:
2025/11/16 09:57:18.000   27.749330200  106.741421721  1015.6435   2  17   0.0539   0.0636   0.0925  -0.0185   0.0257  -0.0251  24.00    1.3 8516427

[TCP数据流] 2025/11/16 17:57:03 - 浮点解 (31颗卫星)
  ECEF: X=-1627385.4694 Y=5410144.8794 Z=2952422.6608
  LLH:  Lat=27.749330121° Lon=106.741421810° H=1015.6145m
  原始数据:
2025/11/16 09:57:21.000   27.749330121  106.741421810  1015.6145   2  31   0.0536   0.0633   0.0920  -0.0183   0.0255  -0.0251  27.00    1.0 8516427

[TCP数据流] 2025/11/16 18:01:33 - 浮点解 (10颗卫星)
  ECEF: X=-1627385.8322 Y=5410145.9429 Z=2952423.4985
  LLH:  Lat=27.749332093° Lon=106.741422227° H=1016.9984m
  原始数据:
2025/11/16 10:01:51.000   27.749332093  106.741422227  1016.9984   2  10   0.0351   0.0547   0.0510  -0.0072   0.0225  -0.0024   5.00    1.3 8516427

[TCP数据流] 2025/11/16 18:01:34 - 浮点解 (10颗卫星)
  ECEF: X=-1627385.8329 Y=5410145.9436 Z=2952423.4982
  LLH:  Lat=27.749332087° Lon=106.741422231° H=1016.9990m
  原始数据:
2025/11/16 10:01:52.000   27.749332087  106.741422231  1016.9990   2  10   0.0351   0.0546   0.0510  -0.0072   0.0225  -0.0025   6.00    1.3 8516427

[TCP数据流] 2025/11/16 18:01:35 - 浮点解 (17颗卫星)
  ECEF: X=-1627385.8352 Y=5410145.9619 Z=2952423.5241
  LLH:  Lat=27.749332217° Lon=106.741422200° H=1017.0271m
  原始数据:
2025/11/16 10:01:53.000   27.749332217  106.741422200  1017.0271   2  17   0.0343   0.0544   0.0490  -0.0064   0.0223   0.0050   7.00    1.5 8516427

[TCP数据流] 2025/11/16 18:01:36 - 浮点解 (17颗卫星)
  ECEF: X=-1627385.8349 Y=5410145.9738 Z=2952423.5420
  LLH:  Lat=27.749332313° Lon=106.741422163° H=1017.0455m
  原始数据:
2025/11/16 10:01:54.000   27.749332313  106.741422163  1017.0455   2  17   0.0336   0.0543   0.0475  -0.0058   0.0222   0.0066   8.00    1.6 8516427

[TCP数据流] 2025/11/16 18:01:39 - 浮点解 (17颗卫星)
  ECEF: X=-1627385.8344 Y=5410145.9771 Z=2952423.5513
  LLH:  Lat=27.749332374° Lon=106.741422148° H=1017.0525m
  原始数据:
2025/11/16 10:01:57.000   27.749332374  106.741422148  1017.0525   2  17   0.0332   0.0541   0.0466  -0.0054   0.0221   0.0073  11.00    1.1 8516427

[TCP数据流] 2025/11/16 18:01:40 - 浮点解 (10颗卫星)
  ECEF: X=-1627385.8343 Y=5410145.9780 Z=2952423.5503
  LLH:  Lat=27.749332363° Lon=106.741422145° H=1017.0528m
  原始数据:
2025/11/16 10:01:58.000   27.749332363  106.741422145  1017.0528   2  10   0.0332   0.0541   0.0466  -0.0054   0.0221   0.0072  12.00    1.2 8516427

[TCP数据流] 2025/11/16 18:01:41 - 浮点解 (10颗卫星)
  ECEF: X=-1627385.8362 Y=5410145.9794 Z=2952423.5511
  LLH:  Lat=27.749332361° Lon=106.741422159° H=1017.0548m
  原始数据:
2025/11/16 10:01:59.000   27.749332361  106.741422159  1017.0548   2  10   0.0332   0.0540   0.0466  -0.0054   0.0221   0.0072  13.00    1.0 8516427

[TCP数据流] 2025/11/16 18:01:43 - 浮点解 (17颗卫星)
  ECEF: X=-1627385.8317 Y=5410145.9792 Z=2952423.5543
  LLH:  Lat=27.749332393° Lon=106.741422116° H=1017.0550m
  原始数据:
2025/11/16 10:02:01.000   27.749332393  106.741422116  1017.0550   2  17   0.0330   0.0539   0.0461  -0.0052   0.0220   0.0075  15.00    1.2 8516427

[TCP数据流] 2025/11/16 18:01:46 - 浮点解 (17颗卫星)
  ECEF: X=-1627385.8314 Y=5410145.9784 Z=2952423.5568
  LLH:  Lat=27.749332417° Lon=106.741422115° H=1017.0554m
  原始数据:
2025/11/16 10:02:04.000   27.749332417  106.741422115  1017.0554   2  17   0.0329   0.0538   0.0458  -0.0050   0.0219   0.0077  18.00    1.3 8516427

[TCP数据流] 2025/11/16 18:01:48 - 浮点解 (23颗卫星)
  ECEF: X=-1627385.8419 Y=5410145.9690 Z=2952423.5406
  LLH:  Lat=27.749332312° Lon=106.741422245° H=1017.0426m
  原始数据:
2025/11/16 10:02:06.000   27.749332312  106.741422245  1017.0426   2  23   0.0326   0.0533   0.0455  -0.0048   0.0218   0.0072  20.00    1.0 8516427

[TCP数据流] 2025/11/16 18:01:49 - 浮点解 (17颗卫星)
  ECEF: X=-1627385.8408 Y=5410145.9670 Z=2952423.5406
  LLH:  Lat=27.749332322° Lon=106.741422240° H=1017.0406m
  原始数据:
2025/11/16 10:02:07.000   27.749332322  106.741422240  1017.0406   2  17   0.0325   0.0532   0.0453  -0.0046   0.0217   0.0074  21.00    1.1 8516427

[TCP数据流] 2025/11/16 18:01:50 - 浮点解 (17颗卫星)
  ECEF: X=-1627385.8405 Y=5410145.9651 Z=2952423.5410
  LLH:  Lat=27.749332333° Lon=106.741422242° H=1017.0391m
  原始数据:
2025/11/16 10:02:08.000   27.749332333  106.741422242  1017.0391   2  17   0.0323   0.0531   0.0450  -0.0046   0.0217   0.0075  22.00    1.4 8516427

[TCP数据流] 2025/11/16 18:01:51 - 浮点解 (10颗卫星)
  ECEF: X=-1627385.8397 Y=5410145.9659 Z=2952423.5404
  LLH:  Lat=27.749332326° Lon=106.741422232° H=1017.0393m
  原始数据:
2025/11/16 10:02:09.000   27.749332326  106.741422232  1017.0393   2  10   0.0323   0.0531   0.0450  -0.0046   0.0216   0.0075  23.00    1.1 8516427

[TCP数据流] 2025/11/16 18:01:52 - 浮点解 (23颗卫星)
  ECEF: X=-1627385.8464 Y=5410145.9566 Z=2952423.5271
  LLH:  Lat=27.749332249° Lon=106.741422325° H=1017.0269m
  原始数据:
2025/11/16 10:02:10.000   27.749332249  106.741422325  1017.0269   2  23   0.0321   0.0527   0.0449  -0.0044   0.0215   0.0071  24.00    1.0 8516427

[TCP数据流] 2025/11/16 18:01:54 - 浮点解 (17颗卫星)
  ECEF: X=-1627385.8442 Y=5410145.9544 Z=2952423.5256
  LLH:  Lat=27.749332248° Lon=106.741422309° H=1017.0238m
  原始数据:
2025/11/16 10:02:12.000   27.749332248  106.741422309  1017.0238   2  17   0.0321   0.0526   0.0447  -0.0043   0.0215   0.0072  26.00    1.0 8516427

[TCP数据流] 2025/11/16 18:01:55 - 浮点解 (17颗卫星)
  ECEF: X=-1627385.8438 Y=5410145.9524 Z=2952423.5246
  LLH:  Lat=27.749332249° Lon=106.741422312° H=1017.0215m
  原始数据:
2025/11/16 10:02:13.000   27.749332249  106.741422312  1017.0215   2  17   0.0320   0.0525   0.0445  -0.0043   0.0214   0.0073  27.00    1.1 8516427

[TCP数据流] 2025/11/16 18:02:36 - 浮点解 (31颗卫星)
  ECEF: X=-1627385.9873 Y=5410146.0105 Z=2952423.6712
  LLH:  Lat=27.749333012° Lon=106.741423535° H=1017.1756m
  原始数据:
2025/11/16 10:02:54.000   27.749333012  106.741423535  1017.1756   2  31   0.0228   0.0408   0.0354   0.0060   0.0193   0.0078   8.00    1.0 8516427

[TCP数据流] 2025/11/16 18:02:37 - 浮点解 (24颗卫星)
  ECEF: X=-1627385.9991 Y=5410146.0107 Z=2952423.6684
  LLH:  Lat=27.749332975° Lon=106.741423650° H=1017.1775m
  原始数据:
2025/11/16 10:02:55.000   27.749332975  106.741423650  1017.1775   2  24   0.0225   0.0402   0.0353   0.0061   0.0191   0.0076   9.00    1.1 8516427

[TCP数据流] 2025/11/16 18:02:38 - 浮点解 (24颗卫星)
  ECEF: X=-1627386.0097 Y=5410146.0113 Z=2952423.6658
  LLH:  Lat=27.749332939° Lon=106.741423751° H=1017.1795m
  原始数据:
2025/11/16 10:02:56.000   27.749332939  106.741423751  1017.1795   2  24   0.0223   0.0398   0.0351   0.0061   0.0190   0.0075  10.00    1.2 8516427

[TCP数据流] 2025/11/16 18:02:39 - 浮点解 (17颗卫星)
  ECEF: X=-1627386.0169 Y=5410146.0105 Z=2952423.6621
  LLH:  Lat=27.749332904° Lon=106.741423823° H=1017.1789m
  原始数据:
2025/11/16 10:02:57.000   27.749332904  106.741423823  1017.1789   2  17   0.0221   0.0393   0.0351   0.0061   0.0189   0.0073  11.00    1.2 8516427

[TCP数据流] 2025/11/16 18:02:41 - 浮点解 (17颗卫星)
  ECEF: X=-1627386.0203 Y=5410146.0100 Z=2952423.6585
  LLH:  Lat=27.749332873° Lon=106.741423857° H=1017.1777m
  原始数据:
2025/11/16 10:02:59.000   27.749332873  106.741423857  1017.1777   2  17   0.0220   0.0390   0.0350   0.0061   0.0188   0.0071  13.00    1.2 8516427

[TCP数据流] 2025/11/16 18:02:43 - 浮点解 (24颗卫星)
  ECEF: X=-1627386.0234 Y=5410146.0063 Z=2952423.6561
  LLH:  Lat=27.749332865° Lon=106.741423898° H=1017.1742m
  原始数据:
2025/11/16 10:03:01.000   27.749332865  106.741423898  1017.1742   2  24   0.0218   0.0388   0.0348   0.0061   0.0187   0.0071  15.00    1.0 8516427

[TCP数据流] 2025/11/16 18:02:44 - 浮点解 (31颗卫星)
  ECEF: X=-1627386.0281 Y=5410146.0037 Z=2952423.6552
  LLH:  Lat=27.749332862° Lon=106.741423951° H=1017.1728m
  原始数据:
2025/11/16 10:03:02.000   27.749332862  106.741423951  1017.1728   2  31   0.0216   0.0385   0.0345   0.0061   0.0185   0.0071  16.00    1.1 8516427

[TCP数据流] 2025/11/16 18:02:46 - 浮点解 (31颗卫星)
  ECEF: X=-1627386.0313 Y=5410146.0004 Z=2952423.6522
  LLH:  Lat=27.749332848° Lon=106.741423992° H=1017.1694m
  原始数据:
2025/11/16 10:03:04.000   27.749332848  106.741423992  1017.1694   2  31   0.0215   0.0383   0.0343   0.0061   0.0184   0.0071  18.00    1.1 8516427

[TCP数据流] 2025/11/16 18:02:47 - 浮点解 (24颗卫星)
  ECEF: X=-1627386.0324 Y=5410145.9968 Z=2952423.6482
  LLH:  Lat=27.749332829° Lon=106.741424013° H=1017.1648m
  原始数据:
2025/11/16 10:03:05.000   27.749332829  106.741424013  1017.1648   2  24   0.0214   0.0381   0.0342   0.0061   0.0183   0.0070  19.00    1.0 8516427

[TCP数据流] 2025/11/16 18:02:48 - 浮点解 (31颗卫星)
  ECEF: X=-1627386.0349 Y=5410145.9940 Z=2952423.6452
  LLH:  Lat=27.749332813° Lon=106.741424046° H=1017.1617m
  原始数据:
2025/11/16 10:03:06.000   27.749332813  106.741424046  1017.1617   2  31   0.0213   0.0379   0.0340   0.0061   0.0182   0.0070  20.00    1.1 8516427

[TCP数据流] 2025/11/16 18:02:49 - 浮点解 (17颗卫星)
  ECEF: X=-1627386.0361 Y=5410145.9947 Z=2952423.6455
  LLH:  Lat=27.749332811° Lon=106.741424055° H=1017.1627m
  原始数据:
2025/11/16 10:03:07.000   27.749332811  106.741424055  1017.1627   2  17   0.0213   0.0379   0.0340   0.0061   0.0182   0.0070  21.00    1.3 8516427

[TCP数据流] 2025/11/16 18:02:50 - 浮点解 (24颗卫星)
  ECEF: X=-1627386.0399 Y=5410145.9949 Z=2952423.6433
  LLH:  Lat=27.749332789° Lon=106.741424092° H=1017.1628m
  原始数据:
2025/11/16 10:03:08.000   27.749332789  106.741424092  1017.1628   2  24   0.0212   0.0377   0.0340   0.0061   0.0182   0.0070  22.00    1.2 8516427

[TCP数据流] 2025/11/16 18:02:52 - 浮点解 (31颗卫星)
  ECEF: X=-1627386.0414 Y=5410145.9929 Z=2952423.6412
  LLH:  Lat=27.749332778° Lon=106.741424112° H=1017.1605m
  原始数据:
2025/11/16 10:03:10.000   27.749332778  106.741424112  1017.1605   2  31   0.0211   0.0376   0.0338   0.0061   0.0181   0.0070  24.00    1.1 8516427

[TCP数据流] 2025/11/16 18:02:53 - 浮点解 (24颗卫星)
  ECEF: X=-1627386.0413 Y=5410145.9903 Z=2952423.6381
  LLH:  Lat=27.749332764° Lon=106.741424119° H=1017.1569m
  原始数据:
2025/11/16 10:03:11.000   27.749332764  106.741424119  1017.1569   2  24   0.0211   0.0375   0.0338   0.0061   0.0180   0.0069  25.00    1.0 8516427

[TCP数据流] 2025/11/16 18:02:54 - 浮点解 (17颗卫星)
  ECEF: X=-1627386.0430 Y=5410145.9900 Z=2952423.6357
  LLH:  Lat=27.749332744° Lon=106.741424136° H=1017.1559m
  原始数据:
2025/11/16 10:03:12.000   27.749332744  106.741424136  1017.1559   2  17   0.0210   0.0374   0.0337   0.0061   0.0180   0.0069  26.00    1.1 8516427

[TCP数据流] 2025/11/16 18:02:55 - 浮点解 (24颗卫星)
  ECEF: X=-1627386.0427 Y=5410145.9885 Z=2952423.6351
  LLH:  Lat=27.749332745° Lon=106.741424138° H=1017.1543m
  原始数据:
2025/11/16 10:03:13.000   27.749332745  106.741424138  1017.1543   2  24   0.0210   0.0373   0.0337   0.0061   0.0180   0.0069  27.00    1.0 8516427

[TCP数据流] 2025/11/16 18:02:56 - 浮点解 (31颗卫星)
  ECEF: X=-1627386.0440 Y=5410145.9865 Z=2952423.6323
  LLH:  Lat=27.749332730° Lon=106.741424156° H=1017.1516m
  原始数据:
2025/11/16 10:03:14.000   27.749332730  106.741424156  1017.1516   2  31   0.0209   0.0372   0.0336   0.0061   0.0179   0.0069  28.00    1.1 8516427

[TCP数据流] 2025/11/16 18:02:57 - 浮点解 (31颗卫星)
  ECEF: X=-1627386.0445 Y=5410145.9846 Z=2952423.6301
  LLH:  Lat=27.749332719° Lon=106.741424167° H=1017.1491m
  原始数据:
2025/11/16 10:03:15.000   27.749332719  106.741424167  1017.1491   2  31   0.0209   0.0371   0.0335   0.0061   0.0178   0.0069  29.00    1.1 8516427

[TCP数据流] 2025/11/16 18:02:58 - 浮点解 (31颗卫星)
  ECEF: X=-1627386.0441 Y=5410145.9822 Z=2952423.6271
  LLH:  Lat=27.749332705° Lon=106.741424170° H=1017.1456m
  原始数据:
2025/11/16 10:03:16.000   27.749332705  106.741424170  1017.1456   2  31   0.0208   0.0370   0.0334   0.0061   0.0178   0.0068  30.00    1.0 8516427

[TCP数据流] 2025/11/16 18:04:19 - 浮点解 (31颗卫星)
  ECEF: X=-1627386.1512 Y=5410146.0451 Z=2952423.8184
  LLH:  Lat=27.749333850° Lon=106.741425026° H=1017.3152m
  原始数据:
2025/11/16 10:04:37.000   27.749333850  106.741425026  1017.3152   2  31   0.0148   0.0276   0.0258   0.0057   0.0145   0.0058   8.00    1.1 8516427

[TCP数据流] 2025/11/16 18:04:20 - 浮点解 (31颗卫星)
  ECEF: X=-1627386.1549 Y=5410146.0469 Z=2952423.8192
  LLH:  Lat=27.749333845° Lon=106.741425057° H=1017.3181m
  原始数据:
2025/11/16 10:04:38.000   27.749333845  106.741425057  1017.3181   2  31   0.0147   0.0274   0.0256   0.0056   0.0144   0.0057   9.00    1.1 8516427

[TCP数据流] 2025/11/16 18:04:21 - 浮点解 (31颗卫星)
  ECEF: X=-1627386.1585 Y=5410146.0478 Z=2952423.8188
  LLH:  Lat=27.749333834° Lon=106.741425089° H=1017.3196m
  原始数据:
2025/11/16 10:04:39.000   27.749333834  106.741425089  1017.3196   2  31   0.0146   0.0272   0.0254   0.0056   0.0143   0.0057  10.00    1.1 8516427

[TCP数据流] 2025/11/16 18:04:22 - 浮点解 (31颗卫星)
  ECEF: X=-1627386.1618 Y=5410146.0484 Z=2952423.8188
  LLH:  Lat=27.749333827° Lon=106.741425120° H=1017.3209m
  原始数据:
2025/11/16 10:04:40.000   27.749333827  106.741425120  1017.3209   2  31   0.0145   0.0271   0.0252   0.0056   0.0142   0.0057  11.00    1.1 8516427

[TCP数据流] 2025/11/16 18:04:23 - 浮点解 (31颗卫星)
  ECEF: X=-1627386.1650 Y=5410146.0488 Z=2952423.8176
  LLH:  Lat=27.749333812° Lon=106.741425149° H=1017.3215m
  原始数据:
2025/11/16 10:04:41.000   27.749333812  106.741425149  1017.3215   2  31   0.0144   0.0270   0.0251   0.0056   0.0141   0.0056  12.00    1.0 8516427

[TCP数据流] 2025/11/16 18:04:24 - 浮点解 (31颗卫星)
  ECEF: X=-1627386.1674 Y=5410146.0491 Z=2952423.8166
  LLH:  Lat=27.749333800° Lon=106.741425172° H=1017.3219m
  原始数据:
2025/11/16 10:04:42.000   27.749333800  106.741425172  1017.3219   2  31   0.0143   0.0268   0.0250   0.0056   0.0140   0.0056  13.00    1.0 8516427

[TCP数据流] 2025/11/16 18:04:25 - 浮点解 (32颗卫星)
  ECEF: X=-1627386.1701 Y=5410146.0488 Z=2952423.8160
  LLH:  Lat=27.749333793° Lon=106.741425199° H=1017.3221m
  原始数据:
2025/11/16 10:04:43.000   27.749333793  106.741425199  1017.3221   2  32   0.0143   0.0267   0.0249   0.0056   0.0140   0.0056  14.00    1.0 8516427

[TCP数据流] 2025/11/16 18:04:26 - 浮点解 (32颗卫星)
  ECEF: X=-1627386.1731 Y=5410146.0486 Z=2952423.8151
  LLH:  Lat=27.749333783° Lon=106.741425229° H=1017.3223m
  原始数据:
2025/11/16 10:04:44.000   27.749333783  106.741425229  1017.3223   2  32   0.0142   0.0266   0.0248   0.0056   0.0139   0.0055  15.00    1.0 8516427

[TCP数据流] 2025/11/16 18:04:27 - 浮点解 (32颗卫星)
  ECEF: X=-1627386.1763 Y=5410146.0481 Z=2952423.8142
  LLH:  Lat=27.749333774° Lon=106.741425261° H=1017.3222m
  原始数据:
2025/11/16 10:04:45.000   27.749333774  106.741425261  1017.3222   2  32   0.0142   0.0266   0.0247   0.0055   0.0139   0.0055  16.00    1.0 8516427

[TCP数据流] 2025/11/16 18:04:28 - 浮点解 (32颗卫星)
  ECEF: X=-1627386.1788 Y=5410146.0475 Z=2952423.8132
  LLH:  Lat=27.749333765° Lon=106.741425287° H=1017.3219m
  原始数据:
2025/11/16 10:04:46.000   27.749333765  106.741425287  1017.3219   2  32   0.0141   0.0265   0.0246   0.0055   0.0138   0.0055  17.00    1.1 8516427

[TCP数据流] 2025/11/16 18:04:29 - 浮点解 (32颗卫星)
  ECEF: X=-1627386.1812 Y=5410146.0469 Z=2952423.8121
  LLH:  Lat=27.749333756° Lon=106.741425312° H=1017.3215m
  原始数据:
2025/11/16 10:04:47.000   27.749333756  106.741425312  1017.3215   2  32   0.0141   0.0264   0.0245   0.0055   0.0138   0.0055  18.00    1.1 8516427

[TCP数据流] 2025/11/16 18:04:30 - 浮点解 (32颗卫星)
  ECEF: X=-1627386.1832 Y=5410146.0463 Z=2952423.8111
  LLH:  Lat=27.749333748° Lon=106.741425333° H=1017.3210m
  原始数据:
2025/11/16 10:04:48.000   27.749333748  106.741425333  1017.3210   2  32   0.0141   0.0263   0.0245   0.0055   0.0137   0.0054  19.00    1.0 8516427

[TCP数据流] 2025/11/16 18:04:31 - 浮点解 (24颗卫星)
  ECEF: X=-1627386.1851 Y=5410146.0463 Z=2952423.8106
  LLH:  Lat=27.749333742° Lon=106.741425352° H=1017.3213m
  原始数据:
2025/11/16 10:04:49.000   27.749333742  106.741425352  1017.3213   2  24   0.0141   0.0263   0.0245   0.0055   0.0137   0.0054  20.00    1.1 8516427

[TCP数据流] 2025/11/16 18:04:32 - 浮点解 (24颗卫星)
  ECEF: X=-1627386.1878 Y=5410146.0462 Z=2952423.8101
  LLH:  Lat=27.749333735° Lon=106.741425378° H=1017.3217m
  原始数据:
2025/11/16 10:04:50.000   27.749333735  106.741425378  1017.3217   2  24   0.0140   0.0262   0.0245   0.0055   0.0137   0.0054  21.00    1.1 8516427

[TCP数据流] 2025/11/16 18:04:33 - 浮点解 (25颗卫星)
  ECEF: X=-1627386.1893 Y=5410146.0452 Z=2952423.8087
  LLH:  Lat=27.749333726° Lon=106.741425396° H=1017.3206m
  原始数据:
2025/11/16 10:04:51.000   27.749333726  106.741425396  1017.3206   2  25   0.0140   0.0262   0.0244   0.0055   0.0137   0.0054  22.00    1.0 8516427

[TCP数据流] 2025/11/16 18:04:35 - 浮点解 (18颗卫星)
  ECEF: X=-1627386.1885 Y=5410146.0443 Z=2952423.8076
  LLH:  Lat=27.749333722° Lon=106.741425391° H=1017.3191m
  原始数据:
2025/11/16 10:04:53.000   27.749333722  106.741425391  1017.3191   2  18   0.0140   0.0262   0.0244   0.0055   0.0137   0.0054  24.00    1.0 8516427

[TCP数据流] 2025/11/16 18:04:36 - 浮点解 (18颗卫星)
  ECEF: X=-1627386.1875 Y=5410146.0434 Z=2952423.8065
  LLH:  Lat=27.749333718° Lon=106.741425384° H=1017.3175m
  原始数据:
2025/11/16 10:04:54.000   27.749333718  106.741425384  1017.3175   2  18   0.0140   0.0262   0.0243   0.0055   0.0136   0.0054  25.00    1.0 8516427

[TCP数据流] 2025/11/16 18:04:37 - 浮点解 (17颗卫星)
  ECEF: X=-1627386.1888 Y=5410146.0431 Z=2952423.8058
  LLH:  Lat=27.749333712° Lon=106.741425397° H=1017.3173m
  原始数据:
2025/11/16 10:04:55.000   27.749333712  106.741425397  1017.3173   2  17   0.0140   0.0261   0.0243   0.0055   0.0136   0.0054  26.00    2.2 8516427

[TCP数据流] 2025/11/16 18:04:39 - 浮点解 (17颗卫星)
  ECEF: X=-1627386.1889 Y=5410146.0423 Z=2952423.8051
  LLH:  Lat=27.749333709° Lon=106.741425400° H=1017.3163m
  原始数据:
2025/11/16 10:04:57.000   27.749333709  106.741425400  1017.3163   2  17   0.0140   0.0261   0.0243   0.0055   0.0136   0.0054  28.00    1.1 8516427

[TCP数据流] 2025/11/16 18:04:40 - 浮点解 (17颗卫星)
  ECEF: X=-1627386.1882 Y=5410146.0415 Z=2952423.8041
  LLH:  Lat=27.749333705° Lon=106.741425396° H=1017.3150m
  原始数据:
2025/11/16 10:04:58.000   27.749333705  106.741425396  1017.3150   2  17   0.0140   0.0261   0.0243   0.0055   0.0136   0.0054  29.00    1.1 8516427

[TCP数据流] 2025/11/16 18:05:41 - 浮点解 (31颗卫星)
  ECEF: X=-1627386.2219 Y=5410146.0576 Z=2952423.8603
  LLH:  Lat=27.749334049° Lon=106.741425676° H=1017.3634m
  原始数据:
2025/11/16 10:05:59.000   27.749334049  106.741425676  1017.3634   2  31   0.0129   0.0246   0.0221   0.0040   0.0128   0.0052   0.00    1.1 8516427

[TCP数据流] 2025/11/16 18:05:42 - 浮点解 (17颗卫星)
  ECEF: X=-1627386.2257 Y=5410146.0616 Z=2952423.8720
  LLH:  Lat=27.749334121° Lon=106.741425701° H=1017.3732m
  原始数据:
2025/11/16 10:06:00.000   27.749334121  106.741425701  1017.3732   2  17   0.0127   0.0246   0.0216   0.0042   0.0128   0.0053   0.00    1.5 8516427

[TCP数据流] 2025/11/16 18:05:43 - 浮点解 (31颗卫星)
  ECEF: X=-1627386.2357 Y=5410146.0645 Z=2952423.8863
  LLH:  Lat=27.749334212° Lon=106.741425790° H=1017.3848m
  原始数据:
2025/11/16 10:06:01.000   27.749334212  106.741425790  1017.3848   2  31   0.0125   0.0242   0.0211   0.0038   0.0125   0.0053   0.00    1.0 8516427

[TCP数据流] 2025/11/16 18:05:44 - 浮点解 (17颗卫星)
  ECEF: X=-1627386.2368 Y=5410146.0661 Z=2952423.8868
  LLH:  Lat=27.749334208° Lon=106.741425796° H=1017.3867m
  原始数据:
2025/11/16 10:06:02.000   27.749334208  106.741425796  1017.3867   2  17   0.0124   0.0242   0.0210   0.0038   0.0125   0.0053   0.00    1.1 8516427

[TCP数据流] 2025/11/16 18:05:45 - 浮点解 (31颗卫星)
  ECEF: X=-1627386.2424 Y=5410146.0680 Z=2952423.8956
  LLH:  Lat=27.749334264° Lon=106.741425845° H=1017.3939m
  原始数据:
2025/11/16 10:06:03.000   27.749334264  106.741425845  1017.3939   2  31   0.0122   0.0238   0.0206   0.0034   0.0123   0.0053   1.00    1.2 8516427

[TCP数据流] 2025/11/16 18:05:46 - 浮点解 (31颗卫星)
  ECEF: X=-1627386.2498 Y=5410146.0688 Z=2952423.9039
  LLH:  Lat=27.749334318° Lon=106.741425914° H=1017.4003m
  原始数据:
2025/11/16 10:06:04.000   27.749334318  106.741425914  1017.4003   2  31   0.0120   0.0235   0.0202   0.0031   0.0121   0.0052   2.00    1.2 8516427

[TCP数据流] 2025/11/16 18:05:47 - 浮点解 (31颗卫星)
  ECEF: X=-1627386.2563 Y=5410146.0697 Z=2952423.9105
  LLH:  Lat=27.749334359° Lon=106.741425975° H=1017.4058m
  原始数据:
2025/11/16 10:06:05.000   27.749334359  106.741425975  1017.4058   2  31   0.0119   0.0232   0.0199   0.0028   0.0120   0.0051   3.00    1.1 8516427

[TCP数据流] 2025/11/16 18:05:48 - 浮点解 (31颗卫星)
  ECEF: X=-1627386.2597 Y=5410146.0710 Z=2952423.9150
  LLH:  Lat=27.749334386° Lon=106.741426004° H=1017.4098m
  原始数据:
2025/11/16 10:06:06.000   27.749334386  106.741426004  1017.4098   2  31   0.0118   0.0230   0.0196   0.0025   0.0119   0.0050   4.00    1.1 8516427

[TCP数据流] 2025/11/16 18:05:49 - 浮点解 (31颗卫星)
  ECEF: X=-1627386.2625 Y=5410146.0718 Z=2952423.9186
  LLH:  Lat=27.749334408° Lon=106.741426029° H=1017.4129m
  原始数据:
2025/11/16 10:06:07.000   27.749334408  106.741426029  1017.4129   2  31   0.0117   0.0229   0.0194   0.0023   0.0118   0.0050   5.00    1.3 8516427

[TCP数据流] 2025/11/16 18:05:50 - 浮点解 (31颗卫星)
  ECEF: X=-1627386.2657 Y=5410146.0723 Z=2952423.9215
  LLH:  Lat=27.749334425° Lon=106.741426059° H=1017.4155m
  原始数据:
2025/11/16 10:06:08.000   27.749334425  106.741426059  1017.4155   2  31   0.0116   0.0227   0.0193   0.0021   0.0117   0.0049   6.00    1.1 8516427

[TCP数据流] 2025/11/16 18:05:51 - 浮点解 (24颗卫星)
  ECEF: X=-1627386.2669 Y=5410146.0723 Z=2952423.9232
  LLH:  Lat=27.749334437° Lon=106.741426070° H=1017.4166m
  原始数据:
2025/11/16 10:06:09.000   27.749334437  106.741426070  1017.4166   2  24   0.0115   0.0226   0.0192   0.0019   0.0116   0.0049   7.00    1.2 8516427

[TCP数据流] 2025/11/16 18:05:52 - 浮点解 (31颗卫星)
  ECEF: X=-1627386.2686 Y=5410146.0725 Z=2952423.9246
  LLH:  Lat=27.749334446° Lon=106.741426086° H=1017.4179m
  原始数据:
2025/11/16 10:06:10.000   27.749334446  106.741426086  1017.4179   2  31   0.0115   0.0225   0.0190   0.0018   0.0116   0.0048   8.00    1.2 8516427

[TCP数据流] 2025/11/16 18:05:53 - 浮点解 (31颗卫星)
  ECEF: X=-1627386.2698 Y=5410146.0726 Z=2952423.9258
  LLH:  Lat=27.749334453° Lon=106.741426097° H=1017.4188m
  原始数据:
2025/11/16 10:06:11.000   27.749334453  106.741426097  1017.4188   2  31   0.0115   0.0225   0.0190   0.0016   0.0115   0.0048   9.00    1.2 8516427

[TCP数据流] 2025/11/16 18:05:54 - 浮点解 (31颗卫星)
  ECEF: X=-1627386.2713 Y=5410146.0728 Z=2952423.9266
  LLH:  Lat=27.749334457° Lon=106.741426112° H=1017.4197m
  原始数据:
2025/11/16 10:06:12.000   27.749334457  106.741426112  1017.4197   2  31   0.0114   0.0224   0.0189   0.0015   0.0115   0.0048  10.00    1.1 8516427

[TCP数据流] 2025/11/16 18:05:55 - 浮点解 (17颗卫星)
  ECEF: X=-1627386.2714 Y=5410146.0728 Z=2952423.9271
  LLH:  Lat=27.749334461° Lon=106.741426113° H=1017.4200m
  原始数据:
2025/11/16 10:06:13.000   27.749334461  106.741426113  1017.4200   2  17   0.0114   0.0224   0.0188   0.0015   0.0115   0.0048  11.00    1.1 8516427

[TCP数据流] 2025/11/16 18:05:58 - 浮点解 (24颗卫星)
  ECEF: X=-1627386.2711 Y=5410146.0724 Z=2952423.9267
  LLH:  Lat=27.749334460° Lon=106.741426111° H=1017.4194m
  原始数据:
2025/11/16 10:06:16.000   27.749334460  106.741426111  1017.4194   2  24   0.0114   0.0223   0.0188   0.0014   0.0114   0.0047  14.00    1.2 8516427

[TCP数据流] 2025/11/16 18:06:00 - 浮点解 (31颗卫星)
  ECEF: X=-1627386.2716 Y=5410146.0720 Z=2952423.9263
  LLH:  Lat=27.749334458° Lon=106.741426117° H=1017.4190m
  原始数据:
2025/11/16 10:06:18.000   27.749334458  106.741426117  1017.4190   2  31   0.0114   0.0223   0.0188   0.0014   0.0114   0.0047  16.00    1.2 8516427

[TCP数据流] 2025/11/16 18:06:01 - 浮点解 (31颗卫星)
  ECEF: X=-1627386.2720 Y=5410146.0717 Z=2952423.9260
  LLH:  Lat=27.749334456° Lon=106.741426122° H=1017.4187m
  原始数据:
2025/11/16 10:06:19.000   27.749334456  106.741426122  1017.4187   2  31   0.0114   0.0223   0.0187   0.0013   0.0114   0.0047  17.00    1.1 8516427

[TCP数据流] 2025/11/16 18:06:02 - 浮点解 (31颗卫星)
  ECEF: X=-1627386.2728 Y=5410146.0714 Z=2952423.9257
  LLH:  Lat=27.749334454° Lon=106.741426130° H=1017.4185m
  原始数据:
2025/11/16 10:06:20.000   27.749334454  106.741426130  1017.4185   2  31   0.0113   0.0222   0.0187   0.0012   0.0114   0.0047  18.00    1.1 8516427

[TCP数据流] 2025/11/16 18:06:03 - 浮点解 (31颗卫星)
  ECEF: X=-1627386.2735 Y=5410146.0711 Z=2952423.9253
  LLH:  Lat=27.749334451° Lon=106.741426138° H=1017.4182m
  原始数据:
2025/11/16 10:06:21.000   27.749334451  106.741426138  1017.4182   2  31   0.0113   0.0222   0.0187   0.0012   0.0113   0.0047  19.00    1.1 8516427

[TCP数据流] 2025/11/16 18:06:04 - 浮点解 (31颗卫星)
  ECEF: X=-1627386.2739 Y=5410146.0707 Z=2952423.9248
  LLH:  Lat=27.749334448° Lon=106.741426143° H=1017.4178m
  原始数据:
2025/11/16 10:06:22.000   27.749334448  106.741426143  1017.4178   2  31   0.0113   0.0222   0.0186   0.0011   0.0113   0.0047  20.00    1.1 8516427

[TCP数据流] 2025/11/16 18:06:05 - 浮点解 (31颗卫星)
  ECEF: X=-1627386.2735 Y=5410146.0704 Z=2952423.9242
  LLH:  Lat=27.749334445° Lon=106.741426140° H=1017.4171m
  原始数据:
2025/11/16 10:06:23.000   27.749334445  106.741426140  1017.4171   2  31   0.0113   0.0221   0.0186   0.0011   0.0113   0.0047  21.00    1.1 8516427

[TCP数据流] 2025/11/16 18:06:06 - 浮点解 (31颗卫星)
  ECEF: X=-1627386.2737 Y=5410146.0699 Z=2952423.9236
  LLH:  Lat=27.749334442° Lon=106.741426143° H=1017.4165m
  原始数据:
2025/11/16 10:06:24.000   27.749334442  106.741426143  1017.4165   2  31   0.0113   0.0221   0.0186   0.0010   0.0113   0.0046  22.00    1.2 8516427

[TCP数据流] 2025/11/16 18:06:07 - 浮点解 (31颗卫星)
  ECEF: X=-1627386.2738 Y=5410146.0693 Z=2952423.9231
  LLH:  Lat=27.749334440° Lon=106.741426146° H=1017.4158m
  原始数据:
2025/11/16 10:06:25.000   27.749334440  106.741426146  1017.4158   2  31   0.0113   0.0221   0.0186   0.0010   0.0113   0.0046  23.00    1.1 8516427

[TCP数据流] 2025/11/16 18:11:32 - 浮点解 (31颗卫星)
  ECEF: X=-1627386.2610 Y=5410146.0486 Z=2952423.9253
  LLH:  Lat=27.749334557° Lon=106.741426082° H=1017.3960m
  原始数据:
2025/11/16 10:11:50.000   27.749334557  106.741426082  1017.3960   2  31   0.0109   0.0219   0.0176   0.0018   0.0110   0.0047   7.00    1.1 8516427

[TCP数据流] 2025/11/16 18:11:33 - 浮点解 (24颗卫星)
  ECEF: X=-1627386.2609 Y=5410146.0479 Z=2952423.9256
  LLH:  Lat=27.749334562° Lon=106.741426083° H=1017.3955m
  原始数据:
2025/11/16 10:11:51.000   27.749334562  106.741426083  1017.3955   2  24   0.0108   0.0219   0.0175   0.0018   0.0110   0.0048   8.00    1.6 8516427

[TCP数据流] 2025/11/16 18:11:34 - 浮点解 (9颗卫星)
  ECEF: X=-1627386.2612 Y=5410146.0481 Z=2952423.9257
  LLH:  Lat=27.749334562° Lon=106.741426086° H=1017.3958m
  原始数据:
2025/11/16 10:11:52.000   27.749334562  106.741426086  1017.3958   2   9   0.0108   0.0219   0.0175   0.0018   0.0110   0.0048   9.00    1.2 8516427

[TCP数据流] 2025/11/16 18:11:36 - 浮点解 (17颗卫星)
  ECEF: X=-1627386.2603 Y=5410146.0480 Z=2952423.9255
  LLH:  Lat=27.749334562° Lon=106.741426077° H=1017.3954m
  原始数据:
2025/11/16 10:11:54.000   27.749334562  106.741426077  1017.3954   2  17   0.0108   0.0219   0.0175   0.0018   0.0110   0.0048  11.00    1.2 8516427

[TCP数据流] 2025/11/16 18:11:37 - 浮点解 (17颗卫星)
  ECEF: X=-1627386.2590 Y=5410146.0477 Z=2952423.9252
  LLH:  Lat=27.749334562° Lon=106.741426065° H=1017.3947m
  原始数据:
2025/11/16 10:11:55.000   27.749334562  106.741426065  1017.3947   2  17   0.0108   0.0219   0.0175   0.0018   0.0110   0.0048  12.00    1.2 8516427

[TCP数据流] 2025/11/16 18:11:38 - 浮点解 (24颗卫星)
  ECEF: X=-1627386.2568 Y=5410146.0450 Z=2952423.9226
  LLH:  Lat=27.749334555° Lon=106.741426052° H=1017.3906m
  原始数据:
2025/11/16 10:11:56.000   27.749334555  106.741426052  1017.3906   2  24   0.0108   0.0219   0.0174   0.0018   0.0110   0.0047  13.00    1.0 8516427

[TCP数据流] 2025/11/16 18:11:39 - 浮点解 (17颗卫星)
  ECEF: X=-1627386.2570 Y=5410146.0450 Z=2952423.9228
  LLH:  Lat=27.749334556° Lon=106.741426054° H=1017.3907m
  原始数据:
2025/11/16 10:11:57.000   27.749334556  106.741426054  1017.3907   2  17   0.0108   0.0219   0.0174   0.0018   0.0110   0.0047  14.00    1.8 8516427

[TCP数据流] 2025/11/16 18:11:41 - 浮点解 (31颗卫星)
  ECEF: X=-1627386.2557 Y=5410146.0428 Z=2952423.9204
  LLH:  Lat=27.749334547° Lon=106.741426048° H=1017.3874m
  原始数据:
2025/11/16 10:11:59.000   27.749334547  106.741426048  1017.3874   2  31   0.0108   0.0218   0.0173   0.0018   0.0109   0.0047  16.00    1.0 8516427

[TCP数据流] 2025/11/16 18:11:42 - 浮点解 (31颗卫星)
  ECEF: X=-1627386.2539 Y=5410146.0407 Z=2952423.9179
  LLH:  Lat=27.749334538° Lon=106.741426036° H=1017.3840m
  原始数据:
2025/11/16 10:12:00.000   27.749334538  106.741426036  1017.3840   2  31   0.0108   0.0218   0.0173   0.0018   0.0109   0.0047  17.00    1.4 8516427

[TCP数据流] 2025/11/16 18:11:44 - 浮点解 (31颗卫星)
  ECEF: X=-1627386.2525 Y=5410146.0388 Z=2952423.9157
  LLH:  Lat=27.749334530° Lon=106.741426028° H=1017.3810m
  原始数据:
2025/11/16 10:12:02.000   27.749334530  106.741426028  1017.3810   2  31   0.0107   0.0218   0.0172   0.0018   0.0109   0.0047  19.00    1.0 8516427

[TCP数据流] 2025/11/16 18:11:45 - 浮点解 (9颗卫星)
  ECEF: X=-1627386.2520 Y=5410146.0388 Z=2952423.9157
  LLH:  Lat=27.749334530° Lon=106.741426023° H=1017.3809m
  原始数据:
2025/11/16 10:12:03.000   27.749334530  106.741426023  1017.3809   2   9   0.0107   0.0218   0.0172   0.0018   0.0109   0.0047  20.00    1.4 8516427

[TCP数据流] 2025/11/16 18:11:49 - 浮点解 (9颗卫星)
  ECEF: X=-1627386.2516 Y=5410146.0388 Z=2952423.9156
  LLH:  Lat=27.749334530° Lon=106.741426020° H=1017.3808m
  原始数据:
2025/11/16 10:12:07.000   27.749334530  106.741426020  1017.3808   2   9   0.0107   0.0218   0.0172   0.0018   0.0109   0.0047  24.00    1.3 8516427

[TCP数据流] 2025/11/16 18:11:50 - 浮点解 (24颗卫星)
  ECEF: X=-1627386.2522 Y=5410146.0388 Z=2952423.9158
  LLH:  Lat=27.749334531° Lon=106.741426025° H=1017.3810m
  原始数据:
2025/11/16 10:12:08.000   27.749334531  106.741426025  1017.3810   2  24   0.0107   0.0218   0.0172   0.0018   0.0109   0.0047  25.00    1.7 8516427

[TCP数据流] 2025/11/16 18:11:51 - 浮点解 (16颗卫星)
  ECEF: X=-1627386.2520 Y=5410146.0388 Z=2952423.9158
  LLH:  Lat=27.749334531° Lon=106.741426023° H=1017.3810m
  原始数据:
2025/11/16 10:12:09.000   27.749334531  106.741426023  1017.3810   2  16   0.0107   0.0218   0.0172   0.0018   0.0109   0.0047  26.00    1.2 8516427

[TCP数据流] 2025/11/16 18:11:53 - 浮点解 (9颗卫星)
  ECEF: X=-1627386.2516 Y=5410146.0388 Z=2952423.9156
  LLH:  Lat=27.749334530° Lon=106.741426019° H=1017.3808m
  原始数据:
2025/11/16 10:12:11.000   27.749334530  106.741426019  1017.3808   2   9   0.0107   0.0218   0.0172   0.0018   0.0109   0.0047  28.00    2.6 8516427

[TCP数据流] 2025/11/16 18:11:54 - 浮点解 (24颗卫星)
  ECEF: X=-1627386.2508 Y=5410146.0377 Z=2952423.9140
  LLH:  Lat=27.749334523° Lon=106.741426015° H=1017.3789m
  原始数据:
2025/11/16 10:12:12.000   27.749334523  106.741426015  1017.3789   2  24   0.0107   0.0218   0.0172   0.0018   0.0108   0.0047  29.00    1.0 8516427

[TCP数据流] 2025/11/16 18:11:55 - 浮点解 (24颗卫星)
  ECEF: X=-1627386.2507 Y=5410146.0377 Z=2952423.9141
  LLH:  Lat=27.749334524° Lon=106.741426014° H=1017.3789m
  原始数据:
2025/11/16 10:12:13.000   27.749334524  106.741426014  1017.3789   2  24   0.0107   0.0217   0.0172   0.0018   0.0108   0.0047  30.00    1.7 8516427

[TCP数据流] 2025/11/16 18:12:37 - 浮点解 (9颗卫星)
  ECEF: X=-1627386.2450 Y=5410146.0185 Z=2952423.9230
  LLH:  Lat=27.749334679° Lon=106.741426015° H=1017.3653m
  原始数据:
2025/11/16 10:12:55.000   27.749334679  106.741426015  1017.3653   2   9   0.0104   0.0216   0.0165   0.0025   0.0107   0.0050   1.00    0.0 8516427

[TCP数据流] 2025/11/16 18:12:39 - 浮点解 (9颗卫星)
  ECEF: X=-1627386.2449 Y=5410146.0185 Z=2952423.9229
  LLH:  Lat=27.749334678° Lon=106.741426014° H=1017.3653m
  原始数据:
2025/11/16 10:12:57.000   27.749334678  106.741426014  1017.3653   2   9   0.0104   0.0216   0.0165   0.0025   0.0107   0.0050   3.00    0.0 8516427

[TCP数据流] 2025/11/16 18:12:40 - 浮点解 (32颗卫星)
  ECEF: X=-1627386.2410 Y=5410146.0060 Z=2952423.9258
  LLH:  Lat=27.749334756° Lon=106.741426012° H=1017.3550m
  原始数据:
2025/11/16 10:12:58.000   27.749334756  106.741426012  1017.3550   2  32   0.0102   0.0215   0.0161   0.0027   0.0107   0.0050   4.00    1.1 8516427

[TCP数据流] 2025/11/16 18:12:41 - 浮点解 (17颗卫星)
  ECEF: X=-1627386.2405 Y=5410146.0061 Z=2952423.9256
  LLH:  Lat=27.749334755° Lon=106.741426007° H=1017.3549m
  原始数据:
2025/11/16 10:12:59.000   27.749334755  106.741426007  1017.3549   2  17   0.0102   0.0215   0.0161   0.0028   0.0106   0.0051   5.00    1.1 8516427

[TCP数据流] 2025/11/16 18:12:44 - 浮点解 (24颗卫星)
  ECEF: X=-1627386.2390 Y=5410146.0004 Z=2952423.9263
  LLH:  Lat=27.749334785° Lon=106.741426009° H=1017.3500m
  原始数据:
2025/11/16 10:13:02.000   27.749334785  106.741426009  1017.3500   2  24   0.0101   0.0215   0.0159   0.0028   0.0106   0.0051   8.00    1.0 8516427

[TCP数据流] 2025/11/16 18:12:45 - 浮点解 (17颗卫星)
  ECEF: X=-1627386.2382 Y=5410146.0005 Z=2952423.9261
  LLH:  Lat=27.749334784° Lon=106.741426001° H=1017.3498m
  原始数据:
2025/11/16 10:13:03.000   27.749334784  106.741426001  1017.3498   2  17   0.0101   0.0215   0.0159   0.0028   0.0106   0.0051   9.00    1.0 8516427

[TCP数据流] 2025/11/16 18:12:47 - 浮点解 (17颗卫星)
  ECEF: X=-1627386.2377 Y=5410146.0003 Z=2952423.9259
  LLH:  Lat=27.749334784° Lon=106.741425997° H=1017.3494m
  原始数据:
2025/11/16 10:13:05.000   27.749334784  106.741425997  1017.3494   2  17   0.0101   0.0215   0.0159   0.0028   0.0106   0.0051  11.00    2.4 8516427

[TCP数据流] 2025/11/16 18:12:48 - 浮点解 (9颗卫星)
  ECEF: X=-1627386.2370 Y=5410146.0004 Z=2952423.9257
  LLH:  Lat=27.749334783° Lon=106.741425990° H=1017.3492m
  原始数据:
2025/11/16 10:13:06.000   27.749334783  106.741425990  1017.3492   2   9   0.0101   0.0215   0.0159   0.0028   0.0106   0.0051  12.00    2.6 8516427

[TCP数据流] 2025/11/16 18:12:49 - 浮点解 (17颗卫星)
  ECEF: X=-1627386.2362 Y=5410146.0002 Z=2952423.9255
  LLH:  Lat=27.749334783° Lon=106.741425983° H=1017.3488m
  原始数据:
2025/11/16 10:13:07.000   27.749334783  106.741425983  1017.3488   2  17   0.0101   0.0215   0.0159   0.0028   0.0106   0.0051  13.00    2.5 8516427

[TCP数据流] 2025/11/16 18:12:50 - 浮点解 (24颗卫星)
  ECEF: X=-1627386.2356 Y=5410145.9974 Z=2952423.9256
  LLH:  Lat=27.749334796° Lon=106.741425985° H=1017.3463m
  原始数据:
2025/11/16 10:13:08.000   27.749334796  106.741425985  1017.3463   2  24   0.0101   0.0215   0.0158   0.0028   0.0105   0.0051  14.00    1.0 8516427

[TCP数据流] 2025/11/16 18:12:51 - 浮点解 (25颗卫星)
  ECEF: X=-1627386.2354 Y=5410145.9974 Z=2952423.9256
  LLH:  Lat=27.749334796° Lon=106.741425983° H=1017.3462m
  原始数据:
2025/11/16 10:13:09.000   27.749334796  106.741425983  1017.3462   2  25   0.0101   0.0214   0.0158   0.0028   0.0105   0.0051  15.00    1.1 8516427

[TCP数据流] 2025/11/16 18:12:52 - 浮点解 (24颗卫星)
  ECEF: X=-1627386.2352 Y=5410145.9950 Z=2952423.9258
  LLH:  Lat=27.749334808° Lon=106.741425988° H=1017.3442m
  原始数据:
2025/11/16 10:13:10.000   27.749334808  106.741425988  1017.3442   2  24   0.0101   0.0214   0.0157   0.0029   0.0105   0.0051  16.00    1.0 8516427

[TCP数据流] 2025/11/16 18:12:53 - 浮点解 (24颗卫星)
  ECEF: X=-1627386.2346 Y=5410145.9928 Z=2952423.9257
  LLH:  Lat=27.749334816° Lon=106.741425989° H=1017.3422m
  原始数据:
2025/11/16 10:13:11.000   27.749334816  106.741425989  1017.3422   2  24   0.0101   0.0214   0.0157   0.0029   0.0105   0.0051  17.00    1.0 8516427

[TCP数据流] 2025/11/16 18:12:54 - 浮点解 (32颗卫星)
  ECEF: X=-1627386.2342 Y=5410145.9909 Z=2952423.9256
  LLH:  Lat=27.749334824° Lon=106.741425991° H=1017.3404m
  原始数据:
2025/11/16 10:13:12.000   27.749334824  106.741425991  1017.3404   2  32   0.0101   0.0214   0.0156   0.0029   0.0105   0.0051  18.00    1.0 8516427

[TCP数据流] 2025/11/16 18:12:55 - 浮点解 (31颗卫星)
  ECEF: X=-1627386.2344 Y=5410145.9891 Z=2952423.9257
  LLH:  Lat=27.749334831° Lon=106.741425998° H=1017.3390m
  原始数据:
2025/11/16 10:13:13.000   27.749334831  106.741425998  1017.3390   2  31   0.0100   0.0214   0.0156   0.0029   0.0105   0.0051  19.00    1.0 8516427

[TCP数据流] 2025/11/16 18:12:56 - 浮点解 (31颗卫星)
  ECEF: X=-1627386.2347 Y=5410145.9874 Z=2952423.9257
  LLH:  Lat=27.749334838° Lon=106.741426006° H=1017.3376m
  原始数据:
2025/11/16 10:13:14.000   27.749334838  106.741426006  1017.3376   2  31   0.0100   0.0214   0.0155   0.0029   0.0104   0.0051  20.00    1.0 8516427

[TCP数据流] 2025/11/16 18:12:57 - 浮点解 (31颗卫星)
  ECEF: X=-1627386.2348 Y=5410145.9859 Z=2952423.9258
  LLH:  Lat=27.749334845° Lon=106.741426011° H=1017.3364m
  原始数据:
2025/11/16 10:13:15.000   27.749334845  106.741426011  1017.3364   2  31   0.0100   0.0213   0.0155   0.0029   0.0104   0.0051  21.00    1.0 8516427

[TCP数据流] 2025/11/16 18:12:58 - 浮点解 (32颗卫星)
  ECEF: X=-1627386.2351 Y=5410145.9844 Z=2952423.9258
  LLH:  Lat=27.749334850° Lon=106.741426018° H=1017.3352m
  原始数据:
2025/11/16 10:13:16.000   27.749334850  106.741426018  1017.3352   2  32   0.0100   0.0213   0.0155   0.0029   0.0104   0.0050  22.00    1.0 8516427

[TCP数据流] 2025/11/16 18:12:59 - 浮点解 (31颗卫星)
  ECEF: X=-1627386.2349 Y=5410145.9832 Z=2952423.9257
  LLH:  Lat=27.749334855° Lon=106.741426020° H=1017.3341m
  原始数据:
2025/11/16 10:13:17.000   27.749334855  106.741426020  1017.3341   2  31   0.0100   0.0213   0.0154   0.0029   0.0104   0.0050  23.00    1.0 8516427

[TCP数据流] 2025/11/16 18:13:00 - 浮点解 (32颗卫星)
  ECEF: X=-1627386.2346 Y=5410145.9818 Z=2952423.9255
  LLH:  Lat=27.749334859° Lon=106.741426021° H=1017.3328m
  原始数据:
2025/11/16 10:13:18.000   27.749334859  106.741426021  1017.3328   2  32   0.0100   0.0213   0.0154   0.0029   0.0104   0.0050  24.00    1.0 8516427

[TCP数据流] 2025/11/16 18:13:01 - 浮点解 (31颗卫星)
  ECEF: X=-1627386.2350 Y=5410145.9806 Z=2952423.9255
  LLH:  Lat=27.749334863° Lon=106.741426028° H=1017.3318m
  原始数据:
2025/11/16 10:13:19.000   27.749334863  106.741426028  1017.3318   2  31   0.0100   0.0213   0.0154   0.0029   0.0104   0.0050  25.00    1.0 8516427

[TCP数据流] 2025/11/16 18:13:02 - 浮点解 (31颗卫星)
  ECEF: X=-1627386.2355 Y=5410145.9795 Z=2952423.9255
  LLH:  Lat=27.749334867° Lon=106.741426037° H=1017.3310m
  原始数据:
2025/11/16 10:13:20.000   27.749334867  106.741426037  1017.3310   2  31   0.0100   0.0213   0.0153   0.0029   0.0104   0.0050  26.00    1.0 8516427

[TCP数据流] 2025/11/16 18:13:03 - 浮点解 (31颗卫星)
  ECEF: X=-1627386.2354 Y=5410145.9784 Z=2952423.9253
  LLH:  Lat=27.749334870° Lon=106.741426039° H=1017.3300m
  原始数据:
2025/11/16 10:13:21.000   27.749334870  106.741426039  1017.3300   2  31   0.0100   0.0212   0.0153   0.0029   0.0103   0.0050  27.00    1.0 8516427

[TCP数据流] 2025/11/16 18:13:04 - 浮点解 (31颗卫星)
  ECEF: X=-1627386.2351 Y=5410145.9774 Z=2952423.9251
  LLH:  Lat=27.749334873° Lon=106.741426039° H=1017.3290m
  原始数据:
2025/11/16 10:13:22.000   27.749334873  106.741426039  1017.3290   2  31   0.0099   0.0212   0.0153   0.0029   0.0103   0.0050  28.00    1.0 8516427

[TCP数据流] 2025/11/16 18:13:05 - 浮点解 (24颗卫星)
  ECEF: X=-1627386.2350 Y=5410145.9774 Z=2952423.9251
  LLH:  Lat=27.749334873° Lon=106.741426038° H=1017.3289m
  原始数据:
2025/11/16 10:13:23.000   27.749334873  106.741426038  1017.3289   2  24   0.0099   0.0212   0.0153   0.0029   0.0103   0.0050  29.00    1.0 8516427

[TCP数据流] 2025/11/16 18:13:06 - 浮点解 (32颗卫星)
  ECEF: X=-1627386.2354 Y=5410145.9764 Z=2952423.9249
  LLH:  Lat=27.749334875° Lon=106.741426044° H=1017.3281m
  原始数据:
2025/11/16 10:13:24.000   27.749334875  106.741426044  1017.3281   2  32   0.0099   0.0212   0.0153   0.0029   0.0103   0.0050  30.00    1.0 8516427

[TCP数据流] 2025/11/16 18:13:34 - 浮点解 (31颗卫星)
  ECEF: X=-1627386.2341 Y=5410145.9660 Z=2952423.9343
  LLH:  Lat=27.749334993° Lon=106.741426062° H=1017.3233m
  原始数据:
2025/11/16 10:13:52.000   27.749334993  106.741426062  1017.3233   2  31   0.0097   0.0211   0.0148   0.0032   0.0103   0.0051   0.00    1.1 8516427

[TCP数据流] 2025/11/16 18:13:35 - 浮点解 (31颗卫星)
  ECEF: X=-1627386.2337 Y=5410145.9585 Z=2952423.9415
  LLH:  Lat=27.749335082° Lon=106.741426080° H=1017.3202m
  原始数据:
2025/11/16 10:13:53.000   27.749335082  106.741426080  1017.3202   2  31   0.0095   0.0210   0.0144   0.0034   0.0103   0.0051   1.00    1.1 8516427

[TCP数据流] 2025/11/16 18:13:36 - 浮点解 (31颗卫星)
  ECEF: X=-1627386.2322 Y=5410145.9522 Z=2952423.9478
  LLH:  Lat=27.749335159° Lon=106.741426084° H=1017.3174m
  原始数据:
2025/11/16 10:13:54.000   27.749335159  106.741426084  1017.3174   2  31   0.0093   0.0209   0.0141   0.0036   0.0102   0.0052   2.00    1.0 8516427

[TCP数据流] 2025/11/16 18:13:37 - 浮点解 (31颗卫星)
  ECEF: X=-1627386.2326 Y=5410145.9479 Z=2952423.9523
  LLH:  Lat=27.749335212° Lon=106.741426101° H=1017.3160m
  原始数据:
2025/11/16 10:13:55.000   27.749335212  106.741426101  1017.3160   2  31   0.0092   0.0209   0.0139   0.0037   0.0102   0.0051   3.00    1.1 8516427

[TCP数据流] 2025/11/16 18:13:38 - 浮点解 (31颗卫星)
  ECEF: X=-1627386.2333 Y=5410145.9444 Z=2952423.9560
  LLH:  Lat=27.749335255° Lon=106.741426118° H=1017.3149m
  原始数据:
2025/11/16 10:13:56.000   27.749335255  106.741426118  1017.3149   2  31   0.0090   0.0208   0.0137   0.0037   0.0101   0.0051   4.00    1.3 8516427

[TCP数据流] 2025/11/16 18:13:39 - 浮点解 (31颗卫星)
  ECEF: X=-1627386.2345 Y=5410145.9412 Z=2952423.9586
  LLH:  Lat=27.749335287° Lon=106.741426139° H=1017.3137m
  原始数据:
2025/11/16 10:13:57.000   27.749335287  106.741426139  1017.3137   2  31   0.0090   0.0208   0.0135   0.0038   0.0101   0.0051   5.00    1.1 8516427

[TCP数据流] 2025/11/16 18:13:40 - 浮点解 (31颗卫星)
  ECEF: X=-1627386.2351 Y=5410145.9384 Z=2952423.9603
  LLH:  Lat=27.749335311° Lon=106.741426153° H=1017.3123m
  原始数据:
2025/11/16 10:13:58.000   27.749335311  106.741426153  1017.3123   2  31   0.0089   0.0207   0.0134   0.0038   0.0101   0.0051   6.00    1.2 8516427

[TCP数据流] 2025/11/16 18:13:41 - 浮点解 (31颗卫星)
  ECEF: X=-1627386.2352 Y=5410145.9358 Z=2952423.9609
  LLH:  Lat=27.749335326° Lon=106.741426161° H=1017.3104m
  原始数据:
2025/11/16 10:13:59.000   27.749335326  106.741426161  1017.3104   2  31   0.0089   0.0207   0.0133   0.0038   0.0101   0.0051   7.00    1.1 8516427

[TCP数据流] 2025/11/16 18:13:42 - 浮点解 (31颗卫星)
  ECEF: X=-1627386.2352 Y=5410145.9335 Z=2952423.9611
  LLH:  Lat=27.749335337° Lon=106.741426168° H=1017.3085m
  原始数据:
2025/11/16 10:14:00.000   27.749335337  106.741426168  1017.3085   2  31   0.0088   0.0207   0.0132   0.0039   0.0100   0.0051   8.00    1.1 8516427

[TCP数据流] 2025/11/16 18:13:43 - 浮点解 (31颗卫星)
  ECEF: X=-1627386.2358 Y=5410145.9313 Z=2952423.9612
  LLH:  Lat=27.749335346° Lon=106.741426180° H=1017.3069m
  原始数据:
2025/11/16 10:14:01.000   27.749335346  106.741426180  1017.3069   2  31   0.0088   0.0206   0.0131   0.0039   0.0100   0.0051   9.00    1.0 8516427

[TCP数据流] 2025/11/16 18:13:44 - 浮点解 (31颗卫星)
  ECEF: X=-1627386.2368 Y=5410145.9294 Z=2952423.9614
  LLH:  Lat=27.749335354° Lon=106.741426195° H=1017.3056m
  原始数据:
2025/11/16 10:14:02.000   27.749335354  106.741426195  1017.3056   2  31   0.0088   0.0206   0.0131   0.0039   0.0100   0.0051  10.00    1.0 8516427

[TCP数据流] 2025/11/16 18:13:45 - 浮点解 (31颗卫星)
  ECEF: X=-1627386.2374 Y=5410145.9276 Z=2952423.9611
  LLH:  Lat=27.749335358° Lon=106.741426207° H=1017.3041m
  原始数据:
2025/11/16 10:14:03.000   27.749335358  106.741426207  1017.3041   2  31   0.0087   0.0206   0.0130   0.0039   0.0100   0.0050  11.00    1.0 8516427

[TCP数据流] 2025/11/16 18:13:46 - 浮点解 (31颗卫星)
  ECEF: X=-1627386.2379 Y=5410145.9259 Z=2952423.9605
  LLH:  Lat=27.749335359° Lon=106.741426216° H=1017.3025m
  原始数据:
2025/11/16 10:14:04.000   27.749335359  106.741426216  1017.3025   2  31   0.0087   0.0206   0.0130   0.0039   0.0099   0.0050  12.00    1.0 8516427

[TCP数据流] 2025/11/16 18:13:47 - 浮点解 (31颗卫星)
  ECEF: X=-1627386.2380 Y=5410145.9244 Z=2952423.9600
  LLH:  Lat=27.749335361° Lon=106.741426222° H=1017.3010m
  原始数据:
2025/11/16 10:14:05.000   27.749335361  106.741426222  1017.3010   2  31   0.0087   0.0205   0.0129   0.0039   0.0099   0.0050  13.00    1.0 8516427

[TCP数据流] 2025/11/16 18:13:48 - 浮点解 (31颗卫星)
  ECEF: X=-1627386.2378 Y=5410145.9231 Z=2952423.9594
  LLH:  Lat=27.749335362° Lon=106.741426224° H=1017.2996m
  原始数据:
2025/11/16 10:14:06.000   27.749335362  106.741426224  1017.2996   2  31   0.0087   0.0205   0.0129   0.0039   0.0099   0.0050  14.00    1.0 8516427

[TCP数据流] 2025/11/16 18:13:49 - 浮点解 (31颗卫星)
  ECEF: X=-1627386.2385 Y=5410145.9219 Z=2952423.9589
  LLH:  Lat=27.749335362° Lon=106.741426234° H=1017.2985m
  原始数据:
2025/11/16 10:14:07.000   27.749335362  106.741426234  1017.2985   2  31   0.0087   0.0205   0.0129   0.0039   0.0099   0.0050  15.00    1.0 8516427

[TCP数据流] 2025/11/16 18:13:50 - 浮点解 (31颗卫星)
  ECEF: X=-1627386.2388 Y=5410145.9208 Z=2952423.9584
  LLH:  Lat=27.749335362° Lon=106.741426240° H=1017.2974m
  原始数据:
2025/11/16 10:14:08.000   27.749335362  106.741426240  1017.2974   2  31   0.0086   0.0205   0.0128   0.0039   0.0099   0.0050  16.00    1.0 8516427

[TCP数据流] 2025/11/16 18:13:51 - 浮点解 (31颗卫星)
  ECEF: X=-1627386.2381 Y=5410145.9197 Z=2952423.9576
  LLH:  Lat=27.749335361° Lon=106.741426236° H=1017.2960m
  原始数据:
2025/11/16 10:14:09.000   27.749335361  106.741426236  1017.2960   2  31   0.0086   0.0205   0.0128   0.0039   0.0099   0.0050  17.00    1.0 8516427

[TCP数据流] 2025/11/16 18:13:52 - 浮点解 (31颗卫星)
  ECEF: X=-1627386.2376 Y=5410145.9188 Z=2952423.9570
  LLH:  Lat=27.749335360° Lon=106.741426234° H=1017.2948m
  原始数据:
2025/11/16 10:14:10.000   27.749335360  106.741426234  1017.2948   2  31   0.0086   0.0205   0.0128   0.0039   0.0099   0.0050  18.00    1.0 8516427

[TCP数据流] 2025/11/16 18:13:53 - 浮点解 (31颗卫星)
  ECEF: X=-1627386.2376 Y=5410145.9180 Z=2952423.9564
  LLH:  Lat=27.749335359° Lon=106.741426237° H=1017.2938m
  原始数据:
2025/11/16 10:14:11.000   27.749335359  106.741426237  1017.2938   2  31   0.0086   0.0204   0.0128   0.0039   0.0098   0.0050  19.00    1.0 8516427

[TCP数据流] 2025/11/16 18:13:54 - 浮点解 (31颗卫星)
  ECEF: X=-1627386.2382 Y=5410145.9169 Z=2952423.9559
  LLH:  Lat=27.749335358° Lon=106.741426246° H=1017.2928m
  原始数据:
2025/11/16 10:14:12.000   27.749335358  106.741426246  1017.2928   2  31   0.0086   0.0204   0.0128   0.0039   0.0098   0.0050  20.00    1.0 8516427

[TCP数据流] 2025/11/16 18:13:55 - 浮点解 (31颗卫星)
  ECEF: X=-1627386.2385 Y=5410145.9161 Z=2952423.9555
  LLH:  Lat=27.749335358° Lon=106.741426251° H=1017.2920m
  原始数据:
2025/11/16 10:14:13.000   27.749335358  106.741426251  1017.2920   2  31   0.0086   0.0204   0.0127   0.0039   0.0098   0.0050  21.00    1.0 8516427

[TCP数据流] 2025/11/16 18:13:56 - 浮点解 (31颗卫星)
  ECEF: X=-1627386.2390 Y=5410145.9153 Z=2952423.9550
  LLH:  Lat=27.749335357° Lon=106.741426258° H=1017.2912m
  原始数据:
2025/11/16 10:14:14.000   27.749335357  106.741426258  1017.2912   2  31   0.0086   0.0204   0.0127   0.0039   0.0098   0.0050  22.00    1.0 8516427

[TCP数据流] 2025/11/16 18:13:57 - 浮点解 (31颗卫星)
  ECEF: X=-1627386.2383 Y=5410145.9146 Z=2952423.9543
  LLH:  Lat=27.749335355° Lon=106.741426253° H=1017.2901m
  原始数据:
2025/11/16 10:14:15.000   27.749335355  106.741426253  1017.2901   2  31   0.0086   0.0204   0.0127   0.0039   0.0098   0.0050  23.00    1.0 8516427

[TCP数据流] 2025/11/16 18:13:58 - 浮点解 (31颗卫星)
  ECEF: X=-1627386.2375 Y=5410145.9139 Z=2952423.9536
  LLH:  Lat=27.749335353° Lon=106.741426248° H=1017.2890m
  原始数据:
2025/11/16 10:14:16.000   27.749335353  106.741426248  1017.2890   2  31   0.0086   0.0204   0.0127   0.0039   0.0098   0.0050  24.00    1.0 8516427

[TCP数据流] 2025/11/16 18:13:59 - 浮点解 (31颗卫星)
  ECEF: X=-1627386.2371 Y=5410145.9131 Z=2952423.9530
  LLH:  Lat=27.749335352° Lon=106.741426246° H=1017.2880m
  原始数据:
2025/11/16 10:14:17.000   27.749335352  106.741426246  1017.2880   2  31   0.0086   0.0204   0.0127   0.0039   0.0098   0.0050  25.00    1.0 8516427

[TCP数据流] 2025/11/16 18:14:00 - 浮点解 (31颗卫星)
  ECEF: X=-1627386.2375 Y=5410145.9123 Z=2952423.9526
  LLH:  Lat=27.749335351° Lon=106.741426252° H=1017.2872m
  原始数据:
2025/11/16 10:14:18.000   27.749335351  106.741426252  1017.2872   2  31   0.0086   0.0203   0.0127   0.0039   0.0098   0.0050  26.00    1.0 8516427

[TCP数据流] 2025/11/16 18:14:01 - 浮点解 (31颗卫星)
  ECEF: X=-1627386.2372 Y=5410145.9117 Z=2952423.9519
  LLH:  Lat=27.749335349° Lon=106.741426251° H=1017.2863m
  原始数据:
2025/11/16 10:14:19.000   27.749335349  106.741426251  1017.2863   2  31   0.0086   0.0203   0.0127   0.0039   0.0098   0.0050  27.00    1.0 8516427

[TCP数据流] 2025/11/16 18:14:02 - 浮点解 (31颗卫星)
  ECEF: X=-1627386.2370 Y=5410145.9110 Z=2952423.9513
  LLH:  Lat=27.749335347° Lon=106.741426251° H=1017.2854m
  原始数据:
2025/11/16 10:14:20.000   27.749335347  106.741426251  1017.2854   2  31   0.0086   0.0203   0.0126   0.0039   0.0098   0.0050  28.00    1.0 8516427

[TCP数据流] 2025/11/16 18:14:03 - 浮点解 (31颗卫星)
  ECEF: X=-1627386.2363 Y=5410145.9104 Z=2952423.9505
  LLH:  Lat=27.749335344° Lon=106.741426246° H=1017.2843m
  原始数据:
2025/11/16 10:14:21.000   27.749335344  106.741426246  1017.2843   2  31   0.0086   0.0203   0.0126   0.0039   0.0098   0.0049  29.00    1.0 8516427

[TCP数据流] 2025/11/16 18:14:04 - 浮点解 (31颗卫星)
  ECEF: X=-1627386.2355 Y=5410145.9098 Z=2952423.9499
  LLH:  Lat=27.749335342° Lon=106.741426240° H=1017.2833m
  原始数据:
2025/11/16 10:14:22.000   27.749335342  106.741426240  1017.2833   2  31   0.0086   0.0203   0.0126   0.0039   0.0097   0.0049  30.00    1.0 8516427

[TCP数据流] 2025/11/16 18:14:34 - 浮点解 (30颗卫星)
  ECEF: X=-1627386.2386 Y=5410145.9128 Z=2952423.9585
  LLH:  Lat=27.749335395° Lon=106.741426261° H=1017.2906m
  原始数据:
2025/11/16 10:14:52.000   27.749335395  106.741426261  1017.2906   2  30   0.0084   0.0202   0.0124   0.0040   0.0097   0.0049   0.00    1.0 8516427

[TCP数据流] 2025/11/16 18:14:36 - 浮点解 (17颗卫星)
  ECEF: X=-1627386.2411 Y=5410145.9126 Z=2952423.9593
  LLH:  Lat=27.749335399° Lon=106.741426286° H=1017.2915m
  原始数据:
2025/11/16 10:14:54.000   27.749335399  106.741426286  1017.2915   2  17   0.0084   0.0202   0.0124   0.0040   0.0097   0.0049   1.00    1.2 8516427

[TCP数据流] 2025/11/16 18:14:37 - 浮点解 (10颗卫星)
  ECEF: X=-1627386.2410 Y=5410145.9127 Z=2952423.9593
  LLH:  Lat=27.749335399° Lon=106.741426285° H=1017.2915m
  原始数据:
2025/11/16 10:14:55.000   27.749335399  106.741426285  1017.2915   2  10   0.0084   0.0202   0.0124   0.0040   0.0097   0.0049   2.00    0.0 8516427

[TCP数据流] 2025/11/16 18:14:38 - 浮点解 (24颗卫星)
  ECEF: X=-1627386.2433 Y=5410145.9136 Z=2952423.9604
  LLH:  Lat=27.749335401° Lon=106.741426305° H=1017.2934m
  原始数据:
2025/11/16 10:14:56.000   27.749335401  106.741426305  1017.2934   2  24   0.0084   0.0202   0.0124   0.0040   0.0097   0.0049   3.00    1.8 8516427

[TCP数据流] 2025/11/16 18:14:40 - 浮点解 (31颗卫星)
  ECEF: X=-1627386.2463 Y=5410145.9140 Z=2952423.9631
  LLH:  Lat=27.749335418° Lon=106.741426333° H=1017.2958m
  原始数据:
2025/11/16 10:14:58.000   27.749335418  106.741426333  1017.2958   2  31   0.0083   0.0201   0.0123   0.0040   0.0097   0.0049   5.00    1.0 8516427

[TCP数据流] 2025/11/16 18:14:41 - 浮点解 (24颗卫星)
  ECEF: X=-1627386.2481 Y=5410145.9144 Z=2952423.9636
  LLH:  Lat=27.749335418° Lon=106.741426349° H=1017.2968m
  原始数据:
2025/11/16 10:14:59.000   27.749335418  106.741426349  1017.2968   2  24   0.0083   0.0201   0.0123   0.0040   0.0097   0.0049   6.00    1.1 8516427

[TCP数据流] 2025/11/16 18:14:42 - 固定解 (10颗卫星)
  ECEF: X=-1627386.5384 Y=5410145.9043 Z=2952424.0605
  LLH:  Lat=27.749335881° Lon=106.741429198° H=1017.4074m
  原始数据:
2025/11/16 10:15:00.000   27.749335881  106.741429198  1017.4074   1  10   0.0038   0.0022   0.0051  -0.0017   0.0028  -0.0020   7.00    3.4 8516427

[TCP数据流] 2025/11/16 18:14:43 - 固定解 (31颗卫星)
  ECEF: X=-1627386.5389 Y=5410145.9048 Z=2952424.0611
  LLH:  Lat=27.749335883° Lon=106.741429201° H=1017.4082m
  原始数据:
2025/11/16 10:15:01.000   27.749335883  106.741429201  1017.4082   1  31   0.0037   0.0022   0.0050  -0.0016   0.0027  -0.0020   8.00    3.6 8516427

[TCP数据流] 2025/11/16 18:14:46 - 固定解 (17颗卫星)
  ECEF: X=-1627386.5395 Y=5410145.9054 Z=2952424.0613
  LLH:  Lat=27.749335882° Lon=106.741429205° H=1017.4089m
  原始数据:
2025/11/16 10:15:04.000   27.749335882  106.741429205  1017.4089   1  17   0.0037   0.0021   0.0049  -0.0016   0.0026  -0.0020  11.00    3.7 8516427

[TCP数据流] 2025/11/16 18:14:48 - 固定解 (17颗卫星)
  ECEF: X=-1627386.5397 Y=5410145.9056 Z=2952424.0615
  LLH:  Lat=27.749335882° Lon=106.741429207° H=1017.4093m
  原始数据:
2025/11/16 10:15:06.000   27.749335882  106.741429207  1017.4093   1  17   0.0036   0.0021   0.0049  -0.0016   0.0026  -0.0020  13.00    3.8 8516427

[TCP数据流] 2025/11/16 18:14:50 - 固定解 (10颗卫星)
  ECEF: X=-1627386.5401 Y=5410145.9060 Z=2952424.0616
  LLH:  Lat=27.749335881° Lon=106.741429209° H=1017.4097m
  原始数据:
2025/11/16 10:15:08.000   27.749335881  106.741429209  1017.4097   1  10   0.0036   0.0021   0.0048  -0.0016   0.0025  -0.0020  15.00    3.9 8516427

[TCP数据流] 2025/11/16 18:14:51 - 固定解 (17颗卫星)
  ECEF: X=-1627386.5402 Y=5410145.9061 Z=2952424.0617
  LLH:  Lat=27.749335881° Lon=106.741429210° H=1017.4099m
  原始数据:
2025/11/16 10:15:09.000   27.749335881  106.741429210  1017.4099   1  17   0.0036   0.0021   0.0048  -0.0015   0.0025  -0.0020  16.00    4.0 8516427

[TCP数据流] 2025/11/16 18:14:54 - 固定解 (24颗卫星)
  ECEF: X=-1627386.5404 Y=5410145.9064 Z=2952424.0617
  LLH:  Lat=27.749335880° Lon=106.741429211° H=1017.4102m
  原始数据:
2025/11/16 10:15:12.000   27.749335880  106.741429211  1017.4102   1  24   0.0036   0.0020   0.0048  -0.0015   0.0025  -0.0020  19.00    4.0 8516427

[TCP数据流] 2025/11/16 18:14:56 - 固定解 (17颗卫星)
  ECEF: X=-1627386.5405 Y=5410145.9064 Z=2952424.0618
  LLH:  Lat=27.749335880° Lon=106.741429212° H=1017.4103m
  原始数据:
2025/11/16 10:15:14.000   27.749335880  106.741429212  1017.4103   1  17   0.0035   0.0020   0.0047  -0.0015   0.0025  -0.0020  21.00    4.0 8516427

[TCP数据流] 2025/11/16 18:14:58 - 固定解 (17颗卫星)
  ECEF: X=-1627386.5407 Y=5410145.9066 Z=2952424.0619
  LLH:  Lat=27.749335880° Lon=106.741429213° H=1017.4105m
  原始数据:
2025/11/16 10:15:16.000   27.749335880  106.741429213  1017.4105   1  17   0.0035   0.0020   0.0047  -0.0015   0.0024  -0.0020  23.00    4.1 8516427

[TCP数据流] 2025/11/16 18:15:02 - 固定解 (17颗卫星)
  ECEF: X=-1627386.5407 Y=5410145.9067 Z=2952424.0620
  LLH:  Lat=27.749335880° Lon=106.741429213° H=1017.4107m
  原始数据:
2025/11/16 10:15:20.000   27.749335880  106.741429213  1017.4107   1  17   0.0035   0.0020   0.0047  -0.0015   0.0024  -0.0020  27.00    4.1 8516427

[TCP数据流] 2025/11/16 18:15:04 - 固定解 (31颗卫星)
  ECEF: X=-1627386.5408 Y=5410145.9069 Z=2952424.0619
  LLH:  Lat=27.749335879° Lon=106.741429214° H=1017.4108m
  原始数据:
2025/11/16 10:15:22.000   27.749335879  106.741429214  1017.4108   1  31   0.0035   0.0020   0.0047  -0.0015   0.0024  -0.0020  29.00    4.1 8516427

[TCP数据流] 2025/11/16 18:16:50 - 固定解 (17颗卫星)
  ECEF: X=-1627386.5466 Y=5410145.9217 Z=2952424.0645
  LLH:  Lat=27.749335833° Lon=106.741429227° H=1017.4261m
  原始数据:
2025/11/16 10:17:08.000   27.749335833  106.741429227  1017.4261   1  17   0.0039   0.0018   0.0036  -0.0013   0.0020   0.0013  15.00    4.2 8516427

[TCP数据流] 2025/11/16 18:16:51 - 固定解 (10颗卫星)
  ECEF: X=-1627386.5468 Y=5410145.9219 Z=2952424.0648
  LLH:  Lat=27.749335835° Lon=106.741429228° H=1017.4264m
  原始数据:
2025/11/16 10:17:09.000   27.749335835  106.741429228  1017.4264   1  10   0.0038   0.0018   0.0036  -0.0013   0.0020   0.0013  16.00    4.3 8516427

[TCP数据流] 2025/11/16 18:16:53 - 固定解 (10颗卫星)
  ECEF: X=-1627386.5468 Y=5410145.9218 Z=2952424.0651
  LLH:  Lat=27.749335837° Lon=106.741429228° H=1017.4265m
  原始数据:
2025/11/16 10:17:11.000   27.749335837  106.741429228  1017.4265   1  10   0.0038   0.0018   0.0036  -0.0013   0.0020   0.0013  18.00    4.3 8516427

[TCP数据流] 2025/11/16 18:16:56 - 固定解 (10颗卫星)
  ECEF: X=-1627386.5469 Y=5410145.9219 Z=2952424.0653
  LLH:  Lat=27.749335838° Lon=106.741429229° H=1017.4267m
  原始数据:
2025/11/16 10:17:14.000   27.749335838  106.741429229  1017.4267   1  10   0.0038   0.0018   0.0036  -0.0013   0.0020   0.0012  21.00    4.3 8516427

[TCP数据流] 2025/11/16 18:16:57 - 固定解 (10颗卫星)
  ECEF: X=-1627386.5469 Y=5410145.9220 Z=2952424.0654
  LLH:  Lat=27.749335839° Lon=106.741429229° H=1017.4268m
  原始数据:
2025/11/16 10:17:15.000   27.749335839  106.741429229  1017.4268   1  10   0.0038   0.0018   0.0035  -0.0013   0.0020   0.0012  22.00    4.3 8516427

[TCP数据流] 2025/11/16 18:16:58 - 固定解 (17颗卫星)
  ECEF: X=-1627386.5405 Y=5410145.9153 Z=2952424.0784
  LLH:  Lat=27.749335977° Lon=106.741429186° H=1017.4256m
  原始数据:
2025/11/16 10:17:16.000   27.749335977  106.741429186  1017.4256   1  17   0.0016   0.0015   0.0035   0.0012   0.0019   0.0016  23.00    4.5 8516427

[TCP数据流] 2025/11/16 18:17:00 - 固定解 (10颗卫星)
  ECEF: X=-1627386.5469 Y=5410145.9220 Z=2952424.0657
  LLH:  Lat=27.749335841° Lon=106.741429229° H=1017.4270m
  原始数据:
2025/11/16 10:17:18.000   27.749335841  106.741429229  1017.4270   1  10   0.0037   0.0017   0.0035  -0.0013   0.0020   0.0012  25.00    4.3 8516427

[TCP数据流] 2025/11/16 18:17:02 - 固定解 (32颗卫星)
  ECEF: X=-1627386.5405 Y=5410145.9153 Z=2952424.0784
  LLH:  Lat=27.749335977° Lon=106.741429186° H=1017.4256m
  原始数据:
2025/11/16 10:17:20.000   27.749335977  106.741429186  1017.4256   1  32   0.0016   0.0015   0.0035   0.0012   0.0019   0.0015  27.00    4.5 8516427

[TCP数据流] 2025/11/16 18:22:11 - 浮点解 (17颗卫星)
  ECEF: X=-1627386.2486 Y=5410145.9166 Z=2952423.9722
  LLH:  Lat=27.749335477° Lon=106.741426347° H=1017.3028m
  原始数据:
2025/11/16 10:22:29.000   27.749335477  106.741426347  1017.3028   2  17   0.0078   0.0197   0.0115   0.0042   0.0096   0.0048   8.00    0.0 8516427

[TCP数据流] 2025/11/16 18:22:20 - 浮点解 (9颗卫星)
  ECEF: X=-1627386.2488 Y=5410145.9167 Z=2952423.9722
  LLH:  Lat=27.749335477° Lon=106.741426349° H=1017.3029m
  原始数据:
2025/11/16 10:22:38.000   27.749335477  106.741426349  1017.3029   2   9   0.0078   0.0197   0.0115   0.0042   0.0096   0.0048  17.00    0.0 8516427

[TCP数据流] 2025/11/16 18:22:27 - 浮点解 (9颗卫星)
  ECEF: X=-1627386.2488 Y=5410145.9166 Z=2952423.9722
  LLH:  Lat=27.749335477° Lon=106.741426349° H=1017.3028m
  原始数据:
2025/11/16 10:22:45.000   27.749335477  106.741426349  1017.3028   2   9   0.0078   0.0197   0.0115   0.0042   0.0096   0.0048  24.00    0.0 8516427

[TCP数据流] 2025/11/16 18:23:15 - 浮点解 (33颗卫星)
  ECEF: X=-1627386.2472 Y=5410145.8872 Z=2952423.9913
  LLH:  Lat=27.749335750° Lon=106.741426420° H=1017.2864m
  原始数据:
2025/11/16 10:23:33.000   27.749335750  106.741426420  1017.2864   2  33   0.0069   0.0184   0.0102   0.0040   0.0089   0.0045   5.00    1.1 8516427

[TCP数据流] 2025/11/16 18:23:16 - 浮点解 (33颗卫星)
  ECEF: X=-1627386.2479 Y=5410145.8847 Z=2952423.9933
  LLH:  Lat=27.749335775° Lon=106.741426434° H=1017.2854m
  原始数据:
2025/11/16 10:23:34.000   27.749335775  106.741426434  1017.2854   2  33   0.0068   0.0182   0.0101   0.0039   0.0088   0.0044   6.00    1.0 8516427

[TCP数据流] 2025/11/16 18:23:17 - 浮点解 (33颗卫星)
  ECEF: X=-1627386.2477 Y=5410145.8827 Z=2952423.9943
  LLH:  Lat=27.749335791° Lon=106.741426438° H=1017.2841m
  原始数据:
2025/11/16 10:23:35.000   27.749335791  106.741426438  1017.2841   2  33   0.0067   0.0181   0.0100   0.0039   0.0087   0.0044   7.00    1.0 8516427

[TCP数据流] 2025/11/16 18:23:18 - 浮点解 (33颗卫星)
  ECEF: X=-1627386.2477 Y=5410145.8809 Z=2952423.9951
  LLH:  Lat=27.749335805° Lon=106.741426443° H=1017.2830m
  原始数据:
2025/11/16 10:23:36.000   27.749335805  106.741426443  1017.2830   2  33   0.0067   0.0180   0.0099   0.0039   0.0086   0.0043   8.00    1.0 8516427

[TCP数据流] 2025/11/16 18:23:19 - 浮点解 (33颗卫星)
  ECEF: X=-1627386.2475 Y=5410145.8796 Z=2952423.9956
  LLH:  Lat=27.749335814° Lon=106.741426445° H=1017.2820m
  原始数据:
2025/11/16 10:23:37.000   27.749335814  106.741426445  1017.2820   2  33   0.0066   0.0179   0.0098   0.0039   0.0086   0.0043   9.00    1.0 8516427

[TCP数据流] 2025/11/16 18:23:20 - 浮点解 (33颗卫星)
  ECEF: X=-1627386.2467 Y=5410145.8784 Z=2952423.9957
  LLH:  Lat=27.749335821° Lon=106.741426441° H=1017.2809m
  原始数据:
2025/11/16 10:23:38.000   27.749335821  106.741426441  1017.2809   2  33   0.0066   0.0179   0.0097   0.0038   0.0085   0.0043  10.00    1.0 8516427

[TCP数据流] 2025/11/16 18:23:21 - 浮点解 (33颗卫星)
  ECEF: X=-1627386.2462 Y=5410145.8774 Z=2952423.9958
  LLH:  Lat=27.749335826° Lon=106.741426439° H=1017.2799m
  原始数据:
2025/11/16 10:23:39.000   27.749335826  106.741426439  1017.2799   2  33   0.0066   0.0178   0.0097   0.0038   0.0085   0.0043  11.00    1.0 8516427

[TCP数据流] 2025/11/16 18:23:22 - 浮点解 (33颗卫星)
  ECEF: X=-1627386.2464 Y=5410145.8765 Z=2952423.9957
  LLH:  Lat=27.749335829° Lon=106.741426443° H=1017.2792m
  原始数据:
2025/11/16 10:23:40.000   27.749335829  106.741426443  1017.2792   2  33   0.0065   0.0178   0.0096   0.0038   0.0084   0.0042  12.00    1.0 8516427

[TCP数据流] 2025/11/16 18:23:23 - 浮点解 (33颗卫星)
  ECEF: X=-1627386.2467 Y=5410145.8756 Z=2952423.9956
  LLH:  Lat=27.749335831° Lon=106.741426449° H=1017.2785m
  原始数据:
2025/11/16 10:23:41.000   27.749335831  106.741426449  1017.2785   2  33   0.0065   0.0177   0.0096   0.0038   0.0084   0.0042  13.00    1.0 8516427

[TCP数据流] 2025/11/16 18:23:24 - 浮点解 (33颗卫星)
  ECEF: X=-1627386.2469 Y=5410145.8750 Z=2952423.9954
  LLH:  Lat=27.749335832° Lon=106.741426452° H=1017.2779m
  原始数据:
2025/11/16 10:23:42.000   27.749335832  106.741426452  1017.2779   2  33   0.0065   0.0177   0.0096   0.0038   0.0084   0.0042  14.00    1.0 8516427

[TCP数据流] 2025/11/16 18:23:25 - 浮点解 (33颗卫星)
  ECEF: X=-1627386.2524 Y=5410145.8754 Z=2952424.0011
  LLH:  Lat=27.749335869° Lon=106.741426505° H=1017.2823m
  原始数据:
2025/11/16 10:23:43.000   27.749335869  106.741426505  1017.2823   2  33   0.0063   0.0174   0.0094   0.0038   0.0083   0.0041   0.00    1.1 8516427

[TCP数据流] 2025/11/16 18:23:26 - 浮点解 (33颗卫星)
  ECEF: X=-1627386.2598 Y=5410145.8763 Z=2952424.0064
  LLH:  Lat=27.749335899° Lon=106.741426574° H=1017.2874m
  原始数据:
2025/11/16 10:23:44.000   27.749335899  106.741426574  1017.2874   2  33   0.0062   0.0172   0.0092   0.0037   0.0082   0.0041   0.00    1.2 8516427

[TCP数据流] 2025/11/16 18:23:27 - 浮点解 (33颗卫星)
  ECEF: X=-1627386.2663 Y=5410145.8767 Z=2952424.0105
  LLH:  Lat=27.749335922° Lon=106.741426636° H=1017.2913m
  原始数据:
2025/11/16 10:23:45.000   27.749335922  106.741426636  1017.2913   2  33   0.0060   0.0170   0.0090   0.0037   0.0081   0.0040   1.00    1.1 8516427

[TCP数据流] 2025/11/16 18:23:28 - 浮点解 (33颗卫星)
  ECEF: X=-1627386.2724 Y=5410145.8764 Z=2952424.0133
  LLH:  Lat=27.749335938° Lon=106.741426696° H=1017.2939m
  原始数据:
2025/11/16 10:23:46.000   27.749335938  106.741426696  1017.2939   2  33   0.0059   0.0169   0.0089   0.0037   0.0081   0.0040   2.00    1.4 8516427

[TCP数据流] 2025/11/16 18:23:29 - 浮点解 (33颗卫星)
  ECEF: X=-1627386.2773 Y=5410145.8766 Z=2952424.0153
  LLH:  Lat=27.749335947° Lon=106.741426743° H=1017.2963m
  原始数据:
2025/11/16 10:23:47.000   27.749335947  106.741426743  1017.2963   2  33   0.0059   0.0167   0.0088   0.0037   0.0080   0.0040   3.00    1.0 8516427

[TCP数据流] 2025/11/16 18:23:30 - 浮点解 (33颗卫星)
  ECEF: X=-1627386.2803 Y=5410145.8764 Z=2952424.0164
  LLH:  Lat=27.749335953° Lon=106.741426773° H=1017.2974m
  原始数据:
2025/11/16 10:23:48.000   27.749335953  106.741426773  1017.2974   2  33   0.0058   0.0166   0.0087   0.0037   0.0080   0.0039   4.00    1.0 8516427

[TCP数据流] 2025/11/16 18:23:31 - 浮点解 (33颗卫星)
  ECEF: X=-1627386.2826 Y=5410145.8763 Z=2952424.0170
  LLH:  Lat=27.749335956° Lon=106.741426795° H=1017.2982m
  原始数据:
2025/11/16 10:23:49.000   27.749335956  106.741426795  1017.2982   2  33   0.0057   0.0165   0.0086   0.0037   0.0079   0.0039   5.00    1.0 8516427

[TCP数据流] 2025/11/16 18:23:32 - 浮点解 (25颗卫星)
  ECEF: X=-1627386.2864 Y=5410145.8771 Z=2952424.0180
  LLH:  Lat=27.749335956° Lon=106.741426830° H=1017.3003m
  原始数据:
2025/11/16 10:23:50.000   27.749335956  106.741426830  1017.3003   2  25   0.0057   0.0165   0.0085   0.0037   0.0079   0.0039   6.00    1.0 8516427

[TCP数据流] 2025/11/16 18:23:33 - 浮点解 (33颗卫星)
  ECEF: X=-1627386.2880 Y=5410145.8769 Z=2952424.0182
  LLH:  Lat=27.749335957° Lon=106.741426846° H=1017.3006m
  原始数据:
2025/11/16 10:23:51.000   27.749335957  106.741426846  1017.3006   2  33   0.0057   0.0164   0.0085   0.0036   0.0078   0.0039   7.00    1.0 8516427

[TCP数据流] 2025/11/16 18:23:34 - 浮点解 (33颗卫星)
  ECEF: X=-1627386.2889 Y=5410145.8764 Z=2952424.0181
  LLH:  Lat=27.749335957° Lon=106.741426856° H=1017.3004m
  原始数据:
2025/11/16 10:23:52.000   27.749335957  106.741426856  1017.3004   2  33   0.0056   0.0164   0.0084   0.0036   0.0078   0.0038   8.00    1.0 8516427

[TCP数据流] 2025/11/16 18:23:35 - 浮点解 (33颗卫星)
  ECEF: X=-1627386.2896 Y=5410145.8760 Z=2952424.0181
  LLH:  Lat=27.749335957° Lon=106.741426864° H=1017.3002m
  原始数据:
2025/11/16 10:23:53.000   27.749335957  106.741426864  1017.3002   2  33   0.0056   0.0163   0.0084   0.0036   0.0078   0.0038   9.00    1.0 8516427

[TCP数据流] 2025/11/16 18:23:36 - 浮点解 (33颗卫星)
  ECEF: X=-1627386.2898 Y=5410145.8756 Z=2952424.0178
  LLH:  Lat=27.749335956° Lon=106.741426867° H=1017.2998m
  原始数据:
2025/11/16 10:23:54.000   27.749335956  106.741426867  1017.2998   2  33   0.0056   0.0163   0.0084   0.0036   0.0078   0.0038  10.00    1.0 8516427

[TCP数据流] 2025/11/16 18:23:37 - 浮点解 (33颗卫星)
  ECEF: X=-1627386.2903 Y=5410145.8754 Z=2952424.0175
  LLH:  Lat=27.749335954° Lon=106.741426873° H=1017.2996m
  原始数据:
2025/11/16 10:23:55.000   27.749335954  106.741426873  1017.2996   2  33   0.0056   0.0162   0.0083   0.0036   0.0077   0.0038  11.00    1.0 8516427

[TCP数据流] 2025/11/16 18:23:38 - 浮点解 (33颗卫星)
  ECEF: X=-1627386.2907 Y=5410145.8751 Z=2952424.0171
  LLH:  Lat=27.749335952° Lon=106.741426877° H=1017.2993m
  原始数据:
2025/11/16 10:23:56.000   27.749335952  106.741426877  1017.2993   2  33   0.0056   0.0162   0.0083   0.0036   0.0077   0.0038  12.00    1.0 8516427

[TCP数据流] 2025/11/16 18:23:39 - 浮点解 (33颗卫星)
  ECEF: X=-1627386.2909 Y=5410145.8749 Z=2952424.0168
  LLH:  Lat=27.749335950° Lon=106.741426880° H=1017.2990m
  原始数据:
2025/11/16 10:23:57.000   27.749335950  106.741426880  1017.2990   2  33   0.0056   0.0162   0.0083   0.0036   0.0077   0.0038  13.00    1.0 8516427

[TCP数据流] 2025/11/16 18:23:40 - 浮点解 (33颗卫星)
  ECEF: X=-1627386.2912 Y=5410145.8747 Z=2952424.0165
  LLH:  Lat=27.749335948° Lon=106.741426883° H=1017.2988m
  原始数据:
2025/11/16 10:23:58.000   27.749335948  106.741426883  1017.2988   2  33   0.0056   0.0162   0.0083   0.0036   0.0077   0.0038  14.00    1.0 8516427

[TCP数据流] 2025/11/16 18:23:41 - 浮点解 (33颗卫星)
  ECEF: X=-1627386.2912 Y=5410145.8745 Z=2952424.0163
  LLH:  Lat=27.749335947° Lon=106.741426884° H=1017.2985m
  原始数据:
2025/11/16 10:23:59.000   27.749335947  106.741426884  1017.2985   2  33   0.0056   0.0161   0.0082   0.0036   0.0077   0.0038  15.00    1.0 8516427

[TCP数据流] 2025/11/16 18:23:42 - 浮点解 (25颗卫星)
  ECEF: X=-1627386.2918 Y=5410145.8746 Z=2952424.0161
  LLH:  Lat=27.749335944° Lon=106.741426890° H=1017.2987m
  原始数据:
2025/11/16 10:24:00.000   27.749335944  106.741426890  1017.2987   2  25   0.0055   0.0161   0.0082   0.0036   0.0077   0.0037  16.00    1.0 8516427

[TCP数据流] 2025/11/16 18:23:43 - 浮点解 (33颗卫星)
  ECEF: X=-1627386.2915 Y=5410145.8744 Z=2952424.0157
  LLH:  Lat=27.749335942° Lon=106.741426887° H=1017.2982m
  原始数据:
2025/11/16 10:24:01.000   27.749335942  106.741426887  1017.2982   2  33   0.0055   0.0161   0.0082   0.0036   0.0076   0.0037  17.00    1.0 8516427

[TCP数据流] 2025/11/16 18:23:44 - 浮点解 (33颗卫星)
  ECEF: X=-1627386.2913 Y=5410145.8742 Z=2952424.0153
  LLH:  Lat=27.749335940° Lon=106.741426886° H=1017.2978m
  原始数据:
2025/11/16 10:24:02.000   27.749335940  106.741426886  1017.2978   2  33   0.0055   0.0161   0.0082   0.0036   0.0076   0.0037  18.00    1.0 8516427

[TCP数据流] 2025/11/16 18:23:45 - 浮点解 (33颗卫星)
  ECEF: X=-1627386.2913 Y=5410145.8739 Z=2952424.0149
  LLH:  Lat=27.749335938° Lon=106.741426887° H=1017.2974m
  原始数据:
2025/11/16 10:24:03.000   27.749335938  106.741426887  1017.2974   2  33   0.0055   0.0161   0.0082   0.0035   0.0076   0.0037  19.00    1.0 8516427

[TCP数据流] 2025/11/16 18:23:46 - 浮点解 (33颗卫星)
  ECEF: X=-1627386.2914 Y=5410145.8738 Z=2952424.0145
  LLH:  Lat=27.749335935° Lon=106.741426888° H=1017.2971m
  原始数据:
2025/11/16 10:24:04.000   27.749335935  106.741426888  1017.2971   2  33   0.0055   0.0160   0.0082   0.0035   0.0076   0.0037  20.00    1.0 8516427

[TCP数据流] 2025/11/16 18:23:47 - 浮点解 (33颗卫星)
  ECEF: X=-1627386.2914 Y=5410145.8735 Z=2952424.0141
  LLH:  Lat=27.749335933° Lon=106.741426889° H=1017.2967m
  原始数据:
2025/11/16 10:24:05.000   27.749335933  106.741426889  1017.2967   2  33   0.0055   0.0160   0.0082   0.0035   0.0076   0.0037  21.00    1.0 8516427

[TCP数据流] 2025/11/16 18:23:48 - 浮点解 (33颗卫星)
  ECEF: X=-1627386.2911 Y=5410145.8734 Z=2952424.0136
  LLH:  Lat=27.749335930° Lon=106.741426886° H=1017.2963m
  原始数据:
2025/11/16 10:24:06.000   27.749335930  106.741426886  1017.2963   2  33   0.0055   0.0160   0.0082   0.0035   0.0076   0.0037  22.00    1.0 8516427

[TCP数据流] 2025/11/16 18:23:49 - 浮点解 (33颗卫星)
  ECEF: X=-1627386.2908 Y=5410145.8732 Z=2952424.0132
  LLH:  Lat=27.749335928° Lon=106.741426884° H=1017.2959m
  原始数据:
2025/11/16 10:24:07.000   27.749335928  106.741426884  1017.2959   2  33   0.0055   0.0160   0.0081   0.0035   0.0076   0.0037  23.00    1.0 8516427

[TCP数据流] 2025/11/16 18:23:50 - 浮点解 (33颗卫星)
  ECEF: X=-1627386.2906 Y=5410145.8731 Z=2952424.0127
  LLH:  Lat=27.749335925° Lon=106.741426882° H=1017.2955m
  原始数据:
2025/11/16 10:24:08.000   27.749335925  106.741426882  1017.2955   2  33   0.0055   0.0160   0.0081   0.0035   0.0076   0.0037  24.00    1.0 8516427

[TCP数据流] 2025/11/16 18:23:51 - 浮点解 (33颗卫星)
  ECEF: X=-1627386.2905 Y=5410145.8729 Z=2952424.0123
  LLH:  Lat=27.749335923° Lon=106.741426882° H=1017.2951m
  原始数据:
2025/11/16 10:24:09.000   27.749335923  106.741426882  1017.2951   2  33   0.0055   0.0160   0.0081   0.0035   0.0076   0.0037  25.00    1.0 8516427

[TCP数据流] 2025/11/16 18:23:52 - 浮点解 (33颗卫星)
  ECEF: X=-1627386.2908 Y=5410145.8727 Z=2952424.0121
  LLH:  Lat=27.749335921° Lon=106.741426885° H=1017.2949m
  原始数据:
2025/11/16 10:24:10.000   27.749335921  106.741426885  1017.2949   2  33   0.0055   0.0160   0.0081   0.0035   0.0076   0.0037  26.00    1.0 8516427

[TCP数据流] 2025/11/16 18:23:53 - 浮点解 (33颗卫星)
  ECEF: X=-1627386.2905 Y=5410145.8726 Z=2952424.0116
  LLH:  Lat=27.749335918° Lon=106.741426883° H=1017.2945m
  原始数据:
2025/11/16 10:24:11.000   27.749335918  106.741426883  1017.2945   2  33   0.0055   0.0160   0.0081   0.0035   0.0076   0.0037  27.00    1.0 8516427

[TCP数据流] 2025/11/16 18:23:54 - 浮点解 (33颗卫星)
  ECEF: X=-1627386.2902 Y=5410145.8724 Z=2952424.0112
  LLH:  Lat=27.749335916° Lon=106.741426881° H=1017.2941m
  原始数据:
2025/11/16 10:24:12.000   27.749335916  106.741426881  1017.2941   2  33   0.0055   0.0160   0.0081   0.0035   0.0076   0.0037  28.00    1.0 8516427

[TCP数据流] 2025/11/16 18:23:55 - 浮点解 (33颗卫星)
  ECEF: X=-1627386.2900 Y=5410145.8723 Z=2952424.0107
  LLH:  Lat=27.749335913° Lon=106.741426879° H=1017.2937m
  原始数据:
2025/11/16 10:24:13.000   27.749335913  106.741426879  1017.2937   2  33   0.0055   0.0159   0.0081   0.0035   0.0075   0.0037  29.00    1.0 8516427

[TCP数据流] 2025/11/16 18:23:56 - 浮点解 (33颗卫星)
  ECEF: X=-1627386.2900 Y=5410145.8721 Z=2952424.0104
  LLH:  Lat=27.749335911° Lon=106.741426880° H=1017.2934m
  原始数据:
2025/11/16 10:24:14.000   27.749335911  106.741426880  1017.2934   2  33   0.0055   0.0159   0.0081   0.0035   0.0075   0.0037  30.00    1.0 8516427

[TCP数据流] 2025/11/16 18:24:40 - 浮点解 (33颗卫星)
  ECEF: X=-1627386.2896 Y=5410145.8765 Z=2952424.0092
  LLH:  Lat=27.749335884° Lon=106.741426863° H=1017.2965m
  原始数据:
2025/11/16 10:24:58.000   27.749335884  106.741426863  1017.2965   2  33   0.0053   0.0157   0.0079   0.0036   0.0075   0.0036   1.00    1.1 8516427

[TCP数据流] 2025/11/16 18:24:41 - 浮点解 (25颗卫星)
  ECEF: X=-1627386.2918 Y=5410145.8784 Z=2952424.0096
  LLH:  Lat=27.749335877° Lon=106.741426879° H=1017.2988m
  原始数据:
2025/11/16 10:24:59.000   27.749335877  106.741426879  1017.2988   2  25   0.0052   0.0156   0.0078   0.0036   0.0075   0.0036   2.00    1.0 8516427

[TCP数据流] 2025/11/16 18:24:42 - 浮点解 (25颗卫星)
  ECEF: X=-1627386.2941 Y=5410145.8799 Z=2952424.0098
  LLH:  Lat=27.749335870° Lon=106.741426897° H=1017.3008m
  原始数据:
2025/11/16 10:25:00.000   27.749335870  106.741426897  1017.3008   2  25   0.0052   0.0156   0.0077   0.0036   0.0075   0.0036   3.00    1.0 8516427

[TCP数据流] 2025/11/16 18:24:43 - 浮点解 (33颗卫星)
  ECEF: X=-1627386.2942 Y=5410145.8799 Z=2952424.0095
  LLH:  Lat=27.749335867° Lon=106.741426897° H=1017.3007m
  原始数据:
2025/11/16 10:25:01.000   27.749335867  106.741426897  1017.3007   2  33   0.0051   0.0155   0.0077   0.0036   0.0075   0.0036   4.00    1.0 8516427

[TCP数据流] 2025/11/16 18:24:44 - 浮点解 (25颗卫星)
  ECEF: X=-1627386.2959 Y=5410145.8807 Z=2952424.0096
  LLH:  Lat=27.749335863° Lon=106.741426912° H=1017.3019m
  原始数据:
2025/11/16 10:25:02.000   27.749335863  106.741426912  1017.3019   2  25   0.0051   0.0155   0.0077   0.0036   0.0075   0.0036   5.00    1.0 8516427

[TCP数据流] 2025/11/16 18:24:45 - 浮点解 (26颗卫星)
  ECEF: X=-1627386.2962 Y=5410145.8807 Z=2952424.0093
  LLH:  Lat=27.749335860° Lon=106.741426914° H=1017.3018m
  原始数据:
2025/11/16 10:25:03.000   27.749335860  106.741426914  1017.3018   2  26   0.0051   0.0154   0.0076   0.0036   0.0075   0.0036   6.00    1.0 8516427

[TCP数据流] 2025/11/16 18:24:46 - 浮点解 (26颗卫星)
  ECEF: X=-1627386.2961 Y=5410145.8806 Z=2952424.0089
  LLH:  Lat=27.749335857° Lon=106.741426914° H=1017.3015m
  原始数据:
2025/11/16 10:25:04.000   27.749335857  106.741426914  1017.3015   2  26   0.0051   0.0154   0.0076   0.0036   0.0075   0.0036   7.00    1.0 8516427

[TCP数据流] 2025/11/16 18:24:47 - 浮点解 (26颗卫星)
  ECEF: X=-1627386.2965 Y=5410145.8805 Z=2952424.0086
  LLH:  Lat=27.749335855° Lon=106.741426918° H=1017.3014m
  原始数据:
2025/11/16 10:25:05.000   27.749335855  106.741426918  1017.3014   2  26   0.0051   0.0154   0.0076   0.0036   0.0074   0.0036   8.00    1.0 8516427

[TCP数据流] 2025/11/16 18:24:48 - 浮点解 (18颗卫星)
  ECEF: X=-1627386.2961 Y=5410145.8804 Z=2952424.0085
  LLH:  Lat=27.749335855° Lon=106.741426914° H=1017.3011m
  原始数据:
2025/11/16 10:25:06.000   27.749335855  106.741426914  1017.3011   2  18   0.0051   0.0154   0.0076   0.0036   0.0074   0.0036   9.00    1.5 8516427

[TCP数据流] 2025/11/16 18:24:51 - 浮点解 (18颗卫星)
  ECEF: X=-1627386.2958 Y=5410145.8803 Z=2952424.0084
  LLH:  Lat=27.749335855° Lon=106.741426912° H=1017.3009m
  原始数据:
2025/11/16 10:25:09.000   27.749335855  106.741426912  1017.3009   2  18   0.0051   0.0154   0.0076   0.0036   0.0074   0.0036  12.00    1.5 8516427

[TCP数据流] 2025/11/16 18:24:52 - 浮点解 (25颗卫星)
  ECEF: X=-1627386.2961 Y=5410145.8800 Z=2952424.0084
  LLH:  Lat=27.749335856° Lon=106.741426916° H=1017.3008m
  原始数据:
2025/11/16 10:25:10.000   27.749335856  106.741426916  1017.3008   2  25   0.0051   0.0154   0.0076   0.0036   0.0074   0.0036  13.00    1.7 8516427

[TCP数据流] 2025/11/16 18:24:53 - 浮点解 (25颗卫星)
  ECEF: X=-1627386.2966 Y=5410145.8799 Z=2952424.0084
  LLH:  Lat=27.749335856° Lon=106.741426921° H=1017.3008m
  原始数据:
2025/11/16 10:25:11.000   27.749335856  106.741426921  1017.3008   2  25   0.0051   0.0154   0.0076   0.0036   0.0074   0.0036  14.00    1.8 8516427

[TCP数据流] 2025/11/16 18:24:54 - 浮点解 (33颗卫星)
  ECEF: X=-1627386.2976 Y=5410145.8797 Z=2952424.0085
  LLH:  Lat=27.749335856° Lon=106.741426931° H=1017.3009m
  原始数据:
2025/11/16 10:25:12.000   27.749335856  106.741426931  1017.3009   2  33   0.0050   0.0154   0.0075   0.0036   0.0074   0.0036  15.00    1.0 8516427

[TCP数据流] 2025/11/16 18:24:55 - 浮点解 (33颗卫星)
  ECEF: X=-1627386.2985 Y=5410145.8796 Z=2952424.0084
  LLH:  Lat=27.749335855° Lon=106.741426940° H=1017.3010m
  原始数据:
2025/11/16 10:25:13.000   27.749335855  106.741426940  1017.3010   2  33   0.0050   0.0154   0.0075   0.0036   0.0074   0.0035  16.00    1.0 8516427

[TCP数据流] 2025/11/16 18:24:56 - 浮点解 (18颗卫星)
  ECEF: X=-1627386.2982 Y=5410145.8796 Z=2952424.0084
  LLH:  Lat=27.749335855° Lon=106.741426937° H=1017.3009m
  原始数据:
2025/11/16 10:25:14.000   27.749335855  106.741426937  1017.3009   2  18   0.0050   0.0154   0.0075   0.0036   0.0074   0.0035  17.00    1.2 8516427

[TCP数据流] 2025/11/16 18:24:57 - 浮点解 (33颗卫星)
  ECEF: X=-1627386.2989 Y=5410145.8795 Z=2952424.0084
  LLH:  Lat=27.749335855° Lon=106.741426944° H=1017.3010m
  原始数据:
2025/11/16 10:25:15.000   27.749335855  106.741426944  1017.3010   2  33   0.0050   0.0153   0.0075   0.0036   0.0074   0.0035  18.00    1.0 8516427

[TCP数据流] 2025/11/16 18:24:59 - 浮点解 (33颗卫星)
  ECEF: X=-1627386.2998 Y=5410145.8794 Z=2952424.0085
  LLH:  Lat=27.749335855° Lon=106.741426953° H=1017.3012m
  原始数据:
2025/11/16 10:25:17.000   27.749335855  106.741426953  1017.3012   2  33   0.0050   0.0153   0.0075   0.0036   0.0074   0.0035  20.00    1.0 8516427

[TCP数据流] 2025/11/16 18:25:02 - 浮点解 (25颗卫星)
  ECEF: X=-1627386.3007 Y=5410145.8794 Z=2952424.0086
  LLH:  Lat=27.749335854° Lon=106.741426962° H=1017.3015m
  原始数据:
2025/11/16 10:25:20.000   27.749335854  106.741426962  1017.3015   2  25   0.0050   0.0153   0.0075   0.0036   0.0074   0.0035  23.00    1.0 8516427

[TCP数据流] 2025/11/16 18:25:04 - 浮点解 (10颗卫星)
  ECEF: X=-1627386.3007 Y=5410145.8794 Z=2952424.0086
  LLH:  Lat=27.749335854° Lon=106.741426962° H=1017.3015m
  原始数据:
2025/11/16 10:25:22.000   27.749335854  106.741426962  1017.3015   2  10   0.0050   0.0153   0.0075   0.0036   0.0074   0.0035  25.00    1.4 8516427

[TCP数据流] 2025/11/16 18:25:05 - 浮点解 (18颗卫星)
  ECEF: X=-1627386.3011 Y=5410145.8795 Z=2952424.0087
  LLH:  Lat=27.749335854° Lon=106.741426966° H=1017.3017m
  原始数据:
2025/11/16 10:25:23.000   27.749335854  106.741426966  1017.3017   2  18   0.0050   0.0153   0.0075   0.0036   0.0074   0.0035  26.00    1.0 8516427

[TCP数据流] 2025/11/16 18:25:06 - 浮点解 (25颗卫星)
  ECEF: X=-1627386.3014 Y=5410145.8794 Z=2952424.0087
  LLH:  Lat=27.749335854° Lon=106.741426969° H=1017.3017m
  原始数据:
2025/11/16 10:25:24.000   27.749335854  106.741426969  1017.3017   2  25   0.0050   0.0153   0.0075   0.0036   0.0074   0.0035  27.00    1.9 8516427

[TCP数据流] 2025/11/16 18:25:07 - 浮点解 (10颗卫星)
  ECEF: X=-1627386.3015 Y=5410145.8794 Z=2952424.0086
  LLH:  Lat=27.749335853° Lon=106.741426970° H=1017.3017m
  原始数据:
2025/11/16 10:25:25.000   27.749335853  106.741426970  1017.3017   2  10   0.0050   0.0153   0.0075   0.0036   0.0074   0.0035  28.00    1.4 8516427

[TCP数据流] 2025/11/16 18:25:09 - 浮点解 (10颗卫星)
  ECEF: X=-1627386.3017 Y=5410145.8794 Z=2952424.0086
  LLH:  Lat=27.749335853° Lon=106.741426972° H=1017.3018m
  原始数据:
2025/11/16 10:25:27.000   27.749335853  106.741426972  1017.3018   2  10   0.0050   0.0153   0.0075   0.0036   0.0074   0.0035  30.00    1.4 8516427

[TCP数据流] 2025/11/16 18:25:50 - 浮点解 (17颗卫星)
  ECEF: X=-1627386.3171 Y=5410145.8835 Z=2952424.0122
  LLH:  Lat=27.749335847° Lon=106.741427109° H=1017.3108m
  原始数据:
2025/11/16 10:26:08.000   27.749335847  106.741427109  1017.3108   2  17   0.0049   0.0152   0.0074   0.0037   0.0074   0.0035   0.00    1.1 8516427

[TCP数据流] 2025/11/16 18:25:52 - 浮点解 (17颗卫星)
  ECEF: X=-1627386.3187 Y=5410145.8841 Z=2952424.0128
  LLH:  Lat=27.749335847° Lon=106.741427123° H=1017.3120m
  原始数据:
2025/11/16 10:26:10.000   27.749335847  106.741427123  1017.3120   2  17   0.0049   0.0152   0.0074   0.0037   0.0074   0.0035   2.00    1.2 8516427

[TCP数据流] 2025/11/16 18:25:55 - 浮点解 (17颗卫星)
  ECEF: X=-1627386.3193 Y=5410145.8846 Z=2952424.0128
  LLH:  Lat=27.749335845° Lon=106.741427128° H=1017.3126m
  原始数据:
2025/11/16 10:26:13.000   27.749335845  106.741427128  1017.3126   2  17   0.0049   0.0152   0.0074   0.0037   0.0074   0.0035   5.00    1.1 8516427

[TCP数据流] 2025/11/16 18:25:56 - 浮点解 (33颗卫星)
  ECEF: X=-1627386.3211 Y=5410145.8843 Z=2952424.0131
  LLH:  Lat=27.749335846° Lon=106.741427146° H=1017.3129m
  原始数据:
2025/11/16 10:26:14.000   27.749335846  106.741427146  1017.3129   2  33   0.0049   0.0151   0.0074   0.0037   0.0074   0.0035   6.00    1.1 8516427

[TCP数据流] 2025/11/16 18:25:57 - 浮点解 (17颗卫星)
  ECEF: X=-1627386.3216 Y=5410145.8845 Z=2952424.0132
  LLH:  Lat=27.749335845° Lon=106.741427150° H=1017.3133m
  原始数据:
2025/11/16 10:26:15.000   27.749335845  106.741427150  1017.3133   2  17   0.0049   0.0151   0.0074   0.0036   0.0074   0.0035   7.00    1.4 8516427

[TCP数据流] 2025/11/16 18:25:58 - 浮点解 (10颗卫星)
  ECEF: X=-1627386.3221 Y=5410145.8848 Z=2952424.0134
  LLH:  Lat=27.749335845° Lon=106.741427154° H=1017.3137m
  原始数据:
2025/11/16 10:26:16.000   27.749335845  106.741427154  1017.3137   2  10   0.0049   0.0151   0.0074   0.0036   0.0074   0.0035   8.00    2.1 8516427

[TCP数据流] 2025/11/16 18:25:59 - 固定解 (17颗卫星)
  ECEF: X=-1627386.5329 Y=5410145.9445 Z=2952424.0773
  LLH:  Lat=27.749335860° Lon=106.741429027° H=1017.4478m
  原始数据:
2025/11/16 10:26:17.000   27.749335860  106.741429027  1017.4478   1  17   0.0016   0.0010   0.0030  -0.0001   0.0007  -0.0003   9.00    3.2 8516427

[TCP数据流] 2025/11/16 18:26:00 - 固定解 (17颗卫星)
  ECEF: X=-1627386.5325 Y=5410145.9453 Z=2952424.0778
  LLH:  Lat=27.749335861° Lon=106.741429021° H=1017.4487m
  原始数据:
2025/11/16 10:26:18.000   27.749335861  106.741429021  1017.4487   1  17   0.0016   0.0010   0.0030  -0.0001   0.0007  -0.0004  10.00    3.2 8516427

[TCP数据流] 2025/11/16 18:26:01 - 浮点解 (26颗卫星)
  ECEF: X=-1627386.3236 Y=5410145.8849 Z=2952424.0135
  LLH:  Lat=27.749335844° Lon=106.741427168° H=1017.3143m
  原始数据:
2025/11/16 10:26:19.000   27.749335844  106.741427168  1017.3143   2  26   0.0049   0.0151   0.0073   0.0036   0.0073   0.0035  11.00    1.7 8516427

[TCP数据流] 2025/11/16 18:26:02 - 固定解 (25颗卫星)
  ECEF: X=-1627386.5332 Y=5410145.9465 Z=2952424.0768
  LLH:  Lat=27.749335848° Lon=106.741429024° H=1017.4494m
  原始数据:
2025/11/16 10:26:20.000   27.749335848  106.741429024  1017.4494   1  25   0.0012   0.0009   0.0029   0.0007   0.0007  -0.0006  12.00    3.7 8516427

[TCP数据流] 2025/11/16 18:26:03 - 固定解 (25颗卫星)
  ECEF: X=-1627386.5330 Y=5410145.9468 Z=2952424.0768
  LLH:  Lat=27.749335847° Lon=106.741429021° H=1017.4496m
  原始数据:
2025/11/16 10:26:21.000   27.749335847  106.741429021  1017.4496   1  25   0.0012   0.0009   0.0029   0.0007   0.0007  -0.0006  13.00    3.6 8516427

[TCP数据流] 2025/11/16 18:26:06 - 固定解 (25颗卫星)
  ECEF: X=-1627386.5327 Y=5410145.9471 Z=2952424.0769
  LLH:  Lat=27.749335847° Lon=106.741429018° H=1017.4498m
  原始数据:
2025/11/16 10:26:24.000   27.749335847  106.741429018  1017.4498   1  25   0.0012   0.0009   0.0029   0.0007   0.0007  -0.0006  16.00    3.5 8516427

[TCP数据流] 2025/11/16 18:26:07 - 固定解 (25颗卫星)
  ECEF: X=-1627386.5326 Y=5410145.9472 Z=2952424.0769
  LLH:  Lat=27.749335846° Lon=106.741429016° H=1017.4499m
  原始数据:
2025/11/16 10:26:25.000   27.749335846  106.741429016  1017.4499   1  25   0.0012   0.0009   0.0029   0.0007   0.0007  -0.0006  17.00    3.4 8516427

[TCP数据流] 2025/11/16 18:26:08 - 固定解 (25颗卫星)
  ECEF: X=-1627386.5324 Y=5410145.9474 Z=2952424.0768
  LLH:  Lat=27.749335845° Lon=106.741429014° H=1017.4500m
  原始数据:
2025/11/16 10:26:26.000   27.749335845  106.741429014  1017.4500   1  25   0.0012   0.0009   0.0029   0.0007   0.0007  -0.0006  18.00    3.3 8516427

[TCP数据流] 2025/11/16 18:26:09 - 固定解 (33颗卫星)
  ECEF: X=-1627386.5323 Y=5410145.9475 Z=2952424.0767
  LLH:  Lat=27.749335844° Lon=106.741429012° H=1017.4500m
  原始数据:
2025/11/16 10:26:27.000   27.749335844  106.741429012  1017.4500   1  33   0.0012   0.0009   0.0029   0.0007   0.0007  -0.0006  19.00    3.2 8516427

[TCP数据流] 2025/11/16 18:26:11 - 固定解 (33颗卫星)
  ECEF: X=-1627386.5321 Y=5410145.9476 Z=2952424.0767
  LLH:  Lat=27.749335844° Lon=106.741429010° H=1017.4500m
  原始数据:
2025/11/16 10:26:29.000   27.749335844  106.741429010  1017.4500   1  33   0.0012   0.0009   0.0029   0.0007   0.0007  -0.0006  21.00    3.1 8516427

[TCP数据流] 2025/11/16 18:26:12 - 浮点解 (10颗卫星)
  ECEF: X=-1627386.3280 Y=5410145.8846 Z=2952424.0140
  LLH:  Lat=27.749335843° Lon=106.741427212° H=1017.3154m
  原始数据:
2025/11/16 10:26:30.000   27.749335843  106.741427212  1017.3154   2  10   0.0049   0.0150   0.0073   0.0036   0.0073   0.0035  22.00    2.5 8516427

[TCP数据流] 2025/11/16 18:26:13 - 浮点解 (10颗卫星)
  ECEF: X=-1627386.3284 Y=5410145.8847 Z=2952424.0140
  LLH:  Lat=27.749335843° Lon=106.741427216° H=1017.3156m
  原始数据:
2025/11/16 10:26:31.000   27.749335843  106.741427216  1017.3156   2  10   0.0049   0.0150   0.0073   0.0036   0.0073   0.0035  23.00    2.5 8516427

[TCP数据流] 2025/11/16 18:26:15 - 浮点解 (10颗卫星)
  ECEF: X=-1627386.3284 Y=5410145.8848 Z=2952424.0141
  LLH:  Lat=27.749335843° Lon=106.741427215° H=1017.3157m
  原始数据:
2025/11/16 10:26:33.000   27.749335843  106.741427215  1017.3157   2  10   0.0049   0.0150   0.0073   0.0036   0.0073   0.0035  25.00    2.5 8516427

[TCP数据流] 2025/11/16 18:26:20 - 浮点解 (25颗卫星)
  ECEF: X=-1627386.3283 Y=5410145.8847 Z=2952424.0140
  LLH:  Lat=27.749335843° Lon=106.741427215° H=1017.3156m
  原始数据:
2025/11/16 10:26:38.000   27.749335843  106.741427215  1017.3156   2  25   0.0049   0.0150   0.0073   0.0036   0.0073   0.0035  30.00    2.3 8516427

[TCP数据流] 2025/11/16 18:26:45 - 浮点解 (10颗卫星)
  ECEF: X=-1627386.3294 Y=5410145.8852 Z=2952424.0143
  LLH:  Lat=27.749335842° Lon=106.741427224° H=1017.3164m
  原始数据:
2025/11/16 10:27:03.000   27.749335842  106.741427224  1017.3164   2  10   0.0049   0.0150   0.0073   0.0036   0.0073   0.0035   0.00    0.0 8516427

[TCP数据流] 2025/11/16 18:26:47 - 浮点解 (26颗卫星)
  ECEF: X=-1627386.3305 Y=5410145.8848 Z=2952424.0145
  LLH:  Lat=27.749335844° Lon=106.741427236° H=1017.3164m
  原始数据:
2025/11/16 10:27:05.000   27.749335844  106.741427236  1017.3164   2  26   0.0049   0.0150   0.0073   0.0036   0.0073   0.0035   2.00    2.8 8516427

[TCP数据流] 2025/11/16 18:26:48 - 浮点解 (10颗卫星)
  ECEF: X=-1627386.3310 Y=5410145.8851 Z=2952424.0146
  LLH:  Lat=27.749335843° Lon=106.741427240° H=1017.3169m
  原始数据:
2025/11/16 10:27:06.000   27.749335843  106.741427240  1017.3169   2  10   0.0049   0.0150   0.0073   0.0036   0.0073   0.0035   3.00    0.0 8516427

[TCP数据流] 2025/11/16 18:26:50 - 浮点解 (18颗卫星)
  ECEF: X=-1627386.3334 Y=5410145.8853 Z=2952424.0147
  LLH:  Lat=27.749335840° Lon=106.741427262° H=1017.3177m
  原始数据:
2025/11/16 10:27:08.000   27.749335840  106.741427262  1017.3177   2  18   0.0048   0.0150   0.0072   0.0036   0.0073   0.0034   5.00    0.0 8516427

[TCP数据流] 2025/11/16 18:26:53 - 浮点解 (26颗卫星)
  ECEF: X=-1627386.3339 Y=5410145.8849 Z=2952424.0147
  LLH:  Lat=27.749335841° Lon=106.741427268° H=1017.3175m
  原始数据:
2025/11/16 10:27:11.000   27.749335841  106.741427268  1017.3175   2  26   0.0048   0.0150   0.0072   0.0036   0.0073   0.0034   8.00    1.3 8516427

[TCP数据流] 2025/11/16 18:26:55 - 浮点解 (34颗卫星)
  ECEF: X=-1627386.3351 Y=5410145.8847 Z=2952424.0145
  LLH:  Lat=27.749335839° Lon=106.741427281° H=1017.3175m
  原始数据:
2025/11/16 10:27:13.000   27.749335839  106.741427281  1017.3175   2  34   0.0048   0.0150   0.0072   0.0036   0.0073   0.0034  10.00    1.7 8516427

[TCP数据流] 2025/11/16 18:26:56 - 浮点解 (18颗卫星)
  ECEF: X=-1627386.3350 Y=5410145.8845 Z=2952424.0145
  LLH:  Lat=27.749335840° Lon=106.741427280° H=1017.3173m
  原始数据:
2025/11/16 10:27:14.000   27.749335840  106.741427280  1017.3173   2  18   0.0048   0.0149   0.0072   0.0036   0.0073   0.0034  11.00    1.7 8516427

[TCP数据流] 2025/11/16 18:27:00 - 浮点解 (26颗卫星)
  ECEF: X=-1627386.3400 Y=5410145.8856 Z=2952424.0162
  LLH:  Lat=27.749335843° Lon=106.741427326° H=1017.3203m
  原始数据:
2025/11/16 10:27:18.000   27.749335843  106.741427326  1017.3203   2  26   0.0048   0.0149   0.0072   0.0036   0.0073   0.0034   0.00    1.8 8516427

[TCP数据流] 2025/11/16 18:27:03 - 固定解 (10颗卫星)
  ECEF: X=-1627386.4906 Y=5410145.8529 Z=2952424.0336
  LLH:  Lat=27.749335931° Lon=106.741428884° H=1017.3391m
  原始数据:
2025/11/16 10:27:21.000   27.749335931  106.741428884  1017.3391   1  10   0.0047   0.0010   0.0038   0.0004   0.0007   0.0033   0.00    3.4 8516427

[TCP数据流] 2025/11/16 18:31:50 - 浮点解 (10颗卫星)
  ECEF: X=-1627386.3495 Y=5410145.8878 Z=2952424.0182
  LLH:  Lat=27.749335838° Lon=106.741427411° H=1017.3255m
  原始数据:
2025/11/16 10:32:08.000   27.749335838  106.741427411  1017.3255   2  10   0.0047   0.0148   0.0071   0.0037   0.0073   0.0034   0.00    1.6 8516427

[TCP数据流] 2025/11/16 18:31:55 - 浮点解 (18颗卫星)
  ECEF: X=-1627386.3525 Y=5410145.8856 Z=2952424.0190
  LLH:  Lat=27.749335850° Lon=106.741427447° H=1017.3248m
  原始数据:
2025/11/16 10:32:13.000   27.749335850  106.741427447  1017.3248   2  18   0.0047   0.0148   0.0071   0.0037   0.0073   0.0034   5.00    1.9 8516427

[TCP数据流] 2025/11/16 18:31:58 - 浮点解 (18颗卫星)
  ECEF: X=-1627386.3550 Y=5410145.8856 Z=2952424.0185
  LLH:  Lat=27.749335843° Lon=106.741427471° H=1017.3252m
  原始数据:
2025/11/16 10:32:16.000   27.749335843  106.741427471  1017.3252   2  18   0.0047   0.0148   0.0071   0.0037   0.0073   0.0034   8.00    1.7 8516427

[TCP数据流] 2025/11/16 18:32:00 - 浮点解 (18颗卫星)
  ECEF: X=-1627386.3565 Y=5410145.8853 Z=2952424.0188
  LLH:  Lat=27.749335844° Lon=106.741427487° H=1017.3255m
  原始数据:
2025/11/16 10:32:18.000   27.749335844  106.741427487  1017.3255   2  18   0.0047   0.0148   0.0071   0.0037   0.0073   0.0034  10.00    1.3 8516427

[TCP数据流] 2025/11/16 18:32:01 - 浮点解 (18颗卫星)
  ECEF: X=-1627386.3576 Y=5410145.8852 Z=2952424.0188
  LLH:  Lat=27.749335844° Lon=106.741427498° H=1017.3257m
  原始数据:
2025/11/16 10:32:19.000   27.749335844  106.741427498  1017.3257   2  18   0.0047   0.0148   0.0071   0.0037   0.0073   0.0034  11.00    1.3 8516427

[TCP数据流] 2025/11/16 18:32:02 - 浮点解 (18颗卫星)
  ECEF: X=-1627386.3583 Y=5410145.8852 Z=2952424.0189
  LLH:  Lat=27.749335844° Lon=106.741427505° H=1017.3259m
  原始数据:
2025/11/16 10:32:20.000   27.749335844  106.741427505  1017.3259   2  18   0.0047   0.0148   0.0071   0.0037   0.0073   0.0034  12.00    2.0 8516427

[TCP数据流] 2025/11/16 18:32:03 - 浮点解 (18颗卫星)
  ECEF: X=-1627386.3590 Y=5410145.8851 Z=2952424.0189
  LLH:  Lat=27.749335843° Lon=106.741427512° H=1017.3260m
  原始数据:
2025/11/16 10:32:21.000   27.749335843  106.741427512  1017.3260   2  18   0.0046   0.0147   0.0071   0.0037   0.0073   0.0034  13.00    1.4 8516427

[TCP数据流] 2025/11/16 18:32:05 - 浮点解 (10颗卫星)
  ECEF: X=-1627386.3595 Y=5410145.8853 Z=2952424.0191
  LLH:  Lat=27.749335843° Lon=106.741427516° H=1017.3264m
  原始数据:
2025/11/16 10:32:23.000   27.749335843  106.741427516  1017.3264   2  10   0.0046   0.0147   0.0071   0.0037   0.0073   0.0034  15.00    1.6 8516427

[TCP数据流] 2025/11/16 18:32:06 - 浮点解 (10颗卫星)
  ECEF: X=-1627386.3600 Y=5410145.8855 Z=2952424.0192
  LLH:  Lat=27.749335843° Lon=106.741427520° H=1017.3267m
  原始数据:
2025/11/16 10:32:24.000   27.749335843  106.741427520  1017.3267   2  10   0.0046   0.0147   0.0071   0.0037   0.0073   0.0034  16.00    1.4 8516427

[TCP数据流] 2025/11/16 18:32:13 - 浮点解 (17颗卫星)
  ECEF: X=-1627386.3605 Y=5410145.8854 Z=2952424.0193
  LLH:  Lat=27.749335843° Lon=106.741427525° H=1017.3268m
  原始数据:
2025/11/16 10:32:31.000   27.749335843  106.741427525  1017.3268   2  17   0.0046   0.0147   0.0071   0.0037   0.0073   0.0034  23.00    1.3 8516427

[TCP数据流] 2025/11/16 18:32:19 - 浮点解 (17颗卫星)
  ECEF: X=-1627386.3605 Y=5410145.8853 Z=2952424.0192
  LLH:  Lat=27.749335843° Lon=106.741427526° H=1017.3267m
  原始数据:
2025/11/16 10:32:37.000   27.749335843  106.741427526  1017.3267   2  17   0.0046   0.0147   0.0071   0.0037   0.0073   0.0034  29.00    1.2 8516427

[TCP数据流] 2025/11/16 18:33:00 - 浮点解 (33颗卫星)
  ECEF: X=-1627386.4270 Y=5410145.8669 Z=2952424.0265
  LLH:  Lat=27.749335895° Lon=106.741428225° H=1017.3314m
  原始数据:
2025/11/16 10:33:18.000   27.749335895  106.741428225  1017.3314   2  33   0.0042   0.0138   0.0067   0.0037   0.0071   0.0033   0.00    1.1 8516427

[TCP数据流] 2025/11/16 18:33:01 - 浮点解 (33颗卫星)
  ECEF: X=-1627386.4339 Y=5410145.8645 Z=2952424.0271
  LLH:  Lat=27.749335901° Lon=106.741428299° H=1017.3314m
  原始数据:
2025/11/16 10:33:19.000   27.749335901  106.741428299  1017.3314   2  33   0.0042   0.0137   0.0067   0.0037   0.0070   0.0033   0.00    1.2 8516427

[TCP数据流] 2025/11/16 18:33:03 - 浮点解 (33颗卫星)
  ECEF: X=-1627386.4401 Y=5410145.8624 Z=2952424.0276
  LLH:  Lat=27.749335906° Lon=106.741428365° H=1017.3315m
  原始数据:
2025/11/16 10:33:21.000   27.749335906  106.741428365  1017.3315   2  33   0.0041   0.0136   0.0066   0.0037   0.0070   0.0033   0.00    1.2 8516427

[TCP数据流] 2025/11/16 18:33:04 - 浮点解 (33颗卫星)
  ECEF: X=-1627386.4455 Y=5410145.8606 Z=2952424.0278
  LLH:  Lat=27.749335908° Lon=106.741428423° H=1017.3314m
  原始数据:
2025/11/16 10:33:22.000   27.749335908  106.741428423  1017.3314   2  33   0.0041   0.0135   0.0066   0.0037   0.0070   0.0033   1.00    1.2 8516427

[TCP数据流] 2025/11/16 18:33:05 - 浮点解 (33颗卫星)
  ECEF: X=-1627386.4494 Y=5410145.8589 Z=2952424.0279
  LLH:  Lat=27.749335911° Lon=106.741428466° H=1017.3310m
  原始数据:
2025/11/16 10:33:23.000   27.749335911  106.741428466  1017.3310   2  33   0.0041   0.0135   0.0065   0.0037   0.0070   0.0033   2.00    1.3 8516427

[TCP数据流] 2025/11/16 18:33:06 - 浮点解 (33颗卫星)
  ECEF: X=-1627386.4523 Y=5410145.8572 Z=2952424.0277
  LLH:  Lat=27.749335913° Lon=106.741428499° H=1017.3302m
  原始数据:
2025/11/16 10:33:24.000   27.749335913  106.741428499  1017.3302   2  33   0.0040   0.0134   0.0065   0.0036   0.0070   0.0033   3.00    1.3 8516427

[TCP数据流] 2025/11/16 18:33:07 - 浮点解 (33颗卫星)
  ECEF: X=-1627386.4548 Y=5410145.8556 Z=2952424.0274
  LLH:  Lat=27.749335914° Lon=106.741428528° H=1017.3294m
  原始数据:
2025/11/16 10:33:25.000   27.749335914  106.741428528  1017.3294   2  33   0.0040   0.0134   0.0065   0.0036   0.0069   0.0033   4.00    1.3 8516427

[TCP数据流] 2025/11/16 18:33:08 - 浮点解 (33颗卫星)
  ECEF: X=-1627386.4569 Y=5410145.8541 Z=2952424.0271
  LLH:  Lat=27.749335915° Lon=106.741428553° H=1017.3285m
  原始数据:
2025/11/16 10:33:26.000   27.749335915  106.741428553  1017.3285   2  33   0.0040   0.0134   0.0065   0.0036   0.0069   0.0033   5.00    1.3 8516427

[TCP数据流] 2025/11/16 18:33:09 - 浮点解 (33颗卫星)
  ECEF: X=-1627386.4583 Y=5410145.8527 Z=2952424.0266
  LLH:  Lat=27.749335915° Lon=106.741428571° H=1017.3274m
  原始数据:
2025/11/16 10:33:27.000   27.749335915  106.741428571  1017.3274   2  33   0.0040   0.0133   0.0065   0.0036   0.0069   0.0033   6.00    1.2 8516427

[TCP数据流] 2025/11/16 18:33:10 - 浮点解 (18颗卫星)
  ECEF: X=-1627386.4587 Y=5410145.8517 Z=2952424.0266
  LLH:  Lat=27.749335918° Lon=106.741428577° H=1017.3267m
  原始数据:
2025/11/16 10:33:28.000   27.749335918  106.741428577  1017.3267   2  18   0.0040   0.0133   0.0064   0.0036   0.0069   0.0033   7.00    1.3 8516427

[TCP数据流] 2025/11/16 18:33:11 - 浮点解 (33颗卫星)
  ECEF: X=-1627386.4598 Y=5410145.8506 Z=2952424.0260
  LLH:  Lat=27.749335917° Lon=106.741428591° H=1017.3257m
  原始数据:
2025/11/16 10:33:29.000   27.749335917  106.741428591  1017.3257   2  33   0.0040   0.0133   0.0064   0.0036   0.0069   0.0033   8.00    1.0 8516427

[TCP数据流] 2025/11/16 18:33:12 - 浮点解 (33颗卫星)
  ECEF: X=-1627386.4606 Y=5410145.8495 Z=2952424.0255
  LLH:  Lat=27.749335916° Lon=106.741428602° H=1017.3248m
  原始数据:
2025/11/16 10:33:30.000   27.749335916  106.741428602  1017.3248   2  33   0.0040   0.0133   0.0064   0.0035   0.0069   0.0033   9.00    1.1 8516427

[TCP数据流] 2025/11/16 18:33:13 - 浮点解 (33颗卫星)
  ECEF: X=-1627386.4613 Y=5410145.8485 Z=2952424.0250
  LLH:  Lat=27.749335915° Lon=106.741428612° H=1017.3239m
  原始数据:
2025/11/16 10:33:31.000   27.749335915  106.741428612  1017.3239   2  33   0.0040   0.0133   0.0064   0.0035   0.0069   0.0033  10.00    1.1 8516427

[TCP数据流] 2025/11/16 18:33:14 - 浮点解 (33颗卫星)
  ECEF: X=-1627386.4617 Y=5410145.8477 Z=2952424.0245
  LLH:  Lat=27.749335914° Lon=106.741428618° H=1017.3231m
  原始数据:
2025/11/16 10:33:32.000   27.749335914  106.741428618  1017.3231   2  33   0.0040   0.0132   0.0064   0.0035   0.0069   0.0033  11.00    1.0 8516427

[TCP数据流] 2025/11/16 18:33:15 - 浮点解 (33颗卫星)
  ECEF: X=-1627386.4621 Y=5410145.8470 Z=2952424.0239
  LLH:  Lat=27.749335912° Lon=106.741428624° H=1017.3223m
  原始数据:
2025/11/16 10:33:33.000   27.749335912  106.741428624  1017.3223   2  33   0.0040   0.0132   0.0064   0.0035   0.0068   0.0033  12.00    1.0 8516427

[TCP数据流] 2025/11/16 18:33:16 - 浮点解 (33颗卫星)
  ECEF: X=-1627386.4623 Y=5410145.8462 Z=2952424.0235
  LLH:  Lat=27.749335911° Lon=106.741428628° H=1017.3215m
  原始数据:
2025/11/16 10:33:34.000   27.749335911  106.741428628  1017.3215   2  33   0.0040   0.0132   0.0064   0.0035   0.0068   0.0033  13.00    1.1 8516427

[TCP数据流] 2025/11/16 18:33:17 - 浮点解 (33颗卫星)
  ECEF: X=-1627386.4623 Y=5410145.8457 Z=2952424.0229
  LLH:  Lat=27.749335909° Lon=106.741428630° H=1017.3208m
  原始数据:
2025/11/16 10:33:35.000   27.749335909  106.741428630  1017.3208   2  33   0.0040   0.0132   0.0064   0.0035   0.0068   0.0033  14.00    1.1 8516427

[TCP数据流] 2025/11/16 18:33:18 - 浮点解 (33颗卫星)
  ECEF: X=-1627386.4625 Y=5410145.8451 Z=2952424.0224
  LLH:  Lat=27.749335907° Lon=106.741428634° H=1017.3201m
  原始数据:
2025/11/16 10:33:36.000   27.749335907  106.741428634  1017.3201   2  33   0.0040   0.0132   0.0064   0.0035   0.0068   0.0033  15.00    1.1 8516427

[TCP数据流] 2025/11/16 18:33:19 - 浮点解 (33颗卫星)
  ECEF: X=-1627386.4627 Y=5410145.8445 Z=2952424.0220
  LLH:  Lat=27.749335906° Lon=106.741428637° H=1017.3195m
  原始数据:
2025/11/16 10:33:37.000   27.749335906  106.741428637  1017.3195   2  33   0.0040   0.0132   0.0064   0.0035   0.0068   0.0033  16.00    1.1 8516427

[TCP数据流] 2025/11/16 18:33:20 - 浮点解 (25颗卫星)
  ECEF: X=-1627386.4626 Y=5410145.8440 Z=2952424.0217
  LLH:  Lat=27.749335905° Lon=106.741428638° H=1017.3189m
  原始数据:
2025/11/16 10:33:38.000   27.749335905  106.741428638  1017.3189   2  25   0.0040   0.0132   0.0064   0.0035   0.0068   0.0033  17.00    1.2 8516427

[TCP数据流] 2025/11/16 18:33:21 - 浮点解 (33颗卫星)
  ECEF: X=-1627386.4627 Y=5410145.8436 Z=2952424.0212
  LLH:  Lat=27.749335903° Lon=106.741428640° H=1017.3183m
  原始数据:
2025/11/16 10:33:39.000   27.749335903  106.741428640  1017.3183   2  33   0.0040   0.0132   0.0064   0.0035   0.0068   0.0033  18.00    1.1 8516427

[TCP数据流] 2025/11/16 18:33:22 - 浮点解 (33颗卫星)
  ECEF: X=-1627386.4628 Y=5410145.8432 Z=2952424.0208
  LLH:  Lat=27.749335901° Lon=106.741428642° H=1017.3178m
  原始数据:
2025/11/16 10:33:40.000   27.749335901  106.741428642  1017.3178   2  33   0.0040   0.0132   0.0064   0.0035   0.0068   0.0033  19.00    1.1 8516427

[TCP数据流] 2025/11/16 18:33:23 - 浮点解 (33颗卫星)
  ECEF: X=-1627386.4628 Y=5410145.8428 Z=2952424.0204
  LLH:  Lat=27.749335900° Lon=106.741428643° H=1017.3173m
  原始数据:
2025/11/16 10:33:41.000   27.749335900  106.741428643  1017.3173   2  33   0.0040   0.0132   0.0064   0.0035   0.0068   0.0033  20.00    1.0 8516427

[TCP数据流] 2025/11/16 18:33:25 - 浮点解 (33颗卫星)
  ECEF: X=-1627386.4629 Y=5410145.8424 Z=2952424.0200
  LLH:  Lat=27.749335898° Lon=106.741428645° H=1017.3168m
  原始数据:
2025/11/16 10:33:43.000   27.749335898  106.741428645  1017.3168   2  33   0.0040   0.0132   0.0064   0.0035   0.0068   0.0033  22.00    1.0 8516427

[TCP数据流] 2025/11/16 18:33:26 - 浮点解 (33颗卫星)
  ECEF: X=-1627386.4629 Y=5410145.8421 Z=2952424.0196
  LLH:  Lat=27.749335896° Lon=106.741428646° H=1017.3163m
  原始数据:
2025/11/16 10:33:44.000   27.749335896  106.741428646  1017.3163   2  33   0.0040   0.0131   0.0064   0.0035   0.0068   0.0033  23.00    1.0 8516427

[TCP数据流] 2025/11/16 18:33:27 - 浮点解 (25颗卫星)
  ECEF: X=-1627386.4629 Y=5410145.8417 Z=2952424.0193
  LLH:  Lat=27.749335895° Lon=106.741428647° H=1017.3159m
  原始数据:
2025/11/16 10:33:45.000   27.749335895  106.741428647  1017.3159   2  25   0.0040   0.0131   0.0064   0.0035   0.0068   0.0033  24.00    1.1 8516427

[TCP数据流] 2025/11/16 18:33:28 - 浮点解 (33颗卫星)
  ECEF: X=-1627386.4627 Y=5410145.8414 Z=2952424.0190
  LLH:  Lat=27.749335894° Lon=106.741428646° H=1017.3154m
  原始数据:
2025/11/16 10:33:46.000   27.749335894  106.741428646  1017.3154   2  33   0.0040   0.0131   0.0064   0.0035   0.0068   0.0033  25.00    1.0 8516427

[TCP数据流] 2025/11/16 18:33:29 - 浮点解 (33颗卫星)
  ECEF: X=-1627386.4625 Y=5410145.8412 Z=2952424.0186
  LLH:  Lat=27.749335892° Lon=106.741428645° H=1017.3150m
  原始数据:
2025/11/16 10:33:47.000   27.749335892  106.741428645  1017.3150   2  33   0.0040   0.0131   0.0064   0.0035   0.0068   0.0033  26.00    1.0 8516427

[TCP数据流] 2025/11/16 18:33:30 - 浮点解 (33颗卫星)
  ECEF: X=-1627386.4624 Y=5410145.8409 Z=2952424.0181
  LLH:  Lat=27.749335890° Lon=106.741428645° H=1017.3145m
  原始数据:
2025/11/16 10:33:48.000   27.749335890  106.741428645  1017.3145   2  33   0.0040   0.0131   0.0064   0.0035   0.0068   0.0033  27.00    1.0 8516427

[TCP数据流] 2025/11/16 18:33:31 - 浮点解 (33颗卫星)
  ECEF: X=-1627386.4624 Y=5410145.8405 Z=2952424.0179
  LLH:  Lat=27.749335889° Lon=106.741428646° H=1017.3141m
  原始数据:
2025/11/16 10:33:49.000   27.749335889  106.741428646  1017.3141   2  33   0.0040   0.0131   0.0064   0.0035   0.0068   0.0033  28.00    1.0 8516427

[TCP数据流] 2025/11/16 18:33:32 - 浮点解 (33颗卫星)
  ECEF: X=-1627386.4624 Y=5410145.8403 Z=2952424.0175
  LLH:  Lat=27.749335887° Lon=106.741428647° H=1017.3137m
  原始数据:
2025/11/16 10:33:50.000   27.749335887  106.741428647  1017.3137   2  33   0.0040   0.0131   0.0064   0.0035   0.0068   0.0033  29.00    1.0 8516427

[TCP数据流] 2025/11/16 18:33:33 - 浮点解 (33颗卫星)
  ECEF: X=-1627386.4626 Y=5410145.8400 Z=2952424.0172
  LLH:  Lat=27.749335886° Lon=106.741428649° H=1017.3134m
  原始数据:
2025/11/16 10:33:51.000   27.749335886  106.741428649  1017.3134   2  33   0.0040   0.0131   0.0064   0.0035   0.0068   0.0033  30.00    1.0 8516427

[TCP数据流] 2025/11/16 18:34:00 - 浮点解 (33颗卫星)
  ECEF: X=-1627386.4681 Y=5410145.8398 Z=2952424.0186
  LLH:  Lat=27.749335891° Lon=106.741428703° H=1017.3153m
  原始数据:
2025/11/16 10:34:18.000   27.749335891  106.741428703  1017.3153   2  33   0.0040   0.0130   0.0063   0.0034   0.0068   0.0033   0.00    1.0 8516427

[TCP数据流] 2025/11/16 18:34:01 - 浮点解 (33颗卫星)
  ECEF: X=-1627386.4727 Y=5410145.8399 Z=2952424.0200
  LLH:  Lat=27.749335896° Lon=106.741428748° H=1017.3172m
  原始数据:
2025/11/16 10:34:19.000   27.749335896  106.741428748  1017.3172   2  33   0.0040   0.0130   0.0063   0.0034   0.0067   0.0033   0.00    1.0 8516427

[TCP数据流] 2025/11/16 18:34:02 - 浮点解 (33颗卫星)
  ECEF: X=-1627386.4774 Y=5410145.8399 Z=2952424.0213
  LLH:  Lat=27.749335901° Lon=106.741428794° H=1017.3190m
  原始数据:
2025/11/16 10:34:20.000   27.749335901  106.741428794  1017.3190   2  33   0.0039   0.0129   0.0063   0.0034   0.0067   0.0033   0.00    1.0 8516427

[TCP数据流] 2025/11/16 18:34:03 - 浮点解 (33颗卫星)
  ECEF: X=-1627386.4820 Y=5410145.8397 Z=2952424.0226
  LLH:  Lat=27.749335906° Lon=106.741428839° H=1017.3206m
  原始数据:
2025/11/16 10:34:21.000   27.749335906  106.741428839  1017.3206   2  33   0.0039   0.0129   0.0062   0.0033   0.0067   0.0033   0.00    1.1 8516427

[TCP数据流] 2025/11/16 18:34:04 - 浮点解 (33颗卫星)
  ECEF: X=-1627386.4858 Y=5410145.8397 Z=2952424.0235
  LLH:  Lat=27.749335909° Lon=106.741428876° H=1017.3220m
  原始数据:
2025/11/16 10:34:22.000   27.749335909  106.741428876  1017.3220   2  33   0.0039   0.0128   0.0062   0.0033   0.0067   0.0032   0.00    1.2 8516427

[TCP数据流] 2025/11/16 18:34:05 - 浮点解 (33颗卫星)
  ECEF: X=-1627386.4894 Y=5410145.8398 Z=2952424.0243
  LLH:  Lat=27.749335911° Lon=106.741428910° H=1017.3234m
  原始数据:
2025/11/16 10:34:23.000   27.749335911  106.741428910  1017.3234   2  33   0.0039   0.0128   0.0062   0.0033   0.0067   0.0032   0.00    1.1 8516427

[TCP数据流] 2025/11/16 18:34:06 - 浮点解 (33颗卫星)
  ECEF: X=-1627386.4924 Y=5410145.8398 Z=2952424.0251
  LLH:  Lat=27.749335913° Lon=106.741428939° H=1017.3245m
  原始数据:
2025/11/16 10:34:24.000   27.749335913  106.741428939  1017.3245   2  33   0.0039   0.0127   0.0062   0.0032   0.0066   0.0032   1.00    1.0 8516427

[TCP数据流] 2025/11/16 18:34:07 - 浮点解 (33颗卫星)
  ECEF: X=-1627386.4955 Y=5410145.8395 Z=2952424.0256
  LLH:  Lat=27.749335915° Lon=106.741428970° H=1017.3253m
  原始数据:
2025/11/16 10:34:25.000   27.749335915  106.741428970  1017.3253   2  33   0.0039   0.0127   0.0061   0.0032   0.0066   0.0032   2.00    1.1 8516427

[TCP数据流] 2025/11/16 18:34:08 - 浮点解 (25颗卫星)
  ECEF: X=-1627386.4959 Y=5410145.8394 Z=2952424.0256
  LLH:  Lat=27.749335915° Lon=106.741428975° H=1017.3253m
  原始数据:
2025/11/16 10:34:26.000   27.749335915  106.741428975  1017.3253   2  25   0.0039   0.0127   0.0061   0.0032   0.0066   0.0032   3.00    1.1 8516427

[TCP数据流] 2025/11/16 18:34:09 - 浮点解 (33颗卫星)
  ECEF: X=-1627386.4978 Y=5410145.8388 Z=2952424.0259
  LLH:  Lat=27.749335917° Lon=106.741428995° H=1017.3254m
  原始数据:
2025/11/16 10:34:27.000   27.749335917  106.741428995  1017.3254   2  33   0.0039   0.0127   0.0061   0.0032   0.0066   0.0032   4.00    1.3 8516427

[TCP数据流] 2025/11/16 18:34:10 - 浮点解 (33颗卫星)
  ECEF: X=-1627386.4991 Y=5410145.8383 Z=2952424.0258
  LLH:  Lat=27.749335917° Lon=106.741429009° H=1017.3253m
  原始数据:
2025/11/16 10:34:28.000   27.749335917  106.741429009  1017.3253   2  33   0.0039   0.0126   0.0061   0.0032   0.0066   0.0032   5.00    1.2 8516427

[TCP数据流] 2025/11/16 18:34:11 - 浮点解 (33颗卫星)
  ECEF: X=-1627386.5002 Y=5410145.8378 Z=2952424.0258
  LLH:  Lat=27.749335918° Lon=106.741429021° H=1017.3251m
  原始数据:
2025/11/16 10:34:29.000   27.749335918  106.741429021  1017.3251   2  33   0.0039   0.0126   0.0061   0.0032   0.0066   0.0032   6.00    1.3 8516427

[TCP数据流] 2025/11/16 18:34:13 - 浮点解 (33颗卫星)
  ECEF: X=-1627386.5008 Y=5410145.8373 Z=2952424.0255
  LLH:  Lat=27.749335917° Lon=106.741429028° H=1017.3247m
  原始数据:
2025/11/16 10:34:31.000   27.749335917  106.741429028  1017.3247   2  33   0.0039   0.0126   0.0061   0.0032   0.0066   0.0032   8.00    1.3 8516427

[TCP数据流] 2025/11/16 18:34:14 - 浮点解 (33颗卫星)
  ECEF: X=-1627386.5012 Y=5410145.8368 Z=2952424.0254
  LLH:  Lat=27.749335917° Lon=106.741429034° H=1017.3243m
  原始数据:
2025/11/16 10:34:32.000   27.749335917  106.741429034  1017.3243   2  33   0.0039   0.0126   0.0061   0.0032   0.0066   0.0032   9.00    1.2 8516427

[TCP数据流] 2025/11/16 18:34:15 - 浮点解 (33颗卫星)
  ECEF: X=-1627386.5015 Y=5410145.8364 Z=2952424.0251
  LLH:  Lat=27.749335916° Lon=106.741429038° H=1017.3239m
  原始数据:
2025/11/16 10:34:33.000   27.749335916  106.741429038  1017.3239   2  33   0.0039   0.0126   0.0061   0.0031   0.0066   0.0032  10.00    1.3 8516427

[TCP数据流] 2025/11/16 18:34:16 - 浮点解 (26颗卫星)
  ECEF: X=-1627386.5017 Y=5410145.8359 Z=2952424.0250
  LLH:  Lat=27.749335917° Lon=106.741429041° H=1017.3235m
  原始数据:
2025/11/16 10:34:34.000   27.749335917  106.741429041  1017.3235   2  26   0.0039   0.0126   0.0061   0.0031   0.0065   0.0032  11.00    1.3 8516427

[TCP数据流] 2025/11/16 18:34:20 - 浮点解 (25颗卫星)
  ECEF: X=-1627386.5020 Y=5410145.8359 Z=2952424.0248
  LLH:  Lat=27.749335915° Lon=106.741429044° H=1017.3235m
  原始数据:
2025/11/16 10:34:38.000   27.749335915  106.741429044  1017.3235   2  25   0.0039   0.0126   0.0061   0.0031   0.0065   0.0032  15.00    1.3 8516427

[TCP数据流] 2025/11/16 18:34:21 - 浮点解 (33颗卫星)
  ECEF: X=-1627386.5021 Y=5410145.8356 Z=2952424.0245
  LLH:  Lat=27.749335914° Lon=106.741429046° H=1017.3231m
  原始数据:
2025/11/16 10:34:39.000   27.749335914  106.741429046  1017.3231   2  33   0.0039   0.0126   0.0061   0.0031   0.0065   0.0032  16.00    1.1 8516427

[TCP数据流] 2025/11/16 18:34:22 - 浮点解 (33颗卫星)
  ECEF: X=-1627386.5022 Y=5410145.8352 Z=2952424.0243
  LLH:  Lat=27.749335914° Lon=106.741429048° H=1017.3227m
  原始数据:
2025/11/16 10:34:40.000   27.749335914  106.741429048  1017.3227   2  33   0.0039   0.0126   0.0060   0.0031   0.0065   0.0032  17.00    1.1 8516427

[TCP数据流] 2025/11/16 18:34:24 - 浮点解 (33颗卫星)
  ECEF: X=-1627386.5020 Y=5410145.8349 Z=2952424.0240
  LLH:  Lat=27.749335913° Lon=106.741429047° H=1017.3223m
  原始数据:
2025/11/16 10:34:42.000   27.749335913  106.741429047  1017.3223   2  33   0.0039   0.0125   0.0060   0.0031   0.0065   0.0032  19.00    1.2 8516427

[TCP数据流] 2025/11/16 18:34:25 - 浮点解 (33颗卫星)
  ECEF: X=-1627386.5019 Y=5410145.8346 Z=2952424.0237
  LLH:  Lat=27.749335912° Lon=106.741429047° H=1017.3219m
  原始数据:
2025/11/16 10:34:43.000   27.749335912  106.741429047  1017.3219   2  33   0.0039   0.0125   0.0060   0.0031   0.0065   0.0032  20.00    1.2 8516427

[TCP数据流] 2025/11/16 18:34:28 - 浮点解 (33颗卫星)
  ECEF: X=-1627386.5018 Y=5410145.8345 Z=2952424.0234
  LLH:  Lat=27.749335910° Lon=106.741429046° H=1017.3216m
  原始数据:
2025/11/16 10:34:46.000   27.749335910  106.741429046  1017.3216   2  33   0.0039   0.0125   0.0060   0.0031   0.0065   0.0032  23.00    1.2 8516427

[TCP数据流] 2025/11/16 18:34:29 - 浮点解 (33颗卫星)
  ECEF: X=-1627386.5017 Y=5410145.8342 Z=2952424.0231
  LLH:  Lat=27.749335909° Lon=106.741429046° H=1017.3212m
  原始数据:
2025/11/16 10:34:47.000   27.749335909  106.741429046  1017.3212   2  33   0.0039   0.0125   0.0060   0.0031   0.0065   0.0032  24.00    1.2 8516427

[TCP数据流] 2025/11/16 18:34:30 - 浮点解 (10颗卫星)
  ECEF: X=-1627386.5017 Y=5410145.8343 Z=2952424.0232
  LLH:  Lat=27.749335909° Lon=106.741429046° H=1017.3213m
  原始数据:
2025/11/16 10:34:48.000   27.749335909  106.741429046  1017.3213   2  10   0.0039   0.0125   0.0060   0.0031   0.0065   0.0032  25.00    1.3 8516427

[TCP数据流] 2025/11/16 18:34:33 - 浮点解 (26颗卫星)
  ECEF: X=-1627386.5017 Y=5410145.8341 Z=2952424.0231
  LLH:  Lat=27.749335909° Lon=106.741429046° H=1017.3211m
  原始数据:
2025/11/16 10:34:51.000   27.749335909  106.741429046  1017.3211   2  26   0.0039   0.0125   0.0060   0.0031   0.0065   0.0032  28.00    1.5 8516427

[TCP数据流] 2025/11/16 18:34:34 - 浮点解 (26颗卫星)
  ECEF: X=-1627386.5014 Y=5410145.8340 Z=2952424.0230
  LLH:  Lat=27.749335909° Lon=106.741429044° H=1017.3209m
  原始数据:
2025/11/16 10:34:52.000   27.749335909  106.741429044  1017.3209   2  26   0.0039   0.0125   0.0060   0.0031   0.0065   0.0032  29.00    1.6 8516427

[TCP数据流] 2025/11/16 18:34:35 - 浮点解 (26颗卫星)
  ECEF: X=-1627386.5011 Y=5410145.8339 Z=2952424.0227
  LLH:  Lat=27.749335908° Lon=106.741429041° H=1017.3206m
  原始数据:
2025/11/16 10:34:53.000   27.749335908  106.741429041  1017.3206   2  26   0.0039   0.0125   0.0060   0.0031   0.0065   0.0032  30.00    1.8 8516427

[TCP数据流] 2025/11/16 18:35:01 - 浮点解 (33颗卫星)
  ECEF: X=-1627386.5037 Y=5410145.8347 Z=2952424.0238
  LLH:  Lat=27.749335910° Lon=106.741429064° H=1017.3224m
  原始数据:
2025/11/16 10:35:19.000   27.749335910  106.741429064  1017.3224   2  33   0.0038   0.0125   0.0060   0.0031   0.0065   0.0032   0.00    1.5 8516427

[TCP数据流] 2025/11/16 18:35:02 - 浮点解 (10颗卫星)
  ECEF: X=-1627386.5052 Y=5410145.8354 Z=2952424.0245
  LLH:  Lat=27.749335911° Lon=106.741429077° H=1017.3238m
  原始数据:
2025/11/16 10:35:20.000   27.749335911  106.741429077  1017.3238   2  10   0.0038   0.0125   0.0060   0.0031   0.0065   0.0032   0.00    0.0 8516427

[TCP数据流] 2025/11/16 18:35:03 - 浮点解 (26颗卫星)
  ECEF: X=-1627386.5081 Y=5410145.8352 Z=2952424.0253
  LLH:  Lat=27.749335915° Lon=106.741429105° H=1017.3247m
  原始数据:
2025/11/16 10:35:21.000   27.749335915  106.741429105  1017.3247   2  26   0.0038   0.0124   0.0060   0.0031   0.0065   0.0032   0.00    1.7 8516427

[TCP数据流] 2025/11/16 18:35:04 - 浮点解 (26颗卫星)
  ECEF: X=-1627386.5104 Y=5410145.8349 Z=2952424.0261
  LLH:  Lat=27.749335919° Lon=106.741429129° H=1017.3254m
  原始数据:
2025/11/16 10:35:22.000   27.749335919  106.741429129  1017.3254   2  26   0.0038   0.0124   0.0060   0.0031   0.0064   0.0032   0.00    1.4 8516427

[TCP数据流] 2025/11/16 18:35:06 - 浮点解 (33颗卫星)
  ECEF: X=-1627386.5119 Y=5410145.8357 Z=2952424.0267
  LLH:  Lat=27.749335919° Lon=106.741429141° H=1017.3267m
  原始数据:
2025/11/16 10:35:24.000   27.749335919  106.741429141  1017.3267   2  33   0.0038   0.0124   0.0060   0.0030   0.0064   0.0032   1.00    1.3 8516427

[TCP数据流] 2025/11/16 18:35:07 - 浮点解 (34颗卫星)
  ECEF: X=-1627386.5140 Y=5410145.8360 Z=2952424.0273
  LLH:  Lat=27.749335920° Lon=106.741429160° H=1017.3278m
  原始数据:
2025/11/16 10:35:25.000   27.749335920  106.741429160  1017.3278   2  34   0.0038   0.0123   0.0059   0.0030   0.0064   0.0032   2.00    1.2 8516427

[TCP数据流] 2025/11/16 18:35:08 - 浮点解 (26颗卫星)
  ECEF: X=-1627386.5154 Y=5410145.8370 Z=2952424.0277
  LLH:  Lat=27.749335918° Lon=106.741429171° H=1017.3292m
  原始数据:
2025/11/16 10:35:26.000   27.749335918  106.741429171  1017.3292   2  26   0.0038   0.0123   0.0059   0.0030   0.0064   0.0032   3.00    1.3 8516427

[TCP数据流] 2025/11/16 18:35:09 - 浮点解 (26颗卫星)
  ECEF: X=-1627386.5167 Y=5410145.8366 Z=2952424.0280
  LLH:  Lat=27.749335920° Lon=106.741429185° H=1017.3293m
  原始数据:
2025/11/16 10:35:27.000   27.749335920  106.741429185  1017.3293   2  26   0.0038   0.0123   0.0059   0.0030   0.0064   0.0032   4.00    1.2 8516427

[TCP数据流] 2025/11/16 18:35:12 - 浮点解 (26颗卫星)
  ECEF: X=-1627386.5177 Y=5410145.8369 Z=2952424.0282
  LLH:  Lat=27.749335919° Lon=106.741429194° H=1017.3299m
  原始数据:
2025/11/16 10:35:30.000   27.749335919  106.741429194  1017.3299   2  26   0.0038   0.0123   0.0059   0.0030   0.0064   0.0032   7.00    1.2 8516427

[TCP数据流] 2025/11/16 18:35:13 - 浮点解 (26颗卫星)
  ECEF: X=-1627386.5183 Y=5410145.8371 Z=2952424.0282
  LLH:  Lat=27.749335918° Lon=106.741429199° H=1017.3303m
  原始数据:
2025/11/16 10:35:31.000   27.749335918  106.741429199  1017.3303   2  26   0.0038   0.0122   0.0059   0.0030   0.0064   0.0032   8.00    1.2 8516427

[TCP数据流] 2025/11/16 18:35:14 - 浮点解 (34颗卫星)
  ECEF: X=-1627386.5188 Y=5410145.8368 Z=2952424.0281
  LLH:  Lat=27.749335917° Lon=106.741429205° H=1017.3301m
  原始数据:
2025/11/16 10:35:32.000   27.749335917  106.741429205  1017.3301   2  34   0.0038   0.0122   0.0059   0.0030   0.0064   0.0032   9.00    1.1 8516427

[TCP数据流] 2025/11/16 18:35:15 - 浮点解 (34颗卫星)
  ECEF: X=-1627386.5190 Y=5410145.8367 Z=2952424.0279
  LLH:  Lat=27.749335916° Lon=106.741429207° H=1017.3299m
  原始数据:
2025/11/16 10:35:33.000   27.749335916  106.741429207  1017.3299   2  34   0.0038   0.0122   0.0059   0.0030   0.0064   0.0032  10.00    1.0 8516427

[TCP数据流] 2025/11/16 18:35:16 - 浮点解 (18颗卫星)
  ECEF: X=-1627386.5192 Y=5410145.8367 Z=2952424.0279
  LLH:  Lat=27.749335916° Lon=106.741429209° H=1017.3300m
  原始数据:
2025/11/16 10:35:34.000   27.749335916  106.741429209  1017.3300   2  18   0.0038   0.0122   0.0059   0.0030   0.0063   0.0032  11.00    1.0 8516427

[TCP数据流] 2025/11/16 18:35:17 - 浮点解 (18颗卫星)
  ECEF: X=-1627386.5194 Y=5410145.8368 Z=2952424.0279
  LLH:  Lat=27.749335915° Lon=106.741429210° H=1017.3301m
  原始数据:
2025/11/16 10:35:35.000   27.749335915  106.741429210  1017.3301   2  18   0.0038   0.0122   0.0059   0.0030   0.0063   0.0032  12.00    1.0 8516427

[TCP数据流] 2025/11/16 18:35:18 - 浮点解 (34颗卫星)
  ECEF: X=-1627386.5196 Y=5410145.8366 Z=2952424.0277
  LLH:  Lat=27.749335914° Lon=106.741429213° H=1017.3299m
  原始数据:
2025/11/16 10:35:36.000   27.749335914  106.741429213  1017.3299   2  34   0.0038   0.0122   0.0059   0.0030   0.0063   0.0032  13.00    1.1 8516427

[TCP数据流] 2025/11/16 18:35:20 - 浮点解 (26颗卫星)
  ECEF: X=-1627386.5195 Y=5410145.8364 Z=2952424.0276
  LLH:  Lat=27.749335914° Lon=106.741429213° H=1017.3297m
  原始数据:
2025/11/16 10:35:38.000   27.749335914  106.741429213  1017.3297   2  26   0.0038   0.0122   0.0059   0.0029   0.0063   0.0032  15.00    1.1 8516427

[TCP数据流] 2025/11/16 18:35:21 - 浮点解 (34颗卫星)
  ECEF: X=-1627386.5197 Y=5410145.8362 Z=2952424.0273
  LLH:  Lat=27.749335913° Lon=106.741429215° H=1017.3294m
  原始数据:
2025/11/16 10:35:39.000   27.749335913  106.741429215  1017.3294   2  34   0.0038   0.0122   0.0059   0.0029   0.0063   0.0032  16.00    1.1 8516427

[TCP数据流] 2025/11/16 18:35:22 - 浮点解 (18颗卫星)
  ECEF: X=-1627386.5196 Y=5410145.8362 Z=2952424.0273
  LLH:  Lat=27.749335913° Lon=106.741429214° H=1017.3294m
  原始数据:
2025/11/16 10:35:40.000   27.749335913  106.741429214  1017.3294   2  18   0.0038   0.0122   0.0059   0.0029   0.0063   0.0032  17.00    1.0 8516427

[TCP数据流] 2025/11/16 18:35:23 - 浮点解 (34颗卫星)
  ECEF: X=-1627386.5198 Y=5410145.8360 Z=2952424.0271
  LLH:  Lat=27.749335912° Lon=106.741429217° H=1017.3292m
  原始数据:
2025/11/16 10:35:41.000   27.749335912  106.741429217  1017.3292   2  34   0.0038   0.0122   0.0059   0.0029   0.0063   0.0032  18.00    1.1 8516427

[TCP数据流] 2025/11/16 18:35:24 - 浮点解 (26颗卫星)
  ECEF: X=-1627386.5197 Y=5410145.8359 Z=2952424.0270
  LLH:  Lat=27.749335911° Lon=106.741429216° H=1017.3290m
  原始数据:
2025/11/16 10:35:42.000   27.749335911  106.741429216  1017.3290   2  26   0.0038   0.0122   0.0059   0.0029   0.0063   0.0032  19.00    1.1 8516427

[TCP数据流] 2025/11/16 18:35:26 - 浮点解 (26颗卫星)
  ECEF: X=-1627386.5196 Y=5410145.8358 Z=2952424.0269
  LLH:  Lat=27.749335911° Lon=106.741429215° H=1017.3288m
  原始数据:
2025/11/16 10:35:44.000   27.749335911  106.741429215  1017.3288   2  26   0.0038   0.0122   0.0059   0.0029   0.0063   0.0032  21.00    1.1 8516427

[TCP数据流] 2025/11/16 18:35:27 - 浮点解 (33颗卫星)
  ECEF: X=-1627386.5193 Y=5410145.8357 Z=2952424.0265
  LLH:  Lat=27.749335909° Lon=106.741429213° H=1017.3285m
  原始数据:
2025/11/16 10:35:45.000   27.749335909  106.741429213  1017.3285   2  33   0.0038   0.0122   0.0059   0.0029   0.0063   0.0032  22.00    1.1 8516427

[TCP数据流] 2025/11/16 18:35:28 - 浮点解 (25颗卫星)
  ECEF: X=-1627386.5192 Y=5410145.8356 Z=2952424.0263
  LLH:  Lat=27.749335908° Lon=106.741429212° H=1017.3283m
  原始数据:
2025/11/16 10:35:46.000   27.749335908  106.741429212  1017.3283   2  25   0.0038   0.0122   0.0059   0.0029   0.0063   0.0032  23.00    1.1 8516427

[TCP数据流] 2025/11/16 18:35:29 - 浮点解 (33颗卫星)
  ECEF: X=-1627386.5190 Y=5410145.8354 Z=2952424.0261
  LLH:  Lat=27.749335907° Lon=106.741429211° H=1017.3280m
  原始数据:
2025/11/16 10:35:47.000   27.749335907  106.741429211  1017.3280   2  33   0.0038   0.0122   0.0059   0.0029   0.0063   0.0032  24.00    1.0 8516427

[TCP数据流] 2025/11/16 18:35:30 - 浮点解 (33颗卫星)
  ECEF: X=-1627386.5189 Y=5410145.8353 Z=2952424.0259
  LLH:  Lat=27.749335906° Lon=106.741429210° H=1017.3278m
  原始数据:
2025/11/16 10:35:48.000   27.749335906  106.741429210  1017.3278   2  33   0.0038   0.0122   0.0059   0.0029   0.0063   0.0032  25.00    1.0 8516427

[TCP数据流] 2025/11/16 18:35:33 - 浮点解 (26颗卫星)
  ECEF: X=-1627386.5186 Y=5410145.8351 Z=2952424.0257
  LLH:  Lat=27.749335905° Lon=106.741429208° H=1017.3275m
  原始数据:
2025/11/16 10:35:51.000   27.749335905  106.741429208  1017.3275   2  26   0.0038   0.0121   0.0059   0.0029   0.0063   0.0032  28.00    1.0 8516427

[TCP数据流] 2025/11/16 18:35:34 - 浮点解 (33颗卫星)
  ECEF: X=-1627386.5184 Y=5410145.8351 Z=2952424.0255
  LLH:  Lat=27.749335904° Lon=106.741429206° H=1017.3273m
  原始数据:
2025/11/16 10:35:52.000   27.749335904  106.741429206  1017.3273   2  33   0.0038   0.0121   0.0059   0.0029   0.0063   0.0032  29.00    1.0 8516427

[TCP数据流] 2025/11/16 18:35:35 - 浮点解 (33颗卫星)
  ECEF: X=-1627386.5184 Y=5410145.8350 Z=2952424.0253
  LLH:  Lat=27.749335903° Lon=106.741429206° H=1017.3271m
  原始数据:
2025/11/16 10:35:53.000   27.749335903  106.741429206  1017.3271   2  33   0.0038   0.0121   0.0059   0.0029   0.0063   0.0032  30.00    1.0 8516427

[TCP数据流] 2025/11/16 18:36:16 - 浮点解 (32颗卫星)
  ECEF: X=-1627386.5196 Y=5410145.8362 Z=2952424.0261
  LLH:  Lat=27.749335903° Lon=106.741429214° H=1017.3288m
  原始数据:
2025/11/16 10:36:34.000   27.749335903  106.741429214  1017.3288   2  32   0.0038   0.0121   0.0058   0.0029   0.0063   0.0032   0.00    1.0 8516427

[TCP数据流] 2025/11/16 18:36:21 - 浮点解 (18颗卫星)
  ECEF: X=-1627386.5202 Y=5410145.8357 Z=2952424.0262
  LLH:  Lat=27.749335905° Lon=106.741429221° H=1017.3286m
  原始数据:
2025/11/16 10:36:39.000   27.749335905  106.741429221  1017.3286   2  18   0.0038   0.0121   0.0058   0.0029   0.0063   0.0032   4.00    1.0 8516427

[TCP数据流] 2025/11/16 18:36:22 - 浮点解 (32颗卫星)
  ECEF: X=-1627386.5205 Y=5410145.8359 Z=2952424.0262
  LLH:  Lat=27.749335904° Lon=106.741429224° H=1017.3289m
  原始数据:
2025/11/16 10:36:40.000   27.749335904  106.741429224  1017.3289   2  32   0.0038   0.0121   0.0058   0.0029   0.0063   0.0032   5.00    1.0 8516427

[TCP数据流] 2025/11/16 18:36:23 - 浮点解 (25颗卫星)
  ECEF: X=-1627386.5211 Y=5410145.8355 Z=2952424.0262
  LLH:  Lat=27.749335905° Lon=106.741429231° H=1017.3287m
  原始数据:
2025/11/16 10:36:41.000   27.749335905  106.741429231  1017.3287   2  25   0.0038   0.0120   0.0058   0.0029   0.0062   0.0032   6.00    1.0 8516427

[TCP数据流] 2025/11/16 18:36:24 - 浮点解 (25颗卫星)
  ECEF: X=-1627386.5218 Y=5410145.8350 Z=2952424.0262
  LLH:  Lat=27.749335906° Lon=106.741429239° H=1017.3284m
  原始数据:
2025/11/16 10:36:42.000   27.749335906  106.741429239  1017.3284   2  25   0.0038   0.0120   0.0058   0.0029   0.0062   0.0032   7.00    1.2 8516427

[TCP数据流] 2025/11/16 18:36:26 - 浮点解 (18颗卫星)
  ECEF: X=-1627386.5218 Y=5410145.8347 Z=2952424.0262
  LLH:  Lat=27.749335907° Lon=106.741429240° H=1017.3282m
  原始数据:
2025/11/16 10:36:44.000   27.749335907  106.741429240  1017.3282   2  18   0.0038   0.0120   0.0058   0.0029   0.0062   0.0032   9.00    1.0 8516427

[TCP数据流] 2025/11/16 18:36:27 - 浮点解 (33颗卫星)
  ECEF: X=-1627386.5220 Y=5410145.8346 Z=2952424.0260
  LLH:  Lat=27.749335906° Lon=106.741429242° H=1017.3281m
  原始数据:
2025/11/16 10:36:45.000   27.749335906  106.741429242  1017.3281   2  33   0.0038   0.0120   0.0058   0.0029   0.0062   0.0032  10.00    1.0 8516427

[TCP数据流] 2025/11/16 18:36:30 - 浮点解 (25颗卫星)
  ECEF: X=-1627386.5222 Y=5410145.8348 Z=2952424.0259
  LLH:  Lat=27.749335904° Lon=106.741429244° H=1017.3282m
  原始数据:
2025/11/16 10:36:48.000   27.749335904  106.741429244  1017.3282   2  25   0.0038   0.0120   0.0058   0.0029   0.0062   0.0032  13.00    1.1 8516427

[TCP数据流] 2025/11/16 18:36:31 - 浮点解 (17颗卫星)
  ECEF: X=-1627386.5222 Y=5410145.8348 Z=2952424.0259
  LLH:  Lat=27.749335904° Lon=106.741429244° H=1017.3282m
  原始数据:
2025/11/16 10:36:49.000   27.749335904  106.741429244  1017.3282   2  17   0.0038   0.0120   0.0058   0.0029   0.0062   0.0032  14.00    1.1 8516427

[TCP数据流] 2025/11/16 18:36:32 - 浮点解 (33颗卫星)
  ECEF: X=-1627386.5221 Y=5410145.8347 Z=2952424.0257
  LLH:  Lat=27.749335903° Lon=106.741429243° H=1017.3280m
  原始数据:
2025/11/16 10:36:50.000   27.749335903  106.741429243  1017.3280   2  33   0.0038   0.0120   0.0058   0.0028   0.0062   0.0032  15.00    1.0 8516427

[TCP数据流] 2025/11/16 18:36:34 - 浮点解 (18颗卫星)
  ECEF: X=-1627386.5220 Y=5410145.8345 Z=2952424.0256
  LLH:  Lat=27.749335903° Lon=106.741429242° H=1017.3278m
  原始数据:
2025/11/16 10:36:52.000   27.749335903  106.741429242  1017.3278   2  18   0.0038   0.0120   0.0058   0.0028   0.0062   0.0032  17.00    1.1 8516427

[TCP数据流] 2025/11/16 18:36:38 - 浮点解 (17颗卫星)
  ECEF: X=-1627386.5219 Y=5410145.8344 Z=2952424.0256
  LLH:  Lat=27.749335903° Lon=106.741429242° H=1017.3277m
  原始数据:
2025/11/16 10:36:56.000   27.749335903  106.741429242  1017.3277   2  17   0.0038   0.0120   0.0058   0.0028   0.0062   0.0032  21.00    1.0 8516427

[TCP数据流] 2025/11/16 18:36:39 - 浮点解 (18颗卫星)
  ECEF: X=-1627386.5217 Y=5410145.8344 Z=2952424.0255
  LLH:  Lat=27.749335903° Lon=106.741429240° H=1017.3276m
  原始数据:
2025/11/16 10:36:57.000   27.749335903  106.741429240  1017.3276   2  18   0.0038   0.0120   0.0058   0.0028   0.0062   0.0032  22.00    1.2 8516427

[TCP数据流] 2025/11/16 18:36:44 - 浮点解 (25颗卫星)
  ECEF: X=-1627386.5215 Y=5410145.8344 Z=2952424.0253
  LLH:  Lat=27.749335902° Lon=106.741429238° H=1017.3274m
  原始数据:
2025/11/16 10:37:02.000   27.749335902  106.741429238  1017.3274   2  25   0.0038   0.0120   0.0058   0.0028   0.0062   0.0032  27.00    1.2 8516427

[TCP数据流] 2025/11/16 18:36:45 - 浮点解 (10颗卫星)
  ECEF: X=-1627386.5213 Y=5410145.8344 Z=2952424.0253
  LLH:  Lat=27.749335902° Lon=106.741429236° H=1017.3274m
  原始数据:
2025/11/16 10:37:03.000   27.749335902  106.741429236  1017.3274   2  10   0.0038   0.0120   0.0058   0.0028   0.0062   0.0032  28.00    1.0 8516427

[TCP数据流] 2025/11/16 18:36:47 - 浮点解 (17颗卫星)
  ECEF: X=-1627386.5213 Y=5410145.8343 Z=2952424.0253
  LLH:  Lat=27.749335902° Lon=106.741429236° H=1017.3273m
  原始数据:
2025/11/16 10:37:05.000   27.749335902  106.741429236  1017.3273   2  17   0.0038   0.0120   0.0058   0.0028   0.0062   0.0032  30.00    1.0 8516427

[TCP数据流] 2025/11/16 18:36:51 - 浮点解 (24颗卫星)
  ECEF: X=-1627386.5211 Y=5410145.8372 Z=2952424.0266
  LLH:  Lat=27.749335901° Lon=106.741429226° H=1017.3303m
  原始数据:
2025/11/16 10:37:09.000   27.749335901  106.741429226  1017.3303   2  24   0.0038   0.0119   0.0058   0.0028   0.0062   0.0032   0.00    1.5 8516427

[TCP数据流] 2025/11/16 18:36:52 - 浮点解 (24颗卫星)
  ECEF: X=-1627386.5207 Y=5410145.8399 Z=2952424.0277
  LLH:  Lat=27.749335900° Lon=106.741429214° H=1017.3330m
  原始数据:
2025/11/16 10:37:10.000   27.749335900  106.741429214  1017.3330   2  24   0.0037   0.0119   0.0058   0.0028   0.0062   0.0032   1.00    1.5 8516427

[TCP数据流] 2025/11/16 18:36:56 - 浮点解 (25颗卫星)
  ECEF: X=-1627386.5207 Y=5410145.8396 Z=2952424.0277
  LLH:  Lat=27.749335901° Lon=106.741429215° H=1017.3327m
  原始数据:
2025/11/16 10:37:14.000   27.749335901  106.741429215  1017.3327   2  25   0.0037   0.0119   0.0057   0.0028   0.0061   0.0032   5.00    1.3 8516427

[TCP数据流] 2025/11/16 18:36:59 - 浮点解 (17颗卫星)
  ECEF: X=-1627386.5206 Y=5410145.8397 Z=2952424.0276
  LLH:  Lat=27.749335900° Lon=106.741429214° H=1017.3328m
  原始数据:
2025/11/16 10:37:17.000   27.749335900  106.741429214  1017.3328   2  17   0.0037   0.0118   0.0057   0.0028   0.0061   0.0032   8.00    1.2 8516427

[TCP数据流] 2025/11/16 18:37:00 - 浮点解 (17颗卫星)
  ECEF: X=-1627386.5206 Y=5410145.8398 Z=2952424.0277
  LLH:  Lat=27.749335900° Lon=106.741429213° H=1017.3329m
  原始数据:
2025/11/16 10:37:18.000   27.749335900  106.741429213  1017.3329   2  17   0.0037   0.0118   0.0057   0.0028   0.0061   0.0031   9.00    1.6 8516427

[TCP数据流] 2025/11/16 18:37:01 - 浮点解 (32颗卫星)
  ECEF: X=-1627386.5204 Y=5410145.8398 Z=2952424.0276
  LLH:  Lat=27.749335900° Lon=106.741429211° H=1017.3328m
  原始数据:
2025/11/16 10:37:19.000   27.749335900  106.741429211  1017.3328   2  32   0.0037   0.0118   0.0057   0.0028   0.0061   0.0031  10.00    1.1 8516427

[TCP数据流] 2025/11/16 18:37:03 - 浮点解 (32颗卫星)
  ECEF: X=-1627386.5203 Y=5410145.8398 Z=2952424.0275
  LLH:  Lat=27.749335899° Lon=106.741429211° H=1017.3327m
  原始数据:
2025/11/16 10:37:21.000   27.749335899  106.741429211  1017.3327   2  32   0.0037   0.0118   0.0057   0.0028   0.0061   0.0031  12.00    1.1 8516427

[TCP数据流] 2025/11/16 18:41:51 - 浮点解 (8颗卫星)
  ECEF: X=-1627386.5188 Y=5410145.8448 Z=2952424.0304
  LLH:  Lat=27.749335904° Lon=106.741429181° H=1017.3379m
  原始数据:
2025/11/16 10:42:09.000   27.749335904  106.741429181  1017.3379   2   8   0.0037   0.0117   0.0057   0.0027   0.0060   0.0031   5.00    1.0 8516427

[TCP数据流] 2025/11/16 18:41:53 - 浮点解 (8颗卫星)
  ECEF: X=-1627386.5192 Y=5410145.8451 Z=2952424.0307
  LLH:  Lat=27.749335905° Lon=106.741429184° H=1017.3384m
  原始数据:
2025/11/16 10:42:11.000   27.749335905  106.741429184  1017.3384   2   8   0.0037   0.0117   0.0057   0.0027   0.0060   0.0031   7.00    1.0 8516427

[TCP数据流] 2025/11/16 18:41:59 - 浮点解 (23颗卫星)
  ECEF: X=-1627386.5186 Y=5410145.8455 Z=2952424.0307
  LLH:  Lat=27.749335904° Lon=106.741429177° H=1017.3386m
  原始数据:
2025/11/16 10:42:17.000   27.749335904  106.741429177  1017.3386   2  23   0.0037   0.0116   0.0057   0.0027   0.0060   0.0031  13.00    1.5 8516427

[TCP数据流] 2025/11/16 18:42:02 - 浮点解 (16颗卫星)
  ECEF: X=-1627386.5190 Y=5410145.8453 Z=2952424.0308
  LLH:  Lat=27.749335905° Lon=106.741429182° H=1017.3386m
  原始数据:
2025/11/16 10:42:20.000   27.749335905  106.741429182  1017.3386   2  16   0.0037   0.0116   0.0057   0.0027   0.0060   0.0031  16.00    1.1 8516427

[TCP数据流] 2025/11/16 18:42:03 - 浮点解 (8颗卫星)
  ECEF: X=-1627386.5188 Y=5410145.8453 Z=2952424.0308
  LLH:  Lat=27.749335905° Lon=106.741429180° H=1017.3386m
  原始数据:
2025/11/16 10:42:21.000   27.749335905  106.741429180  1017.3386   2   8   0.0037   0.0116   0.0057   0.0027   0.0060   0.0031  17.00    1.1 8516427

[TCP数据流] 2025/11/16 18:42:05 - 浮点解 (8颗卫星)
  ECEF: X=-1627386.5190 Y=5410145.8454 Z=2952424.0309
  LLH:  Lat=27.749335905° Lon=106.741429181° H=1017.3387m
  原始数据:
2025/11/16 10:42:23.000   27.749335905  106.741429181  1017.3387   2   8   0.0037   0.0116   0.0057   0.0027   0.0060   0.0031  19.00    1.1 8516427

[TCP数据流] 2025/11/16 18:42:06 - 浮点解 (24颗卫星)
  ECEF: X=-1627386.5190 Y=5410145.8455 Z=2952424.0309
  LLH:  Lat=27.749335905° Lon=106.741429181° H=1017.3388m
  原始数据:
2025/11/16 10:42:24.000   27.749335905  106.741429181  1017.3388   2  24   0.0037   0.0116   0.0057   0.0027   0.0060   0.0031  20.00    1.0 8516427

[TCP数据流] 2025/11/16 18:42:08 - 固定解 (8颗卫星)
  ECEF: X=-1627386.5344 Y=5410145.8864 Z=2952424.0338
  LLH:  Lat=27.749335745° Lon=106.741429211° H=1017.3787m
  原始数据:
2025/11/16 10:42:26.000   27.749335745  106.741429211  1017.3787   1   8   0.0029   0.0008   0.0028   0.0004  -0.0004   0.0020  22.00    3.0 8516427

[TCP数据流] 2025/11/16 18:42:10 - 固定解 (8颗卫星)
  ECEF: X=-1627386.5346 Y=5410145.8866 Z=2952424.0340
  LLH:  Lat=27.749335745° Lon=106.741429213° H=1017.3790m
  原始数据:
2025/11/16 10:42:28.000   27.749335745  106.741429213  1017.3790   1   8   0.0029   0.0008   0.0028   0.0004  -0.0004   0.0020  24.00    3.1 8516427

[TCP数据流] 2025/11/16 18:42:13 - 浮点解 (23颗卫星)
  ECEF: X=-1627386.5187 Y=5410145.8455 Z=2952424.0309
  LLH:  Lat=27.749335905° Lon=106.741429178° H=1017.3387m
  原始数据:
2025/11/16 10:42:31.000   27.749335905  106.741429178  1017.3387   2  23   0.0037   0.0116   0.0057   0.0027   0.0060   0.0031  27.00    1.7 8516427

[TCP数据流] 2025/11/16 18:42:14 - 浮点解 (8颗卫星)
  ECEF: X=-1627386.5185 Y=5410145.8455 Z=2952424.0308
  LLH:  Lat=27.749335905° Lon=106.741429176° H=1017.3386m
  原始数据:
2025/11/16 10:42:32.000   27.749335905  106.741429176  1017.3386   2   8   0.0037   0.0116   0.0057   0.0027   0.0060   0.0031  28.00    2.3 8516427

[TCP数据流] 2025/11/16 18:42:15 - 浮点解 (16颗卫星)
  ECEF: X=-1627386.5185 Y=5410145.8456 Z=2952424.0308
  LLH:  Lat=27.749335904° Lon=106.741429176° H=1017.3387m
  原始数据:
2025/11/16 10:42:33.000   27.749335904  106.741429176  1017.3387   2  16   0.0037   0.0116   0.0057   0.0027   0.0060   0.0031  29.00    1.1 8516427

[TCP数据流] 2025/11/16 18:42:16 - 浮点解 (8颗卫星)
  ECEF: X=-1627386.5184 Y=5410145.8456 Z=2952424.0308
  LLH:  Lat=27.749335904° Lon=106.741429175° H=1017.3387m
  原始数据:
2025/11/16 10:42:34.000   27.749335904  106.741429175  1017.3387   2   8   0.0037   0.0116   0.0057   0.0027   0.0060   0.0031  30.00    2.6 8516427

[TCP数据流] 2025/11/16 18:43:17 - 浮点解 (30颗卫星)
  ECEF: X=-1627386.5186 Y=5410145.8497 Z=2952424.0329
  LLH:  Lat=27.749335904° Lon=106.741429165° H=1017.3432m
  原始数据:
2025/11/16 10:43:35.000   27.749335904  106.741429165  1017.3432   2  30   0.0037   0.0115   0.0056   0.0026   0.0059   0.0031   0.00    1.0 8516427

[TCP数据流] 2025/11/16 18:43:18 - 浮点解 (30颗卫星)
  ECEF: X=-1627386.5185 Y=5410145.8532 Z=2952424.0344
  LLH:  Lat=27.749335902° Lon=106.741429154° H=1017.3468m
  原始数据:
2025/11/16 10:43:36.000   27.749335902  106.741429154  1017.3468   2  30   0.0036   0.0113   0.0055   0.0025   0.0058   0.0031   0.00    1.0 8516427

[TCP数据流] 2025/11/16 18:43:19 - 浮点解 (30颗卫星)
  ECEF: X=-1627386.5183 Y=5410145.8566 Z=2952424.0357
  LLH:  Lat=27.749335899° Lon=106.741429142° H=1017.3503m
  原始数据:
2025/11/16 10:43:37.000   27.749335899  106.741429142  1017.3503   2  30   0.0036   0.0112   0.0055   0.0025   0.0058   0.0030   0.00    1.1 8516427

[TCP数据流] 2025/11/16 18:43:20 - 浮点解 (30颗卫星)
  ECEF: X=-1627386.5190 Y=5410145.8593 Z=2952424.0369
  LLH:  Lat=27.749335897° Lon=106.741429141° H=1017.3533m
  原始数据:
2025/11/16 10:43:38.000   27.749335897  106.741429141  1017.3533   2  30   0.0036   0.0111   0.0054   0.0024   0.0057   0.0030   1.00    1.1 8516427

[TCP数据流] 2025/11/16 18:43:21 - 浮点解 (30颗卫星)
  ECEF: X=-1627386.5195 Y=5410145.8616 Z=2952424.0380
  LLH:  Lat=27.749335896° Lon=106.741429139° H=1017.3559m
  原始数据:
2025/11/16 10:43:39.000   27.749335896  106.741429139  1017.3559   2  30   0.0036   0.0109   0.0054   0.0023   0.0056   0.0030   2.00    1.1 8516427

[TCP数据流] 2025/11/16 18:43:22 - 浮点解 (30颗卫星)
  ECEF: X=-1627386.5198 Y=5410145.8633 Z=2952424.0385
  LLH:  Lat=27.749335893° Lon=106.741429137° H=1017.3577m
  原始数据:
2025/11/16 10:43:40.000   27.749335893  106.741429137  1017.3577   2  30   0.0036   0.0108   0.0054   0.0023   0.0056   0.0030   3.00    1.0 8516427

[TCP数据流] 2025/11/16 18:43:23 - 浮点解 (30颗卫星)
  ECEF: X=-1627386.5204 Y=5410145.8646 Z=2952424.0390
  LLH:  Lat=27.749335891° Lon=106.741429139° H=1017.3591m
  原始数据:
2025/11/16 10:43:41.000   27.749335891  106.741429139  1017.3591   2  30   0.0035   0.0108   0.0053   0.0022   0.0055   0.0030   4.00    1.0 8516427

[TCP数据流] 2025/11/16 18:43:24 - 浮点解 (30颗卫星)
  ECEF: X=-1627386.5210 Y=5410145.8655 Z=2952424.0393
  LLH:  Lat=27.749335889° Lon=106.741429142° H=1017.3602m
  原始数据:
2025/11/16 10:43:42.000   27.749335889  106.741429142  1017.3602   2  30   0.0035   0.0107   0.0053   0.0022   0.0055   0.0030   5.00    1.0 8516427

[TCP数据流] 2025/11/16 18:43:25 - 浮点解 (29颗卫星)
  ECEF: X=-1627386.5202 Y=5410145.8664 Z=2952424.0390
  LLH:  Lat=27.749335884° Lon=106.741429132° H=1017.3606m
  原始数据:
2025/11/16 10:43:43.000   27.749335884  106.741429132  1017.3606   2  29   0.0035   0.0107   0.0053   0.0022   0.0054   0.0029   6.00    1.1 8516427

[TCP数据流] 2025/11/16 18:43:26 - 浮点解 (29颗卫星)
  ECEF: X=-1627386.5194 Y=5410145.8671 Z=2952424.0386
  LLH:  Lat=27.749335879° Lon=106.741429122° H=1017.3608m
  原始数据:
2025/11/16 10:43:44.000   27.749335879  106.741429122  1017.3608   2  29   0.0035   0.0106   0.0053   0.0022   0.0054   0.0029   7.00    1.0 8516427

[TCP数据流] 2025/11/16 18:43:27 - 浮点解 (29颗卫星)
  ECEF: X=-1627386.5186 Y=5410145.8676 Z=2952424.0383
  LLH:  Lat=27.749335875° Lon=106.741429113° H=1017.3609m
  原始数据:
2025/11/16 10:43:45.000   27.749335875  106.741429113  1017.3609   2  29   0.0035   0.0106   0.0052   0.0022   0.0054   0.0029   8.00    1.1 8516427

[TCP数据流] 2025/11/16 18:43:28 - 浮点解 (30颗卫星)
  ECEF: X=-1627386.5180 Y=5410145.8680 Z=2952424.0379
  LLH:  Lat=27.749335871° Lon=106.741429106° H=1017.3609m
  原始数据:
2025/11/16 10:43:46.000   27.749335871  106.741429106  1017.3609   2  30   0.0035   0.0105   0.0052   0.0021   0.0054   0.0029   9.00    1.2 8516427

[TCP数据流] 2025/11/16 18:43:29 - 浮点解 (30颗卫星)
  ECEF: X=-1627386.5174 Y=5410145.8684 Z=2952424.0376
  LLH:  Lat=27.749335868° Lon=106.741429099° H=1017.3609m
  原始数据:
2025/11/16 10:43:47.000   27.749335868  106.741429099  1017.3609   2  30   0.0035   0.0105   0.0052   0.0021   0.0054   0.0029  10.00    1.2 8516427

[TCP数据流] 2025/11/16 18:43:30 - 浮点解 (31颗卫星)
  ECEF: X=-1627386.5143 Y=5410145.8691 Z=2952424.0362
  LLH:  Lat=27.749335858° Lon=106.741429067° H=1017.3601m
  原始数据:
2025/11/16 10:43:48.000   27.749335858  106.741429067  1017.3601   2  31   0.0035   0.0105   0.0052   0.0021   0.0053   0.0029  11.00    1.0 8516427

[TCP数据流] 2025/11/16 18:43:31 - 浮点解 (31颗卫星)
  ECEF: X=-1627386.5116 Y=5410145.8696 Z=2952424.0351
  LLH:  Lat=27.749335850° Lon=106.741429039° H=1017.3593m
  原始数据:
2025/11/16 10:43:49.000   27.749335850  106.741429039  1017.3593   2  31   0.0035   0.0105   0.0052   0.0021   0.0053   0.0029  12.00    1.0 8516427

[TCP数据流] 2025/11/16 18:43:32 - 浮点解 (31颗卫星)
  ECEF: X=-1627386.5092 Y=5410145.8702 Z=2952424.0341
  LLH:  Lat=27.749335843° Lon=106.741429014° H=1017.3587m
  原始数据:
2025/11/16 10:43:50.000   27.749335843  106.741429014  1017.3587   2  31   0.0035   0.0105   0.0052   0.0021   0.0053   0.0029  13.00    1.1 8516427

[TCP数据流] 2025/11/16 18:43:33 - 浮点解 (31颗卫星)
  ECEF: X=-1627386.5072 Y=5410145.8706 Z=2952424.0333
  LLH:  Lat=27.749335837° Lon=106.741428993° H=1017.3582m
  原始数据:
2025/11/16 10:43:51.000   27.749335837  106.741428993  1017.3582   2  31   0.0035   0.0104   0.0052   0.0021   0.0053   0.0029  14.00    1.0 8516427

[TCP数据流] 2025/11/16 18:43:34 - 浮点解 (31颗卫星)
  ECEF: X=-1627386.5053 Y=5410145.8711 Z=2952424.0325
  LLH:  Lat=27.749335831° Lon=106.741428973° H=1017.3577m
  原始数据:
2025/11/16 10:43:52.000   27.749335831  106.741428973  1017.3577   2  31   0.0035   0.0104   0.0052   0.0021   0.0053   0.0029  15.00    1.0 8516427

[TCP数据流] 2025/11/16 18:43:35 - 浮点解 (31颗卫星)
  ECEF: X=-1627386.5037 Y=5410145.8714 Z=2952424.0316
  LLH:  Lat=27.749335825° Lon=106.741428957° H=1017.3572m
  原始数据:
2025/11/16 10:43:53.000   27.749335825  106.741428957  1017.3572   2  31   0.0035   0.0104   0.0052   0.0021   0.0053   0.0029  16.00    1.0 8516427

[TCP数据流] 2025/11/16 18:43:36 - 浮点解 (31颗卫星)
  ECEF: X=-1627386.5021 Y=5410145.8717 Z=2952424.0311
  LLH:  Lat=27.749335821° Lon=106.741428940° H=1017.3568m
  原始数据:
2025/11/16 10:43:54.000   27.749335821  106.741428940  1017.3568   2  31   0.0035   0.0104   0.0052   0.0021   0.0053   0.0029  17.00    1.0 8516427

[TCP数据流] 2025/11/16 18:43:37 - 浮点解 (31颗卫星)
  ECEF: X=-1627386.5008 Y=5410145.8720 Z=2952424.0304
  LLH:  Lat=27.749335816° Lon=106.741428927° H=1017.3564m
  原始数据:
2025/11/16 10:43:55.000   27.749335816  106.741428927  1017.3564   2  31   0.0035   0.0104   0.0052   0.0021   0.0053   0.0029  18.00    1.0 8516427

[TCP数据流] 2025/11/16 18:43:38 - 浮点解 (31颗卫星)
  ECEF: X=-1627386.4996 Y=5410145.8723 Z=2952424.0299
  LLH:  Lat=27.749335812° Lon=106.741428914° H=1017.3561m
  原始数据:
2025/11/16 10:43:56.000   27.749335812  106.741428914  1017.3561   2  31   0.0035   0.0104   0.0052   0.0021   0.0053   0.0029  19.00    1.0 8516427

[TCP数据流] 2025/11/16 18:43:39 - 浮点解 (31颗卫星)
  ECEF: X=-1627386.4986 Y=5410145.8726 Z=2952424.0293
  LLH:  Lat=27.749335808° Lon=106.741428904° H=1017.3558m
  原始数据:
2025/11/16 10:43:57.000   27.749335808  106.741428904  1017.3558   2  31   0.0035   0.0104   0.0052   0.0021   0.0053   0.0029  20.00    1.0 8516427

[TCP数据流] 2025/11/16 18:43:40 - 浮点解 (31颗卫星)
  ECEF: X=-1627386.4975 Y=5410145.8727 Z=2952424.0287
  LLH:  Lat=27.749335804° Lon=106.741428893° H=1017.3554m
  原始数据:
2025/11/16 10:43:58.000   27.749335804  106.741428893  1017.3554   2  31   0.0035   0.0104   0.0052   0.0021   0.0053   0.0029  21.00    1.0 8516427

[TCP数据流] 2025/11/16 18:43:41 - 浮点解 (31颗卫星)
  ECEF: X=-1627386.4964 Y=5410145.8729 Z=2952424.0283
  LLH:  Lat=27.749335801° Lon=106.741428882° H=1017.3551m
  原始数据:
2025/11/16 10:43:59.000   27.749335801  106.741428882  1017.3551   2  31   0.0035   0.0104   0.0052   0.0021   0.0053   0.0029  22.00    1.0 8516427

[TCP数据流] 2025/11/16 18:43:42 - 浮点解 (31颗卫星)
  ECEF: X=-1627386.4955 Y=5410145.8731 Z=2952424.0279
  LLH:  Lat=27.749335798° Lon=106.741428872° H=1017.3548m
  原始数据:
2025/11/16 10:44:00.000   27.749335798  106.741428872  1017.3548   2  31   0.0035   0.0104   0.0052   0.0021   0.0053   0.0029  23.00    1.0 8516427

[TCP数据流] 2025/11/16 18:43:43 - 浮点解 (31颗卫星)
  ECEF: X=-1627386.4947 Y=5410145.8733 Z=2952424.0275
  LLH:  Lat=27.749335795° Lon=106.741428864° H=1017.3546m
  原始数据:
2025/11/16 10:44:01.000   27.749335795  106.741428864  1017.3546   2  31   0.0035   0.0103   0.0052   0.0021   0.0052   0.0029  24.00    1.0 8516427

[TCP数据流] 2025/11/16 18:43:44 - 浮点解 (31颗卫星)
  ECEF: X=-1627386.4940 Y=5410145.8735 Z=2952424.0271
  LLH:  Lat=27.749335792° Lon=106.741428857° H=1017.3544m
  原始数据:
2025/11/16 10:44:02.000   27.749335792  106.741428857  1017.3544   2  31   0.0035   0.0103   0.0051   0.0020   0.0052   0.0029  25.00    1.0 8516427

[TCP数据流] 2025/11/16 18:43:46 - 浮点解 (31颗卫星)
  ECEF: X=-1627386.4934 Y=5410145.8736 Z=2952424.0268
  LLH:  Lat=27.749335790° Lon=106.741428850° H=1017.3542m
  原始数据:
2025/11/16 10:44:04.000   27.749335790  106.741428850  1017.3542   2  31   0.0035   0.0103   0.0051   0.0020   0.0052   0.0029  27.00    1.0 8516427

[TCP数据流] 2025/11/16 18:43:47 - 浮点解 (31颗卫星)
  ECEF: X=-1627386.4928 Y=5410145.8737 Z=2952424.0264
  LLH:  Lat=27.749335787° Lon=106.741428844° H=1017.3539m
  原始数据:
2025/11/16 10:44:05.000   27.749335787  106.741428844  1017.3539   2  31   0.0035   0.0103   0.0051   0.0020   0.0052   0.0029  28.00    1.1 8516427

[TCP数据流] 2025/11/16 18:43:48 - 浮点解 (31颗卫星)
  ECEF: X=-1627386.4921 Y=5410145.8738 Z=2952424.0261
  LLH:  Lat=27.749335785° Lon=106.741428837° H=1017.3537m
  原始数据:
2025/11/16 10:44:06.000   27.749335785  106.741428837  1017.3537   2  31   0.0035   0.0103   0.0051   0.0020   0.0052   0.0029  29.00    1.0 8516427

[TCP数据流] 2025/11/16 18:43:49 - 浮点解 (31颗卫星)
  ECEF: X=-1627386.4916 Y=5410145.8739 Z=2952424.0258
  LLH:  Lat=27.749335783° Lon=106.741428832° H=1017.3535m
  原始数据:
2025/11/16 10:44:07.000   27.749335783  106.741428832  1017.3535   2  31   0.0035   0.0103   0.0051   0.0020   0.0052   0.0029  30.00    1.0 8516427

[TCP数据流] 2025/11/16 18:45:11 - 浮点解 (26颗卫星)
  ECEF: X=-1627386.4743 Y=5410145.8804 Z=2952424.0170
  LLH:  Lat=27.749335707° Lon=106.741428645° H=1017.3505m
  原始数据:
2025/11/16 10:45:29.000   27.749335707  106.741428645  1017.3505   2  26   0.0034   0.0100   0.0050   0.0019   0.0050   0.0028  10.00    1.1 8516427

[TCP数据流] 2025/11/16 18:45:12 - 浮点解 (26颗卫星)
  ECEF: X=-1627386.4726 Y=5410145.8808 Z=2952424.0163
  LLH:  Lat=27.749335702° Lon=106.741428627° H=1017.3501m
  原始数据:
2025/11/16 10:45:30.000   27.749335702  106.741428627  1017.3501   2  26   0.0034   0.0099   0.0050   0.0019   0.0050   0.0028  11.00    1.1 8516427

[TCP数据流] 2025/11/16 18:45:13 - 浮点解 (25颗卫星)
  ECEF: X=-1627386.4705 Y=5410145.8816 Z=2952424.0157
  LLH:  Lat=27.749335697° Lon=106.741428605° H=1017.3500m
  原始数据:
2025/11/16 10:45:31.000   27.749335697  106.741428605  1017.3500   2  25   0.0034   0.0099   0.0050   0.0019   0.0050   0.0028  12.00    1.1 8516427

[TCP数据流] 2025/11/16 18:45:14 - 浮点解 (18颗卫星)
  ECEF: X=-1627386.4699 Y=5410145.8815 Z=2952424.0152
  LLH:  Lat=27.749335694° Lon=106.741428599° H=1017.3495m
  原始数据:
2025/11/16 10:45:32.000   27.749335694  106.741428599  1017.3495   2  18   0.0034   0.0099   0.0050   0.0018   0.0050   0.0028  13.00    1.2 8516427

[TCP数据流] 2025/11/16 18:45:15 - 浮点解 (19颗卫星)
  ECEF: X=-1627386.4685 Y=5410145.8818 Z=2952424.0149
  LLH:  Lat=27.749335692° Lon=106.741428585° H=1017.3493m
  原始数据:
2025/11/16 10:45:33.000   27.749335692  106.741428585  1017.3493   2  19   0.0034   0.0099   0.0050   0.0018   0.0050   0.0028  14.00    1.0 8516427

[TCP数据流] 2025/11/16 18:45:16 - 浮点解 (18颗卫星)
  ECEF: X=-1627386.4680 Y=5410145.8818 Z=2952424.0144
  LLH:  Lat=27.749335689° Lon=106.741428580° H=1017.3489m
  原始数据:
2025/11/16 10:45:34.000   27.749335689  106.741428580  1017.3489   2  18   0.0034   0.0099   0.0050   0.0018   0.0050   0.0028  15.00    1.2 8516427

[TCP数据流] 2025/11/16 18:45:17 - 浮点解 (18颗卫星)
  ECEF: X=-1627386.4674 Y=5410145.8818 Z=2952424.0140
  LLH:  Lat=27.749335686° Lon=106.741428574° H=1017.3485m
  原始数据:
2025/11/16 10:45:35.000   27.749335686  106.741428574  1017.3485   2  18   0.0034   0.0099   0.0050   0.0018   0.0050   0.0028  16.00    1.3 8516427

[TCP数据流] 2025/11/16 18:45:18 - 浮点解 (25颗卫星)
  ECEF: X=-1627386.4661 Y=5410145.8822 Z=2952424.0136
  LLH:  Lat=27.749335683° Lon=106.741428560° H=1017.3484m
  原始数据:
2025/11/16 10:45:36.000   27.749335683  106.741428560  1017.3484   2  25   0.0034   0.0099   0.0050   0.0018   0.0049   0.0028  17.00    1.1 8516427

[TCP数据流] 2025/11/16 18:45:19 - 浮点解 (17颗卫星)
  ECEF: X=-1627386.4654 Y=5410145.8824 Z=2952424.0133
  LLH:  Lat=27.749335681° Lon=106.741428553° H=1017.3482m
  原始数据:
2025/11/16 10:45:37.000   27.749335681  106.741428553  1017.3482   2  17   0.0034   0.0099   0.0050   0.0018   0.0049   0.0028  18.00    1.0 8516427

[TCP数据流] 2025/11/16 18:45:20 - 浮点解 (18颗卫星)
  ECEF: X=-1627386.4650 Y=5410145.8823 Z=2952424.0130
  LLH:  Lat=27.749335679° Lon=106.741428549° H=1017.3479m
  原始数据:
2025/11/16 10:45:38.000   27.749335679  106.741428549  1017.3479   2  18   0.0034   0.0099   0.0050   0.0018   0.0049   0.0028  19.00    1.3 8516427

[TCP数据流] 2025/11/16 18:45:21 - 浮点解 (17颗卫星)
  ECEF: X=-1627386.4643 Y=5410145.8824 Z=2952424.0127
  LLH:  Lat=27.749335677° Lon=106.741428542° H=1017.3477m
  原始数据:
2025/11/16 10:45:39.000   27.749335677  106.741428542  1017.3477   2  17   0.0034   0.0099   0.0050   0.0018   0.0049   0.0028  20.00    1.1 8516427

[TCP数据流] 2025/11/16 18:45:22 - 浮点解 (11颗卫星)
  ECEF: X=-1627386.4639 Y=5410145.8824 Z=2952424.0125
  LLH:  Lat=27.749335676° Lon=106.741428538° H=1017.3475m
  原始数据:
2025/11/16 10:45:40.000   27.749335676  106.741428538  1017.3475   2  11   0.0034   0.0099   0.0050   0.0018   0.0049   0.0028  21.00    1.2 8516427

[TCP数据流] 2025/11/16 18:45:23 - 浮点解 (19颗卫星)
  ECEF: X=-1627386.4632 Y=5410145.8826 Z=2952424.0124
  LLH:  Lat=27.749335675° Lon=106.741428531° H=1017.3474m
  原始数据:
2025/11/16 10:45:41.000   27.749335675  106.741428531  1017.3474   2  19   0.0034   0.0099   0.0050   0.0018   0.0049   0.0028  22.00    1.2 8516427

[TCP数据流] 2025/11/16 18:45:24 - 浮点解 (26颗卫星)
  ECEF: X=-1627386.4625 Y=5410145.8827 Z=2952424.0121
  LLH:  Lat=27.749335673° Lon=106.741428524° H=1017.3472m
  原始数据:
2025/11/16 10:45:42.000   27.749335673  106.741428524  1017.3472   2  26   0.0034   0.0099   0.0050   0.0018   0.0049   0.0028  23.00    1.1 8516427

[TCP数据流] 2025/11/16 18:45:25 - 浮点解 (26颗卫星)
  ECEF: X=-1627386.4620 Y=5410145.8829 Z=2952424.0118
  LLH:  Lat=27.749335671° Lon=106.741428518° H=1017.3471m
  原始数据:
2025/11/16 10:45:43.000   27.749335671  106.741428518  1017.3471   2  26   0.0034   0.0099   0.0050   0.0018   0.0049   0.0028  24.00    1.1 8516427

[TCP数据流] 2025/11/16 18:45:26 - 浮点解 (26颗卫星)
  ECEF: X=-1627386.4615 Y=5410145.8830 Z=2952424.0115
  LLH:  Lat=27.749335669° Lon=106.741428513° H=1017.3469m
  原始数据:
2025/11/16 10:45:44.000   27.749335669  106.741428513  1017.3469   2  26   0.0034   0.0099   0.0050   0.0018   0.0049   0.0028  25.00    1.1 8516427

[TCP数据流] 2025/11/16 18:45:27 - 浮点解 (26颗卫星)
  ECEF: X=-1627386.4609 Y=5410145.8830 Z=2952424.0114
  LLH:  Lat=27.749335668° Lon=106.741428507° H=1017.3467m
  原始数据:
2025/11/16 10:45:45.000   27.749335668  106.741428507  1017.3467   2  26   0.0034   0.0099   0.0050   0.0018   0.0049   0.0028  26.00    1.1 8516427

[TCP数据流] 2025/11/16 18:45:28 - 浮点解 (11颗卫星)
  ECEF: X=-1627386.4605 Y=5410145.8830 Z=2952424.0112
  LLH:  Lat=27.749335667° Lon=106.741428503° H=1017.3465m
  原始数据:
2025/11/16 10:45:46.000   27.749335667  106.741428503  1017.3465   2  11   0.0034   0.0099   0.0050   0.0018   0.0049   0.0028  27.00    1.2 8516427

[TCP数据流] 2025/11/16 18:45:29 - 浮点解 (18颗卫星)
  ECEF: X=-1627386.4602 Y=5410145.8830 Z=2952424.0109
  LLH:  Lat=27.749335665° Lon=106.741428500° H=1017.3463m
  原始数据:
2025/11/16 10:45:47.000   27.749335665  106.741428500  1017.3463   2  18   0.0034   0.0099   0.0050   0.0018   0.0049   0.0028  28.00    1.2 8516427

[TCP数据流] 2025/11/16 18:45:30 - 浮点解 (32颗卫星)
  ECEF: X=-1627386.4598 Y=5410145.8832 Z=2952424.0106
  LLH:  Lat=27.749335663° Lon=106.741428496° H=1017.3462m
  原始数据:
2025/11/16 10:45:48.000   27.749335663  106.741428496  1017.3462   2  32   0.0034   0.0099   0.0050   0.0018   0.0049   0.0028  29.00    1.0 8516427

[TCP数据流] 2025/11/16 18:45:31 - 浮点解 (25颗卫星)
  ECEF: X=-1627386.4593 Y=5410145.8834 Z=2952424.0105
  LLH:  Lat=27.749335662° Lon=106.741428491° H=1017.3462m
  原始数据:
2025/11/16 10:45:49.000   27.749335662  106.741428491  1017.3462   2  25   0.0034   0.0099   0.0050   0.0018   0.0049   0.0028  30.00    1.0 8516427

[TCP数据流] 2025/11/16 18:45:52 - 浮点解 (25颗卫星)
  ECEF: X=-1627386.4488 Y=5410145.8856 Z=2952424.0065
  LLH:  Lat=27.749335634° Lon=106.741428382° H=1017.3435m
  原始数据:
2025/11/16 10:46:10.000   27.749335634  106.741428382  1017.3435   2  25   0.0034   0.0096   0.0049   0.0017   0.0047   0.0027   5.00    1.6 8516427

[TCP数据流] 2025/11/16 18:45:53 - 浮点解 (26颗卫星)
  ECEF: X=-1627386.4461 Y=5410145.8862 Z=2952424.0056
  LLH:  Lat=27.749335627° Lon=106.741428354° H=1017.3429m
  原始数据:
2025/11/16 10:46:11.000   27.749335627  106.741428354  1017.3429   2  26   0.0034   0.0096   0.0049   0.0017   0.0047   0.0027   6.00    2.4 8516427

[TCP数据流] 2025/11/16 18:45:54 - 浮点解 (32颗卫星)
  ECEF: X=-1627386.4430 Y=5410145.8874 Z=2952424.0047
  LLH:  Lat=27.749335619° Lon=106.741428321° H=1017.3428m
  原始数据:
2025/11/16 10:46:12.000   27.749335619  106.741428321  1017.3428   2  32   0.0034   0.0095   0.0049   0.0016   0.0047   0.0027   7.00    1.2 8516427

[TCP数据流] 2025/11/16 18:45:55 - 浮点解 (19颗卫星)
  ECEF: X=-1627386.4405 Y=5410145.8880 Z=2952424.0042
  LLH:  Lat=27.749335615° Lon=106.741428295° H=1017.3424m
  原始数据:
2025/11/16 10:46:13.000   27.749335615  106.741428295  1017.3424   2  19   0.0034   0.0095   0.0048   0.0016   0.0047   0.0027   8.00    1.1 8516427

[TCP数据流] 2025/11/16 18:45:56 - 浮点解 (18颗卫星)
  ECEF: X=-1627386.4400 Y=5410145.8879 Z=2952424.0036
  LLH:  Lat=27.749335612° Lon=106.741428290° H=1017.3419m
  原始数据:
2025/11/16 10:46:14.000   27.749335612  106.741428290  1017.3419   2  18   0.0034   0.0095   0.0048   0.0016   0.0047   0.0027   9.00    2.3 8516427

[TCP数据流] 2025/11/16 18:45:58 - 浮点解 (25颗卫星)
  ECEF: X=-1627386.4379 Y=5410145.8886 Z=2952424.0032
  LLH:  Lat=27.749335608° Lon=106.741428268° H=1017.3418m
  原始数据:
2025/11/16 10:46:16.000   27.749335608  106.741428268  1017.3418   2  25   0.0034   0.0095   0.0048   0.0016   0.0047   0.0027  11.00    1.3 8516427

[TCP数据流] 2025/11/16 18:45:59 - 浮点解 (26颗卫星)
  ECEF: X=-1627386.4366 Y=5410145.8890 Z=2952424.0028
  LLH:  Lat=27.749335605° Lon=106.741428254° H=1017.3416m
  原始数据:
2025/11/16 10:46:17.000   27.749335605  106.741428254  1017.3416   2  26   0.0034   0.0095   0.0048   0.0016   0.0046   0.0027  12.00    1.2 8516427

[TCP数据流] 2025/11/16 18:46:01 - 浮点解 (32颗卫星)
  ECEF: X=-1627386.4355 Y=5410145.8896 Z=2952424.0024
  LLH:  Lat=27.749335601° Lon=106.741428242° H=1017.3416m
  原始数据:
2025/11/16 10:46:19.000   27.749335601  106.741428242  1017.3416   2  32   0.0034   0.0095   0.0048   0.0016   0.0046   0.0027  14.00    1.1 8516427

[TCP数据流] 2025/11/16 18:46:04 - 浮点解 (26颗卫星)
  ECEF: X=-1627386.4345 Y=5410145.8897 Z=2952424.0021
  LLH:  Lat=27.749335599° Lon=106.741428231° H=1017.3413m
  原始数据:
2025/11/16 10:46:22.000   27.749335599  106.741428231  1017.3413   2  26   0.0034   0.0095   0.0048   0.0016   0.0046   0.0027  17.00    1.5 8516427

[TCP数据流] 2025/11/16 18:46:05 - 浮点解 (25颗卫星)
  ECEF: X=-1627386.4333 Y=5410145.8901 Z=2952424.0018
  LLH:  Lat=27.749335597° Lon=106.741428219° H=1017.3412m
  原始数据:
2025/11/16 10:46:23.000   27.749335597  106.741428219  1017.3412   2  25   0.0034   0.0095   0.0048   0.0016   0.0046   0.0027  18.00    1.5 8516427

[TCP数据流] 2025/11/16 18:46:06 - 浮点解 (32颗卫星)
  ECEF: X=-1627386.4325 Y=5410145.8904 Z=2952424.0015
  LLH:  Lat=27.749335594° Lon=106.741428210° H=1017.3411m
  原始数据:
2025/11/16 10:46:24.000   27.749335594  106.741428210  1017.3411   2  32   0.0034   0.0094   0.0048   0.0016   0.0046   0.0027  19.00    1.1 8516427

[TCP数据流] 2025/11/16 18:46:07 - 浮点解 (18颗卫星)
  ECEF: X=-1627386.4323 Y=5410145.8903 Z=2952424.0013
  LLH:  Lat=27.749335593° Lon=106.741428208° H=1017.3409m
  原始数据:
2025/11/16 10:46:25.000   27.749335593  106.741428208  1017.3409   2  18   0.0034   0.0094   0.0048   0.0016   0.0046   0.0027  20.00    2.1 8516427

[TCP数据流] 2025/11/16 18:46:08 - 固定解 (11颗卫星)
  ECEF: X=-1627386.5180 Y=5410145.8932 Z=2952424.0453
  LLH:  Lat=27.749335829° Lon=106.741429032° H=1017.3857m
  原始数据:
2025/11/16 10:46:26.000   27.749335829  106.741429032  1017.3857   1  11   0.0023   0.0019   0.0037   0.0006   0.0022   0.0014  21.00    4.2 8516427

[TCP数据流] 2025/11/16 18:46:10 - 固定解 (19颗卫星)
  ECEF: X=-1627386.5181 Y=5410145.8933 Z=2952424.0453
  LLH:  Lat=27.749335828° Lon=106.741429033° H=1017.3858m
  原始数据:
2025/11/16 10:46:28.000   27.749335828  106.741429033  1017.3858   1  19   0.0023   0.0019   0.0037   0.0006   0.0022   0.0014  23.00    4.3 8516427

[TCP数据流] 2025/11/16 18:46:12 - 固定解 (26颗卫星)
  ECEF: X=-1627386.4900 Y=5410145.8706 Z=2952424.0026
  LLH:  Lat=27.749335613° Lon=106.741428826° H=1017.3395m
  原始数据:
2025/11/16 10:46:30.000   27.749335613  106.741428826  1017.3395   1  26   0.0033   0.0009   0.0039   0.0008   0.0015   0.0027   0.00    8.1 8516427

[TCP数据流] 2025/11/16 18:46:13 - 固定解 (32颗卫星)
  ECEF: X=-1627386.4905 Y=5410145.8715 Z=2952424.0018
  LLH:  Lat=27.749335602° Lon=106.741428828° H=1017.3400m
  原始数据:
2025/11/16 10:46:31.000   27.749335602  106.741428828  1017.3400   1  32   0.0033   0.0009   0.0039   0.0008   0.0015   0.0027   0.00    8.6 8516427

[TCP数据流] 2025/11/16 18:46:14 - 固定解 (32颗卫星)
  ECEF: X=-1627386.4908 Y=5410145.8721 Z=2952424.0009
  LLH:  Lat=27.749335592° Lon=106.741428830° H=1017.3402m
  原始数据:
2025/11/16 10:46:32.000   27.749335592  106.741428830  1017.3402   1  32   0.0033   0.0009   0.0039   0.0008   0.0015   0.0027   1.00    9.0 8516427

[TCP数据流] 2025/11/16 18:46:15 - 固定解 (24颗卫星)
  ECEF: X=-1627386.4910 Y=5410145.8727 Z=2952424.0005
  LLH:  Lat=27.749335586° Lon=106.741428830° H=1017.3406m
  原始数据:
2025/11/16 10:46:33.000   27.749335586  106.741428830  1017.3406   1  24   0.0033   0.0009   0.0039   0.0008   0.0015   0.0027   2.00    9.0 8516427

[TCP数据流] 2025/11/16 18:46:16 - 固定解 (18颗卫星)
  ECEF: X=-1627386.4908 Y=5410145.8725 Z=2952424.0000
  LLH:  Lat=27.749335584° Lon=106.741428829° H=1017.3401m
  原始数据:
2025/11/16 10:46:34.000   27.749335584  106.741428829  1017.3401   1  18   0.0033   0.0009   0.0039   0.0008   0.0015   0.0027   3.00    9.1 8516427

[TCP数据流] 2025/11/16 18:46:17 - 固定解 (32颗卫星)
  ECEF: X=-1627386.4912 Y=5410145.8732 Z=2952423.9976
  LLH:  Lat=27.749335561° Lon=106.741428830° H=1017.3397m
  原始数据:
2025/11/16 10:46:35.000   27.749335561  106.741428830  1017.3397   1  32   0.0021   0.0009   0.0036   0.0008   0.0015   0.0020   4.00    7.9 8516427

[TCP数据流] 2025/11/16 18:46:18 - 固定解 (26颗卫星)
  ECEF: X=-1627386.4911 Y=5410145.8732 Z=2952423.9988
  LLH:  Lat=27.749335571° Lon=106.741428829° H=1017.3402m
  原始数据:
2025/11/16 10:46:36.000   27.749335571  106.741428829  1017.3402   1  26   0.0020   0.0009   0.0036   0.0008   0.0015   0.0019   5.00    8.3 8516427

[TCP数据流] 2025/11/16 18:46:23 - 固定解 (26颗卫星)
  ECEF: X=-1627386.5031 Y=5410145.8863 Z=2952424.0330
  LLH:  Lat=27.749335777° Lon=106.741428908° H=1017.3703m
  原始数据:
2025/11/16 10:46:41.000   27.749335777  106.741428908  1017.3703   1  26   0.0015   0.0008   0.0032  -0.0002   0.0012   0.0012  10.00    4.0 8516427

[TCP数据流] 2025/11/16 18:46:27 - 固定解 (18颗卫星)
  ECEF: X=-1627386.5030 Y=5410145.8863 Z=2952424.0335
  LLH:  Lat=27.749335781° Lon=106.741428907° H=1017.3705m
  原始数据:
2025/11/16 10:46:45.000   27.749335781  106.741428907  1017.3705   1  18   0.0015   0.0008   0.0032  -0.0002   0.0012   0.0012  14.00    4.1 8516427

[TCP数据流] 2025/11/16 18:46:28 - 浮点解 (11颗卫星)
  ECEF: X=-1627386.4064 Y=5410145.8992 Z=2952423.9940
  LLH:  Lat=27.749335530° Lon=106.741427931° H=1017.3384m
  原始数据:
2025/11/16 10:46:46.000   27.749335530  106.741427931  1017.3384   2  11   0.0033   0.0090   0.0047   0.0014   0.0044   0.0026  15.00    0.0 8516427

[TCP数据流] 2025/11/16 18:46:29 - 浮点解 (11颗卫星)
  ECEF: X=-1627386.4059 Y=5410145.8991 Z=2952423.9938
  LLH:  Lat=27.749335530° Lon=106.741427926° H=1017.3381m
  原始数据:
2025/11/16 10:46:47.000   27.749335530  106.741427926  1017.3381   2  11   0.0033   0.0090   0.0047   0.0014   0.0044   0.0026  16.00    0.0 8516427

[TCP数据流] 2025/11/16 18:46:31 - 浮点解 (19颗卫星)
  ECEF: X=-1627386.4051 Y=5410145.8993 Z=2952423.9936
  LLH:  Lat=27.749335528° Lon=106.741427918° H=1017.3380m
  原始数据:
2025/11/16 10:46:49.000   27.749335528  106.741427918  1017.3380   2  19   0.0033   0.0090   0.0047   0.0014   0.0044   0.0026  18.00    2.9 8516427

[TCP数据流] 2025/11/16 18:46:33 - 浮点解 (32颗卫星)
  ECEF: X=-1627386.4045 Y=5410145.8996 Z=2952423.9934
  LLH:  Lat=27.749335526° Lon=106.741427911° H=1017.3380m
  原始数据:
2025/11/16 10:46:51.000   27.749335526  106.741427911  1017.3380   2  32   0.0033   0.0090   0.0047   0.0014   0.0044   0.0026  20.00    2.2 8516427

[TCP数据流] 2025/11/16 18:46:41 - 浮点解 (19颗卫星)
  ECEF: X=-1627386.4040 Y=5410145.8997 Z=2952423.9933
  LLH:  Lat=27.749335526° Lon=106.741427906° H=1017.3379m
  原始数据:
2025/11/16 10:46:59.000   27.749335526  106.741427906  1017.3379   2  19   0.0033   0.0090   0.0047   0.0014   0.0044   0.0026  28.00    1.0 8516427

[TCP数据流] 2025/11/16 18:46:43 - 固定解 (11颗卫星)
  ECEF: X=-1627386.5140 Y=5410145.8843 Z=2952424.0062
  LLH:  Lat=27.749335557° Lon=106.741429019° H=1017.3589m
  原始数据:
2025/11/16 10:47:01.000   27.749335557  106.741429019  1017.3589   1  11   0.0033   0.0008   0.0029   0.0002  -0.0004   0.0025  30.00    5.1 8516427

[TCP数据流] 2025/11/16 18:51:19 - 浮点解 (26颗卫星)
  ECEF: X=-1627386.3828 Y=5410145.9008 Z=2952423.9848
  LLH:  Lat=27.749335479° Lon=106.741427697° H=1017.3295m
  原始数据:
2025/11/16 10:51:37.000   27.749335479  106.741427697  1017.3295   2  26   0.0033   0.0088   0.0046   0.0012   0.0042   0.0026   6.00    1.5 8516427

[TCP数据流] 2025/11/16 18:55:00 - 浮点解 (16颗卫星)
  ECEF: X=-1627386.3851 Y=5410145.9012 Z=2952423.9874
  LLH:  Lat=27.749335495° Lon=106.741427718° H=1017.3316m
  原始数据:
2025/11/16 10:55:18.000   27.749335495  106.741427718  1017.3316   2  16   0.0032   0.0087   0.0045   0.0011   0.0041   0.0025   2.00    2.7 8516427

[TCP数据流] 2025/11/16 18:55:02 - 固定解 (10颗卫星)
  ECEF: X=-1627386.4755 Y=5410145.8558 Z=2952423.9783
  LLH:  Lat=27.749335496° Lon=106.741428729° H=1017.3120m
  原始数据:
2025/11/16 10:55:20.000   27.749335496  106.741428729  1017.3120   1  10   0.0032   0.0008   0.0030   0.0001  -0.0005   0.0024   4.00    3.4 8516427

[TCP数据流] 2025/11/16 18:55:03 - 固定解 (10颗卫星)
  ECEF: X=-1627386.4757 Y=5410145.8567 Z=2952423.9784
  LLH:  Lat=27.749335493° Lon=106.741428728° H=1017.3128m
  原始数据:
2025/11/16 10:55:21.000   27.749335493  106.741428728  1017.3128   1  10   0.0032   0.0008   0.0030   0.0001  -0.0005   0.0024   5.00    3.9 8516427

[TCP数据流] 2025/11/16 18:55:04 - 固定解 (16颗卫星)
  ECEF: X=-1627386.4761 Y=5410145.8566 Z=2952423.9737
  LLH:  Lat=27.749335455° Lon=106.741428732° H=1017.3106m
  原始数据:
2025/11/16 10:55:22.000   27.749335455  106.741428732  1017.3106   1  16   0.0025   0.0008   0.0026   0.0007   0.0003   0.0017   6.00    3.9 8516427

[TCP数据流] 2025/11/16 18:55:06 - 固定解 (10颗卫星)
  ECEF: X=-1627386.4759 Y=5410145.8580 Z=2952423.9785
  LLH:  Lat=27.749335488° Lon=106.741428726° H=1017.3140m
  原始数据:
2025/11/16 10:55:24.000   27.749335488  106.741428726  1017.3140   1  10   0.0032   0.0008   0.0030   0.0001  -0.0005   0.0024   8.00    3.4 8516427

[TCP数据流] 2025/11/16 18:55:09 - 固定解 (10颗卫星)
  ECEF: X=-1627386.4760 Y=5410145.8584 Z=2952423.9786
  LLH:  Lat=27.749335487° Lon=106.741428726° H=1017.3144m
  原始数据:
2025/11/16 10:55:27.000   27.749335487  106.741428726  1017.3144   1  10   0.0032   0.0008   0.0030   0.0001  -0.0005   0.0024  11.00    3.1 8516427

[TCP数据流] 2025/11/16 18:55:11 - 固定解 (16颗卫星)
  ECEF: X=-1627386.4763 Y=5410145.8577 Z=2952423.9739
  LLH:  Lat=27.749335452° Lon=106.741428731° H=1017.3117m
  原始数据:
2025/11/16 10:55:29.000   27.749335452  106.741428731  1017.3117   1  16   0.0025   0.0008   0.0026   0.0007   0.0003   0.0017  13.00    3.1 8516427

[TCP数据流] 2025/11/16 18:55:13 - 浮点解 (10颗卫星)
  ECEF: X=-1627386.3873 Y=5410145.9013 Z=2952423.9877
  LLH:  Lat=27.749335495° Lon=106.741427739° H=1017.3324m
  原始数据:
2025/11/16 10:55:31.000   27.749335495  106.741427739  1017.3324   2  10   0.0032   0.0087   0.0045   0.0011   0.0041   0.0025  15.00    2.8 8516427

[TCP数据流] 2025/11/16 18:55:15 - 浮点解 (16颗卫星)
  ECEF: X=-1627386.3873 Y=5410145.9013 Z=2952423.9876
  LLH:  Lat=27.749335494° Lon=106.741427739° H=1017.3324m
  原始数据:
2025/11/16 10:55:33.000   27.749335494  106.741427739  1017.3324   2  16   0.0032   0.0087   0.0045   0.0011   0.0041   0.0025  17.00    2.3 8516427

[TCP数据流] 2025/11/16 18:55:16 - 浮点解 (10颗卫星)
  ECEF: X=-1627386.3873 Y=5410145.9013 Z=2952423.9876
  LLH:  Lat=27.749335494° Lon=106.741427739° H=1017.3324m
  原始数据:
2025/11/16 10:55:34.000   27.749335494  106.741427739  1017.3324   2  10   0.0032   0.0087   0.0045   0.0011   0.0041   0.0025  18.00    2.7 8516427

[TCP数据流] 2025/11/16 18:55:17 - 浮点解 (10颗卫星)
  ECEF: X=-1627386.3872 Y=5410145.9014 Z=2952423.9876
  LLH:  Lat=27.749335494° Lon=106.741427738° H=1017.3324m
  原始数据:
2025/11/16 10:55:35.000   27.749335494  106.741427738  1017.3324   2  10   0.0032   0.0087   0.0045   0.0011   0.0041   0.0025  19.00    2.6 8516427

[TCP数据流] 2025/11/16 18:55:18 - 浮点解 (16颗卫星)
  ECEF: X=-1627386.3871 Y=5410145.9014 Z=2952423.9875
  LLH:  Lat=27.749335493° Lon=106.741427737° H=1017.3324m
  原始数据:
2025/11/16 10:55:36.000   27.749335493  106.741427737  1017.3324   2  16   0.0032   0.0087   0.0045   0.0011   0.0041   0.0025  20.00    2.1 8516427

[TCP数据流] 2025/11/16 18:55:19 - 浮点解 (10颗卫星)
  ECEF: X=-1627386.3871 Y=5410145.9014 Z=2952423.9875
  LLH:  Lat=27.749335493° Lon=106.741427737° H=1017.3323m
  原始数据:
2025/11/16 10:55:37.000   27.749335493  106.741427737  1017.3323   2  10   0.0032   0.0087   0.0045   0.0011   0.0041   0.0025  21.00    2.6 8516427

[TCP数据流] 2025/11/16 18:55:22 - 浮点解 (16颗卫星)
  ECEF: X=-1627386.3870 Y=5410145.9014 Z=2952423.9874
  LLH:  Lat=27.749335492° Lon=106.741427736° H=1017.3323m
  原始数据:
2025/11/16 10:55:40.000   27.749335492  106.741427736  1017.3323   2  16   0.0032   0.0087   0.0045   0.0011   0.0041   0.0025  24.00    2.1 8516427

[TCP数据流] 2025/11/16 18:55:23 - 浮点解 (16颗卫星)
  ECEF: X=-1627386.3869 Y=5410145.9015 Z=2952423.9873
  LLH:  Lat=27.749335491° Lon=106.741427735° H=1017.3323m
  原始数据:
2025/11/16 10:55:41.000   27.749335491  106.741427735  1017.3323   2  16   0.0032   0.0087   0.0045   0.0011   0.0041   0.0025  25.00    2.1 8516427

[TCP数据流] 2025/11/16 18:55:26 - 浮点解 (10颗卫星)
  ECEF: X=-1627386.3868 Y=5410145.9015 Z=2952423.9872
  LLH:  Lat=27.749335491° Lon=106.741427734° H=1017.3322m
  原始数据:
2025/11/16 10:55:44.000   27.749335491  106.741427734  1017.3322   2  10   0.0032   0.0087   0.0045   0.0011   0.0041   0.0025  28.00    2.8 8516427

[TCP数据流] 2025/11/16 18:55:27 - 浮点解 (10颗卫星)
  ECEF: X=-1627386.3868 Y=5410145.9015 Z=2952423.9872
  LLH:  Lat=27.749335491° Lon=106.741427734° H=1017.3322m
  原始数据:
2025/11/16 10:55:45.000   27.749335491  106.741427734  1017.3322   2  10   0.0032   0.0087   0.0045   0.0011   0.0041   0.0025  29.00    2.8 8516427

[TCP数据流] 2025/11/16 18:55:34 - 浮点解 (26颗卫星)
  ECEF: X=-1627386.3892 Y=5410145.9015 Z=2952423.9890
  LLH:  Lat=27.749335502° Lon=106.741427757° H=1017.3337m
  原始数据:
2025/11/16 10:55:52.000   27.749335502  106.741427757  1017.3337   2  26   0.0032   0.0086   0.0045   0.0009   0.0040   0.0025   0.00    2.0 8516427

[TCP数据流] 2025/11/16 18:55:35 - 浮点解 (10颗卫星)
  ECEF: X=-1627386.3896 Y=5410145.9015 Z=2952423.9891
  LLH:  Lat=27.749335502° Lon=106.741427761° H=1017.3338m
  原始数据:
2025/11/16 10:55:53.000   27.749335502  106.741427761  1017.3338   2  10   0.0032   0.0086   0.0045   0.0009   0.0040   0.0025   0.00    1.1 8516427

[TCP数据流] 2025/11/16 18:55:36 - 浮点解 (10颗卫星)
  ECEF: X=-1627386.3900 Y=5410145.9015 Z=2952423.9893
  LLH:  Lat=27.749335503° Lon=106.741427765° H=1017.3340m
  原始数据:
2025/11/16 10:55:54.000   27.749335503  106.741427765  1017.3340   2  10   0.0032   0.0086   0.0045   0.0009   0.0040   0.0025   1.00    1.1 8516427

[TCP数据流] 2025/11/16 18:55:37 - 浮点解 (16颗卫星)
  ECEF: X=-1627386.3912 Y=5410145.9018 Z=2952423.9901
  LLH:  Lat=27.749335507° Lon=106.741427776° H=1017.3349m
  原始数据:
2025/11/16 10:55:55.000   27.749335507  106.741427776  1017.3349   2  16   0.0032   0.0086   0.0045   0.0010   0.0040   0.0025   2.00    1.4 8516427

[TCP数据流] 2025/11/16 18:55:38 - 浮点解 (16颗卫星)
  ECEF: X=-1627386.3921 Y=5410145.9020 Z=2952423.9907
  LLH:  Lat=27.749335510° Lon=106.741427784° H=1017.3356m
  原始数据:
2025/11/16 10:55:56.000   27.749335510  106.741427784  1017.3356   2  16   0.0031   0.0086   0.0045   0.0010   0.0040   0.0025   3.00    1.5 8516427

[TCP数据流] 2025/11/16 18:55:42 - 浮点解 (10颗卫星)
  ECEF: X=-1627386.3921 Y=5410145.9020 Z=2952423.9907
  LLH:  Lat=27.749335510° Lon=106.741427784° H=1017.3356m
  原始数据:
2025/11/16 10:56:00.000   27.749335510  106.741427784  1017.3356   2  10   0.0031   0.0086   0.0045   0.0010   0.0040   0.0025   7.00    1.8 8516427

[TCP数据流] 2025/11/16 18:55:44 - 浮点解 (18颗卫星)
  ECEF: X=-1627386.3932 Y=5410145.9021 Z=2952423.9913
  LLH:  Lat=27.749335513° Lon=106.741427794° H=1017.3363m
  原始数据:
2025/11/16 10:56:02.000   27.749335513  106.741427794  1017.3363   2  18   0.0031   0.0086   0.0045   0.0010   0.0040   0.0025   9.00    1.1 8516427

[TCP数据流] 2025/11/16 18:55:45 - 浮点解 (16颗卫星)
  ECEF: X=-1627386.3934 Y=5410145.9022 Z=2952423.9914
  LLH:  Lat=27.749335513° Lon=106.741427796° H=1017.3364m
  原始数据:
2025/11/16 10:56:03.000   27.749335513  106.741427796  1017.3364   2  16   0.0031   0.0086   0.0045   0.0010   0.0040   0.0025  10.00    1.1 8516427

[TCP数据流] 2025/11/16 18:55:48 - 浮点解 (16颗卫星)
  ECEF: X=-1627386.3936 Y=5410145.9022 Z=2952423.9913
  LLH:  Lat=27.749335512° Lon=106.741427798° H=1017.3365m
  原始数据:
2025/11/16 10:56:06.000   27.749335512  106.741427798  1017.3365   2  16   0.0031   0.0086   0.0045   0.0010   0.0040   0.0025  13.00    1.1 8516427

[TCP数据流] 2025/11/16 18:55:51 - 浮点解 (26颗卫星)
  ECEF: X=-1627386.3938 Y=5410145.9023 Z=2952423.9914
  LLH:  Lat=27.749335512° Lon=106.741427799° H=1017.3366m
  原始数据:
2025/11/16 10:56:09.000   27.749335512  106.741427799  1017.3366   2  26   0.0031   0.0086   0.0045   0.0009   0.0040   0.0025  16.00    1.2 8516427

[TCP数据流] 2025/11/16 18:55:52 - 浮点解 (26颗卫星)
  ECEF: X=-1627386.3939 Y=5410145.9024 Z=2952423.9913
  LLH:  Lat=27.749335511° Lon=106.741427800° H=1017.3367m
  原始数据:
2025/11/16 10:56:10.000   27.749335511  106.741427800  1017.3367   2  26   0.0031   0.0086   0.0045   0.0009   0.0040   0.0025  17.00    1.1 8516427

[TCP数据流] 2025/11/16 18:55:53 - 浮点解 (16颗卫星)
  ECEF: X=-1627386.3940 Y=5410145.9024 Z=2952423.9913
  LLH:  Lat=27.749335511° Lon=106.741427801° H=1017.3367m
  原始数据:
2025/11/16 10:56:11.000   27.749335511  106.741427801  1017.3367   2  16   0.0031   0.0086   0.0045   0.0009   0.0040   0.0025  18.00    1.3 8516427

[TCP数据流] 2025/11/16 18:55:57 - 浮点解 (26颗卫星)
  ECEF: X=-1627386.3939 Y=5410145.9025 Z=2952423.9912
  LLH:  Lat=27.749335510° Lon=106.741427800° H=1017.3367m
  原始数据:
2025/11/16 10:56:15.000   27.749335510  106.741427800  1017.3367   2  26   0.0031   0.0086   0.0044   0.0009   0.0040   0.0025  22.00    1.3 8516427

[TCP数据流] 2025/11/16 18:56:04 - 浮点解 (17颗卫星)
  ECEF: X=-1627386.3946 Y=5410145.9026 Z=2952423.9916
  LLH:  Lat=27.749335512° Lon=106.741427806° H=1017.3372m
  原始数据:
2025/11/16 10:56:22.000   27.749335512  106.741427806  1017.3372   2  17   0.0031   0.0086   0.0044   0.0009   0.0040   0.0025   5.00    1.2 8516427

[TCP数据流] 2025/11/16 18:56:05 - 浮点解 (17颗卫星)
  ECEF: X=-1627386.3950 Y=5410145.9027 Z=2952423.9919
  LLH:  Lat=27.749335513° Lon=106.741427810° H=1017.3375m
  原始数据:
2025/11/16 10:56:23.000   27.749335513  106.741427810  1017.3375   2  17   0.0031   0.0086   0.0044   0.0009   0.0040   0.0025   6.00    1.0 8516427

[TCP数据流] 2025/11/16 18:56:06 - 浮点解 (17颗卫星)
  ECEF: X=-1627386.3954 Y=5410145.9028 Z=2952423.9921
  LLH:  Lat=27.749335514° Lon=106.741427813° H=1017.3378m
  原始数据:
2025/11/16 10:56:24.000   27.749335514  106.741427813  1017.3378   2  17   0.0031   0.0086   0.0044   0.0009   0.0040   0.0025   7.00    1.0 8516427

[TCP数据流] 2025/11/16 18:56:07 - 浮点解 (17颗卫星)
  ECEF: X=-1627386.3957 Y=5410145.9029 Z=2952423.9922
  LLH:  Lat=27.749335514° Lon=106.741427816° H=1017.3380m
  原始数据:
2025/11/16 10:56:25.000   27.749335514  106.741427816  1017.3380   2  17   0.0031   0.0086   0.0044   0.0009   0.0040   0.0025   8.00    1.2 8516427

[TCP数据流] 2025/11/16 18:56:09 - 浮点解 (10颗卫星)
  ECEF: X=-1627386.3958 Y=5410145.9029 Z=2952423.9922
  LLH:  Lat=27.749335514° Lon=106.741427817° H=1017.3380m
  原始数据:
2025/11/16 10:56:27.000   27.749335514  106.741427817  1017.3380   2  10   0.0031   0.0086   0.0044   0.0009   0.0040   0.0025  10.00    1.7 8516427

[TCP数据流] 2025/11/16 18:56:11 - 浮点解 (25颗卫星)
  ECEF: X=-1627386.3957 Y=5410145.9030 Z=2952423.9922
  LLH:  Lat=27.749335513° Lon=106.741427816° H=1017.3381m
  原始数据:
2025/11/16 10:56:29.000   27.749335513  106.741427816  1017.3381   2  25   0.0031   0.0085   0.0044   0.0009   0.0039   0.0025  12.00    1.0 8516427

[TCP数据流] 2025/11/16 18:56:12 - 浮点解 (18颗卫星)
  ECEF: X=-1627386.3962 Y=5410145.9032 Z=2952423.9923
  LLH:  Lat=27.749335513° Lon=106.741427820° H=1017.3384m
  原始数据:
2025/11/16 10:56:30.000   27.749335513  106.741427820  1017.3384   2  18   0.0031   0.0085   0.0044   0.0009   0.0039   0.0025  13.00    1.0 8516427

[TCP数据流] 2025/11/16 18:56:17 - 浮点解 (17颗卫星)
  ECEF: X=-1627386.3958 Y=5410145.9032 Z=2952423.9921
  LLH:  Lat=27.749335512° Lon=106.741427816° H=1017.3382m
  原始数据:
2025/11/16 10:56:35.000   27.749335512  106.741427816  1017.3382   2  17   0.0031   0.0085   0.0044   0.0009   0.0039   0.0025  18.00    1.0 8516427

[TCP数据流] 2025/11/16 18:56:19 - 浮点解 (25颗卫星)
  ECEF: X=-1627386.3959 Y=5410145.9032 Z=2952423.9921
  LLH:  Lat=27.749335512° Lon=106.741427817° H=1017.3383m
  原始数据:
2025/11/16 10:56:37.000   27.749335512  106.741427817  1017.3383   2  25   0.0031   0.0085   0.0044   0.0009   0.0039   0.0025  20.00    1.0 8516427

[TCP数据流] 2025/11/16 18:56:22 - 浮点解 (24颗卫星)
  ECEF: X=-1627386.3954 Y=5410145.9032 Z=2952423.9918
  LLH:  Lat=27.749335510° Lon=106.741427812° H=1017.3380m
  原始数据:
2025/11/16 10:56:40.000   27.749335510  106.741427812  1017.3380   2  24   0.0031   0.0085   0.0044   0.0009   0.0039   0.0025  23.00    1.0 8516427

[TCP数据流] 2025/11/16 18:56:23 - 浮点解 (25颗卫星)
  ECEF: X=-1627386.3952 Y=5410145.9033 Z=2952423.9918
  LLH:  Lat=27.749335510° Lon=106.741427810° H=1017.3380m
  原始数据:
2025/11/16 10:56:41.000   27.749335510  106.741427810  1017.3380   2  25   0.0031   0.0085   0.0044   0.0008   0.0039   0.0024  24.00    1.0 8516427

[TCP数据流] 2025/11/16 18:56:27 - 浮点解 (25颗卫星)
  ECEF: X=-1627386.3949 Y=5410145.9033 Z=2952423.9917
  LLH:  Lat=27.749335509° Lon=106.741427807° H=1017.3379m
  原始数据:
2025/11/16 10:56:45.000   27.749335509  106.741427807  1017.3379   2  25   0.0031   0.0085   0.0044   0.0008   0.0039   0.0024  28.00    1.0 8516427

[TCP数据流] 2025/11/16 18:56:28 - 浮点解 (17颗卫星)
  ECEF: X=-1627386.3946 Y=5410145.9033 Z=2952423.9915
  LLH:  Lat=27.749335508° Lon=106.741427804° H=1017.3377m
  原始数据:
2025/11/16 10:56:46.000   27.749335508  106.741427804  1017.3377   2  17   0.0031   0.0085   0.0044   0.0008   0.0039   0.0024  29.00    1.1 8516427

[TCP数据流] 2025/11/16 19:02:30 - 浮点解 (17颗卫星)
  ECEF: X=-1627386.4006 Y=5410145.9039 Z=2952423.9947
  LLH:  Lat=27.749335524° Lon=106.741427861° H=1017.3413m
  原始数据:
2025/11/16 11:02:48.000   27.749335524  106.741427861  1017.3413   2  17   0.0030   0.0083   0.0043   0.0003   0.0037   0.0024   1.00    1.5 8516427

[TCP数据流] 2025/11/16 19:02:31 - 浮点解 (31颗卫星)
  ECEF: X=-1627386.4042 Y=5410145.9048 Z=2952423.9964
  LLH:  Lat=27.749335530° Lon=106.741427893° H=1017.3437m
  原始数据:
2025/11/16 11:02:49.000   27.749335530  106.741427893  1017.3437   2  31   0.0030   0.0082   0.0043  -0.0005   0.0036   0.0023   2.00    1.0 8516427

[TCP数据流] 2025/11/16 19:02:33 - 浮点解 (24颗卫星)
  ECEF: X=-1627386.4057 Y=5410145.9049 Z=2952423.9969
  LLH:  Lat=27.749335532° Lon=106.741427907° H=1017.3444m
  原始数据:
2025/11/16 11:02:51.000   27.749335532  106.741427907  1017.3444   2  24   0.0030   0.0081   0.0042  -0.0007   0.0035   0.0023   4.00    1.2 8516427

[TCP数据流] 2025/11/16 19:02:34 - 浮点解 (17颗卫星)
  ECEF: X=-1627386.4058 Y=5410145.9048 Z=2952423.9969
  LLH:  Lat=27.749335532° Lon=106.741427909° H=1017.3444m
  原始数据:
2025/11/16 11:02:52.000   27.749335532  106.741427909  1017.3444   2  17   0.0030   0.0081   0.0042  -0.0008   0.0035   0.0023   5.00    1.4 8516427

[TCP数据流] 2025/11/16 19:02:35 - 浮点解 (17颗卫星)
  ECEF: X=-1627386.4063 Y=5410145.9052 Z=2952423.9971
  LLH:  Lat=27.749335531° Lon=106.741427912° H=1017.3449m
  原始数据:
2025/11/16 11:02:53.000   27.749335531  106.741427912  1017.3449   2  17   0.0030   0.0081   0.0042  -0.0007   0.0035   0.0023   6.00    1.2 8516427

[TCP数据流] 2025/11/16 19:02:36 - 浮点解 (17颗卫星)
  ECEF: X=-1627386.4067 Y=5410145.9052 Z=2952423.9971
  LLH:  Lat=27.749335531° Lon=106.741427916° H=1017.3450m
  原始数据:
2025/11/16 11:02:54.000   27.749335531  106.741427916  1017.3450   2  17   0.0030   0.0081   0.0042  -0.0007   0.0035   0.0023   7.00    1.0 8516427

[TCP数据流] 2025/11/16 19:02:37 - 浮点解 (24颗卫星)
  ECEF: X=-1627386.4078 Y=5410145.9054 Z=2952423.9974
  LLH:  Lat=27.749335531° Lon=106.741427926° H=1017.3456m
  原始数据:
2025/11/16 11:02:55.000   27.749335531  106.741427926  1017.3456   2  24   0.0030   0.0080   0.0042  -0.0007   0.0035   0.0023   8.00    1.1 8516427

[TCP数据流] 2025/11/16 19:02:38 - 浮点解 (24颗卫星)
  ECEF: X=-1627386.4085 Y=5410145.9055 Z=2952423.9976
  LLH:  Lat=27.749335531° Lon=106.741427933° H=1017.3460m
  原始数据:
2025/11/16 11:02:56.000   27.749335531  106.741427933  1017.3460   2  24   0.0030   0.0080   0.0042  -0.0007   0.0034   0.0023   9.00    1.1 8516427

[TCP数据流] 2025/11/16 19:02:39 - 浮点解 (31颗卫星)
  ECEF: X=-1627386.4093 Y=5410145.9056 Z=2952423.9976
  LLH:  Lat=27.749335530° Lon=106.741427940° H=1017.3463m
  原始数据:
2025/11/16 11:02:57.000   27.749335530  106.741427940  1017.3463   2  31   0.0030   0.0080   0.0042  -0.0008   0.0034   0.0023  10.00    1.0 8516427

[TCP数据流] 2025/11/16 19:02:40 - 浮点解 (24颗卫星)
  ECEF: X=-1627386.4100 Y=5410145.9056 Z=2952423.9976
  LLH:  Lat=27.749335529° Lon=106.741427947° H=1017.3465m
  原始数据:
2025/11/16 11:02:58.000   27.749335529  106.741427947  1017.3465   2  24   0.0030   0.0080   0.0042  -0.0008   0.0034   0.0022  11.00    1.2 8516427

[TCP数据流] 2025/11/16 19:02:41 - 浮点解 (24颗卫星)
  ECEF: X=-1627386.4107 Y=5410145.9057 Z=2952423.9978
  LLH:  Lat=27.749335529° Lon=106.741427953° H=1017.3468m
  原始数据:
2025/11/16 11:02:59.000   27.749335529  106.741427953  1017.3468   2  24   0.0030   0.0080   0.0042  -0.0008   0.0034   0.0022  12.00    1.0 8516427

[TCP数据流] 2025/11/16 19:02:42 - 浮点解 (24颗卫星)
  ECEF: X=-1627386.4111 Y=5410145.9056 Z=2952423.9977
  LLH:  Lat=27.749335528° Lon=106.741427958° H=1017.3468m
  原始数据:
2025/11/16 11:03:00.000   27.749335528  106.741427958  1017.3468   2  24   0.0030   0.0079   0.0042  -0.0009   0.0034   0.0022  13.00    1.2 8516427

[TCP数据流] 2025/11/16 19:02:43 - 浮点解 (17颗卫星)
  ECEF: X=-1627386.4109 Y=5410145.9056 Z=2952423.9976
  LLH:  Lat=27.749335528° Lon=106.741427956° H=1017.3467m
  原始数据:
2025/11/16 11:03:01.000   27.749335528  106.741427956  1017.3467   2  17   0.0030   0.0079   0.0042  -0.0009   0.0033   0.0022  14.00    1.4 8516427

[TCP数据流] 2025/11/16 19:02:45 - 浮点解 (24颗卫星)
  ECEF: X=-1627386.4110 Y=5410145.9056 Z=2952423.9975
  LLH:  Lat=27.749335527° Lon=106.741427957° H=1017.3467m
  原始数据:
2025/11/16 11:03:03.000   27.749335527  106.741427957  1017.3467   2  24   0.0030   0.0079   0.0042  -0.0009   0.0033   0.0022  16.00    1.6 8516427

[TCP数据流] 2025/11/16 19:02:47 - 浮点解 (10颗卫星)
  ECEF: X=-1627386.4110 Y=5410145.9056 Z=2952423.9975
  LLH:  Lat=27.749335527° Lon=106.741427957° H=1017.3467m
  原始数据:
2025/11/16 11:03:05.000   27.749335527  106.741427957  1017.3467   2  10   0.0030   0.0079   0.0042  -0.0009   0.0033   0.0022  18.00    1.5 8516427

[TCP数据流] 2025/11/16 19:02:48 - 浮点解 (31颗卫星)
  ECEF: X=-1627386.4110 Y=5410145.9056 Z=2952423.9973
  LLH:  Lat=27.749335525° Lon=106.741427957° H=1017.3466m
  原始数据:
2025/11/16 11:03:06.000   27.749335525  106.741427957  1017.3466   2  31   0.0029   0.0079   0.0042  -0.0009   0.0033   0.0022  19.00    1.0 8516427

[TCP数据流] 2025/11/16 19:02:49 - 浮点解 (31颗卫星)
  ECEF: X=-1627386.4111 Y=5410145.9056 Z=2952423.9971
  LLH:  Lat=27.749335524° Lon=106.741427958° H=1017.3465m
  原始数据:
2025/11/16 11:03:07.000   27.749335524  106.741427958  1017.3465   2  31   0.0029   0.0079   0.0042  -0.0009   0.0033   0.0022  20.00    1.0 8516427

[TCP数据流] 2025/11/16 19:02:50 - 浮点解 (24颗卫星)
  ECEF: X=-1627386.4111 Y=5410145.9055 Z=2952423.9970
  LLH:  Lat=27.749335523° Lon=106.741427958° H=1017.3464m
  原始数据:
2025/11/16 11:03:08.000   27.749335523  106.741427958  1017.3464   2  24   0.0029   0.0079   0.0042  -0.0009   0.0033   0.0022  21.00    1.2 8516427

[TCP数据流] 2025/11/16 19:02:51 - 浮点解 (31颗卫星)
  ECEF: X=-1627386.4111 Y=5410145.9056 Z=2952423.9968
  LLH:  Lat=27.749335521° Lon=106.741427958° H=1017.3463m
  原始数据:
2025/11/16 11:03:09.000   27.749335521  106.741427958  1017.3463   2  31   0.0029   0.0079   0.0041  -0.0010   0.0033   0.0022  22.00    1.0 8516427

[TCP数据流] 2025/11/16 19:02:52 - 浮点解 (31颗卫星)
  ECEF: X=-1627386.4111 Y=5410145.9055 Z=2952423.9966
  LLH:  Lat=27.749335520° Lon=106.741427958° H=1017.3462m
  原始数据:
2025/11/16 11:03:10.000   27.749335520  106.741427958  1017.3462   2  31   0.0029   0.0079   0.0041  -0.0010   0.0033   0.0022  23.00    1.1 8516427

[TCP数据流] 2025/11/16 19:02:53 - 浮点解 (31颗卫星)
  ECEF: X=-1627386.4111 Y=5410145.9055 Z=2952423.9964
  LLH:  Lat=27.749335518° Lon=106.741427958° H=1017.3461m
  原始数据:
2025/11/16 11:03:11.000   27.749335518  106.741427958  1017.3461   2  31   0.0029   0.0079   0.0041  -0.0010   0.0033   0.0022  24.00    1.0 8516427

[TCP数据流] 2025/11/16 19:02:54 - 浮点解 (31颗卫星)
  ECEF: X=-1627386.4112 Y=5410145.9056 Z=2952423.9963
  LLH:  Lat=27.749335517° Lon=106.741427959° H=1017.3461m
  原始数据:
2025/11/16 11:03:12.000   27.749335517  106.741427959  1017.3461   2  31   0.0029   0.0079   0.0041  -0.0010   0.0033   0.0022  25.00    1.1 8516427

[TCP数据流] 2025/11/16 19:02:55 - 浮点解 (31颗卫星)
  ECEF: X=-1627386.4113 Y=5410145.9055 Z=2952423.9961
  LLH:  Lat=27.749335516° Lon=106.741427960° H=1017.3460m
  原始数据:
2025/11/16 11:03:13.000   27.749335516  106.741427960  1017.3460   2  31   0.0029   0.0079   0.0041  -0.0010   0.0033   0.0022  26.00    1.0 8516427

[TCP数据流] 2025/11/16 19:02:56 - 浮点解 (31颗卫星)
  ECEF: X=-1627386.4113 Y=5410145.9055 Z=2952423.9959
  LLH:  Lat=27.749335514° Lon=106.741427960° H=1017.3459m
  原始数据:
2025/11/16 11:03:14.000   27.749335514  106.741427960  1017.3459   2  31   0.0029   0.0079   0.0041  -0.0010   0.0033   0.0022  27.00    1.0 8516427

[TCP数据流] 2025/11/16 19:02:57 - 浮点解 (31颗卫星)
  ECEF: X=-1627386.4113 Y=5410145.9054 Z=2952423.9957
  LLH:  Lat=27.749335513° Lon=106.741427960° H=1017.3457m
  原始数据:
2025/11/16 11:03:15.000   27.749335513  106.741427960  1017.3457   2  31   0.0029   0.0078   0.0041  -0.0010   0.0033   0.0022  28.00    1.0 8516427

[TCP数据流] 2025/11/16 19:02:58 - 浮点解 (31颗卫星)
  ECEF: X=-1627386.4113 Y=5410145.9054 Z=2952423.9955
  LLH:  Lat=27.749335512° Lon=106.741427960° H=1017.3456m
  原始数据:
2025/11/16 11:03:16.000   27.749335512  106.741427960  1017.3456   2  31   0.0029   0.0078   0.0041  -0.0010   0.0033   0.0022  29.00    1.0 8516427

[TCP数据流] 2025/11/16 19:02:59 - 浮点解 (31颗卫星)
  ECEF: X=-1627386.4113 Y=5410145.9053 Z=2952423.9954
  LLH:  Lat=27.749335511° Lon=106.741427960° H=1017.3455m
  原始数据:
2025/11/16 11:03:17.000   27.749335511  106.741427960  1017.3455   2  31   0.0029   0.0078   0.0041  -0.0010   0.0032   0.0022  30.00    1.0 8516427

[TCP数据流] 2025/11/16 19:03:04 - 浮点解 (32颗卫星)
  ECEF: X=-1627386.4160 Y=5410145.9063 Z=2952423.9981
  LLH:  Lat=27.749335523° Lon=106.741428003° H=1017.3488m
  原始数据:
2025/11/16 11:03:22.000   27.749335523  106.741428003  1017.3488   2  32   0.0029   0.0077   0.0041  -0.0011   0.0031   0.0022   0.00    1.0 8516427

[TCP数据流] 2025/11/16 19:03:05 - 浮点解 (32颗卫星)
  ECEF: X=-1627386.4204 Y=5410145.9071 Z=2952424.0006
  LLH:  Lat=27.749335534° Lon=106.741428044° H=1017.3518m
  原始数据:
2025/11/16 11:03:23.000   27.749335534  106.741428044  1017.3518   2  32   0.0029   0.0076   0.0040  -0.0012   0.0030   0.0021   1.00    1.1 8516427

[TCP数据流] 2025/11/16 19:03:06 - 浮点解 (32颗卫星)
  ECEF: X=-1627386.4241 Y=5410145.9078 Z=2952424.0025
  LLH:  Lat=27.749335542° Lon=106.741428078° H=1017.3542m
  原始数据:
2025/11/16 11:03:24.000   27.749335542  106.741428078  1017.3542   2  32   0.0028   0.0075   0.0040  -0.0012   0.0029   0.0021   2.00    1.1 8516427

[TCP数据流] 2025/11/16 19:03:07 - 浮点解 (32颗卫星)
  ECEF: X=-1627386.4270 Y=5410145.9083 Z=2952424.0038
  LLH:  Lat=27.749335547° Lon=106.741428104° H=1017.3559m
  原始数据:
2025/11/16 11:03:25.000   27.749335547  106.741428104  1017.3559   2  32   0.0028   0.0075   0.0040  -0.0013   0.0029   0.0021   3.00    1.2 8516427

[TCP数据流] 2025/11/16 19:03:08 - 浮点解 (32颗卫星)
  ECEF: X=-1627386.4289 Y=5410145.9087 Z=2952424.0048
  LLH:  Lat=27.749335551° Lon=106.741428122° H=1017.3572m
  原始数据:
2025/11/16 11:03:26.000   27.749335551  106.741428122  1017.3572   2  32   0.0028   0.0074   0.0040  -0.0013   0.0028   0.0020   4.00    1.6 8516427

[TCP数据流] 2025/11/16 19:03:09 - 浮点解 (32颗卫星)
  ECEF: X=-1627386.4307 Y=5410145.9089 Z=2952424.0054
  LLH:  Lat=27.749335553° Lon=106.741428138° H=1017.3582m
  原始数据:
2025/11/16 11:03:27.000   27.749335553  106.741428138  1017.3582   2  32   0.0028   0.0074   0.0039  -0.0014   0.0028   0.0020   5.00    1.1 8516427

[TCP数据流] 2025/11/16 19:03:10 - 浮点解 (32颗卫星)
  ECEF: X=-1627386.4318 Y=5410145.9092 Z=2952424.0060
  LLH:  Lat=27.749335555° Lon=106.741428148° H=1017.3589m
  原始数据:
2025/11/16 11:03:28.000   27.749335555  106.741428148  1017.3589   2  32   0.0028   0.0073   0.0039  -0.0014   0.0027   0.0020   6.00    1.1 8516427

[TCP数据流] 2025/11/16 19:03:11 - 浮点解 (32颗卫星)
  ECEF: X=-1627386.4326 Y=5410145.9094 Z=2952424.0062
  LLH:  Lat=27.749335555° Lon=106.741428156° H=1017.3594m
  原始数据:
2025/11/16 11:03:29.000   27.749335555  106.741428156  1017.3594   2  32   0.0028   0.0073   0.0039  -0.0014   0.0027   0.0020   7.00    1.2 8516427

[TCP数据流] 2025/11/16 19:03:12 - 浮点解 (32颗卫星)
  ECEF: X=-1627386.4334 Y=5410145.9094 Z=2952424.0065
  LLH:  Lat=27.749335556° Lon=106.741428163° H=1017.3598m
  原始数据:
2025/11/16 11:03:30.000   27.749335556  106.741428163  1017.3598   2  32   0.0028   0.0073   0.0039  -0.0014   0.0027   0.0020   8.00    1.1 8516427

[TCP数据流] 2025/11/16 19:03:13 - 浮点解 (32颗卫星)
  ECEF: X=-1627386.4340 Y=5410145.9095 Z=2952424.0066
  LLH:  Lat=27.749335556° Lon=106.741428169° H=1017.3601m
  原始数据:
2025/11/16 11:03:31.000   27.749335556  106.741428169  1017.3601   2  32   0.0027   0.0073   0.0039  -0.0014   0.0026   0.0020   9.00    1.1 8516427

[TCP数据流] 2025/11/16 19:03:14 - 浮点解 (32颗卫星)
  ECEF: X=-1627386.4343 Y=5410145.9096 Z=2952424.0067
  LLH:  Lat=27.749335556° Lon=106.741428171° H=1017.3603m
  原始数据:
2025/11/16 11:03:32.000   27.749335556  106.741428171  1017.3603   2  32   0.0027   0.0073   0.0039  -0.0014   0.0026   0.0020  10.00    1.1 8516427

[TCP数据流] 2025/11/16 19:03:15 - 浮点解 (32颗卫星)
  ECEF: X=-1627386.4345 Y=5410145.9097 Z=2952424.0068
  LLH:  Lat=27.749335556° Lon=106.741428173° H=1017.3604m
  原始数据:
2025/11/16 11:03:33.000   27.749335556  106.741428173  1017.3604   2  32   0.0027   0.0072   0.0039  -0.0014   0.0026   0.0020  11.00    1.1 8516427

[TCP数据流] 2025/11/16 19:03:18 - 浮点解 (32颗卫星)
  ECEF: X=-1627386.4345 Y=5410145.9097 Z=2952424.0067
  LLH:  Lat=27.749335555° Lon=106.741428173° H=1017.3604m
  原始数据:
2025/11/16 11:03:36.000   27.749335555  106.741428173  1017.3604   2  32   0.0027   0.0072   0.0039  -0.0014   0.0026   0.0020  14.00    1.1 8516427

[TCP数据流] 2025/11/16 19:03:19 - 浮点解 (32颗卫星)
  ECEF: X=-1627386.4345 Y=5410145.9098 Z=2952424.0066
  LLH:  Lat=27.749335554° Lon=106.741428173° H=1017.3604m
  原始数据:
2025/11/16 11:03:37.000   27.749335554  106.741428173  1017.3604   2  32   0.0027   0.0072   0.0039  -0.0015   0.0026   0.0020  15.00    1.1 8516427

[TCP数据流] 2025/11/16 19:03:21 - 浮点解 (32颗卫星)
  ECEF: X=-1627386.4344 Y=5410145.9097 Z=2952424.0065
  LLH:  Lat=27.749335554° Lon=106.741428172° H=1017.3603m
  原始数据:
2025/11/16 11:03:39.000   27.749335554  106.741428172  1017.3603   2  32   0.0027   0.0072   0.0039  -0.0015   0.0026   0.0020  17.00    1.1 8516427

[TCP数据流] 2025/11/16 19:03:22 - 浮点解 (32颗卫星)
  ECEF: X=-1627386.4343 Y=5410145.9098 Z=2952424.0064
  LLH:  Lat=27.749335553° Lon=106.741428171° H=1017.3603m
  原始数据:
2025/11/16 11:03:40.000   27.749335553  106.741428171  1017.3603   2  32   0.0027   0.0072   0.0039  -0.0015   0.0026   0.0020  18.00    1.0 8516427

[TCP数据流] 2025/11/16 19:03:24 - 浮点解 (32颗卫星)
  ECEF: X=-1627386.4342 Y=5410145.9098 Z=2952424.0063
  LLH:  Lat=27.749335552° Lon=106.741428170° H=1017.3602m
  原始数据:
2025/11/16 11:03:42.000   27.749335552  106.741428170  1017.3602   2  32   0.0027   0.0072   0.0039  -0.0015   0.0026   0.0020  20.00    1.1 8516427

[TCP数据流] 2025/11/16 19:03:25 - 浮点解 (32颗卫星)
  ECEF: X=-1627386.4340 Y=5410145.9098 Z=2952424.0061
  LLH:  Lat=27.749335551° Lon=106.741428168° H=1017.3601m
  原始数据:
2025/11/16 11:03:43.000   27.749335551  106.741428168  1017.3601   2  32   0.0027   0.0072   0.0039  -0.0015   0.0026   0.0020  21.00    1.1 8516427

[TCP数据流] 2025/11/16 19:03:26 - 浮点解 (32颗卫星)
  ECEF: X=-1627386.4339 Y=5410145.9097 Z=2952424.0061
  LLH:  Lat=27.749335551° Lon=106.741428167° H=1017.3600m
  原始数据:
2025/11/16 11:03:44.000   27.749335551  106.741428167  1017.3600   2  32   0.0027   0.0072   0.0039  -0.0015   0.0025   0.0020  22.00    1.1 8516427

[TCP数据流] 2025/11/16 19:03:27 - 浮点解 (32颗卫星)
  ECEF: X=-1627386.4338 Y=5410145.9097 Z=2952424.0059
  LLH:  Lat=27.749335550° Lon=106.741428166° H=1017.3599m
  原始数据:
2025/11/16 11:03:45.000   27.749335550  106.741428166  1017.3599   2  32   0.0027   0.0072   0.0039  -0.0015   0.0025   0.0020  23.00    1.1 8516427

[TCP数据流] 2025/11/16 19:03:28 - 浮点解 (32颗卫星)
  ECEF: X=-1627386.4337 Y=5410145.9097 Z=2952424.0058
  LLH:  Lat=27.749335549° Lon=106.741428165° H=1017.3598m
  原始数据:
2025/11/16 11:03:46.000   27.749335549  106.741428165  1017.3598   2  32   0.0027   0.0072   0.0039  -0.0015   0.0025   0.0020  24.00    1.1 8516427

[TCP数据流] 2025/11/16 19:03:29 - 浮点解 (32颗卫星)
  ECEF: X=-1627386.4337 Y=5410145.9097 Z=2952424.0056
  LLH:  Lat=27.749335548° Lon=106.741428165° H=1017.3597m
  原始数据:
2025/11/16 11:03:47.000   27.749335548  106.741428165  1017.3597   2  32   0.0027   0.0072   0.0039  -0.0015   0.0025   0.0020  25.00    1.1 8516427

[TCP数据流] 2025/11/16 19:03:30 - 浮点解 (32颗卫星)
  ECEF: X=-1627386.4336 Y=5410145.9098 Z=2952424.0055
  LLH:  Lat=27.749335547° Lon=106.741428164° H=1017.3597m
  原始数据:
2025/11/16 11:03:48.000   27.749335547  106.741428164  1017.3597   2  32   0.0027   0.0072   0.0039  -0.0015   0.0025   0.0020  26.00    1.1 8516427

[TCP数据流] 2025/11/16 19:03:31 - 浮点解 (32颗卫星)
  ECEF: X=-1627386.4335 Y=5410145.9097 Z=2952424.0055
  LLH:  Lat=27.749335547° Lon=106.741428163° H=1017.3596m
  原始数据:
2025/11/16 11:03:49.000   27.749335547  106.741428163  1017.3596   2  32   0.0027   0.0072   0.0039  -0.0015   0.0025   0.0020  27.00    1.0 8516427

[TCP数据流] 2025/11/16 19:03:32 - 浮点解 (32颗卫星)
  ECEF: X=-1627386.4334 Y=5410145.9097 Z=2952424.0054
  LLH:  Lat=27.749335546° Lon=106.741428162° H=1017.3595m
  原始数据:
2025/11/16 11:03:50.000   27.749335546  106.741428162  1017.3595   2  32   0.0027   0.0072   0.0039  -0.0015   0.0025   0.0020  28.00    1.0 8516427

[TCP数据流] 2025/11/16 19:03:33 - 浮点解 (25颗卫星)
  ECEF: X=-1627386.4333 Y=5410145.9097 Z=2952424.0052
  LLH:  Lat=27.749335545° Lon=106.741428161° H=1017.3594m
  原始数据:
2025/11/16 11:03:51.000   27.749335545  106.741428161  1017.3594   2  25   0.0027   0.0072   0.0038  -0.0015   0.0025   0.0020  29.00    1.0 8516427

[TCP数据流] 2025/11/16 19:03:34 - 浮点解 (32颗卫星)
  ECEF: X=-1627386.4331 Y=5410145.9097 Z=2952424.0052
  LLH:  Lat=27.749335545° Lon=106.741428160° H=1017.3593m
  原始数据:
2025/11/16 11:03:52.000   27.749335545  106.741428160  1017.3593   2  32   0.0027   0.0072   0.0038  -0.0015   0.0025   0.0020  30.00    1.0 8516427

[TCP数据流] 2025/11/16 19:03:39 - 浮点解 (32颗卫星)
  ECEF: X=-1627386.4349 Y=5410145.9102 Z=2952424.0066
  LLH:  Lat=27.749335552° Lon=106.741428175° H=1017.3609m
  原始数据:
2025/11/16 11:03:57.000   27.749335552  106.741428175  1017.3609   2  32   0.0027   0.0071   0.0038  -0.0015   0.0024   0.0019   0.00    1.3 8516427

[TCP数据流] 2025/11/16 19:03:40 - 浮点解 (32颗卫星)
  ECEF: X=-1627386.4368 Y=5410145.9108 Z=2952424.0080
  LLH:  Lat=27.749335559° Lon=106.741428192° H=1017.3625m
  原始数据:
2025/11/16 11:03:58.000   27.749335559  106.741428192  1017.3625   2  32   0.0027   0.0070   0.0038  -0.0015   0.0024   0.0019   0.00    1.6 8516427

[TCP数据流] 2025/11/16 19:03:41 - 浮点解 (32颗卫星)
  ECEF: X=-1627386.4386 Y=5410145.9113 Z=2952424.0093
  LLH:  Lat=27.749335565° Lon=106.741428208° H=1017.3640m
  原始数据:
2025/11/16 11:03:59.000   27.749335565  106.741428208  1017.3640   2  32   0.0027   0.0070   0.0038  -0.0016   0.0023   0.0019   0.00    1.4 8516427

[TCP数据流] 2025/11/16 19:03:42 - 浮点解 (24颗卫星)
  ECEF: X=-1627386.4397 Y=5410145.9112 Z=2952424.0098
  LLH:  Lat=27.749335568° Lon=106.741428219° H=1017.3645m
  原始数据:
2025/11/16 11:04:00.000   27.749335568  106.741428219  1017.3645   2  24   0.0026   0.0069   0.0038  -0.0016   0.0022   0.0019   1.00    2.1 8516427

[TCP数据流] 2025/11/16 19:03:44 - 浮点解 (32颗卫星)
  ECEF: X=-1627386.4408 Y=5410145.9115 Z=2952424.0104
  LLH:  Lat=27.749335570° Lon=106.741428229° H=1017.3653m
  原始数据:
2025/11/16 11:04:02.000   27.749335570  106.741428229  1017.3653   2  32   0.0026   0.0069   0.0037  -0.0016   0.0022   0.0018   3.00    1.6 8516427

[TCP数据流] 2025/11/16 19:03:45 - 浮点解 (32颗卫星)
  ECEF: X=-1627386.4414 Y=5410145.9118 Z=2952424.0106
  LLH:  Lat=27.749335570° Lon=106.741428234° H=1017.3658m
  原始数据:
2025/11/16 11:04:03.000   27.749335570  106.741428234  1017.3658   2  32   0.0026   0.0069   0.0037  -0.0016   0.0022   0.0018   4.00    1.6 8516427

[TCP数据流] 2025/11/16 19:03:46 - 浮点解 (32颗卫星)
  ECEF: X=-1627386.4421 Y=5410145.9120 Z=2952424.0108
  LLH:  Lat=27.749335570° Lon=106.741428240° H=1017.3662m
  原始数据:
2025/11/16 11:04:04.000   27.749335570  106.741428240  1017.3662   2  32   0.0026   0.0068   0.0037  -0.0016   0.0021   0.0018   5.00    1.1 8516427

[TCP数据流] 2025/11/16 19:03:47 - 浮点解 (32颗卫星)
  ECEF: X=-1627386.4423 Y=5410145.9122 Z=2952424.0108
  LLH:  Lat=27.749335569° Lon=106.741428242° H=1017.3664m
  原始数据:
2025/11/16 11:04:05.000   27.749335569  106.741428242  1017.3664   2  32   0.0026   0.0068   0.0037  -0.0016   0.0021   0.0018   6.00    1.1 8516427

[TCP数据流] 2025/11/16 19:03:48 - 浮点解 (25颗卫星)
  ECEF: X=-1627386.4426 Y=5410145.9122 Z=2952424.0108
  LLH:  Lat=27.749335568° Lon=106.741428244° H=1017.3665m
  原始数据:
2025/11/16 11:04:06.000   27.749335568  106.741428244  1017.3665   2  25   0.0026   0.0068   0.0037  -0.0016   0.0021   0.0018   7.00    1.1 8516427

[TCP数据流] 2025/11/16 19:03:50 - 浮点解 (32颗卫星)
  ECEF: X=-1627386.4426 Y=5410145.9123 Z=2952424.0107
  LLH:  Lat=27.749335567° Lon=106.741428244° H=1017.3665m
  原始数据:
2025/11/16 11:04:08.000   27.749335567  106.741428244  1017.3665   2  32   0.0026   0.0068   0.0037  -0.0016   0.0021   0.0018   9.00    1.1 8516427

[TCP数据流] 2025/11/16 19:03:51 - 浮点解 (32颗卫星)
  ECEF: X=-1627386.4426 Y=5410145.9122 Z=2952424.0105
  LLH:  Lat=27.749335566° Lon=106.741428244° H=1017.3664m
  原始数据:
2025/11/16 11:04:09.000   27.749335566  106.741428244  1017.3664   2  32   0.0026   0.0068   0.0037  -0.0017   0.0020   0.0018  10.00    1.1 8516427

[TCP数据流] 2025/11/16 19:03:52 - 浮点解 (32颗卫星)
  ECEF: X=-1627386.4425 Y=5410145.9123 Z=2952424.0104
  LLH:  Lat=27.749335565° Lon=106.741428243° H=1017.3664m
  原始数据:
2025/11/16 11:04:10.000   27.749335565  106.741428243  1017.3664   2  32   0.0026   0.0068   0.0037  -0.0017   0.0020   0.0018  11.00    1.1 8516427

[TCP数据流] 2025/11/16 19:03:54 - 浮点解 (32颗卫星)
  ECEF: X=-1627386.4424 Y=5410145.9124 Z=2952424.0102
  LLH:  Lat=27.749335563° Lon=106.741428242° H=1017.3663m
  原始数据:
2025/11/16 11:04:12.000   27.749335563  106.741428242  1017.3663   2  32   0.0026   0.0068   0.0037  -0.0017   0.0020   0.0018  13.00    1.1 8516427

[TCP数据流] 2025/11/16 19:03:55 - 浮点解 (32颗卫星)
  ECEF: X=-1627386.4424 Y=5410145.9124 Z=2952424.0102
  LLH:  Lat=27.749335563° Lon=106.741428242° H=1017.3663m
  原始数据:
2025/11/16 11:04:13.000   27.749335563  106.741428242  1017.3663   2  32   0.0026   0.0068   0.0037  -0.0017   0.0020   0.0018  14.00    1.1 8516427

[TCP数据流] 2025/11/16 19:03:56 - 浮点解 (32颗卫星)
  ECEF: X=-1627386.4422 Y=5410145.9124 Z=2952424.0100
  LLH:  Lat=27.749335562° Lon=106.741428240° H=1017.3662m
  原始数据:
2025/11/16 11:04:14.000   27.749335562  106.741428240  1017.3662   2  32   0.0026   0.0068   0.0037  -0.0017   0.0020   0.0018  15.00    1.1 8516427

[TCP数据流] 2025/11/16 19:03:57 - 浮点解 (25颗卫星)
  ECEF: X=-1627386.4421 Y=5410145.9124 Z=2952424.0099
  LLH:  Lat=27.749335561° Lon=106.741428239° H=1017.3661m
  原始数据:
2025/11/16 11:04:15.000   27.749335561  106.741428239  1017.3661   2  25   0.0026   0.0068   0.0037  -0.0017   0.0020   0.0018  16.00    1.2 8516427

[TCP数据流] 2025/11/16 19:03:58 - 浮点解 (32颗卫星)
  ECEF: X=-1627386.4419 Y=5410145.9124 Z=2952424.0098
  LLH:  Lat=27.749335560° Lon=106.741428237° H=1017.3660m
  原始数据:
2025/11/16 11:04:16.000   27.749335560  106.741428237  1017.3660   2  32   0.0026   0.0068   0.0037  -0.0017   0.0020   0.0018  17.00    1.1 8516427

[TCP数据流] 2025/11/16 19:03:59 - 浮点解 (32颗卫星)
  ECEF: X=-1627386.4418 Y=5410145.9124 Z=2952424.0096
  LLH:  Lat=27.749335559° Lon=106.741428236° H=1017.3659m
  原始数据:
2025/11/16 11:04:17.000   27.749335559  106.741428236  1017.3659   2  32   0.0026   0.0067   0.0037  -0.0017   0.0020   0.0018  18.00    1.2 8516427

[TCP数据流] 2025/11/16 19:04:00 - 浮点解 (32颗卫星)
  ECEF: X=-1627386.4416 Y=5410145.9124 Z=2952424.0095
  LLH:  Lat=27.749335558° Lon=106.741428234° H=1017.3658m
  原始数据:
2025/11/16 11:04:18.000   27.749335558  106.741428234  1017.3658   2  32   0.0026   0.0067   0.0037  -0.0017   0.0020   0.0018  19.00    1.1 8516427

[TCP数据流] 2025/11/16 19:04:01 - 浮点解 (24颗卫星)
  ECEF: X=-1627386.4414 Y=5410145.9124 Z=2952424.0093
  LLH:  Lat=27.749335557° Lon=106.741428232° H=1017.3657m
  原始数据:
2025/11/16 11:04:19.000   27.749335557  106.741428232  1017.3657   2  24   0.0026   0.0067   0.0037  -0.0017   0.0020   0.0018  20.00    2.0 8516427

[TCP数据流] 2025/11/16 19:04:02 - 浮点解 (32颗卫星)
  ECEF: X=-1627386.4413 Y=5410145.9124 Z=2952424.0092
  LLH:  Lat=27.749335556° Lon=106.741428231° H=1017.3656m
  原始数据:
2025/11/16 11:04:20.000   27.749335556  106.741428231  1017.3656   2  32   0.0026   0.0067   0.0037  -0.0017   0.0020   0.0018  21.00    1.0 8516427

[TCP数据流] 2025/11/16 19:04:03 - 浮点解 (32颗卫星)
  ECEF: X=-1627386.4412 Y=5410145.9124 Z=2952424.0090
  LLH:  Lat=27.749335555° Lon=106.741428230° H=1017.3655m
  原始数据:
2025/11/16 11:04:21.000   27.749335555  106.741428230  1017.3655   2  32   0.0026   0.0067   0.0037  -0.0017   0.0020   0.0018  22.00    1.0 8516427

[TCP数据流] 2025/11/16 19:04:04 - 浮点解 (32颗卫星)
  ECEF: X=-1627386.4419 Y=5410145.9128 Z=2952424.0099
  LLH:  Lat=27.749335560° Lon=106.741428236° H=1017.3664m
  原始数据:
2025/11/16 11:04:22.000   27.749335560  106.741428236  1017.3664   2  32   0.0026   0.0067   0.0037  -0.0017   0.0019   0.0018   0.00    1.3 8516427

[TCP数据流] 2025/11/16 19:04:05 - 浮点解 (32颗卫星)
  ECEF: X=-1627386.4430 Y=5410145.9131 Z=2952424.0107
  LLH:  Lat=27.749335563° Lon=106.741428246° H=1017.3673m
  原始数据:
2025/11/16 11:04:23.000   27.749335563  106.741428246  1017.3673   2  32   0.0025   0.0067   0.0036  -0.0017   0.0019   0.0018   1.00    1.2 8516427

[TCP数据流] 2025/11/16 19:04:06 - 浮点解 (32颗卫星)
  ECEF: X=-1627386.4437 Y=5410145.9135 Z=2952424.0112
  LLH:  Lat=27.749335565° Lon=106.741428251° H=1017.3680m
  原始数据:
2025/11/16 11:04:24.000   27.749335565  106.741428251  1017.3680   2  32   0.0025   0.0066   0.0036  -0.0017   0.0018   0.0017   2.00    1.2 8516427

[TCP数据流] 2025/11/16 19:04:07 - 浮点解 (32颗卫星)
  ECEF: X=-1627386.4446 Y=5410145.9136 Z=2952424.0116
  LLH:  Lat=27.749335567° Lon=106.741428260° H=1017.3686m
  原始数据:
2025/11/16 11:04:25.000   27.749335567  106.741428260  1017.3686   2  32   0.0025   0.0066   0.0036  -0.0017   0.0018   0.0017   3.00    1.2 8516427

[TCP数据流] 2025/11/16 19:04:08 - 浮点解 (32颗卫星)
  ECEF: X=-1627386.4452 Y=5410145.9138 Z=2952424.0119
  LLH:  Lat=27.749335568° Lon=106.741428265° H=1017.3690m
  原始数据:
2025/11/16 11:04:26.000   27.749335568  106.741428265  1017.3690   2  32   0.0025   0.0066   0.0036  -0.0017   0.0017   0.0017   4.00    1.2 8516427

[TCP数据流] 2025/11/16 19:04:09 - 浮点解 (32颗卫星)
  ECEF: X=-1627386.4457 Y=5410145.9139 Z=2952424.0120
  LLH:  Lat=27.749335567° Lon=106.741428269° H=1017.3693m
  原始数据:
2025/11/16 11:04:27.000   27.749335567  106.741428269  1017.3693   2  32   0.0025   0.0066   0.0036  -0.0017   0.0017   0.0017   5.00    1.2 8516427

[TCP数据流] 2025/11/16 19:04:10 - 浮点解 (32颗卫星)
  ECEF: X=-1627386.4457 Y=5410145.9140 Z=2952424.0119
  LLH:  Lat=27.749335566° Lon=106.741428269° H=1017.3693m
  原始数据:
2025/11/16 11:04:28.000   27.749335566  106.741428269  1017.3693   2  32   0.0025   0.0065   0.0036  -0.0017   0.0017   0.0017   6.00    1.2 8516427

[TCP数据流] 2025/11/16 19:04:12 - 浮点解 (32颗卫星)
  ECEF: X=-1627386.4456 Y=5410145.9141 Z=2952424.0118
  LLH:  Lat=27.749335565° Lon=106.741428268° H=1017.3693m
  原始数据:
2025/11/16 11:04:30.000   27.749335565  106.741428268  1017.3693   2  32   0.0025   0.0065   0.0036  -0.0017   0.0017   0.0017   8.00    1.4 8516427

[TCP数据流] 2025/11/16 19:04:13 - 浮点解 (24颗卫星)
  ECEF: X=-1627386.4457 Y=5410145.9140 Z=2952424.0118
  LLH:  Lat=27.749335565° Lon=106.741428269° H=1017.3693m
  原始数据:
2025/11/16 11:04:31.000   27.749335565  106.741428269  1017.3693   2  24   0.0025   0.0065   0.0036  -0.0017   0.0017   0.0017   9.00    1.3 8516427

[TCP数据流] 2025/11/16 19:04:14 - 浮点解 (32颗卫星)
  ECEF: X=-1627386.4455 Y=5410145.9141 Z=2952424.0117
  LLH:  Lat=27.749335564° Lon=106.741428267° H=1017.3693m
  原始数据:
2025/11/16 11:04:32.000   27.749335564  106.741428267  1017.3693   2  32   0.0025   0.0065   0.0036  -0.0017   0.0017   0.0017  10.00    1.2 8516427

[TCP数据流] 2025/11/16 19:04:15 - 浮点解 (32颗卫星)
  ECEF: X=-1627386.4454 Y=5410145.9142 Z=2952424.0114
  LLH:  Lat=27.749335562° Lon=106.741428266° H=1017.3692m
  原始数据:
2025/11/16 11:04:33.000   27.749335562  106.741428266  1017.3692   2  32   0.0025   0.0065   0.0036  -0.0017   0.0017   0.0017  11.00    1.2 8516427

[TCP数据流] 2025/11/16 19:04:16 - 浮点解 (32颗卫星)
  ECEF: X=-1627386.4453 Y=5410145.9142 Z=2952424.0113
  LLH:  Lat=27.749335561° Lon=106.741428265° H=1017.3691m
  原始数据:
2025/11/16 11:04:34.000   27.749335561  106.741428265  1017.3691   2  32   0.0025   0.0065   0.0036  -0.0017   0.0016   0.0017  12.00    1.1 8516427

[TCP数据流] 2025/11/16 19:04:20 - 浮点解 (32颗卫星)
  ECEF: X=-1627386.4452 Y=5410145.9142 Z=2952424.0111
  LLH:  Lat=27.749335560° Lon=106.741428264° H=1017.3690m
  原始数据:
2025/11/16 11:04:38.000   27.749335560  106.741428264  1017.3690   2  32   0.0025   0.0065   0.0036  -0.0017   0.0016   0.0017  16.00    1.4 8516427

[TCP数据流] 2025/11/16 19:04:21 - 浮点解 (32颗卫星)
  ECEF: X=-1627386.4451 Y=5410145.9142 Z=2952424.0110
  LLH:  Lat=27.749335559° Lon=106.741428263° H=1017.3689m
  原始数据:
2025/11/16 11:04:39.000   27.749335559  106.741428263  1017.3689   2  32   0.0025   0.0065   0.0036  -0.0017   0.0016   0.0017  17.00    1.2 8516427

[TCP数据流] 2025/11/16 19:04:23 - 浮点解 (32颗卫星)
  ECEF: X=-1627386.4450 Y=5410145.9142 Z=2952424.0109
  LLH:  Lat=27.749335558° Lon=106.741428262° H=1017.3688m
  原始数据:
2025/11/16 11:04:41.000   27.749335558  106.741428262  1017.3688   2  32   0.0025   0.0065   0.0036  -0.0017   0.0016   0.0017  19.00    1.2 8516427

[TCP数据流] 2025/11/16 19:04:24 - 浮点解 (32颗卫星)
  ECEF: X=-1627386.4448 Y=5410145.9141 Z=2952424.0108
  LLH:  Lat=27.749335558° Lon=106.741428260° H=1017.3687m
  原始数据:
2025/11/16 11:04:42.000   27.749335558  106.741428260  1017.3687   2  32   0.0025   0.0065   0.0036  -0.0017   0.0016   0.0017  20.00    1.5 8516427

[TCP数据流] 2025/11/16 19:04:25 - 浮点解 (32颗卫星)
  ECEF: X=-1627386.4447 Y=5410145.9141 Z=2952424.0107
  LLH:  Lat=27.749335557° Lon=106.741428259° H=1017.3686m
  原始数据:
2025/11/16 11:04:43.000   27.749335557  106.741428259  1017.3686   2  32   0.0025   0.0065   0.0036  -0.0017   0.0016   0.0017  21.00    1.3 8516427

[TCP数据流] 2025/11/16 19:04:26 - 浮点解 (24颗卫星)
  ECEF: X=-1627386.4448 Y=5410145.9141 Z=2952424.0107
  LLH:  Lat=27.749335557° Lon=106.741428260° H=1017.3686m
  原始数据:
2025/11/16 11:04:44.000   27.749335557  106.741428260  1017.3686   2  24   0.0025   0.0065   0.0036  -0.0017   0.0016   0.0017  22.00    1.0 8516427

[TCP数据流] 2025/11/16 19:04:27 - 浮点解 (25颗卫星)
  ECEF: X=-1627386.4447 Y=5410145.9140 Z=2952424.0105
  LLH:  Lat=27.749335556° Lon=106.741428259° H=1017.3684m
  原始数据:
2025/11/16 11:04:45.000   27.749335556  106.741428259  1017.3684   2  25   0.0025   0.0065   0.0036  -0.0017   0.0016   0.0017  23.00    1.3 8516427

[TCP数据流] 2025/11/16 19:04:28 - 浮点解 (32颗卫星)
  ECEF: X=-1627386.4445 Y=5410145.9140 Z=2952424.0103
  LLH:  Lat=27.749335555° Lon=106.741428258° H=1017.3683m
  原始数据:
2025/11/16 11:04:46.000   27.749335555  106.741428258  1017.3683   2  32   0.0025   0.0065   0.0036  -0.0017   0.0016   0.0017  24.00    1.0 8516427

[TCP数据流] 2025/11/16 19:04:29 - 浮点解 (24颗卫星)
  ECEF: X=-1627386.4445 Y=5410145.9140 Z=2952424.0103
  LLH:  Lat=27.749335555° Lon=106.741428258° H=1017.3683m
  原始数据:
2025/11/16 11:04:47.000   27.749335555  106.741428258  1017.3683   2  24   0.0025   0.0065   0.0036  -0.0017   0.0016   0.0017  25.00    1.0 8516427

[TCP数据流] 2025/11/16 19:04:30 - 浮点解 (32颗卫星)
  ECEF: X=-1627386.4444 Y=5410145.9140 Z=2952424.0102
  LLH:  Lat=27.749335554° Lon=106.741428257° H=1017.3682m
  原始数据:
2025/11/16 11:04:48.000   27.749335554  106.741428257  1017.3682   2  32   0.0025   0.0065   0.0036  -0.0017   0.0016   0.0017  26.00    1.0 8516427

[TCP数据流] 2025/11/16 19:04:31 - 浮点解 (32颗卫星)
  ECEF: X=-1627386.4443 Y=5410145.9139 Z=2952424.0101
  LLH:  Lat=27.749335554° Lon=106.741428256° H=1017.3681m
  原始数据:
2025/11/16 11:04:49.000   27.749335554  106.741428256  1017.3681   2  32   0.0025   0.0065   0.0036  -0.0017   0.0016   0.0017  27.00    1.0 8516427

[TCP数据流] 2025/11/16 19:04:32 - 浮点解 (32颗卫星)
  ECEF: X=-1627386.4442 Y=5410145.9139 Z=2952424.0100
  LLH:  Lat=27.749335553° Lon=106.741428255° H=1017.3680m
  原始数据:
2025/11/16 11:04:50.000   27.749335553  106.741428255  1017.3680   2  32   0.0025   0.0065   0.0036  -0.0017   0.0016   0.0017  28.00    1.0 8516427

[TCP数据流] 2025/11/16 19:04:33 - 浮点解 (33颗卫星)
  ECEF: X=-1627386.4440 Y=5410145.9140 Z=2952424.0099
  LLH:  Lat=27.749335552° Lon=106.741428253° H=1017.3679m
  原始数据:
2025/11/16 11:04:51.000   27.749335552  106.741428253  1017.3679   2  33   0.0025   0.0065   0.0036  -0.0017   0.0016   0.0017  29.00    1.0 8516427

[TCP数据流] 2025/11/16 19:04:34 - 浮点解 (33颗卫星)
  ECEF: X=-1627386.4439 Y=5410145.9140 Z=2952424.0099
  LLH:  Lat=27.749335552° Lon=106.741428252° H=1017.3679m
  原始数据:
2025/11/16 11:04:52.000   27.749335552  106.741428252  1017.3679   2  33   0.0025   0.0065   0.0036  -0.0017   0.0016   0.0017  30.00    1.0 8516427

[TCP数据流] 2025/11/16 19:11:19 - 浮点解 (24颗卫星)
  ECEF: X=-1627386.4465 Y=5410145.9139 Z=2952424.0105
  LLH:  Lat=27.749335554° Lon=106.741428277° H=1017.3688m
  原始数据:
2025/11/16 11:11:37.000   27.749335554  106.741428277  1017.3688   2  24   0.0025   0.0064   0.0035  -0.0018   0.0015   0.0017   4.00    1.6 8516427

[TCP数据流] 2025/11/16 19:11:20 - 浮点解 (17颗卫星)
  ECEF: X=-1627386.4474 Y=5410145.9138 Z=2952424.0105
  LLH:  Lat=27.749335554° Lon=106.741428286° H=1017.3689m
  原始数据:
2025/11/16 11:11:38.000   27.749335554  106.741428286  1017.3689   2  17   0.0025   0.0064   0.0035  -0.0018   0.0015   0.0017   5.00    2.1 8516427

[TCP数据流] 2025/11/16 19:11:21 - 浮点解 (17颗卫星)
  ECEF: X=-1627386.4478 Y=5410145.9137 Z=2952424.0104
  LLH:  Lat=27.749335553° Lon=106.741428291° H=1017.3689m
  原始数据:
2025/11/16 11:11:39.000   27.749335553  106.741428291  1017.3689   2  17   0.0025   0.0064   0.0035  -0.0018   0.0015   0.0017   6.00    2.4 8516427

[TCP数据流] 2025/11/16 19:11:22 - 浮点解 (24颗卫星)
  ECEF: X=-1627386.4483 Y=5410145.9137 Z=2952424.0106
  LLH:  Lat=27.749335554° Lon=106.741428295° H=1017.3691m
  原始数据:
2025/11/16 11:11:40.000   27.749335554  106.741428295  1017.3691   2  24   0.0025   0.0064   0.0035  -0.0018   0.0015   0.0017   7.00    1.3 8516427

[TCP数据流] 2025/11/16 19:11:24 - 浮点解 (9颗卫星)
  ECEF: X=-1627386.4483 Y=5410145.9137 Z=2952424.0106
  LLH:  Lat=27.749335554° Lon=106.741428295° H=1017.3691m
  原始数据:
2025/11/16 11:11:42.000   27.749335554  106.741428295  1017.3691   2   9   0.0025   0.0064   0.0035  -0.0018   0.0015   0.0017   9.00    0.0 8516427

[TCP数据流] 2025/11/16 19:11:25 - 浮点解 (9颗卫星)
  ECEF: X=-1627386.4483 Y=5410145.9137 Z=2952424.0106
  LLH:  Lat=27.749335554° Lon=106.741428295° H=1017.3691m
  原始数据:
2025/11/16 11:11:43.000   27.749335554  106.741428295  1017.3691   2   9   0.0025   0.0064   0.0035  -0.0018   0.0015   0.0017  10.00    2.5 8516427

[TCP数据流] 2025/11/16 19:11:33 - 浮点解 (17颗卫星)
  ECEF: X=-1627386.4483 Y=5410145.9136 Z=2952424.0105
  LLH:  Lat=27.749335553° Lon=106.741428296° H=1017.3690m
  原始数据:
2025/11/16 11:11:51.000   27.749335553  106.741428296  1017.3690   2  17   0.0025   0.0064   0.0035  -0.0018   0.0014   0.0017  18.00    1.4 8516427

[TCP数据流] 2025/11/16 19:11:34 - 浮点解 (24颗卫星)
  ECEF: X=-1627386.4485 Y=5410145.9136 Z=2952424.0104
  LLH:  Lat=27.749335552° Lon=106.741428297° H=1017.3690m
  原始数据:
2025/11/16 11:11:52.000   27.749335552  106.741428297  1017.3690   2  24   0.0025   0.0064   0.0035  -0.0018   0.0014   0.0017  19.00    1.4 8516427

[TCP数据流] 2025/11/16 19:11:35 - 浮点解 (25颗卫星)
  ECEF: X=-1627386.4486 Y=5410145.9135 Z=2952424.0102
  LLH:  Lat=27.749335551° Lon=106.741428299° H=1017.3688m
  原始数据:
2025/11/16 11:11:53.000   27.749335551  106.741428299  1017.3688   2  25   0.0025   0.0064   0.0035  -0.0018   0.0014   0.0017  20.00    1.4 8516427

[TCP数据流] 2025/11/16 19:11:36 - 浮点解 (25颗卫星)
  ECEF: X=-1627386.4487 Y=5410145.9134 Z=2952424.0100
  LLH:  Lat=27.749335550° Lon=106.741428300° H=1017.3687m
  原始数据:
2025/11/16 11:11:54.000   27.749335550  106.741428300  1017.3687   2  25   0.0025   0.0064   0.0035  -0.0018   0.0014   0.0017  21.00    1.2 8516427

[TCP数据流] 2025/11/16 19:11:38 - 浮点解 (25颗卫星)
  ECEF: X=-1627386.4487 Y=5410145.9133 Z=2952424.0098
  LLH:  Lat=27.749335549° Lon=106.741428300° H=1017.3685m
  原始数据:
2025/11/16 11:11:56.000   27.749335549  106.741428300  1017.3685   2  25   0.0025   0.0064   0.0035  -0.0018   0.0014   0.0017  23.00    1.2 8516427

[TCP数据流] 2025/11/16 19:12:00 - 浮点解 (24颗卫星)
  ECEF: X=-1627386.4509 Y=5410145.9131 Z=2952424.0101
  LLH:  Lat=27.749335549° Lon=106.741428322° H=1017.3690m
  原始数据:
2025/11/16 11:12:18.000   27.749335549  106.741428322  1017.3690   2  24   0.0024   0.0063   0.0035  -0.0018   0.0014   0.0016   5.00    1.9 8516427

[TCP数据流] 2025/11/16 19:12:02 - 浮点解 (25颗卫星)
  ECEF: X=-1627386.4511 Y=5410145.9131 Z=2952424.0100
  LLH:  Lat=27.749335548° Lon=106.741428324° H=1017.3690m
  原始数据:
2025/11/16 11:12:20.000   27.749335548  106.741428324  1017.3690   2  25   0.0024   0.0063   0.0035  -0.0018   0.0013   0.0016   7.00    1.4 8516427

[TCP数据流] 2025/11/16 19:12:05 - 浮点解 (25颗卫星)
  ECEF: X=-1627386.4512 Y=5410145.9130 Z=2952424.0098
  LLH:  Lat=27.749335547° Lon=106.741428326° H=1017.3689m
  原始数据:
2025/11/16 11:12:23.000   27.749335547  106.741428326  1017.3689   2  25   0.0024   0.0063   0.0035  -0.0018   0.0013   0.0016  10.00    1.4 8516427

[TCP数据流] 2025/11/16 19:12:07 - 浮点解 (17颗卫星)
  ECEF: X=-1627386.4514 Y=5410145.9130 Z=2952424.0097
  LLH:  Lat=27.749335546° Lon=106.741428328° H=1017.3689m
  原始数据:
2025/11/16 11:12:25.000   27.749335546  106.741428328  1017.3689   2  17   0.0024   0.0063   0.0035  -0.0018   0.0013   0.0016  12.00    1.5 8516427

[TCP数据流] 2025/11/16 19:12:09 - 浮点解 (16颗卫星)
  ECEF: X=-1627386.4516 Y=5410145.9129 Z=2952424.0097
  LLH:  Lat=27.749335546° Lon=106.741428330° H=1017.3689m
  原始数据:
2025/11/16 11:12:27.000   27.749335546  106.741428330  1017.3689   2  16   0.0024   0.0063   0.0035  -0.0018   0.0013   0.0016  14.00    2.3 8516427

[TCP数据流] 2025/11/16 19:12:12 - 浮点解 (32颗卫星)
  ECEF: X=-1627386.4518 Y=5410145.9128 Z=2952424.0096
  LLH:  Lat=27.749335545° Lon=106.741428332° H=1017.3688m
  原始数据:
2025/11/16 11:12:30.000   27.749335545  106.741428332  1017.3688   2  32   0.0024   0.0063   0.0035  -0.0018   0.0013   0.0016  17.00    1.1 8516427

[TCP数据流] 2025/11/16 19:12:13 - 浮点解 (32颗卫星)
  ECEF: X=-1627386.4521 Y=5410145.9127 Z=2952424.0093
  LLH:  Lat=27.749335543° Lon=106.741428335° H=1017.3687m
  原始数据:
2025/11/16 11:12:31.000   27.749335543  106.741428335  1017.3687   2  32   0.0024   0.0062   0.0035  -0.0018   0.0013   0.0016  18.00    1.2 8516427

[TCP数据流] 2025/11/16 19:12:15 - 浮点解 (25颗卫星)
  ECEF: X=-1627386.4522 Y=5410145.9127 Z=2952424.0092
  LLH:  Lat=27.749335542° Lon=106.741428336° H=1017.3686m
  原始数据:
2025/11/16 11:12:33.000   27.749335542  106.741428336  1017.3686   2  25   0.0024   0.0062   0.0035  -0.0018   0.0013   0.0016  20.00    1.3 8516427

[TCP数据流] 2025/11/16 19:12:17 - 浮点解 (24颗卫星)
  ECEF: X=-1627386.4523 Y=5410145.9126 Z=2952424.0091
  LLH:  Lat=27.749335541° Lon=106.741428337° H=1017.3685m
  原始数据:
2025/11/16 11:12:35.000   27.749335541  106.741428337  1017.3685   2  24   0.0024   0.0062   0.0035  -0.0018   0.0013   0.0016  22.00    1.3 8516427

[TCP数据流] 2025/11/16 19:12:18 - 浮点解 (24颗卫星)
  ECEF: X=-1627386.4524 Y=5410145.9126 Z=2952424.0091
  LLH:  Lat=27.749335541° Lon=106.741428338° H=1017.3685m
  原始数据:
2025/11/16 11:12:36.000   27.749335541  106.741428338  1017.3685   2  24   0.0024   0.0062   0.0035  -0.0018   0.0013   0.0016  23.00    1.0 8516427

[TCP数据流] 2025/11/16 19:12:19 - 浮点解 (16颗卫星)
  ECEF: X=-1627386.4524 Y=5410145.9126 Z=2952424.0091
  LLH:  Lat=27.749335541° Lon=106.741428338° H=1017.3685m
  原始数据:
2025/11/16 11:12:37.000   27.749335541  106.741428338  1017.3685   2  16   0.0024   0.0062   0.0035  -0.0018   0.0013   0.0016  24.00    1.9 8516427

[TCP数据流] 2025/11/16 19:12:20 - 浮点解 (9颗卫星)
  ECEF: X=-1627386.4523 Y=5410145.9126 Z=2952424.0091
  LLH:  Lat=27.749335541° Lon=106.741428337° H=1017.3685m
  原始数据:
2025/11/16 11:12:38.000   27.749335541  106.741428337  1017.3685   2   9   0.0024   0.0062   0.0035  -0.0018   0.0013   0.0016  25.00    2.0 8516427

[TCP数据流] 2025/11/16 19:12:22 - 浮点解 (9颗卫星)
  ECEF: X=-1627386.4523 Y=5410145.9126 Z=2952424.0091
  LLH:  Lat=27.749335541° Lon=106.741428337° H=1017.3685m
  原始数据:
2025/11/16 11:12:40.000   27.749335541  106.741428337  1017.3685   2   9   0.0024   0.0062   0.0035  -0.0018   0.0013   0.0016  27.00    1.9 8516427

[TCP数据流] 2025/11/16 19:12:23 - 浮点解 (25颗卫星)
  ECEF: X=-1627386.4523 Y=5410145.9125 Z=2952424.0088
  LLH:  Lat=27.749335539° Lon=106.741428338° H=1017.3683m
  原始数据:
2025/11/16 11:12:41.000   27.749335539  106.741428338  1017.3683   2  25   0.0024   0.0062   0.0035  -0.0018   0.0013   0.0016  28.00    1.3 8516427

[TCP数据流] 2025/11/16 19:12:25 - 浮点解 (25颗卫星)
  ECEF: X=-1627386.4523 Y=5410145.9125 Z=2952424.0086
  LLH:  Lat=27.749335538° Lon=106.741428338° H=1017.3682m
  原始数据:
2025/11/16 11:12:43.000   27.749335538  106.741428338  1017.3682   2  25   0.0024   0.0062   0.0035  -0.0018   0.0013   0.0016  30.00    1.3 8516427

[TCP数据流] 2025/11/16 19:12:32 - 浮点解 (23颗卫星)
  ECEF: X=-1627386.4524 Y=5410145.9130 Z=2952424.0099
  LLH:  Lat=27.749335546° Lon=106.741428337° H=1017.3693m
  原始数据:
2025/11/16 11:12:50.000   27.749335546  106.741428337  1017.3693   2  23   0.0024   0.0062   0.0035  -0.0017   0.0013   0.0016   2.00    1.3 8516427

[TCP数据流] 2025/11/16 19:12:34 - 浮点解 (9颗卫星)
  ECEF: X=-1627386.4523 Y=5410145.9130 Z=2952424.0099
  LLH:  Lat=27.749335546° Lon=106.741428336° H=1017.3692m
  原始数据:
2025/11/16 11:12:52.000   27.749335546  106.741428336  1017.3692   2   9   0.0024   0.0062   0.0035  -0.0017   0.0013   0.0016   4.00    0.0 8516427

[TCP数据流] 2025/11/16 19:12:36 - 浮点解 (24颗卫星)
  ECEF: X=-1627386.4522 Y=5410145.9130 Z=2952424.0101
  LLH:  Lat=27.749335548° Lon=106.741428335° H=1017.3693m
  原始数据:
2025/11/16 11:12:54.000   27.749335548  106.741428335  1017.3693   2  24   0.0024   0.0062   0.0035  -0.0017   0.0013   0.0016   6.00    1.6 8516427

[TCP数据流] 2025/11/16 19:12:38 - 浮点解 (9颗卫星)
  ECEF: X=-1627386.4522 Y=5410145.9130 Z=2952424.0101
  LLH:  Lat=27.749335548° Lon=106.741428335° H=1017.3693m
  原始数据:
2025/11/16 11:12:56.000   27.749335548  106.741428335  1017.3693   2   9   0.0024   0.0062   0.0035  -0.0017   0.0013   0.0016   8.00    0.0 8516427

[TCP数据流] 2025/11/16 19:12:39 - 浮点解 (9颗卫星)
  ECEF: X=-1627386.4522 Y=5410145.9130 Z=2952424.0101
  LLH:  Lat=27.749335548° Lon=106.741428335° H=1017.3693m
  原始数据:
2025/11/16 11:12:57.000   27.749335548  106.741428335  1017.3693   2   9   0.0024   0.0062   0.0035  -0.0017   0.0013   0.0016   9.00    0.0 8516427

[TCP数据流] 2025/11/16 19:12:40 - 浮点解 (9颗卫星)
  ECEF: X=-1627386.4521 Y=5410145.9130 Z=2952424.0101
  LLH:  Lat=27.749335548° Lon=106.741428334° H=1017.3692m
  原始数据:
2025/11/16 11:12:58.000   27.749335548  106.741428334  1017.3692   2   9   0.0024   0.0062   0.0035  -0.0017   0.0013   0.0016  10.00    2.5 8516427

[TCP数据流] 2025/11/16 19:12:41 - 浮点解 (24颗卫星)
  ECEF: X=-1627386.4523 Y=5410145.9130 Z=2952424.0101
  LLH:  Lat=27.749335548° Lon=106.741428336° H=1017.3693m
  原始数据:
2025/11/16 11:12:59.000   27.749335548  106.741428336  1017.3693   2  24   0.0024   0.0062   0.0035  -0.0017   0.0013   0.0016  11.00    1.3 8516427

[TCP数据流] 2025/11/16 19:12:42 - 浮点解 (32颗卫星)
  ECEF: X=-1627386.4526 Y=5410145.9129 Z=2952424.0100
  LLH:  Lat=27.749335547° Lon=106.741428339° H=1017.3693m
  原始数据:
2025/11/16 11:13:00.000   27.749335547  106.741428339  1017.3693   2  32   0.0024   0.0062   0.0035  -0.0017   0.0013   0.0016  12.00    1.2 8516427

[TCP数据流] 2025/11/16 19:12:43 - 浮点解 (25颗卫星)
  ECEF: X=-1627386.4526 Y=5410145.9129 Z=2952424.0099
  LLH:  Lat=27.749335546° Lon=106.741428339° H=1017.3692m
  原始数据:
2025/11/16 11:13:01.000   27.749335546  106.741428339  1017.3692   2  25   0.0024   0.0062   0.0035  -0.0017   0.0012   0.0016  13.00    1.3 8516427

[TCP数据流] 2025/11/16 19:12:45 - 浮点解 (32颗卫星)
  ECEF: X=-1627386.4528 Y=5410145.9128 Z=2952424.0097
  LLH:  Lat=27.749335545° Lon=106.741428342° H=1017.3691m
  原始数据:
2025/11/16 11:13:03.000   27.749335545  106.741428342  1017.3691   2  32   0.0024   0.0062   0.0035  -0.0017   0.0012   0.0016  15.00    1.3 8516427

[TCP数据流] 2025/11/16 19:12:46 - 浮点解 (24颗卫星)
  ECEF: X=-1627386.4529 Y=5410145.9128 Z=2952424.0097
  LLH:  Lat=27.749335545° Lon=106.741428343° H=1017.3691m
  原始数据:
2025/11/16 11:13:04.000   27.749335545  106.741428343  1017.3691   2  24   0.0024   0.0062   0.0035  -0.0017   0.0012   0.0016  16.00    1.3 8516427

[TCP数据流] 2025/11/16 19:12:47 - 浮点解 (32颗卫星)
  ECEF: X=-1627386.4531 Y=5410145.9127 Z=2952424.0096
  LLH:  Lat=27.749335544° Lon=106.741428345° H=1017.3690m
  原始数据:
2025/11/16 11:13:05.000   27.749335544  106.741428345  1017.3690   2  32   0.0024   0.0062   0.0035  -0.0017   0.0012   0.0016  17.00    1.1 8516427

[TCP数据流] 2025/11/16 19:12:49 - 浮点解 (25颗卫星)
  ECEF: X=-1627386.4532 Y=5410145.9126 Z=2952424.0094
  LLH:  Lat=27.749335543° Lon=106.741428346° H=1017.3689m
  原始数据:
2025/11/16 11:13:07.000   27.749335543  106.741428346  1017.3689   2  25   0.0024   0.0062   0.0035  -0.0017   0.0012   0.0016  19.00    1.1 8516427

[TCP数据流] 2025/11/16 19:12:50 - 浮点解 (25颗卫星)
  ECEF: X=-1627386.4532 Y=5410145.9126 Z=2952424.0093
  LLH:  Lat=27.749335542° Lon=106.741428346° H=1017.3688m
  原始数据:
2025/11/16 11:13:08.000   27.749335542  106.741428346  1017.3688   2  25   0.0024   0.0062   0.0035  -0.0017   0.0012   0.0016  20.00    1.1 8516427

[TCP数据流] 2025/11/16 19:12:51 - 浮点解 (32颗卫星)
  ECEF: X=-1627386.4533 Y=5410145.9125 Z=2952424.0091
  LLH:  Lat=27.749335541° Lon=106.741428347° H=1017.3687m
  原始数据:
2025/11/16 11:13:09.000   27.749335541  106.741428347  1017.3687   2  32   0.0024   0.0062   0.0035  -0.0017   0.0012   0.0016  21.00    1.0 8516427

[TCP数据流] 2025/11/16 19:12:52 - 浮点解 (25颗卫星)
  ECEF: X=-1627386.4533 Y=5410145.9124 Z=2952424.0091
  LLH:  Lat=27.749335541° Lon=106.741428348° H=1017.3686m
  原始数据:
2025/11/16 11:13:10.000   27.749335541  106.741428348  1017.3686   2  25   0.0024   0.0061   0.0035  -0.0017   0.0012   0.0016  22.00    1.1 8516427

[TCP数据流] 2025/11/16 19:12:53 - 浮点解 (32颗卫星)
  ECEF: X=-1627386.4534 Y=5410145.9123 Z=2952424.0090
  LLH:  Lat=27.749335540° Lon=106.741428349° H=1017.3685m
  原始数据:
2025/11/16 11:13:11.000   27.749335540  106.741428349  1017.3685   2  32   0.0024   0.0061   0.0035  -0.0017   0.0012   0.0016  23.00    1.1 8516427

[TCP数据流] 2025/11/16 19:12:54 - 浮点解 (32颗卫星)
  ECEF: X=-1627386.4535 Y=5410145.9123 Z=2952424.0088
  LLH:  Lat=27.749335539° Lon=106.741428350° H=1017.3684m
  原始数据:
2025/11/16 11:13:12.000   27.749335539  106.741428350  1017.3684   2  32   0.0024   0.0061   0.0035  -0.0017   0.0012   0.0016  24.00    1.1 8516427

[TCP数据流] 2025/11/16 19:12:55 - 浮点解 (32颗卫星)
  ECEF: X=-1627386.4535 Y=5410145.9122 Z=2952424.0088
  LLH:  Lat=27.749335539° Lon=106.741428350° H=1017.3683m
  原始数据:
2025/11/16 11:13:13.000   27.749335539  106.741428350  1017.3683   2  32   0.0024   0.0061   0.0035  -0.0017   0.0012   0.0016  25.00    1.0 8516427

[TCP数据流] 2025/11/16 19:12:56 - 浮点解 (32颗卫星)
  ECEF: X=-1627386.4536 Y=5410145.9121 Z=2952424.0086
  LLH:  Lat=27.749335538° Lon=106.741428351° H=1017.3682m
  原始数据:
2025/11/16 11:13:14.000   27.749335538  106.741428351  1017.3682   2  32   0.0024   0.0061   0.0035  -0.0017   0.0012   0.0016  26.00    1.0 8516427

[TCP数据流] 2025/11/16 19:12:57 - 浮点解 (31颗卫星)
  ECEF: X=-1627386.4536 Y=5410145.9121 Z=2952424.0085
  LLH:  Lat=27.749335537° Lon=106.741428352° H=1017.3681m
  原始数据:
2025/11/16 11:13:15.000   27.749335537  106.741428352  1017.3681   2  31   0.0024   0.0061   0.0035  -0.0017   0.0012   0.0016  27.00    1.0 8516427

[TCP数据流] 2025/11/16 19:12:58 - 浮点解 (24颗卫星)
  ECEF: X=-1627386.4536 Y=5410145.9120 Z=2952424.0083
  LLH:  Lat=27.749335536° Lon=106.741428352° H=1017.3680m
  原始数据:
2025/11/16 11:13:16.000   27.749335536  106.741428352  1017.3680   2  24   0.0024   0.0061   0.0035  -0.0017   0.0012   0.0016  28.00    1.3 8516427

[TCP数据流] 2025/11/16 19:12:59 - 浮点解 (31颗卫星)
  ECEF: X=-1627386.4537 Y=5410145.9120 Z=2952424.0082
  LLH:  Lat=27.749335535° Lon=106.741428353° H=1017.3679m
  原始数据:
2025/11/16 11:13:17.000   27.749335535  106.741428353  1017.3679   2  31   0.0024   0.0061   0.0035  -0.0017   0.0012   0.0016  29.00    1.1 8516427

[TCP数据流] 2025/11/16 19:13:00 - 浮点解 (31颗卫星)
  ECEF: X=-1627386.4538 Y=5410145.9119 Z=2952424.0082
  LLH:  Lat=27.749335535° Lon=106.741428354° H=1017.3679m
  原始数据:
2025/11/16 11:13:18.000   27.749335535  106.741428354  1017.3679   2  31   0.0024   0.0061   0.0034  -0.0017   0.0012   0.0016  30.00    1.1 8516427

[TCP数据流] 2025/11/16 19:13:05 - 浮点解 (31颗卫星)
  ECEF: X=-1627386.4550 Y=5410145.9126 Z=2952424.0101
  LLH:  Lat=27.749335546° Lon=106.741428363° H=1017.3697m
  原始数据:
2025/11/16 11:13:23.000   27.749335546  106.741428363  1017.3697   2  31   0.0023   0.0061   0.0034  -0.0017   0.0011   0.0016   0.00    2.4 8516427

[TCP数据流] 2025/11/16 19:13:06 - 浮点解 (31颗卫星)
  ECEF: X=-1627386.4559 Y=5410145.9134 Z=2952424.0119
  LLH:  Lat=27.749335556° Lon=106.741428370° H=1017.3714m
  原始数据:
2025/11/16 11:13:24.000   27.749335556  106.741428370  1017.3714   2  31   0.0023   0.0060   0.0034  -0.0017   0.0011   0.0015   0.00    1.3 8516427

[TCP数据流] 2025/11/16 19:13:07 - 浮点解 (31颗卫星)
  ECEF: X=-1627386.4568 Y=5410145.9141 Z=2952424.0135
  LLH:  Lat=27.749335565° Lon=106.741428377° H=1017.3730m
  原始数据:
2025/11/16 11:13:25.000   27.749335565  106.741428377  1017.3730   2  31   0.0023   0.0060   0.0034  -0.0017   0.0010   0.0015   0.00    1.5 8516427

[TCP数据流] 2025/11/16 19:13:08 - 浮点解 (31颗卫星)
  ECEF: X=-1627386.4574 Y=5410145.9148 Z=2952424.0152
  LLH:  Lat=27.749335575° Lon=106.741428380° H=1017.3745m
  原始数据:
2025/11/16 11:13:26.000   27.749335575  106.741428380  1017.3745   2  31   0.0023   0.0060   0.0034  -0.0016   0.0010   0.0015   0.00    1.7 8516427

[TCP数据流] 2025/11/16 19:13:09 - 浮点解 (23颗卫星)
  ECEF: X=-1627386.4577 Y=5410145.9153 Z=2952424.0161
  LLH:  Lat=27.749335580° Lon=106.741428382° H=1017.3754m
  原始数据:
2025/11/16 11:13:27.000   27.749335580  106.741428382  1017.3754   2  23   0.0023   0.0059   0.0034  -0.0016   0.0010   0.0015   1.00    2.5 8516427

[TCP数据流] 2025/11/16 19:13:10 - 浮点解 (31颗卫星)
  ECEF: X=-1627386.4582 Y=5410145.9157 Z=2952424.0171
  LLH:  Lat=27.749335586° Lon=106.741428386° H=1017.3764m
  原始数据:
2025/11/16 11:13:28.000   27.749335586  106.741428386  1017.3764   2  31   0.0023   0.0059   0.0034  -0.0016   0.0009   0.0015   2.00    2.1 8516427

[TCP数据流] 2025/11/16 19:13:11 - 浮点解 (31颗卫星)
  ECEF: X=-1627386.4589 Y=5410145.9160 Z=2952424.0179
  LLH:  Lat=27.749335590° Lon=106.741428391° H=1017.3772m
  原始数据:
2025/11/16 11:13:29.000   27.749335590  106.741428391  1017.3772   2  31   0.0022   0.0059   0.0034  -0.0016   0.0009   0.0015   3.00    2.0 8516427

[TCP数据流] 2025/11/16 19:13:12 - 浮点解 (31颗卫星)
  ECEF: X=-1627386.4594 Y=5410145.9161 Z=2952424.0185
  LLH:  Lat=27.749335594° Lon=106.741428396° H=1017.3777m
  原始数据:
2025/11/16 11:13:30.000   27.749335594  106.741428396  1017.3777   2  31   0.0022   0.0059   0.0033  -0.0016   0.0009   0.0015   4.00    2.2 8516427

[TCP数据流] 2025/11/16 19:13:13 - 浮点解 (31颗卫星)
  ECEF: X=-1627386.4598 Y=5410145.9162 Z=2952424.0189
  LLH:  Lat=27.749335596° Lon=106.741428400° H=1017.3781m
  原始数据:
2025/11/16 11:13:31.000   27.749335596  106.741428400  1017.3781   2  31   0.0022   0.0058   0.0033  -0.0016   0.0008   0.0015   5.00    1.6 8516427

[TCP数据流] 2025/11/16 19:13:14 - 浮点解 (31颗卫星)
  ECEF: X=-1627386.4602 Y=5410145.9164 Z=2952424.0192
  LLH:  Lat=27.749335597° Lon=106.741428403° H=1017.3784m
  原始数据:
2025/11/16 11:13:32.000   27.749335597  106.741428403  1017.3784   2  31   0.0022   0.0058   0.0033  -0.0016   0.0008   0.0015   6.00    1.6 8516427

[TCP数据流] 2025/11/16 19:13:15 - 浮点解 (31颗卫星)
  ECEF: X=-1627386.4605 Y=5410145.9164 Z=2952424.0194
  LLH:  Lat=27.749335599° Lon=106.741428406° H=1017.3786m
  原始数据:
2025/11/16 11:13:33.000   27.749335599  106.741428406  1017.3786   2  31   0.0022   0.0058   0.0033  -0.0016   0.0008   0.0015   7.00    1.6 8516427

[TCP数据流] 2025/11/16 19:13:16 - 浮点解 (31颗卫星)
  ECEF: X=-1627386.4607 Y=5410145.9164 Z=2952424.0195
  LLH:  Lat=27.749335599° Lon=106.741428408° H=1017.3787m
  原始数据:
2025/11/16 11:13:34.000   27.749335599  106.741428408  1017.3787   2  31   0.0022   0.0058   0.0033  -0.0016   0.0008   0.0015   8.00    1.7 8516427

[TCP数据流] 2025/11/16 19:13:17 - 浮点解 (31颗卫星)
  ECEF: X=-1627386.4609 Y=5410145.9163 Z=2952424.0195
  LLH:  Lat=27.749335599° Lon=106.741428410° H=1017.3787m
  原始数据:
2025/11/16 11:13:35.000   27.749335599  106.741428410  1017.3787   2  31   0.0022   0.0058   0.0033  -0.0016   0.0008   0.0015   9.00    1.9 8516427

[TCP数据流] 2025/11/16 19:13:18 - 浮点解 (31颗卫星)
  ECEF: X=-1627386.4611 Y=5410145.9164 Z=2952424.0195
  LLH:  Lat=27.749335599° Lon=106.741428412° H=1017.3788m
  原始数据:
2025/11/16 11:13:36.000   27.749335599  106.741428412  1017.3788   2  31   0.0022   0.0058   0.0033  -0.0016   0.0007   0.0015  10.00    1.7 8516427

[TCP数据流] 2025/11/16 19:13:19 - 浮点解 (31颗卫星)
  ECEF: X=-1627386.4613 Y=5410145.9163 Z=2952424.0195
  LLH:  Lat=27.749335599° Lon=106.741428414° H=1017.3788m
  原始数据:
2025/11/16 11:13:37.000   27.749335599  106.741428414  1017.3788   2  31   0.0022   0.0058   0.0033  -0.0016   0.0007   0.0015  11.00    1.2 8516427

[TCP数据流] 2025/11/16 19:13:20 - 浮点解 (31颗卫星)
  ECEF: X=-1627386.4614 Y=5410145.9162 Z=2952424.0195
  LLH:  Lat=27.749335599° Lon=106.741428415° H=1017.3787m
  原始数据:
2025/11/16 11:13:38.000   27.749335599  106.741428415  1017.3787   2  31   0.0022   0.0058   0.0033  -0.0016   0.0007   0.0015  12.00    1.3 8516427

[TCP数据流] 2025/11/16 19:13:21 - 浮点解 (31颗卫星)
  ECEF: X=-1627386.4616 Y=5410145.9161 Z=2952424.0195
  LLH:  Lat=27.749335599° Lon=106.741428417° H=1017.3787m
  原始数据:
2025/11/16 11:13:39.000   27.749335599  106.741428417  1017.3787   2  31   0.0022   0.0058   0.0033  -0.0016   0.0007   0.0015  13.00    1.2 8516427

[TCP数据流] 2025/11/16 19:13:22 - 浮点解 (31颗卫星)
  ECEF: X=-1627386.4617 Y=5410145.9161 Z=2952424.0194
  LLH:  Lat=27.749335598° Lon=106.741428418° H=1017.3787m
  原始数据:
2025/11/16 11:13:40.000   27.749335598  106.741428418  1017.3787   2  31   0.0022   0.0058   0.0033  -0.0016   0.0007   0.0015  14.00    1.2 8516427

[TCP数据流] 2025/11/16 19:13:23 - 浮点解 (31颗卫星)
  ECEF: X=-1627386.4618 Y=5410145.9160 Z=2952424.0193
  LLH:  Lat=27.749335598° Lon=106.741428420° H=1017.3786m
  原始数据:
2025/11/16 11:13:41.000   27.749335598  106.741428420  1017.3786   2  31   0.0022   0.0058   0.0033  -0.0016   0.0007   0.0014  15.00    1.2 8516427

[TCP数据流] 2025/11/16 19:13:24 - 浮点解 (31颗卫星)
  ECEF: X=-1627386.4619 Y=5410145.9160 Z=2952424.0192
  LLH:  Lat=27.749335597° Lon=106.741428421° H=1017.3786m
  原始数据:
2025/11/16 11:13:42.000   27.749335597  106.741428421  1017.3786   2  31   0.0022   0.0058   0.0033  -0.0016   0.0007   0.0014  16.00    1.2 8516427

[TCP数据流] 2025/11/16 19:13:25 - 浮点解 (31颗卫星)
  ECEF: X=-1627386.4621 Y=5410145.9159 Z=2952424.0191
  LLH:  Lat=27.749335596° Lon=106.741428423° H=1017.3785m
  原始数据:
2025/11/16 11:13:43.000   27.749335596  106.741428423  1017.3785   2  31   0.0022   0.0058   0.0033  -0.0016   0.0007   0.0014  17.00    1.1 8516427

[TCP数据流] 2025/11/16 19:13:26 - 浮点解 (31颗卫星)
  ECEF: X=-1627386.4622 Y=5410145.9158 Z=2952424.0191
  LLH:  Lat=27.749335596° Lon=106.741428424° H=1017.3784m
  原始数据:
2025/11/16 11:13:44.000   27.749335596  106.741428424  1017.3784   2  31   0.0022   0.0058   0.0033  -0.0016   0.0007   0.0014  18.00    1.1 8516427

[TCP数据流] 2025/11/16 19:13:27 - 浮点解 (31颗卫星)
  ECEF: X=-1627386.4622 Y=5410145.9158 Z=2952424.0191
  LLH:  Lat=27.749335596° Lon=106.741428424° H=1017.3784m
  原始数据:
2025/11/16 11:13:45.000   27.749335596  106.741428424  1017.3784   2  31   0.0022   0.0057   0.0033  -0.0016   0.0007   0.0014  19.00    1.1 8516427

[TCP数据流] 2025/11/16 19:13:28 - 浮点解 (31颗卫星)
  ECEF: X=-1627386.4623 Y=5410145.9158 Z=2952424.0189
  LLH:  Lat=27.749335595° Lon=106.741428425° H=1017.3783m
  原始数据:
2025/11/16 11:13:46.000   27.749335595  106.741428425  1017.3783   2  31   0.0022   0.0057   0.0033  -0.0016   0.0007   0.0014  20.00    1.1 8516427

[TCP数据流] 2025/11/16 19:13:29 - 浮点解 (31颗卫星)
  ECEF: X=-1627386.4622 Y=5410145.9157 Z=2952424.0189
  LLH:  Lat=27.749335595° Lon=106.741428425° H=1017.3782m
  原始数据:
2025/11/16 11:13:47.000   27.749335595  106.741428425  1017.3782   2  31   0.0022   0.0057   0.0033  -0.0016   0.0007   0.0014  21.00    1.1 8516427

[TCP数据流] 2025/11/16 19:13:30 - 浮点解 (31颗卫星)
  ECEF: X=-1627386.4623 Y=5410145.9157 Z=2952424.0188
  LLH:  Lat=27.749335594° Lon=106.741428425° H=1017.3782m
  原始数据:
2025/11/16 11:13:48.000   27.749335594  106.741428425  1017.3782   2  31   0.0022   0.0057   0.0033  -0.0016   0.0007   0.0014  22.00    1.1 8516427

[TCP数据流] 2025/11/16 19:13:31 - 浮点解 (31颗卫星)
  ECEF: X=-1627386.4622 Y=5410145.9156 Z=2952424.0187
  LLH:  Lat=27.749335594° Lon=106.741428425° H=1017.3781m
  原始数据:
2025/11/16 11:13:49.000   27.749335594  106.741428425  1017.3781   2  31   0.0022   0.0057   0.0033  -0.0016   0.0007   0.0014  23.00    1.0 8516427

[TCP数据流] 2025/11/16 19:13:32 - 浮点解 (31颗卫星)
  ECEF: X=-1627386.4623 Y=5410145.9156 Z=2952424.0186
  LLH:  Lat=27.749335593° Lon=106.741428426° H=1017.3780m
  原始数据:
2025/11/16 11:13:50.000   27.749335593  106.741428426  1017.3780   2  31   0.0022   0.0057   0.0033  -0.0016   0.0007   0.0014  24.00    1.0 8516427

[TCP数据流] 2025/11/16 19:13:33 - 浮点解 (31颗卫星)
  ECEF: X=-1627386.4623 Y=5410145.9155 Z=2952424.0185
  LLH:  Lat=27.749335593° Lon=106.741428426° H=1017.3779m
  原始数据:
2025/11/16 11:13:51.000   27.749335593  106.741428426  1017.3779   2  31   0.0022   0.0057   0.0033  -0.0016   0.0007   0.0014  25.00    1.0 8516427

[TCP数据流] 2025/11/16 19:13:34 - 浮点解 (31颗卫星)
  ECEF: X=-1627386.4623 Y=5410145.9155 Z=2952424.0184
  LLH:  Lat=27.749335592° Lon=106.741428426° H=1017.3779m
  原始数据:
2025/11/16 11:13:52.000   27.749335592  106.741428426  1017.3779   2  31   0.0022   0.0057   0.0033  -0.0016   0.0007   0.0014  26.00    1.0 8516427

[TCP数据流] 2025/11/16 19:13:35 - 浮点解 (31颗卫星)
  ECEF: X=-1627386.4624 Y=5410145.9154 Z=2952424.0184
  LLH:  Lat=27.749335592° Lon=106.741428427° H=1017.3778m
  原始数据:
2025/11/16 11:13:53.000   27.749335592  106.741428427  1017.3778   2  31   0.0022   0.0057   0.0033  -0.0016   0.0007   0.0014  27.00    1.0 8516427

[TCP数据流] 2025/11/16 19:13:36 - 浮点解 (31颗卫星)
  ECEF: X=-1627386.4623 Y=5410145.9154 Z=2952424.0182
  LLH:  Lat=27.749335591° Lon=106.741428426° H=1017.3777m
  原始数据:
2025/11/16 11:13:54.000   27.749335591  106.741428426  1017.3777   2  31   0.0022   0.0057   0.0033  -0.0016   0.0007   0.0014  28.00    1.0 8516427

[TCP数据流] 2025/11/16 19:13:37 - 浮点解 (31颗卫星)
  ECEF: X=-1627386.4622 Y=5410145.9153 Z=2952424.0182
  LLH:  Lat=27.749335591° Lon=106.741428426° H=1017.3776m
  原始数据:
2025/11/16 11:13:55.000   27.749335591  106.741428426  1017.3776   2  31   0.0022   0.0057   0.0033  -0.0016   0.0006   0.0014  29.00    1.0 8516427

[TCP数据流] 2025/11/16 19:13:38 - 浮点解 (31颗卫星)
  ECEF: X=-1627386.4623 Y=5410145.9153 Z=2952424.0182
  LLH:  Lat=27.749335591° Lon=106.741428427° H=1017.3776m
  原始数据:
2025/11/16 11:13:56.000   27.749335591  106.741428427  1017.3776   2  31   0.0022   0.0057   0.0033  -0.0016   0.0006   0.0014  30.00    1.0 8516427

========== RTKRCV 退出 ==========
时间: 2025-11-16T11:17:33.460Z
退出码: 0
信号: null
================================

