
========== RTKRCV 启动 ==========
时间: 2025-11-16T09:52:28.651Z
配置文件: 8522614.conf
进程 PID: 3560500
================================


[TCP数据流] 2025/11/16 17:52:34 - 浮点解 (18颗卫星)
  ECEF: X=-1100347.8752 Y=5813532.4816 Z=2375544.9435
  LLH:  Lat=22.008584269° Lon=100.717788914° H=669.1222m
  原始数据:
2025/11/16 09:52:52.000   22.008584269  100.717788914   669.1222   2  18   0.9678   1.0442   2.5666  -0.3610   0.9740  -0.8918   0.00    0.0 8522614

[TCP数据流] 2025/11/16 17:52:36 - 浮点解 (28颗卫星)
  ECEF: X=-1100347.8283 Y=5813533.4461 Z=2375545.1992
  LLH:  Lat=22.008583232° Lon=100.717786731° H=670.0886m
  原始数据:
2025/11/16 09:52:54.000   22.008583232  100.717786731   670.0886   2  28   0.5656   0.6187   1.6954  -0.2026   0.6378  -0.4425   0.00    0.0 8522614

[TCP数据流] 2025/11/16 17:52:37 - 浮点解 (22颗卫星)
  ECEF: X=-1100347.8780 Y=5813533.4559 Z=2375545.0581
  LLH:  Lat=22.008581987° Lon=100.717787186° H=670.0532m
  原始数据:
2025/11/16 09:52:55.000   22.008581987  100.717787186   670.0532   2  22   0.4745   0.4985   1.4010  -0.1359   0.5184  -0.3088   0.00    0.0 8522614

[TCP数据流] 2025/11/16 17:52:41 - 浮点解 (28颗卫星)
  ECEF: X=-1100347.7714 Y=5813533.3071 Z=2375545.1867
  LLH:  Lat=22.008583625° Lon=100.717786440° H=669.9475m
  原始数据:
2025/11/16 09:52:59.000   22.008583625  100.717786440   669.9475   2  28   0.3955   0.4205   1.1888  -0.1184   0.4391  -0.2599   3.00    0.0 8522614

[TCP数据流] 2025/11/16 17:52:42 - 浮点解 (22颗卫星)
  ECEF: X=-1100347.7148 Y=5813533.4273 Z=2375545.1989
  LLH:  Lat=22.008583363° Lon=100.717785685° H=670.0518m
  原始数据:
2025/11/16 09:53:00.000   22.008583363  100.717785685   670.0518   2  22   0.3607   0.3764   1.0712  -0.0953   0.3938  -0.2135   4.00    0.0 8522614

[TCP数据流] 2025/11/16 17:52:44 - 浮点解 (15颗卫星)
  ECEF: X=-1100347.6227 Y=5813533.2171 Z=2375545.1475
  LLH:  Lat=22.008583690° Lon=100.717785187° H=669.8252m
  原始数据:
2025/11/16 09:53:02.000   22.008583690  100.717785187   669.8252   2  15   0.3392   0.3504   1.0111  -0.0878   0.3718  -0.2085   6.00    0.0 8522614

[TCP数据流] 2025/11/16 17:52:45 - 浮点解 (21颗卫星)
  ECEF: X=-1100347.6605 Y=5813533.3679 Z=2375545.1447
  LLH:  Lat=22.008583141° Lon=100.717785275° H=669.9680m
  原始数据:
2025/11/16 09:53:03.000   22.008583141  100.717785275   669.9680   2  21   0.3166   0.3237   0.9356  -0.0744   0.3428  -0.1804   7.00    0.0 8522614

[TCP数据流] 2025/11/16 17:52:46 - 浮点解 (21颗卫星)
  ECEF: X=-1100347.6426 Y=5813533.3502 Z=2375545.0993
  LLH:  Lat=22.008582831° Lon=100.717785137° H=669.9318m
  原始数据:
2025/11/16 09:53:04.000   22.008582831  100.717785137   669.9318   2  21   0.2981   0.3023   0.8750  -0.0643   0.3199  -0.1590   8.00    0.0 8522614

[TCP数据流] 2025/11/16 17:52:47 - 浮点解 (20颗卫星)
  ECEF: X=-1100347.7175 Y=5813533.4061 Z=2375545.1653
  LLH:  Lat=22.008583151° Lon=100.717785749° H=670.0203m
  原始数据:
2025/11/16 09:53:05.000   22.008583151  100.717785749   670.0203   2  20   0.2831   0.2879   0.8205  -0.0720   0.2991  -0.1627   9.00    0.0 8522614

[TCP数据流] 2025/11/16 17:52:49 - 浮点解 (15颗卫星)
  ECEF: X=-1100347.5441 Y=5813533.2765 Z=2375545.0516
  LLH:  Lat=22.008582739° Lon=100.717784332° H=669.8298m
  原始数据:
2025/11/16 09:53:07.000   22.008582739  100.717784332   669.8298   2  15   0.2723   0.2749   0.7902  -0.0683   0.2870  -0.1606  11.00    0.0 8522614

[TCP数据流] 2025/11/16 17:52:50 - 浮点解 (21颗卫星)
  ECEF: X=-1100347.3843 Y=5813533.1313 Z=2375544.9352
  LLH:  Lat=22.008582348° Lon=100.717783074° H=669.6263m
  原始数据:
2025/11/16 09:53:08.000   22.008582348  100.717783074   669.6263   2  21   0.2602   0.2614   0.7523  -0.0614   0.2729  -0.1464  12.00    0.0 8522614

[TCP数据流] 2025/11/16 17:52:51 - 浮点解 (21颗卫星)
  ECEF: X=-1100347.2747 Y=5813533.0076 Z=2375544.8633
  LLH:  Lat=22.008582226° Lon=100.717782253° H=669.4678m
  原始数据:
2025/11/16 09:53:09.000   22.008582226  100.717782253   669.4678   2  21   0.2496   0.2497   0.7194  -0.0557   0.2608  -0.1346  13.00    0.0 8522614

[TCP数据流] 2025/11/16 17:52:52 - 浮点解 (27颗卫星)
  ECEF: X=-1100347.2478 Y=5813532.9089 Z=2375544.8504
  LLH:  Lat=22.008582463° Lon=100.717782175° H=669.3684m
  原始数据:
2025/11/16 09:53:10.000   22.008582463  100.717782175   669.3684   2  27   0.2357   0.2374   0.6829  -0.0550   0.2470  -0.1300  14.00    0.0 8522614

[TCP数据流] 2025/11/16 17:52:53 - 浮点解 (27颗卫星)
  ECEF: X=-1100347.2406 Y=5813533.0171 Z=2375544.8636
  LLH:  Lat=22.008582219° Lon=100.717781912° H=669.4707m
  原始数据:
2025/11/16 09:53:11.000   22.008582219  100.717781912   669.4707   2  27   0.2239   0.2268   0.6516  -0.0541   0.2353  -0.1257  15.00    0.0 8522614

[TCP数据流] 2025/11/16 17:52:54 - 浮点解 (28颗卫星)
  ECEF: X=-1100347.2438 Y=5813533.0120 Z=2375544.8634
  LLH:  Lat=22.008582232° Lon=100.717781952° H=669.4665m
  原始数据:
2025/11/16 09:53:12.000   22.008582232  100.717781952   669.4665   2  28   0.2137   0.2175   0.6244  -0.0530   0.2252  -0.1217  16.00    0.0 8522614

[TCP数据流] 2025/11/16 17:52:55 - 浮点解 (28颗卫星)
  ECEF: X=-1100347.2514 Y=5813533.0339 Z=2375544.8816
  LLH:  Lat=22.008582307° Lon=100.717781984° H=669.4946m
  原始数据:
2025/11/16 09:53:13.000   22.008582307  100.717781984   669.4946   2  28   0.2048   0.2093   0.6004  -0.0519   0.2162  -0.1181  17.00    0.0 8522614

[TCP数据流] 2025/11/16 17:52:56 - 浮点解 (28颗卫星)
  ECEF: X=-1100347.2207 Y=5813532.9753 Z=2375544.8485
  LLH:  Lat=22.008582244° Lon=100.717781798° H=669.4235m
  原始数据:
2025/11/16 09:53:14.000   22.008582244  100.717781798   669.4235   2  28   0.1969   0.2019   0.5783  -0.0508   0.2084  -0.1148  18.00    0.0 8522614

[TCP数据流] 2025/11/16 17:52:57 - 浮点解 (28颗卫星)
  ECEF: X=-1100347.2179 Y=5813533.0010 Z=2375544.8511
  LLH:  Lat=22.008582182° Lon=100.717781725° H=669.4474m
  原始数据:
2025/11/16 09:53:15.000   22.008582182  100.717781725   669.4474   2  28   0.1898   0.1953   0.5591  -0.0497   0.2012  -0.1117  19.00    0.0 8522614

[TCP数据流] 2025/11/16 17:52:59 - 浮点解 (27颗卫星)
  ECEF: X=-1100347.2314 Y=5813532.9277 Z=2375544.8144
  LLH:  Lat=22.008582110° Lon=100.717781985° H=669.3692m
  原始数据:
2025/11/16 09:53:17.000   22.008582110  100.717781985   669.3692   2  27   0.1835   0.1892   0.5416  -0.0487   0.1948  -0.1088  21.00    0.0 8522614

[TCP数据流] 2025/11/16 17:53:00 - 浮点解 (19颗卫星)
  ECEF: X=-1100347.2713 Y=5813532.8998 Z=2375544.7731
  LLH:  Lat=22.008581832° Lon=100.717782415° H=669.3352m
  原始数据:
2025/11/16 09:53:18.000   22.008581832  100.717782415   669.3352   2  19   0.1799   0.1856   0.5281  -0.0499   0.1898  -0.1089  22.00    0.0 8522614

[TCP数据流] 2025/11/16 17:53:01 - 浮点解 (27颗卫星)
  ECEF: X=-1100347.2916 Y=5813532.9318 Z=2375544.7685
  LLH:  Lat=22.008581674° Lon=100.717782551° H=669.3662m
  原始数据:
2025/11/16 09:53:19.000   22.008581674  100.717782551   669.3662   2  27   0.1745   0.1804   0.5133  -0.0487   0.1844  -0.1062  23.00    0.0 8522614

[TCP数据流] 2025/11/16 17:53:02 - 浮点解 (27颗卫星)
  ECEF: X=-1100347.2839 Y=5813532.9673 Z=2375544.7699
  LLH:  Lat=22.008581572° Lon=100.717782413° H=669.3977m
  原始数据:
2025/11/16 09:53:20.000   22.008581572  100.717782413   669.3977   2  27   0.1695   0.1756   0.4997  -0.0476   0.1794  -0.1036  24.00    0.0 8522614

[TCP数据流] 2025/11/16 17:53:03 - 浮点解 (27颗卫星)
  ECEF: X=-1100347.2978 Y=5813533.0299 Z=2375544.7853
  LLH:  Lat=22.008581484° Lon=100.717782433° H=669.4629m
  原始数据:
2025/11/16 09:53:21.000   22.008581484  100.717782433   669.4629   2  27   0.1650   0.1712   0.4871  -0.0466   0.1747  -0.1012  25.00    1.4 8522614

[TCP数据流] 2025/11/16 17:53:04 - 浮点解 (27颗卫星)
  ECEF: X=-1100347.3014 Y=5813533.0671 Z=2375544.7794
  LLH:  Lat=22.008581309° Lon=100.717782400° H=669.4952m
  原始数据:
2025/11/16 09:53:22.000   22.008581309  100.717782400   669.4952   2  27   0.1608   0.1671   0.4754  -0.0457   0.1705  -0.0990  26.00    1.4 8522614

[TCP数据流] 2025/11/16 17:53:05 - 浮点解 (27颗卫星)
  ECEF: X=-1100347.3031 Y=5813533.1132 Z=2375544.7805
  LLH:  Lat=22.008581164° Lon=100.717782333° H=669.5379m
  原始数据:
2025/11/16 09:53:23.000   22.008581164  100.717782333   669.5379   2  27   0.1569   0.1634   0.4649  -0.0449   0.1669  -0.0970  27.00    1.3 8522614

[TCP数据流] 2025/11/16 17:53:06 - 浮点解 (27颗卫星)
  ECEF: X=-1100347.2995 Y=5813533.1235 Z=2375544.7769
  LLH:  Lat=22.008581102° Lon=100.717782281° H=669.5453m
  原始数据:
2025/11/16 09:53:24.000   22.008581102  100.717782281   669.5453   2  27   0.1532   0.1600   0.4551  -0.0441   0.1635  -0.0951  28.00    1.0 8522614

[TCP数据流] 2025/11/16 17:53:07 - 浮点解 (27颗卫星)
  ECEF: X=-1100347.3081 Y=5813533.1808 Z=2375544.7605
  LLH:  Lat=22.008580769° Lon=100.717782259° H=669.5928m
  原始数据:
2025/11/16 09:53:25.000   22.008580769  100.717782259   669.5928   2  27   0.1499   0.1568   0.4459  -0.0433   0.1604  -0.0933  29.00    1.2 8522614

[TCP数据流] 2025/11/16 17:53:08 - 浮点解 (27颗卫星)
  ECEF: X=-1100347.3059 Y=5813533.1688 Z=2375544.7476
  LLH:  Lat=22.008580702° Lon=100.717782260° H=669.5767m
  原始数据:
2025/11/16 09:53:26.000   22.008580702  100.717782260   669.5767   2  27   0.1467   0.1537   0.4372  -0.0426   0.1574  -0.0916  30.00    1.1 8522614

[TCP数据流] 2025/11/16 17:53:29 - 浮点解 (20颗卫星)
  ECEF: X=-1100347.5515 Y=5813533.7721 Z=2375545.2148
  LLH:  Lat=22.008582453° Lon=100.717783510° H=670.3437m
  原始数据:
2025/11/16 09:53:47.000   22.008582453  100.717783510   670.3437   2  20   0.1216   0.1292   0.2919  -0.0334   0.0989  -0.0716   1.00    1.6 8522614

[TCP数据流] 2025/11/16 17:53:30 - 浮点解 (26颗卫星)
  ECEF: X=-1100347.5534 Y=5813533.7605 Z=2375545.2252
  LLH:  Lat=22.008582577° Lon=100.717783549° H=670.3373m
  原始数据:
2025/11/16 09:53:48.000   22.008582577  100.717783549   670.3373   2  26   0.1194   0.1269   0.2843  -0.0327   0.0959  -0.0701   1.00    1.2 8522614

[TCP数据流] 2025/11/16 17:53:31 - 浮点解 (26颗卫星)
  ECEF: X=-1100347.5728 Y=5813533.7839 Z=2375545.2486
  LLH:  Lat=22.008582683° Lon=100.717783692° H=670.3708m
  原始数据:
2025/11/16 09:53:49.000   22.008582683  100.717783692   670.3708   2  26   0.1173   0.1248   0.2776  -0.0321   0.0933  -0.0687   1.00    1.1 8522614

[TCP数据流] 2025/11/16 17:53:32 - 浮点解 (26颗卫星)
  ECEF: X=-1100347.5671 Y=5813533.7662 Z=2375545.2508
  LLH:  Lat=22.008582764° Lon=100.717783669° H=670.3545m
  原始数据:
2025/11/16 09:53:50.000   22.008582764  100.717783669   670.3545   2  26   0.1154   0.1229   0.2718  -0.0316   0.0911  -0.0675   2.00    1.1 8522614

[TCP数据流] 2025/11/16 17:53:33 - 浮点解 (26颗卫星)
  ECEF: X=-1100347.5616 Y=5813533.7227 Z=2375545.2399
  LLH:  Lat=22.008582821° Lon=100.717783695° H=670.3098m
  原始数据:
2025/11/16 09:53:51.000   22.008582821  100.717783695   670.3098   2  26   0.1137   0.1211   0.2668  -0.0311   0.0893  -0.0664   3.00    1.2 8522614

[TCP数据流] 2025/11/16 17:53:34 - 浮点解 (19颗卫星)
  ECEF: X=-1100347.5608 Y=5813533.7043 Z=2375545.2331
  LLH:  Lat=22.008582826° Lon=100.717783721° H=670.2904m
  原始数据:
2025/11/16 09:53:52.000   22.008582826  100.717783721   670.2904   2  19   0.1127   0.1201   0.2638  -0.0310   0.0883  -0.0656   4.00    1.1 8522614

[TCP数据流] 2025/11/16 17:53:37 - 浮点解 (26颗卫星)
  ECEF: X=-1100347.5669 Y=5813533.6779 Z=2375545.2238
  LLH:  Lat=22.008582832° Lon=100.717783827° H=670.2639m
  原始数据:
2025/11/16 09:53:55.000   22.008582832  100.717783827   670.2639   2  26   0.1112   0.1185   0.2603  -0.0306   0.0871  -0.0647   7.00    1.4 8522614

[TCP数据流] 2025/11/16 17:53:38 - 浮点解 (26颗卫星)
  ECEF: X=-1100347.5788 Y=5813533.6509 Z=2375545.2097
  LLH:  Lat=22.008582796° Lon=100.717783988° H=670.2361m
  原始数据:
2025/11/16 09:53:56.000   22.008582796  100.717783988   670.2361   2  26   0.1097   0.1170   0.2571  -0.0303   0.0861  -0.0640   8.00    1.7 8522614

[TCP数据流] 2025/11/16 17:53:39 - 浮点解 (26颗卫星)
  ECEF: X=-1100347.5746 Y=5813533.6124 Z=2375545.1831
  LLH:  Lat=22.008582704° Lon=100.717784018° H=670.1903m
  原始数据:
2025/11/16 09:53:57.000   22.008582704  100.717784018   670.1903   2  26   0.1084   0.1156   0.2542  -0.0300   0.0852  -0.0632   9.00    1.6 8522614

[TCP数据流] 2025/11/16 17:53:40 - 浮点解 (26颗卫星)
  ECEF: X=-1100347.5846 Y=5813533.5728 Z=2375545.1707
  LLH:  Lat=22.008582725° Lon=100.717784184° H=670.1513m
  原始数据:
2025/11/16 09:53:58.000   22.008582725  100.717784184   670.1513   2  26   0.1071   0.1142   0.2515  -0.0297   0.0844  -0.0625  10.00    1.6 8522614

[TCP数据流] 2025/11/16 17:53:41 - 浮点解 (26颗卫星)
  ECEF: X=-1100347.5892 Y=5813533.5404 Z=2375545.1530
  LLH:  Lat=22.008582682° Lon=100.717784286° H=670.1159m
  原始数据:
2025/11/16 09:53:59.000   22.008582682  100.717784286   670.1159   2  26   0.1059   0.1129   0.2491  -0.0294   0.0837  -0.0619  11.00    1.7 8522614

[TCP数据流] 2025/11/16 17:53:42 - 浮点解 (26颗卫星)
  ECEF: X=-1100347.5858 Y=5813533.5017 Z=2375545.1296
  LLH:  Lat=22.008582617° Lon=100.717784324° H=670.0713m
  原始数据:
2025/11/16 09:54:00.000   22.008582617  100.717784324   670.0713   2  26   0.1047   0.1116   0.2467  -0.0291   0.0830  -0.0612  12.00    1.8 8522614

[TCP数据流] 2025/11/16 17:53:45 - 浮点解 (26颗卫星)
  ECEF: X=-1100347.5951 Y=5813533.4752 Z=2375545.1138
  LLH:  Lat=22.008582567° Lon=100.717784460° H=670.0429m
  原始数据:
2025/11/16 09:54:03.000   22.008582567  100.717784460   670.0429   2  26   0.1036   0.1104   0.2446  -0.0288   0.0824  -0.0606  15.00    1.5 8522614

[TCP数据流] 2025/11/16 17:53:46 - 浮点解 (26颗卫星)
  ECEF: X=-1100347.6077 Y=5813533.4573 Z=2375545.1050
  LLH:  Lat=22.008582545° Lon=100.717784612° H=670.0255m
  原始数据:
2025/11/16 09:54:04.000   22.008582545  100.717784612   670.0255   2  26   0.1025   0.1093   0.2426  -0.0285   0.0818  -0.0600  16.00    1.2 8522614

[TCP数据流] 2025/11/16 17:53:47 - 浮点解 (26颗卫星)
  ECEF: X=-1100347.6214 Y=5813533.4473 Z=2375545.0993
  LLH:  Lat=22.008582522° Lon=100.717784760° H=670.0166m
  原始数据:
2025/11/16 09:54:05.000   22.008582522  100.717784760   670.0166   2  26   0.1014   0.1081   0.2406  -0.0283   0.0813  -0.0594  17.00    1.4 8522614

[TCP数据流] 2025/11/16 17:53:48 - 浮点解 (26颗卫星)
  ECEF: X=-1100347.6351 Y=5813533.4331 Z=2375545.0824
  LLH:  Lat=22.008582419° Lon=100.717784916° H=669.9997m
  原始数据:
2025/11/16 09:54:06.000   22.008582419  100.717784916   669.9997   2  26   0.1004   0.1071   0.2388  -0.0280   0.0807  -0.0589  18.00    1.4 8522614

[TCP数据流] 2025/11/16 17:53:49 - 浮点解 (26颗卫星)
  ECEF: X=-1100347.6471 Y=5813533.4296 Z=2375545.0748
  LLH:  Lat=22.008582359° Lon=100.717785037° H=669.9957m
  原始数据:
2025/11/16 09:54:07.000   22.008582359  100.717785037   669.9957   2  26   0.0994   0.1060   0.2370  -0.0278   0.0802  -0.0583  19.00    1.1 8522614

[TCP数据流] 2025/11/16 17:53:50 - 浮点解 (19颗卫星)
  ECEF: X=-1100347.6453 Y=5813533.4406 Z=2375545.0697
  LLH:  Lat=22.008582281° Lon=100.717785000° H=670.0035m
  原始数据:
2025/11/16 09:54:08.000   22.008582281  100.717785000   670.0035   2  19   0.0988   0.1054   0.2356  -0.0279   0.0799  -0.0581  20.00    1.3 8522614

[TCP数据流] 2025/11/16 17:53:51 - 浮点解 (26颗卫星)
  ECEF: X=-1100347.6649 Y=5813533.4367 Z=2375545.0586
  LLH:  Lat=22.008582189° Lon=100.717785193° H=669.9992m
  原始数据:
2025/11/16 09:54:09.000   22.008582189  100.717785193   669.9992   2  26   0.0979   0.1044   0.2339  -0.0276   0.0794  -0.0576  21.00    1.1 8522614

[TCP数据流] 2025/11/16 17:53:52 - 浮点解 (26颗卫星)
  ECEF: X=-1100347.6660 Y=5813533.4163 Z=2375545.0401
  LLH:  Lat=22.008582101° Lon=100.717785241° H=669.9738m
  原始数据:
2025/11/16 09:54:10.000   22.008582101  100.717785241   669.9738   2  26   0.0970   0.1034   0.2323  -0.0274   0.0789  -0.0571  22.00    1.1 8522614

[TCP数据流] 2025/11/16 17:53:53 - 浮点解 (26颗卫星)
  ECEF: X=-1100347.6787 Y=5813533.4096 Z=2375545.0289
  LLH:  Lat=22.008582022° Lon=100.717785373° H=669.9657m
  原始数据:
2025/11/16 09:54:11.000   22.008582022  100.717785373   669.9657   2  26   0.0961   0.1025   0.2307  -0.0272   0.0785  -0.0566  23.00    1.1 8522614

[TCP数据流] 2025/11/16 17:53:54 - 浮点解 (26颗卫星)
  ECEF: X=-1100347.6834 Y=5813533.3949 Z=2375545.0187
  LLH:  Lat=22.008581982° Lon=100.717785445° H=669.9493m
  原始数据:
2025/11/16 09:54:12.000   22.008581982  100.717785445   669.9493   2  26   0.0952   0.1015   0.2292  -0.0270   0.0781  -0.0561  24.00    1.1 8522614

[TCP数据流] 2025/11/16 17:53:55 - 浮点解 (26颗卫星)
  ECEF: X=-1100347.7008 Y=5813533.3902 Z=2375545.0156
  LLH:  Lat=22.008581961° Lon=100.717785619° H=669.9469m
  原始数据:
2025/11/16 09:54:13.000   22.008581961  100.717785619   669.9469   2  26   0.0944   0.1006   0.2277  -0.0268   0.0776  -0.0557  25.00    1.1 8522614

[TCP数据流] 2025/11/16 17:53:56 - 浮点解 (26颗卫星)
  ECEF: X=-1100347.7102 Y=5813533.3819 Z=2375545.0069
  LLH:  Lat=22.008581910° Lon=100.717785723° H=669.9377m
  原始数据:
2025/11/16 09:54:14.000   22.008581910  100.717785723   669.9377   2  26   0.0936   0.0998   0.2262  -0.0266   0.0772  -0.0552  26.00    1.1 8522614

[TCP数据流] 2025/11/16 17:53:57 - 浮点解 (26颗卫星)
  ECEF: X=-1100347.7254 Y=5813533.3752 Z=2375545.0043
  LLH:  Lat=22.008581901° Lon=100.717785880° H=669.9332m
  原始数据:
2025/11/16 09:54:15.000   22.008581901  100.717785880   669.9332   2  26   0.0928   0.0989   0.2248  -0.0264   0.0768  -0.0548  27.00    1.1 8522614

[TCP数据流] 2025/11/16 17:53:58 - 浮点解 (26颗卫星)
  ECEF: X=-1100347.7389 Y=5813533.3687 Z=2375544.9996
  LLH:  Lat=22.008581874° Lon=100.717786020° H=669.9279m
  原始数据:
2025/11/16 09:54:16.000   22.008581874  100.717786020   669.9279   2  26   0.0920   0.0981   0.2234  -0.0262   0.0764  -0.0543  28.00    1.1 8522614

[TCP数据流] 2025/11/16 17:53:59 - 浮点解 (26颗卫星)
  ECEF: X=-1100347.7403 Y=5813533.3629 Z=2375544.9961
  LLH:  Lat=22.008581864° Lon=100.717786044° H=669.9215m
  原始数据:
2025/11/16 09:54:17.000   22.008581864  100.717786044   669.9215   2  26   0.0913   0.0973   0.2221  -0.0260   0.0761  -0.0539  29.00    1.1 8522614

[TCP数据流] 2025/11/16 17:54:04 - 浮点解 (26颗卫星)
  ECEF: X=-1100347.7549 Y=5813533.3287 Z=2375545.0503
  LLH:  Lat=22.008582422° Lon=100.717786244° H=669.9132m
  原始数据:
2025/11/16 09:54:22.000   22.008582422  100.717786244   669.9132   2  26   0.0892   0.0957   0.2105  -0.0253   0.0711  -0.0523   0.00    1.1 8522614

[TCP数据流] 2025/11/16 17:54:05 - 浮点解 (26颗卫星)
  ECEF: X=-1100347.7612 Y=5813533.2822 Z=2375545.0874
  LLH:  Lat=22.008582883° Lon=100.717786388° H=669.8858m
  原始数据:
2025/11/16 09:54:23.000   22.008582883  100.717786388   669.8858   2  26   0.0874   0.0943   0.2014  -0.0248   0.0672  -0.0510   1.00    1.2 8522614

[TCP数据流] 2025/11/16 17:54:06 - 浮点解 (26颗卫星)
  ECEF: X=-1100347.7692 Y=5813533.2558 Z=2375545.1217
  LLH:  Lat=22.008583253° Lon=100.717786511° H=669.8760m
  原始数据:
2025/11/16 09:54:24.000   22.008583253  100.717786511   669.8760   2  26   0.0857   0.0930   0.1935  -0.0243   0.0638  -0.0497   0.00    1.0 8522614

[TCP数据流] 2025/11/16 17:54:07 - 浮点解 (26颗卫星)
  ECEF: X=-1100347.7812 Y=5813533.2226 Z=2375545.1534
  LLH:  Lat=22.008583621° Lon=100.717786685° H=669.8597m
  原始数据:
2025/11/16 09:54:25.000   22.008583621  100.717786685   669.8597   2  26   0.0841   0.0919   0.1869  -0.0238   0.0610  -0.0487   1.00    1.2 8522614

[TCP数据流] 2025/11/16 17:54:08 - 浮点解 (26颗卫星)
  ECEF: X=-1100347.7684 Y=5813533.1671 Z=2375545.1652
  LLH:  Lat=22.008583913° Lon=100.717786664° H=669.8114m
  原始数据:
2025/11/16 09:54:26.000   22.008583913  100.717786664   669.8114   2  26   0.0827   0.0908   0.1811  -0.0234   0.0586  -0.0478   1.00    1.6 8522614

[TCP数据流] 2025/11/16 17:54:09 - 浮点解 (26颗卫星)
  ECEF: X=-1100347.7690 Y=5813533.1510 Z=2375545.2007
  LLH:  Lat=22.008584263° Lon=100.717786698° H=669.8101m
  原始数据:
2025/11/16 09:54:27.000   22.008584263  100.717786698   669.8101   2  26   0.0814   0.0897   0.1760  -0.0230   0.0564  -0.0469   1.00    1.3 8522614

[TCP数据流] 2025/11/16 17:54:10 - 浮点解 (26颗卫星)
  ECEF: X=-1100347.7765 Y=5813533.1440 Z=2375545.2396
  LLH:  Lat=22.008584607° Lon=100.717786782° H=669.8196m
  原始数据:
2025/11/16 09:54:28.000   22.008584607  100.717786782   669.8196   2  26   0.0802   0.0887   0.1713  -0.0227   0.0544  -0.0461   0.00    1.0 8522614

[TCP数据流] 2025/11/16 17:54:11 - 浮点解 (26颗卫星)
  ECEF: X=-1100347.7823 Y=5813533.1166 Z=2375545.2602
  LLH:  Lat=22.008584867° Lon=100.717786887° H=669.8034m
  原始数据:
2025/11/16 09:54:29.000   22.008584867  100.717786887   669.8034   2  26   0.0790   0.0878   0.1672  -0.0224   0.0527  -0.0454   1.00    1.1 8522614

[TCP数据流] 2025/11/16 17:54:12 - 浮点解 (26颗卫星)
  ECEF: X=-1100347.7801 Y=5813533.0802 Z=2375545.2605
  LLH:  Lat=22.008584992° Lon=100.717786931° H=669.7699m
  原始数据:
2025/11/16 09:54:30.000   22.008584992  100.717786931   669.7699   2  26   0.0780   0.0870   0.1637  -0.0221   0.0513  -0.0447   2.00    1.4 8522614

[TCP数据流] 2025/11/16 17:54:13 - 浮点解 (26颗卫星)
  ECEF: X=-1100347.7794 Y=5813533.0478 Z=2375545.2624
  LLH:  Lat=22.008585116° Lon=100.717786983° H=669.7410m
  原始数据:
2025/11/16 09:54:31.000   22.008585116  100.717786983   669.7410   2  26   0.0771   0.0862   0.1608  -0.0218   0.0501  -0.0442   3.00    1.5 8522614

[TCP数据流] 2025/11/16 17:54:14 - 浮点解 (26颗卫星)
  ECEF: X=-1100347.7773 Y=5813533.0181 Z=2375545.2521
  LLH:  Lat=22.008585130° Lon=100.717787017° H=669.7097m
  原始数据:
2025/11/16 09:54:32.000   22.008585130  100.717787017   669.7097   2  26   0.0763   0.0854   0.1584  -0.0216   0.0492  -0.0438   4.00    1.3 8522614

[TCP数据流] 2025/11/16 17:54:15 - 浮点解 (20颗卫星)
  ECEF: X=-1100347.7810 Y=5813532.9998 Z=2375545.2418
  LLH:  Lat=22.008585102° Lon=100.717787085° H=669.6898m
  原始数据:
2025/11/16 09:54:33.000   22.008585102  100.717787085   669.6898   2  20   0.0757   0.0849   0.1568  -0.0217   0.0487  -0.0438   5.00    1.2 8522614

[TCP数据流] 2025/11/16 17:54:16 - 浮点解 (26颗卫星)
  ECEF: X=-1100347.7727 Y=5813532.9696 Z=2375545.2287
  LLH:  Lat=22.008585098° Lon=100.717787060° H=669.6560m
  原始数据:
2025/11/16 09:54:34.000   22.008585098  100.717787060   669.6560   2  26   0.0750   0.0842   0.1551  -0.0215   0.0481  -0.0434   6.00    1.8 8522614

[TCP数据流] 2025/11/16 17:54:17 - 浮点解 (26颗卫星)
  ECEF: X=-1100347.7697 Y=5813532.9461 Z=2375545.2171
  LLH:  Lat=22.008585081° Lon=100.717787074° H=669.6297m
  原始数据:
2025/11/16 09:54:35.000   22.008585081  100.717787074   669.6297   2  26   0.0744   0.0836   0.1535  -0.0213   0.0475  -0.0431   7.00    1.9 8522614

[TCP数据流] 2025/11/16 17:54:18 - 浮点解 (26颗卫星)
  ECEF: X=-1100347.7680 Y=5813532.9257 Z=2375545.2053
  LLH:  Lat=22.008585051° Lon=100.717787095° H=669.6064m
  原始数据:
2025/11/16 09:54:36.000   22.008585051  100.717787095   669.6064   2  26   0.0739   0.0830   0.1522  -0.0212   0.0470  -0.0428   8.00    1.7 8522614

[TCP数据流] 2025/11/16 17:54:19 - 固定解 (26颗卫星)
  ECEF: X=-1100347.7385 Y=5813532.3283 Z=2375544.7511
  LLH:  Lat=22.008583254° Lon=100.717787890° H=668.8869m
  原始数据:
2025/11/16 09:54:37.000   22.008583254  100.717787890   668.8869   1  26   0.0007   0.0009   0.0026  -0.0002   0.0009  -0.0003   9.00    3.0 8522614

[TCP数据流] 2025/11/16 17:54:20 - 固定解 (26颗卫星)
  ECEF: X=-1100347.7384 Y=5813532.3283 Z=2375544.7513
  LLH:  Lat=22.008583255° Lon=100.717787889° H=668.8870m
  原始数据:
2025/11/16 09:54:38.000   22.008583255  100.717787889   668.8870   1  26   0.0007   0.0009   0.0026  -0.0002   0.0009  -0.0003  10.00    3.1 8522614

[TCP数据流] 2025/11/16 17:54:21 - 固定解 (26颗卫星)
  ECEF: X=-1100347.7383 Y=5813532.3284 Z=2375544.7513
  LLH:  Lat=22.008583255° Lon=100.717787888° H=668.8870m
  原始数据:
2025/11/16 09:54:39.000   22.008583255  100.717787888   668.8870   1  26   0.0007   0.0009   0.0026  -0.0002   0.0009  -0.0003  11.00    3.1 8522614

[TCP数据流] 2025/11/16 17:54:22 - 固定解 (26颗卫星)
  ECEF: X=-1100347.7383 Y=5813532.3283 Z=2375544.7514
  LLH:  Lat=22.008583256° Lon=100.717787888° H=668.8870m
  原始数据:
2025/11/16 09:54:40.000   22.008583256  100.717787888   668.8870   1  26   0.0007   0.0008   0.0026  -0.0002   0.0009  -0.0003  12.00    3.1 8522614

[TCP数据流] 2025/11/16 17:54:23 - 固定解 (26颗卫星)
  ECEF: X=-1100347.7382 Y=5813532.3283 Z=2375544.7514
  LLH:  Lat=22.008583256° Lon=100.717787887° H=668.8870m
  原始数据:
2025/11/16 09:54:41.000   22.008583256  100.717787887   668.8870   1  26   0.0007   0.0008   0.0026  -0.0002   0.0009  -0.0003  13.00    3.1 8522614

[TCP数据流] 2025/11/16 17:54:24 - 固定解 (26颗卫星)
  ECEF: X=-1100347.7381 Y=5813532.3283 Z=2375544.7515
  LLH:  Lat=22.008583257° Lon=100.717787886° H=668.8870m
  原始数据:
2025/11/16 09:54:42.000   22.008583257  100.717787886   668.8870   1  26   0.0007   0.0008   0.0026  -0.0002   0.0009  -0.0003  14.00    3.1 8522614

[TCP数据流] 2025/11/16 17:54:25 - 固定解 (26颗卫星)
  ECEF: X=-1100347.7380 Y=5813532.3283 Z=2375544.7515
  LLH:  Lat=22.008583257° Lon=100.717787885° H=668.8870m
  原始数据:
2025/11/16 09:54:43.000   22.008583257  100.717787885   668.8870   1  26   0.0007   0.0008   0.0026  -0.0002   0.0009  -0.0003  15.00    3.1 8522614

[TCP数据流] 2025/11/16 17:54:26 - 固定解 (26颗卫星)
  ECEF: X=-1100347.7375 Y=5813532.3313 Z=2375544.7523
  LLH:  Lat=22.008583254° Lon=100.717787875° H=668.8899m
  原始数据:
2025/11/16 09:54:44.000   22.008583254  100.717787875   668.8899   1  26   0.0006   0.0008   0.0026  -0.0002   0.0009  -0.0003  16.00    4.4 8522614

[TCP数据流] 2025/11/16 17:54:27 - 固定解 (26颗卫星)
  ECEF: X=-1100347.7375 Y=5813532.3313 Z=2375544.7524
  LLH:  Lat=22.008583255° Lon=100.717787875° H=668.8900m
  原始数据:
2025/11/16 09:54:45.000   22.008583255  100.717787875   668.8900   1  26   0.0006   0.0008   0.0026  -0.0002   0.0009  -0.0003  17.00    4.4 8522614

[TCP数据流] 2025/11/16 17:54:28 - 固定解 (26颗卫星)
  ECEF: X=-1100347.7374 Y=5813532.3314 Z=2375544.7524
  LLH:  Lat=22.008583255° Lon=100.717787874° H=668.8900m
  原始数据:
2025/11/16 09:54:46.000   22.008583255  100.717787874   668.8900   1  26   0.0006   0.0008   0.0026  -0.0002   0.0009  -0.0003  18.00    4.4 8522614

[TCP数据流] 2025/11/16 17:54:29 - 固定解 (26颗卫星)
  ECEF: X=-1100347.7373 Y=5813532.3315 Z=2375544.7524
  LLH:  Lat=22.008583255° Lon=100.717787873° H=668.8901m
  原始数据:
2025/11/16 09:54:47.000   22.008583255  100.717787873   668.8901   1  26   0.0006   0.0008   0.0025  -0.0002   0.0009  -0.0003  19.00    4.4 8522614

[TCP数据流] 2025/11/16 17:54:30 - 固定解 (26颗卫星)
  ECEF: X=-1100347.7372 Y=5813532.3315 Z=2375544.7524
  LLH:  Lat=22.008583255° Lon=100.717787872° H=668.8901m
  原始数据:
2025/11/16 09:54:48.000   22.008583255  100.717787872   668.8901   1  26   0.0006   0.0008   0.0025  -0.0002   0.0009  -0.0003  20.00    4.4 8522614

[TCP数据流] 2025/11/16 17:54:31 - 固定解 (26颗卫星)
  ECEF: X=-1100347.7372 Y=5813532.3316 Z=2375544.7525
  LLH:  Lat=22.008583255° Lon=100.717787871° H=668.8902m
  原始数据:
2025/11/16 09:54:49.000   22.008583255  100.717787871   668.8902   1  26   0.0006   0.0008   0.0025  -0.0002   0.0009  -0.0003  21.00    4.3 8522614

[TCP数据流] 2025/11/16 17:54:32 - 固定解 (26颗卫星)
  ECEF: X=-1100347.7371 Y=5813532.3316 Z=2375544.7526
  LLH:  Lat=22.008583256° Lon=100.717787871° H=668.8902m
  原始数据:
2025/11/16 09:54:50.000   22.008583256  100.717787871   668.8902   1  26   0.0006   0.0008   0.0025  -0.0002   0.0009  -0.0003  22.00    4.3 8522614

[TCP数据流] 2025/11/16 17:54:33 - 浮点解 (19颗卫星)
  ECEF: X=-1100347.8015 Y=5813532.8542 Z=2375545.0425
  LLH:  Lat=22.008583905° Lon=100.717787542° H=669.4860m
  原始数据:
2025/11/16 09:54:51.000   22.008583905  100.717787542   669.4860   2  19   0.0679   0.0757   0.1410  -0.0194   0.0435  -0.0394  23.00    3.0 8522614

[TCP数据流] 2025/11/16 17:54:35 - 浮点解 (13颗卫星)
  ECEF: X=-1100347.7987 Y=5813532.8522 Z=2375545.0368
  LLH:  Lat=22.008583866° Lon=100.717787519° H=669.4816m
  原始数据:
2025/11/16 09:54:53.000   22.008583866  100.717787519   669.4816   2  13   0.0678   0.0754   0.1408  -0.0193   0.0435  -0.0394  25.00    1.1 8522614

[TCP数据流] 2025/11/16 17:54:36 - 固定解 (7颗卫星)
  ECEF: X=-1100347.7337 Y=5813532.2267 Z=2375544.6977
  LLH:  Lat=22.008583147° Lon=100.717788027° H=668.7735m
  原始数据:
2025/11/16 09:54:54.000   22.008583147  100.717788027   668.7735   1   7   0.0053   0.0039   0.0274  -0.0031   0.0055  -0.0103  26.00    3.6 8522614

[TCP数据流] 2025/11/16 17:54:37 - 浮点解 (19颗卫星)
  ECEF: X=-1100347.7903 Y=5813532.8568 Z=2375545.0370
  LLH:  Lat=22.008583857° Lon=100.717787431° H=669.4844m
  原始数据:
2025/11/16 09:54:55.000   22.008583857  100.717787431   669.4844   2  19   0.0675   0.0750   0.1403  -0.0193   0.0434  -0.0394  27.00    2.8 8522614

[TCP数据流] 2025/11/16 17:54:39 - 浮点解 (13颗卫星)
  ECEF: X=-1100347.7954 Y=5813532.8552 Z=2375545.0280
  LLH:  Lat=22.008583784° Lon=100.717787482° H=669.4805m
  原始数据:
2025/11/16 09:54:57.000   22.008583784  100.717787482   669.4805   2  13   0.0673   0.0748   0.1402  -0.0193   0.0434  -0.0393  29.00    1.3 8522614

[TCP数据流] 2025/11/16 17:54:40 - 浮点解 (13颗卫星)
  ECEF: X=-1100347.7869 Y=5813532.8420 Z=2375545.0221
  LLH:  Lat=22.008583784° Lon=100.717787425° H=669.4648m
  原始数据:
2025/11/16 09:54:58.000   22.008583784  100.717787425   669.4648   2  13   0.0672   0.0746   0.1399  -0.0193   0.0434  -0.0394  30.00    1.9 8522614

[TCP数据流] 2025/11/16 17:55:22 - 浮点解 (19颗卫星)
  ECEF: X=-1100347.7324 Y=5813532.7199 Z=2375545.0480
  LLH:  Lat=22.008584441° Lon=100.717787126° H=669.3539m
  原始数据:
2025/11/16 09:55:40.000   22.008584441  100.717787126   669.3539   2  19   0.0635   0.0722   0.1233  -0.0176   0.0371  -0.0344   0.00    1.9 8522614

[TCP数据流] 2025/11/16 17:55:23 - 浮点解 (14颗卫星)
  ECEF: X=-1100347.7251 Y=5813532.7046 Z=2375545.0495
  LLH:  Lat=22.008584509° Lon=100.717787085° H=669.3392m
  原始数据:
2025/11/16 09:55:41.000   22.008584509  100.717787085   669.3392   2  14   0.0631   0.0716   0.1218  -0.0166   0.0353  -0.0330   1.00    1.2 8522614

[TCP数据流] 2025/11/16 17:55:24 - 固定解 (14颗卫星)
  ECEF: X=-1100347.7009 Y=5813532.6155 Z=2375544.9817
  LLH:  Lat=22.008584253° Lon=100.717787015° H=669.2285m
  原始数据:
2025/11/16 09:55:42.000   22.008584253  100.717787015   669.2285   1  14   0.0071   0.0045   0.0101   0.0050   0.0062   0.0081   0.00    9.3 8522614

[TCP数据流] 2025/11/16 17:55:26 - 固定解 (14颗卫星)
  ECEF: X=-1100347.7010 Y=5813532.6152 Z=2375544.9810
  LLH:  Lat=22.008584248° Lon=100.717787016° H=669.2279m
  原始数据:
2025/11/16 09:55:44.000   22.008584248  100.717787016   669.2279   1  14   0.0066   0.0043   0.0094   0.0047   0.0059   0.0075   2.00    9.6 8522614

[TCP数据流] 2025/11/16 17:55:28 - 固定解 (14颗卫星)
  ECEF: X=-1100347.7008 Y=5813532.6148 Z=2375544.9802
  LLH:  Lat=22.008584243° Lon=100.717787015° H=669.2273m
  原始数据:
2025/11/16 09:55:46.000   22.008584243  100.717787015   669.2273   1  14   0.0062   0.0042   0.0090   0.0045   0.0057   0.0071   4.00    9.0 8522614

[TCP数据流] 2025/11/16 17:55:30 - 浮点解 (25颗卫星)
  ECEF: X=-1100347.6925 Y=5813532.6514 Z=2375545.0363
  LLH:  Lat=22.008584596° Lon=100.717786870° H=669.2802m
  原始数据:
2025/11/16 09:55:48.000   22.008584596  100.717786870   669.2802   2  25   0.0616   0.0696   0.1154  -0.0133   0.0297  -0.0291   6.00    1.6 8522614

[TCP数据流] 2025/11/16 17:55:32 - 固定解 (13颗卫星)
  ECEF: X=-1100347.5956 Y=5813532.5579 Z=2375544.9629
  LLH:  Lat=22.008584353° Lon=100.717786117° H=669.1508m
  原始数据:
2025/11/16 09:55:50.000   22.008584353  100.717786117   669.1508   1  13   0.0021   0.0022   0.0204  -0.0014   0.0059  -0.0056   8.00    5.4 8522614

[TCP数据流] 2025/11/16 17:55:33 - 固定解 (13颗卫星)
  ECEF: X=-1100347.5950 Y=5813532.5559 Z=2375544.9622
  LLH:  Lat=22.008584355° Lon=100.717786115° H=669.1486m
  原始数据:
2025/11/16 09:55:51.000   22.008584355  100.717786115   669.1486   1  13   0.0021   0.0022   0.0203  -0.0014   0.0059  -0.0056   9.00    7.2 8522614

[TCP数据流] 2025/11/16 17:55:34 - 固定解 (13颗卫星)
  ECEF: X=-1100347.5945 Y=5813532.5540 Z=2375544.9617
  LLH:  Lat=22.008584357° Lon=100.717786113° H=669.1466m
  原始数据:
2025/11/16 09:55:52.000   22.008584357  100.717786113   669.1466   1  13   0.0021   0.0022   0.0202  -0.0014   0.0059  -0.0056  10.00    9.3 8522614

[TCP数据流] 2025/11/16 17:55:35 - 固定解 (14颗卫星)
  ECEF: X=-1100347.7001 Y=5813532.6138 Z=2375544.9785
  LLH:  Lat=22.008584232° Lon=100.717787010° H=669.2256m
  原始数据:
2025/11/16 09:55:53.000   22.008584232  100.717787010   669.2256   1  14   0.0055   0.0040   0.0081   0.0041   0.0052   0.0062  11.00    6.8 8522614

[TCP数据流] 2025/11/16 17:55:37 - 固定解 (14颗卫星)
  ECEF: X=-1100347.7000 Y=5813532.6137 Z=2375544.9781
  LLH:  Lat=22.008584229° Lon=100.717787009° H=669.2253m
  原始数据:
2025/11/16 09:55:55.000   22.008584229  100.717787009   669.2253   1  14   0.0054   0.0040   0.0080   0.0041   0.0052   0.0061  13.00    6.1 8522614

[TCP数据流] 2025/11/16 17:55:38 - 固定解 (14颗卫星)
  ECEF: X=-1100347.6998 Y=5813532.6136 Z=2375544.9778
  LLH:  Lat=22.008584227° Lon=100.717787008° H=669.2251m
  原始数据:
2025/11/16 09:55:56.000   22.008584227  100.717787008   669.2251   1  14   0.0054   0.0039   0.0079   0.0040   0.0051   0.0061  14.00    5.3 8522614

[TCP数据流] 2025/11/16 17:55:41 - 固定解 (14颗卫星)
  ECEF: X=-1100347.6997 Y=5813532.6134 Z=2375544.9776
  LLH:  Lat=22.008584226° Lon=100.717787007° H=669.2248m
  原始数据:
2025/11/16 09:55:59.000   22.008584226  100.717787007   669.2248   1  14   0.0053   0.0039   0.0078   0.0040   0.0051   0.0060  17.00    4.7 8522614

[TCP数据流] 2025/11/16 17:55:42 - 浮点解 (20颗卫星)
  ECEF: X=-1100347.6334 Y=5813532.6557 Z=2375545.0088
  LLH:  Lat=22.008584389° Lon=100.717786300° H=669.2636m
  原始数据:
2025/11/16 09:56:00.000   22.008584389  100.717786300   669.2636   2  20   0.0602   0.0677   0.1119  -0.0134   0.0287  -0.0297  18.00    1.7 8522614

[TCP数据流] 2025/11/16 17:55:43 - 浮点解 (14颗卫星)
  ECEF: X=-1100347.6290 Y=5813532.6625 Z=2375545.0125
  LLH:  Lat=22.008584400° Lon=100.717786246° H=669.2704m
  原始数据:
2025/11/16 09:56:01.000   22.008584400  100.717786246   669.2704   2  14   0.0601   0.0675   0.1118  -0.0133   0.0286  -0.0296  19.00    1.1 8522614

[TCP数据流] 2025/11/16 17:55:49 - 浮点解 (14颗卫星)
  ECEF: X=-1100347.6255 Y=5813532.6610 Z=2375545.0125
  LLH:  Lat=22.008584407° Lon=100.717786215° H=669.2685m
  原始数据:
2025/11/16 09:56:07.000   22.008584407  100.717786215   669.2685   2  14   0.0601   0.0674   0.1116  -0.0133   0.0286  -0.0295  25.00    1.1 8522614

[TCP数据流] 2025/11/16 17:55:53 - 浮点解 (14颗卫星)
  ECEF: X=-1100347.6223 Y=5813532.6639 Z=2375545.0101
  LLH:  Lat=22.008584379° Lon=100.717786180° H=669.2697m
  原始数据:
2025/11/16 09:56:11.000   22.008584379  100.717786180   669.2697   2  14   0.0600   0.0673   0.1115  -0.0132   0.0286  -0.0294  29.00    1.4 8522614

[TCP数据流] 2025/11/16 17:55:54 - 浮点解 (15颗卫星)
  ECEF: X=-1100347.6210 Y=5813532.6669 Z=2375545.0030
  LLH:  Lat=22.008584311° Lon=100.717786162° H=669.2695m
  原始数据:
2025/11/16 09:56:12.000   22.008584311  100.717786162   669.2695   2  15   0.0599   0.0671   0.1113  -0.0132   0.0287  -0.0295  30.00    1.4 8522614

[TCP数据流] 2025/11/16 17:56:19 - 浮点解 (20颗卫星)
  ECEF: X=-1100347.6115 Y=5813532.5681 Z=2375544.9808
  LLH:  Lat=22.008584459° Lon=100.717786250° H=669.1695m
  原始数据:
2025/11/16 09:56:37.000   22.008584459  100.717786250   669.1695   2  20   0.0574   0.0663   0.1035  -0.0130   0.0270  -0.0272   1.00    1.5 8522614

[TCP数据流] 2025/11/16 17:56:27 - 固定解 (20颗卫星)
  ECEF: X=-1100347.7250 Y=5813532.2942 Z=2375544.7293
  LLH:  Lat=22.008583193° Lon=100.717787823° H=668.8454m
  原始数据:
2025/11/16 09:56:45.000   22.008583193  100.717787823   668.8454   1  20   0.0010   0.0011   0.0039   0.0006   0.0016   0.0012   2.00    3.1 8522614

[TCP数据流] 2025/11/16 17:56:31 - 浮点解 (8颗卫星)
  ECEF: X=-1100347.6116 Y=5813532.4915 Z=2375544.9524
  LLH:  Lat=22.008584476° Lon=100.717786388° H=669.0891m
  原始数据:
2025/11/16 09:56:49.000   22.008584476  100.717786388   669.0891   2   8   0.0554   0.0655   0.0974  -0.0129   0.0259  -0.0256   6.00    0.0 8522614

[TCP数据流] 2025/11/16 17:56:39 - 浮点解 (14颗卫星)
  ECEF: X=-1100347.6096 Y=5813532.4801 Z=2375544.9376
  LLH:  Lat=22.008584391° Lon=100.717786390° H=669.0729m
  原始数据:
2025/11/16 09:56:57.000   22.008584391  100.717786390   669.0729   2  14   0.0552   0.0652   0.0972  -0.0131   0.0259  -0.0258  14.00    1.3 8522614

[TCP数据流] 2025/11/16 17:56:46 - 浮点解 (26颗卫星)
  ECEF: X=-1100347.6130 Y=5813532.4707 Z=2375544.9206
  LLH:  Lat=22.008584278° Lon=100.717786439° H=669.0585m
  原始数据:
2025/11/16 09:57:04.000   22.008584278  100.717786439   669.0585   2  26   0.0549   0.0649   0.0965  -0.0130   0.0257  -0.0256  21.00    2.4 8522614

[TCP数据流] 2025/11/16 17:56:47 - 浮点解 (13颗卫星)
  ECEF: X=-1100347.6168 Y=5813532.4621 Z=2375544.9106
  LLH:  Lat=22.008584221° Lon=100.717786491° H=669.0476m
  原始数据:
2025/11/16 09:57:05.000   22.008584221  100.717786491   669.0476   2  13   0.0548   0.0647   0.0963  -0.0130   0.0257  -0.0257  22.00    1.0 8522614

[TCP数据流] 2025/11/16 18:02:14 - 浮点解 (18颗卫星)
  ECEF: X=-1100347.1102 Y=5813531.4168 Z=2375545.2171
  LLH:  Lat=22.008590581° Lon=100.717783553° H=668.1229m
  原始数据:
2025/11/16 10:02:32.000   22.008590581  100.717783553   668.1229   2  18   0.0507   0.0604   0.0788  -0.0195   0.0224  -0.0294   1.00    1.5 8522614

[TCP数据流] 2025/11/16 18:02:16 - 浮点解 (18颗卫星)
  ECEF: X=-1100346.6680 Y=5813530.4788 Z=2375545.3847
  LLH:  Lat=22.008595381° Lon=100.717781035° H=667.2550m
  原始数据:
2025/11/16 10:02:34.000   22.008595381  100.717781035   667.2550   2  18   0.0484   0.0576   0.0699  -0.0227   0.0212  -0.0305   1.00    1.4 8522614

[TCP数据流] 2025/11/16 18:02:20 - 浮点解 (25颗卫星)
  ECEF: X=-1100346.7355 Y=5813530.7968 Z=2375545.2720
  LLH:  Lat=22.008593338° Lon=100.717781104° H=667.5141m
  原始数据:
2025/11/16 10:02:38.000   22.008593338  100.717781104   667.5141   2  25   0.0391   0.0547   0.0533  -0.0191   0.0159  -0.0222   3.00    1.1 8522614

[TCP数据流] 2025/11/16 18:02:23 - 浮点解 (21颗卫星)
  ECEF: X=-1100346.6719 Y=5813530.7438 Z=2375545.2225
  LLH:  Lat=22.008593140° Lon=100.717780595° H=667.4363m
  原始数据:
2025/11/16 10:02:41.000   22.008593140  100.717780595   667.4363   2  21   0.0363   0.0541   0.0490  -0.0173   0.0142  -0.0192   6.00    1.0 8522614

[TCP数据流] 2025/11/16 18:02:24 - 浮点解 (18颗卫星)
  ECEF: X=-1100346.5520 Y=5813530.5095 Z=2375545.2534
  LLH:  Lat=22.008594253° Lon=100.717779876° H=667.2137m
  原始数据:
2025/11/16 10:02:42.000   22.008594253  100.717779876   667.2137   2  18   0.0359   0.0532   0.0481  -0.0178   0.0141  -0.0196   7.00    1.6 8522614

[TCP数据流] 2025/11/16 18:02:27 - 浮点解 (18颗卫星)
  ECEF: X=-1100346.4683 Y=5813530.3542 Z=2375545.2728
  LLH:  Lat=22.008594984° Lon=100.717779359° H=667.0651m
  原始数据:
2025/11/16 10:02:45.000   22.008594984  100.717779359   667.0651   2  18   0.0357   0.0526   0.0475  -0.0180   0.0141  -0.0197  10.00    1.0 8522614

[TCP数据流] 2025/11/16 18:02:28 - 浮点解 (14颗卫星)
  ECEF: X=-1100346.3879 Y=5813530.2145 Z=2375545.2890
  LLH:  Lat=22.008595635° Lon=100.717778846° H=666.9300m
  原始数据:
2025/11/16 10:02:46.000   22.008595635  100.717778846   666.9300   2  14   0.0356   0.0525   0.0474  -0.0179   0.0140  -0.0196  11.00    0.0 8522614

[TCP数据流] 2025/11/16 18:02:31 - 浮点解 (26颗卫星)
  ECEF: X=-1100346.3764 Y=5813530.2116 Z=2375545.2684
  LLH:  Lat=22.008595479° Lon=100.717778742° H=666.9177m
  原始数据:
2025/11/16 10:02:49.000   22.008595479  100.717778742   666.9177   2  26   0.0349   0.0520   0.0462  -0.0176   0.0136  -0.0191  14.00    1.0 8522614

[TCP数据流] 2025/11/16 18:02:32 - 浮点解 (20颗卫星)
  ECEF: X=-1100346.3799 Y=5813530.2401 Z=2375545.2496
  LLH:  Lat=22.008595225° Lon=100.717778724° H=666.9372m
  原始数据:
2025/11/16 10:02:50.000   22.008595225  100.717778724   666.9372   2  20   0.0343   0.0516   0.0452  -0.0174   0.0133  -0.0187  15.00    1.1 8522614

[TCP数据流] 2025/11/16 18:02:38 - 浮点解 (19颗卫星)
  ECEF: X=-1100346.3493 Y=5813530.1983 Z=2375545.2535
  LLH:  Lat=22.008595416° Lon=100.717778508° H=666.8953m
  原始数据:
2025/11/16 10:02:56.000   22.008595416  100.717778508   666.8953   2  19   0.0342   0.0514   0.0451  -0.0174   0.0133  -0.0187  21.00    1.1 8522614

[TCP数据流] 2025/11/16 18:02:39 - 浮点解 (19颗卫星)
  ECEF: X=-1100346.3194 Y=5813530.1606 Z=2375545.2575
  LLH:  Lat=22.008595594° Lon=100.717778291° H=666.8573m
  原始数据:
2025/11/16 10:02:57.000   22.008595594  100.717778291   666.8573   2  19   0.0341   0.0512   0.0449  -0.0174   0.0133  -0.0188  22.00    1.5 8522614

[TCP数据流] 2025/11/16 18:02:40 - 浮点解 (26颗卫星)
  ECEF: X=-1100346.3142 Y=5813530.1565 Z=2375545.2450
  LLH:  Lat=22.008595506° Lon=100.717778249° H=666.8480m
  原始数据:
2025/11/16 10:02:58.000   22.008595506  100.717778249   666.8480   2  26   0.0338   0.0509   0.0445  -0.0172   0.0131  -0.0186  23.00    1.1 8522614

[TCP数据流] 2025/11/16 18:02:42 - 浮点解 (13颗卫星)
  ECEF: X=-1100346.3047 Y=5813530.1420 Z=2375545.2455
  LLH:  Lat=22.008595564° Lon=100.717778185° H=666.8333m
  原始数据:
2025/11/16 10:03:00.000   22.008595564  100.717778185   666.8333   2  13   0.0338   0.0507   0.0444  -0.0173   0.0131  -0.0186  25.00    1.2 8522614

[TCP数据流] 2025/11/16 18:02:44 - 浮点解 (21颗卫星)
  ECEF: X=-1100346.3001 Y=5813530.1362 Z=2375545.2361
  LLH:  Lat=22.008595508° Lon=100.717778151° H=666.8238m
  原始数据:
2025/11/16 10:03:02.000   22.008595508  100.717778151   666.8238   2  21   0.0336   0.0506   0.0441  -0.0171   0.0130  -0.0184  27.00    1.2 8522614

[TCP数据流] 2025/11/16 18:02:46 - 浮点解 (26颗卫星)
  ECEF: X=-1100346.2945 Y=5813530.1322 Z=2375545.2264
  LLH:  Lat=22.008595443° Lon=100.717778105° H=666.8155m
  原始数据:
2025/11/16 10:03:04.000   22.008595443  100.717778105   666.8155   2  26   0.0334   0.0504   0.0438  -0.0170   0.0129  -0.0183  29.00    1.1 8522614

[TCP数据流] 2025/11/16 18:03:34 - 浮点解 (27颗卫星)
  ECEF: X=-1100346.4694 Y=5813530.5567 Z=2375545.1121
  LLH:  Lat=22.008592965° Lon=100.717779005° H=667.1895m
  原始数据:
2025/11/16 10:03:52.000   22.008592965  100.717779005   667.1895   2  27   0.0285   0.0475   0.0378  -0.0147   0.0109  -0.0139   1.00    1.1 8522614

[TCP数据流] 2025/11/16 18:03:35 - 浮点解 (27颗卫星)
  ECEF: X=-1100346.5824 Y=5813530.7927 Z=2375545.0558
  LLH:  Lat=22.008591638° Lon=100.717779655° H=667.4029m
  原始数据:
2025/11/16 10:03:53.000   22.008591638  100.717779655   667.4029   2  27   0.0255   0.0452   0.0339  -0.0132   0.0096  -0.0113   0.00    1.1 8522614

[TCP数据流] 2025/11/16 18:03:36 - 浮点解 (27颗卫星)
  ECEF: X=-1100346.6590 Y=5813530.9277 Z=2375545.0207
  LLH:  Lat=22.008590847° Lon=100.717780141° H=667.5260m
  原始数据:
2025/11/16 10:03:54.000   22.008590847  100.717780141   667.5260   2  27   0.0235   0.0433   0.0312  -0.0122   0.0088  -0.0097   1.00    1.1 8522614

[TCP数据流] 2025/11/16 18:03:37 - 浮点解 (20颗卫星)
  ECEF: X=-1100346.6822 Y=5813531.0012 Z=2375544.9717
  LLH:  Lat=22.008590178° Lon=100.717780229° H=667.5785m
  原始数据:
2025/11/16 10:03:55.000   22.008590178  100.717780229   667.5785   2  20   0.0222   0.0428   0.0297  -0.0107   0.0084  -0.0077   0.00    1.1 8522614

[TCP数据流] 2025/11/16 18:03:38 - 浮点解 (27颗卫星)
  ECEF: X=-1100346.7299 Y=5813531.0742 Z=2375544.9573
  LLH:  Lat=22.008589784° Lon=100.717780552° H=667.6479m
  原始数据:
2025/11/16 10:03:56.000   22.008589784  100.717780552   667.6479   2  27   0.0210   0.0413   0.0280  -0.0102   0.0079  -0.0069   1.00    1.0 8522614

[TCP数据流] 2025/11/16 18:03:39 - 浮点解 (27颗卫星)
  ECEF: X=-1100346.7784 Y=5813531.1394 Z=2375544.9518
  LLH:  Lat=22.008589491° Lon=100.717780896° H=667.7136m
  原始数据:
2025/11/16 10:03:57.000   22.008589491  100.717780896   667.7136   2  27   0.0200   0.0399   0.0266  -0.0097   0.0075  -0.0063   0.00    1.2 8522614

[TCP数据流] 2025/11/16 18:03:40 - 浮点解 (27颗卫星)
  ECEF: X=-1100346.8128 Y=5813531.1871 Z=2375544.9453
  LLH:  Lat=22.008589256° Lon=100.717781137° H=667.7605m
  原始数据:
2025/11/16 10:03:58.000   22.008589256  100.717781137   667.7605   2  27   0.0192   0.0388   0.0254  -0.0094   0.0072  -0.0058   1.00    1.2 8522614

[TCP数据流] 2025/11/16 18:03:41 - 浮点解 (27颗卫星)
  ECEF: X=-1100346.8408 Y=5813531.2252 Z=2375544.9393
  LLH:  Lat=22.008589062° Lon=100.717781335° H=667.7978m
  原始数据:
2025/11/16 10:03:59.000   22.008589062  100.717781335   667.7978   2  27   0.0186   0.0377   0.0245  -0.0090   0.0070  -0.0054   1.00    1.0 8522614

[TCP数据流] 2025/11/16 18:03:42 - 浮点解 (27颗卫星)
  ECEF: X=-1100346.8579 Y=5813531.2496 Z=2375544.9321
  LLH:  Lat=22.008588910° Lon=100.717781454° H=667.8203m
  原始数据:
2025/11/16 10:04:00.000   22.008588910  100.717781454   667.8203   2  27   0.0181   0.0369   0.0237  -0.0088   0.0068  -0.0051   2.00    1.0 8522614

[TCP数据流] 2025/11/16 18:03:43 - 浮点解 (27颗卫星)
  ECEF: X=-1100346.8667 Y=5813531.2646 Z=2375544.9268
  LLH:  Lat=22.008588810° Lon=100.717781510° H=667.8335m
  原始数据:
2025/11/16 10:04:01.000   22.008588810  100.717781510   667.8335   2  27   0.0177   0.0362   0.0232  -0.0086   0.0066  -0.0050   3.00    1.0 8522614

[TCP数据流] 2025/11/16 18:03:44 - 浮点解 (27颗卫星)
  ECEF: X=-1100346.8763 Y=5813531.2730 Z=2375544.9221
  LLH:  Lat=22.008588737° Lon=100.717781587° H=667.8410m
  原始数据:
2025/11/16 10:04:02.000   22.008588737  100.717781587   667.8410   2  27   0.0174   0.0357   0.0227  -0.0085   0.0065  -0.0049   4.00    1.0 8522614

[TCP数据流] 2025/11/16 18:03:45 - 浮点解 (27颗卫星)
  ECEF: X=-1100346.8807 Y=5813531.2775 Z=2375544.9173
  LLH:  Lat=22.008588679° Lon=100.717781620° H=667.8441m
  原始数据:
2025/11/16 10:04:03.000   22.008588679  100.717781620   667.8441   2  27   0.0171   0.0353   0.0224  -0.0084   0.0064  -0.0048   5.00    1.1 8522614

[TCP数据流] 2025/11/16 18:03:50 - 浮点解 (27颗卫星)
  ECEF: X=-1100346.8785 Y=5813531.2755 Z=2375544.9128
  LLH:  Lat=22.008588649° Lon=100.717781603° H=667.8402m
  原始数据:
2025/11/16 10:04:08.000   22.008588649  100.717781603   667.8402   2  27   0.0170   0.0351   0.0222  -0.0084   0.0064  -0.0048  10.00    1.1 8522614

[TCP数据流] 2025/11/16 18:03:51 - 浮点解 (27颗卫星)
  ECEF: X=-1100346.8790 Y=5813531.2734 Z=2375544.9089
  LLH:  Lat=22.008588623° Lon=100.717781612° H=667.8369m
  原始数据:
2025/11/16 10:04:09.000   22.008588623  100.717781612   667.8369   2  27   0.0170   0.0349   0.0221  -0.0084   0.0063  -0.0048  11.00    1.3 8522614

[TCP数据流] 2025/11/16 18:03:52 - 浮点解 (27颗卫星)
  ECEF: X=-1100346.8791 Y=5813531.2714 Z=2375544.9055
  LLH:  Lat=22.008588601° Lon=100.717781616° H=667.8338m
  原始数据:
2025/11/16 10:04:10.000   22.008588601  100.717781616   667.8338   2  27   0.0169   0.0347   0.0220  -0.0083   0.0063  -0.0048  12.00    1.3 8522614

[TCP数据流] 2025/11/16 18:03:53 - 浮点解 (27颗卫星)
  ECEF: X=-1100346.8783 Y=5813531.2696 Z=2375544.9022
  LLH:  Lat=22.008588580° Lon=100.717781612° H=667.8308m
  原始数据:
2025/11/16 10:04:11.000   22.008588580  100.717781612   667.8308   2  27   0.0168   0.0346   0.0219  -0.0083   0.0063  -0.0048  13.00    1.3 8522614

[TCP数据流] 2025/11/16 18:03:58 - 浮点解 (27颗卫星)
  ECEF: X=-1100346.8826 Y=5813531.2669 Z=2375544.8985
  LLH:  Lat=22.008588555° Lon=100.717781657° H=667.8277m
  原始数据:
2025/11/16 10:04:16.000   22.008588555  100.717781657   667.8277   2  27   0.0168   0.0345   0.0218  -0.0083   0.0062  -0.0048  18.00    1.2 8522614

[TCP数据流] 2025/11/16 18:03:59 - 浮点解 (27颗卫星)
  ECEF: X=-1100346.8829 Y=5813531.2653 Z=2375544.8957
  LLH:  Lat=22.008588537° Lon=100.717781663° H=667.8252m
  原始数据:
2025/11/16 10:04:17.000   22.008588537  100.717781663   667.8252   2  27   0.0168   0.0344   0.0218  -0.0083   0.0062  -0.0048  19.00    1.1 8522614

[TCP数据流] 2025/11/16 18:04:00 - 浮点解 (27颗卫星)
  ECEF: X=-1100346.8823 Y=5813531.2639 Z=2375544.8934
  LLH:  Lat=22.008588523° Lon=100.717781660° H=667.8230m
  原始数据:
2025/11/16 10:04:18.000   22.008588523  100.717781660   667.8230   2  27   0.0167   0.0343   0.0218  -0.0082   0.0062  -0.0048  20.00    1.1 8522614

[TCP数据流] 2025/11/16 18:04:01 - 浮点解 (27颗卫星)
  ECEF: X=-1100346.8815 Y=5813531.2630 Z=2375544.8913
  LLH:  Lat=22.008588509° Lon=100.717781654° H=667.8213m
  原始数据:
2025/11/16 10:04:19.000   22.008588509  100.717781654   667.8213   2  27   0.0167   0.0342   0.0217  -0.0082   0.0062  -0.0048  21.00    1.1 8522614

[TCP数据流] 2025/11/16 18:04:04 - 浮点解 (27颗卫星)
  ECEF: X=-1100346.8834 Y=5813531.2616 Z=2375544.8890
  LLH:  Lat=22.008588493° Lon=100.717781675° H=667.8195m
  原始数据:
2025/11/16 10:04:22.000   22.008588493  100.717781675   667.8195   2  27   0.0167   0.0342   0.0217  -0.0082   0.0062  -0.0048  24.00    1.0 8522614

[TCP数据流] 2025/11/16 18:04:06 - 浮点解 (27颗卫星)
  ECEF: X=-1100346.8858 Y=5813531.2606 Z=2375544.8869
  LLH:  Lat=22.008588477° Lon=100.717781699° H=667.8181m
  原始数据:
2025/11/16 10:04:24.000   22.008588477  100.717781699   667.8181   2  27   0.0167   0.0341   0.0217  -0.0082   0.0062  -0.0048  26.00    1.0 8522614

[TCP数据流] 2025/11/16 18:04:07 - 浮点解 (21颗卫星)
  ECEF: X=-1100346.8875 Y=5813531.2610 Z=2375544.8848
  LLH:  Lat=22.008588457° Lon=100.717781715° H=667.8180m
  原始数据:
2025/11/16 10:04:25.000   22.008588457  100.717781715   667.8180   2  21   0.0166   0.0340   0.0216  -0.0082   0.0062  -0.0048  27.00    1.2 8522614

[TCP数据流] 2025/11/16 18:04:08 - 浮点解 (27颗卫星)
  ECEF: X=-1100346.8902 Y=5813531.2600 Z=2375544.8827
  LLH:  Lat=22.008588441° Lon=100.717781742° H=667.8168m
  原始数据:
2025/11/16 10:04:26.000   22.008588441  100.717781742   667.8168   2  27   0.0166   0.0340   0.0216  -0.0082   0.0062  -0.0048  28.00    1.0 8522614

[TCP数据流] 2025/11/16 18:04:09 - 浮点解 (27颗卫星)
  ECEF: X=-1100346.8923 Y=5813531.2591 Z=2375544.8806
  LLH:  Lat=22.008588425° Lon=100.717781764° H=667.8155m
  原始数据:
2025/11/16 10:04:27.000   22.008588425  100.717781764   667.8155   2  27   0.0166   0.0339   0.0216  -0.0081   0.0062  -0.0048  29.00    1.1 8522614

[TCP数据流] 2025/11/16 18:04:13 - 浮点解 (28颗卫星)
  ECEF: X=-1100346.9172 Y=5813531.2907 Z=2375544.8828
  LLH:  Lat=22.008588323° Lon=100.717781944° H=667.8495m
  原始数据:
2025/11/16 10:04:31.000   22.008588323  100.717781944   667.8495   2  28   0.0162   0.0332   0.0210  -0.0079   0.0060  -0.0045   0.00    1.2 8522614

[TCP数据流] 2025/11/16 18:04:14 - 浮点解 (28颗卫星)
  ECEF: X=-1100346.9403 Y=5813531.3157 Z=2375544.8835
  LLH:  Lat=22.008588231° Lon=100.717782119° H=667.8765m
  原始数据:
2025/11/16 10:04:32.000   22.008588231  100.717782119   667.8765   2  28   0.0159   0.0327   0.0205  -0.0077   0.0059  -0.0043   1.00    1.0 8522614

[TCP数据流] 2025/11/16 18:04:15 - 浮点解 (28颗卫星)
  ECEF: X=-1100346.9566 Y=5813531.3339 Z=2375544.8824
  LLH:  Lat=22.008588151° Lon=100.717782241° H=667.8955m
  原始数据:
2025/11/16 10:04:33.000   22.008588151  100.717782241   667.8955   2  28   0.0156   0.0322   0.0201  -0.0076   0.0058  -0.0041   2.00    1.0 8522614

[TCP数据流] 2025/11/16 18:04:16 - 浮点解 (28颗卫星)
  ECEF: X=-1100346.9663 Y=5813531.3458 Z=2375544.8800
  LLH:  Lat=22.008588085° Lon=100.717782312° H=667.9071m
  原始数据:
2025/11/16 10:04:34.000   22.008588085  100.717782312   667.9071   2  28   0.0154   0.0317   0.0198  -0.0074   0.0057  -0.0040   3.00    1.4 8522614

[TCP数据流] 2025/11/16 18:04:17 - 浮点解 (28颗卫星)
  ECEF: X=-1100346.9747 Y=5813531.3531 Z=2375544.8785
  LLH:  Lat=22.008588043° Lon=100.717782379° H=667.9146m
  原始数据:
2025/11/16 10:04:35.000   22.008588043  100.717782379   667.9146   2  28   0.0152   0.0314   0.0196  -0.0074   0.0056  -0.0039   4.00    1.0 8522614

[TCP数据流] 2025/11/16 18:04:18 - 浮点解 (28颗卫星)
  ECEF: X=-1100346.9782 Y=5813531.3580 Z=2375544.8769
  LLH:  Lat=22.008588011° Lon=100.717782403° H=667.9191m
  原始数据:
2025/11/16 10:04:36.000   22.008588011  100.717782403   667.9191   2  28   0.0151   0.0311   0.0194  -0.0073   0.0056  -0.0039   5.00    1.0 8522614

[TCP数据流] 2025/11/16 18:04:19 - 浮点解 (21颗卫星)
  ECEF: X=-1100346.9840 Y=5813531.3676 Z=2375544.8751
  LLH:  Lat=22.008587961° Lon=100.717782441° H=667.9281m
  原始数据:
2025/11/16 10:04:37.000   22.008587961  100.717782441   667.9281   2  21   0.0150   0.0309   0.0192  -0.0073   0.0056  -0.0039   6.00    1.0 8522614

[TCP数据流] 2025/11/16 18:04:20 - 浮点解 (28颗卫星)
  ECEF: X=-1100346.9867 Y=5813531.3687 Z=2375544.8733
  LLH:  Lat=22.008587940° Lon=100.717782465° H=667.9289m
  原始数据:
2025/11/16 10:04:38.000   22.008587940  100.717782465   667.9289   2  28   0.0149   0.0307   0.0191  -0.0072   0.0055  -0.0039   7.00    1.1 8522614

[TCP数据流] 2025/11/16 18:04:21 - 浮点解 (28颗卫星)
  ECEF: X=-1100346.9891 Y=5813531.3692 Z=2375544.8717
  LLH:  Lat=22.008587924° Lon=100.717782487° H=667.9292m
  原始数据:
2025/11/16 10:04:39.000   22.008587924  100.717782487   667.9292   2  28   0.0148   0.0306   0.0190  -0.0072   0.0055  -0.0039   8.00    1.0 8522614

[TCP数据流] 2025/11/16 18:04:22 - 浮点解 (28颗卫星)
  ECEF: X=-1100346.9900 Y=5813531.3688 Z=2375544.8697
  LLH:  Lat=22.008587908° Lon=100.717782496° H=667.9283m
  原始数据:
2025/11/16 10:04:40.000   22.008587908  100.717782496   667.9283   2  28   0.0148   0.0304   0.0189  -0.0072   0.0055  -0.0039   9.00    1.2 8522614

[TCP数据流] 2025/11/16 18:04:23 - 浮点解 (28颗卫星)
  ECEF: X=-1100346.9916 Y=5813531.3685 Z=2375544.8680
  LLH:  Lat=22.008587894° Lon=100.717782512° H=667.9276m
  原始数据:
2025/11/16 10:04:41.000   22.008587894  100.717782512   667.9276   2  28   0.0147   0.0303   0.0188  -0.0072   0.0054  -0.0039  10.00    1.2 8522614

[TCP数据流] 2025/11/16 18:04:24 - 浮点解 (21颗卫星)
  ECEF: X=-1100346.9927 Y=5813531.3674 Z=2375544.8666
  LLH:  Lat=22.008587885° Lon=100.717782524° H=667.9263m
  原始数据:
2025/11/16 10:04:42.000   22.008587885  100.717782524   667.9263   2  21   0.0147   0.0303   0.0188  -0.0071   0.0054  -0.0038  11.00    1.1 8522614

[TCP数据流] 2025/11/16 18:04:25 - 浮点解 (28颗卫星)
  ECEF: X=-1100346.9936 Y=5813531.3669 Z=2375544.8651
  LLH:  Lat=22.008587873° Lon=100.717782534° H=667.9254m
  原始数据:
2025/11/16 10:04:43.000   22.008587873  100.717782534   667.9254   2  28   0.0146   0.0302   0.0187  -0.0071   0.0054  -0.0038  12.00    1.2 8522614

[TCP数据流] 2025/11/16 18:04:26 - 浮点解 (28颗卫星)
  ECEF: X=-1100346.9952 Y=5813531.3662 Z=2375544.8635
  LLH:  Lat=22.008587861° Lon=100.717782550° H=667.9244m
  原始数据:
2025/11/16 10:04:44.000   22.008587861  100.717782550   667.9244   2  28   0.0146   0.0301   0.0186  -0.0071   0.0054  -0.0038  13.00    1.2 8522614

[TCP数据流] 2025/11/16 18:04:27 - 浮点解 (28颗卫星)
  ECEF: X=-1100346.9966 Y=5813531.3654 Z=2375544.8622
  LLH:  Lat=22.008587852° Lon=100.717782565° H=667.9235m
  原始数据:
2025/11/16 10:04:45.000   22.008587852  100.717782565   667.9235   2  28   0.0146   0.0300   0.0186  -0.0071   0.0054  -0.0038  14.00    1.2 8522614

[TCP数据流] 2025/11/16 18:04:28 - 浮点解 (28颗卫星)
  ECEF: X=-1100346.9980 Y=5813531.3647 Z=2375544.8608
  LLH:  Lat=22.008587842° Lon=100.717782579° H=667.9225m
  原始数据:
2025/11/16 10:04:46.000   22.008587842  100.717782579   667.9225   2  28   0.0146   0.0300   0.0186  -0.0070   0.0054  -0.0038  15.00    1.1 8522614

[TCP数据流] 2025/11/16 18:04:29 - 浮点解 (21颗卫星)
  ECEF: X=-1100346.9983 Y=5813531.3639 Z=2375544.8599
  LLH:  Lat=22.008587837° Lon=100.717782584° H=667.9216m
  原始数据:
2025/11/16 10:04:47.000   22.008587837  100.717782584   667.9216   2  21   0.0145   0.0299   0.0185  -0.0070   0.0054  -0.0038  16.00    1.1 8522614

[TCP数据流] 2025/11/16 18:04:30 - 浮点解 (28颗卫星)
  ECEF: X=-1100346.9985 Y=5813531.3632 Z=2375544.8586
  LLH:  Lat=22.008587828° Lon=100.717782587° H=667.9205m
  原始数据:
2025/11/16 10:04:48.000   22.008587828  100.717782587   667.9205   2  28   0.0145   0.0299   0.0185  -0.0070   0.0054  -0.0038  17.00    1.0 8522614

[TCP数据流] 2025/11/16 18:04:31 - 浮点解 (21颗卫星)
  ECEF: X=-1100346.9997 Y=5813531.3640 Z=2375544.8573
  LLH:  Lat=22.008587814° Lon=100.717782597° H=667.9209m
  原始数据:
2025/11/16 10:04:49.000   22.008587814  100.717782597   667.9209   2  21   0.0145   0.0298   0.0185  -0.0070   0.0054  -0.0038  18.00    1.2 8522614

[TCP数据流] 2025/11/16 18:04:33 - 浮点解 (21颗卫星)
  ECEF: X=-1100346.9995 Y=5813531.3635 Z=2375544.8569
  LLH:  Lat=22.008587812° Lon=100.717782596° H=667.9203m
  原始数据:
2025/11/16 10:04:51.000   22.008587812  100.717782596   667.9203   2  21   0.0145   0.0298   0.0185  -0.0070   0.0054  -0.0038  20.00    1.0 8522614

[TCP数据流] 2025/11/16 18:04:34 - 浮点解 (28颗卫星)
  ECEF: X=-1100347.0007 Y=5813531.3630 Z=2375544.8558
  LLH:  Lat=22.008587804° Lon=100.717782608° H=667.9196m
  原始数据:
2025/11/16 10:04:52.000   22.008587804  100.717782608   667.9196   2  28   0.0145   0.0297   0.0184  -0.0070   0.0053  -0.0038  21.00    1.0 8522614

[TCP数据流] 2025/11/16 18:04:35 - 浮点解 (22颗卫星)
  ECEF: X=-1100346.9996 Y=5813531.3612 Z=2375544.8555
  LLH:  Lat=22.008587808° Lon=100.717782601° H=667.9176m
  原始数据:
2025/11/16 10:04:53.000   22.008587808  100.717782601   667.9176   2  22   0.0145   0.0297   0.0184  -0.0070   0.0053  -0.0038  22.00    1.1 8522614

[TCP数据流] 2025/11/16 18:04:37 - 浮点解 (14颗卫星)
  ECEF: X=-1100346.9998 Y=5813531.3615 Z=2375544.8549
  LLH:  Lat=22.008587802° Lon=100.717782602° H=667.9177m
  原始数据:
2025/11/16 10:04:55.000   22.008587802  100.717782602   667.9177   2  14   0.0145   0.0297   0.0184  -0.0070   0.0053  -0.0038  24.00    1.1 8522614

[TCP数据流] 2025/11/16 18:04:42 - 浮点解 (14颗卫星)
  ECEF: X=-1100346.9997 Y=5813531.3617 Z=2375544.8544
  LLH:  Lat=22.008587797° Lon=100.717782601° H=667.9177m
  原始数据:
2025/11/16 10:05:00.000   22.008587797  100.717782601   667.9177   2  14   0.0144   0.0297   0.0184  -0.0069   0.0053  -0.0038  29.00    1.0 8522614

[TCP数据流] 2025/11/16 18:04:43 - 浮点解 (14颗卫星)
  ECEF: X=-1100346.9998 Y=5813531.3617 Z=2375544.8539
  LLH:  Lat=22.008587793° Lon=100.717782602° H=667.9176m
  原始数据:
2025/11/16 10:05:01.000   22.008587793  100.717782602   667.9176   2  14   0.0144   0.0296   0.0184  -0.0069   0.0053  -0.0038  30.00    1.1 8522614

[TCP数据流] 2025/11/16 18:05:10 - 浮点解 (14颗卫星)
  ECEF: X=-1100347.0077 Y=5813531.3672 Z=2375544.8610
  LLH:  Lat=22.008587829° Lon=100.717782667° H=667.9266m
  原始数据:
2025/11/16 10:05:28.000   22.008587829  100.717782667   667.9266   2  14   0.0144   0.0293   0.0183  -0.0071   0.0053  -0.0040   1.00    2.0 8522614

[TCP数据流] 2025/11/16 18:05:13 - 浮点解 (15颗卫星)
  ECEF: X=-1100346.9935 Y=5813531.3501 Z=2375544.8624
  LLH:  Lat=22.008587907° Lon=100.717782563° H=667.9091m
  原始数据:
2025/11/16 10:05:31.000   22.008587907  100.717782563   667.9091   2  15   0.0144   0.0293   0.0183  -0.0071   0.0053  -0.0040   0.00    0.0 8522614

[TCP数据流] 2025/11/16 18:05:16 - 浮点解 (15颗卫星)
  ECEF: X=-1100346.9818 Y=5813531.3355 Z=2375544.8632
  LLH:  Lat=22.008587969° Lon=100.717782478° H=667.8941m
  原始数据:
2025/11/16 10:05:34.000   22.008587969  100.717782478   667.8941   2  15   0.0144   0.0293   0.0183  -0.0071   0.0053  -0.0040   3.00    2.1 8522614

[TCP数据流] 2025/11/16 18:05:18 - 浮点解 (15颗卫星)
  ECEF: X=-1100346.9873 Y=5813531.3467 Z=2375544.8574
  LLH:  Lat=22.008587880° Lon=100.717782510° H=667.9030m
  原始数据:
2025/11/16 10:05:36.000   22.008587880  100.717782510   667.9030   2  15   0.0143   0.0292   0.0182  -0.0069   0.0053  -0.0038   5.00    2.0 8522614

[TCP数据流] 2025/11/16 18:05:20 - 浮点解 (8颗卫星)
  ECEF: X=-1100346.9834 Y=5813531.3434 Z=2375544.8578
  LLH:  Lat=22.008587897° Lon=100.717782479° H=667.8995m
  原始数据:
2025/11/16 10:05:38.000   22.008587897  100.717782479   667.8995   2   8   0.0143   0.0292   0.0182  -0.0069   0.0053  -0.0038   7.00    0.0 8522614

[TCP数据流] 2025/11/16 18:05:22 - 浮点解 (22颗卫星)
  ECEF: X=-1100346.9775 Y=5813531.3370 Z=2375544.8583
  LLH:  Lat=22.008587926° Lon=100.717782434° H=667.8929m
  原始数据:
2025/11/16 10:05:40.000   22.008587926  100.717782434   667.8929   2  22   0.0143   0.0291   0.0181  -0.0070   0.0052  -0.0039   9.00    1.1 8522614

[TCP数据流] 2025/11/16 18:05:25 - 浮点解 (22颗卫星)
  ECEF: X=-1100346.9738 Y=5813531.3325 Z=2375544.8583
  LLH:  Lat=22.008587943° Lon=100.717782407° H=667.8881m
  原始数据:
2025/11/16 10:05:43.000   22.008587943  100.717782407   667.8881   2  22   0.0142   0.0290   0.0181  -0.0070   0.0052  -0.0039  12.00    1.1 8522614

[TCP数据流] 2025/11/16 18:05:26 - 浮点解 (22颗卫星)
  ECEF: X=-1100346.9760 Y=5813531.3358 Z=2375544.8558
  LLH:  Lat=22.008587910° Lon=100.717782422° H=667.8906m
  原始数据:
2025/11/16 10:05:44.000   22.008587910  100.717782422   667.8906   2  22   0.0142   0.0289   0.0180  -0.0070   0.0052  -0.0039  13.00    1.2 8522614

[TCP数据流] 2025/11/16 18:05:28 - 浮点解 (15颗卫星)
  ECEF: X=-1100346.9772 Y=5813531.3384 Z=2375544.8544
  LLH:  Lat=22.008587889° Lon=100.717782429° H=667.8926m
  原始数据:
2025/11/16 10:05:46.000   22.008587889  100.717782429   667.8926   2  15   0.0142   0.0289   0.0180  -0.0069   0.0052  -0.0039  15.00    1.1 8522614

[TCP数据流] 2025/11/16 18:05:29 - 浮点解 (15颗卫星)
  ECEF: X=-1100346.9745 Y=5813531.3379 Z=2375544.8540
  LLH:  Lat=22.008587889° Lon=100.717782404° H=667.8915m
  原始数据:
2025/11/16 10:05:47.000   22.008587889  100.717782404   667.8915   2  15   0.0142   0.0289   0.0180  -0.0070   0.0052  -0.0039  16.00    1.4 8522614

[TCP数据流] 2025/11/16 18:05:33 - 浮点解 (15颗卫星)
  ECEF: X=-1100346.9738 Y=5813531.3373 Z=2375544.8533
  LLH:  Lat=22.008587885° Lon=100.717782398° H=667.8906m
  原始数据:
2025/11/16 10:05:51.000   22.008587885  100.717782398   667.8906   2  15   0.0142   0.0288   0.0180  -0.0070   0.0052  -0.0039  20.00    1.3 8522614

[TCP数据流] 2025/11/16 18:05:34 - 浮点解 (15颗卫星)
  ECEF: X=-1100346.9716 Y=5813531.3352 Z=2375544.8533
  LLH:  Lat=22.008587894° Lon=100.717782381° H=667.8883m
  原始数据:
2025/11/16 10:05:52.000   22.008587894  100.717782381   667.8883   2  15   0.0142   0.0288   0.0180  -0.0070   0.0052  -0.0039  21.00    1.2 8522614

[TCP数据流] 2025/11/16 18:05:35 - 浮点解 (28颗卫星)
  ECEF: X=-1100346.9721 Y=5813531.3346 Z=2375544.8517
  LLH:  Lat=22.008587882° Lon=100.717782387° H=667.8873m
  原始数据:
2025/11/16 10:05:53.000   22.008587882  100.717782387   667.8873   2  28   0.0141   0.0288   0.0180  -0.0069   0.0052  -0.0039  22.00    1.0 8522614

[TCP数据流] 2025/11/16 18:05:36 - 浮点解 (28颗卫星)
  ECEF: X=-1100346.9700 Y=5813531.3348 Z=2375544.8508
  LLH:  Lat=22.008587875° Lon=100.717782367° H=667.8867m
  原始数据:
2025/11/16 10:05:54.000   22.008587875  100.717782367   667.8867   2  28   0.0141   0.0287   0.0179  -0.0069   0.0052  -0.0039  23.00    1.0 8522614

[TCP数据流] 2025/11/16 18:05:37 - 浮点解 (21颗卫星)
  ECEF: X=-1100346.9695 Y=5813531.3359 Z=2375544.8494
  LLH:  Lat=22.008587860° Lon=100.717782360° H=667.8871m
  原始数据:
2025/11/16 10:05:55.000   22.008587860  100.717782360   667.8871   2  21   0.0141   0.0287   0.0179  -0.0069   0.0052  -0.0039  24.00    1.0 8522614

[TCP数据流] 2025/11/16 18:05:40 - 浮点解 (28颗卫星)
  ECEF: X=-1100346.9687 Y=5813531.3358 Z=2375544.8483
  LLH:  Lat=22.008587852° Lon=100.717782353° H=667.8865m
  原始数据:
2025/11/16 10:05:58.000   22.008587852  100.717782353   667.8865   2  28   0.0141   0.0286   0.0179  -0.0069   0.0052  -0.0039  27.00    1.0 8522614

[TCP数据流] 2025/11/16 18:05:42 - 浮点解 (28颗卫星)
  ECEF: X=-1100346.9667 Y=5813531.3358 Z=2375544.8472
  LLH:  Lat=22.008587844° Lon=100.717782334° H=667.8857m
  原始数据:
2025/11/16 10:06:00.000   22.008587844  100.717782334   667.8857   2  28   0.0141   0.0286   0.0179  -0.0069   0.0052  -0.0039  29.00    1.0 8522614

[TCP数据流] 2025/11/16 18:05:43 - 浮点解 (21颗卫星)
  ECEF: X=-1100346.9655 Y=5813531.3357 Z=2375544.8467
  LLH:  Lat=22.008587841° Lon=100.717782322° H=667.8853m
  原始数据:
2025/11/16 10:06:01.000   22.008587841  100.717782322   667.8853   2  21   0.0141   0.0286   0.0179  -0.0069   0.0052  -0.0039  30.00    1.0 8522614

[TCP数据流] 2025/11/16 18:06:09 - 浮点解 (27颗卫星)
  ECEF: X=-1100346.9849 Y=5813531.3663 Z=2375544.8470
  LLH:  Lat=22.008587729° Lon=100.717782452° H=667.9166m
  原始数据:
2025/11/16 10:06:27.000   22.008587729  100.717782452   667.9166   2  27   0.0138   0.0281   0.0175  -0.0067   0.0051  -0.0037   0.00    1.0 8522614

[TCP数据流] 2025/11/16 18:06:13 - 浮点解 (27颗卫星)
  ECEF: X=-1100347.0028 Y=5813531.3942 Z=2375544.8482
  LLH:  Lat=22.008587635° Lon=100.717782572° H=667.9455m
  原始数据:
2025/11/16 10:06:31.000   22.008587635  100.717782572   667.9455   2  27   0.0135   0.0276   0.0171  -0.0065   0.0050  -0.0036   0.00    1.0 8522614

[TCP数据流] 2025/11/16 18:06:15 - 浮点解 (27颗卫星)
  ECEF: X=-1100347.0157 Y=5813531.4173 Z=2375544.8496
  LLH:  Lat=22.008587562° Lon=100.717782653° H=667.9693m
  原始数据:
2025/11/16 10:06:33.000   22.008587562  100.717782653   667.9693   2  27   0.0133   0.0272   0.0168  -0.0063   0.0049  -0.0034   1.00    1.0 8522614

[TCP数据流] 2025/11/16 18:06:20 - 浮点解 (8颗卫星)
  ECEF: X=-1100347.0148 Y=5813531.4175 Z=2375544.8496
  LLH:  Lat=22.008587562° Lon=100.717782644° H=667.9693m
  原始数据:
2025/11/16 10:06:38.000   22.008587562  100.717782644   667.9693   2   8   0.0133   0.0272   0.0168  -0.0063   0.0049  -0.0034   6.00    0.0 8522614

[TCP数据流] 2025/11/16 18:06:24 - 浮点解 (21颗卫星)
  ECEF: X=-1100347.0149 Y=5813531.4156 Z=2375544.8495
  LLH:  Lat=22.008587567° Lon=100.717782648° H=667.9676m
  原始数据:
2025/11/16 10:06:42.000   22.008587567  100.717782648   667.9676   2  21   0.0132   0.0271   0.0168  -0.0064   0.0049  -0.0035  10.00    1.1 8522614

[TCP数据流] 2025/11/16 18:06:25 - 浮点解 (21颗卫星)
  ECEF: X=-1100347.0140 Y=5813531.4142 Z=2375544.8491
  LLH:  Lat=22.008587569° Lon=100.717782642° H=667.9660m
  原始数据:
2025/11/16 10:06:43.000   22.008587569  100.717782642   667.9660   2  21   0.0132   0.0270   0.0168  -0.0064   0.0049  -0.0035  11.00    1.0 8522614

[TCP数据流] 2025/11/16 18:06:30 - 浮点解 (21颗卫星)
  ECEF: X=-1100347.0137 Y=5813531.4133 Z=2375544.8483
  LLH:  Lat=22.008587566° Lon=100.717782641° H=667.9649m
  原始数据:
2025/11/16 10:06:48.000   22.008587566  100.717782641   667.9649   2  21   0.0132   0.0270   0.0167  -0.0064   0.0049  -0.0036  16.00    2.2 8522614

[TCP数据流] 2025/11/16 18:06:31 - 浮点解 (21颗卫星)
  ECEF: X=-1100347.0138 Y=5813531.4126 Z=2375544.8476
  LLH:  Lat=22.008587562° Lon=100.717782643° H=667.9640m
  原始数据:
2025/11/16 10:06:49.000   22.008587562  100.717782643   667.9640   2  21   0.0132   0.0270   0.0167  -0.0064   0.0049  -0.0036  17.00    1.7 8522614

[TCP数据流] 2025/11/16 18:06:33 - 浮点解 (22颗卫星)
  ECEF: X=-1100347.0142 Y=5813531.4120 Z=2375544.8468
  LLH:  Lat=22.008587557° Lon=100.717782648° H=667.9632m
  原始数据:
2025/11/16 10:06:51.000   22.008587557  100.717782648   667.9632   2  22   0.0132   0.0269   0.0167  -0.0064   0.0049  -0.0036  19.00    1.1 8522614

[TCP数据流] 2025/11/16 18:06:38 - 浮点解 (21颗卫星)
  ECEF: X=-1100347.0134 Y=5813531.4117 Z=2375544.8460
  LLH:  Lat=22.008587552° Lon=100.717782641° H=667.9625m
  原始数据:
2025/11/16 10:06:56.000   22.008587552  100.717782641   667.9625   2  21   0.0132   0.0269   0.0167  -0.0064   0.0049  -0.0036  24.00    1.2 8522614

[TCP数据流] 2025/11/16 18:06:44 - 浮点解 (21颗卫星)
  ECEF: X=-1100347.0117 Y=5813531.4116 Z=2375544.8456
  LLH:  Lat=22.008587550° Lon=100.717782625° H=667.9619m
  原始数据:
2025/11/16 10:07:02.000   22.008587550  100.717782625   667.9619   2  21   0.0132   0.0269   0.0167  -0.0064   0.0049  -0.0036  30.00    1.7 8522614

[TCP数据流] 2025/11/16 18:12:14 - 浮点解 (26颗卫星)
  ECEF: X=-1100347.0752 Y=5813531.4870 Z=2375544.8224
  LLH:  Lat=22.008587065° Lon=100.717783094° H=668.0329m
  原始数据:
2025/11/16 10:12:32.000   22.008587065  100.717783094   668.0329   2  26   0.0125   0.0256   0.0158  -0.0056   0.0051  -0.0030   0.00    1.1 8522614

[TCP数据流] 2025/11/16 18:12:16 - 浮点解 (26颗卫星)
  ECEF: X=-1100347.1257 Y=5813531.5474 Z=2375544.8085
  LLH:  Lat=22.008586716° Lon=100.717783465° H=668.0914m
  原始数据:
2025/11/16 10:12:34.000   22.008586716  100.717783465   668.0914   2  26   0.0119   0.0247   0.0152  -0.0050   0.0053  -0.0024   0.00    1.2 8522614

[TCP数据流] 2025/11/16 18:12:17 - 浮点解 (13颗卫星)
  ECEF: X=-1100347.1604 Y=5813531.5910 Z=2375544.7897
  LLH:  Lat=22.008586392° Lon=100.717783717° H=668.1301m
  原始数据:
2025/11/16 10:12:35.000   22.008586392  100.717783717   668.1301   2  13   0.0116   0.0245   0.0148  -0.0042   0.0053  -0.0014   1.00    1.1 8522614

[TCP数据流] 2025/11/16 18:12:18 - 浮点解 (20颗卫星)
  ECEF: X=-1100347.1642 Y=5813531.5913 Z=2375544.7940
  LLH:  Lat=22.008586425° Lon=100.717783753° H=668.1326m
  原始数据:
2025/11/16 10:12:36.000   22.008586425  100.717783753   668.1326   2  20   0.0115   0.0240   0.0146  -0.0045   0.0053  -0.0018   2.00    1.2 8522614

[TCP数据流] 2025/11/16 18:12:19 - 浮点解 (19颗卫星)
  ECEF: X=-1100347.1915 Y=5813531.6237 Z=2375544.7876
  LLH:  Lat=22.008586246° Lon=100.717783954° H=668.1644m
  原始数据:
2025/11/16 10:12:37.000   22.008586246  100.717783954   668.1644   2  19   0.0112   0.0234   0.0143  -0.0041   0.0054  -0.0014   3.00    1.0 8522614

[TCP数据流] 2025/11/16 18:12:20 - 浮点解 (26颗卫星)
  ECEF: X=-1100347.2128 Y=5813531.6415 Z=2375544.7809
  LLH:  Lat=22.008586117° Lon=100.717784125° H=668.1818m
  原始数据:
2025/11/16 10:12:38.000   22.008586117  100.717784125   668.1818   2  26   0.0110   0.0230   0.0140  -0.0039   0.0054  -0.0011   4.00    1.1 8522614

[TCP数据流] 2025/11/16 18:12:21 - 浮点解 (20颗卫星)
  ECEF: X=-1100347.2153 Y=5813531.6406 Z=2375544.7821
  LLH:  Lat=22.008586129° Lon=100.717784150° H=668.1819m
  原始数据:
2025/11/16 10:12:39.000   22.008586129  100.717784150   668.1819   2  20   0.0109   0.0227   0.0139  -0.0040   0.0054  -0.0014   5.00    1.1 8522614

[TCP数据流] 2025/11/16 18:12:22 - 浮点解 (20颗卫星)
  ECEF: X=-1100347.2168 Y=5813531.6398 Z=2375544.7824
  LLH:  Lat=22.008586133° Lon=100.717784166° H=668.1815m
  原始数据:
2025/11/16 10:12:40.000   22.008586133  100.717784166   668.1815   2  20   0.0109   0.0225   0.0139  -0.0041   0.0054  -0.0015   6.00    1.0 8522614

[TCP数据流] 2025/11/16 18:12:23 - 浮点解 (19颗卫星)
  ECEF: X=-1100347.2268 Y=5813531.6508 Z=2375544.7788
  LLH:  Lat=22.008586060° Lon=100.717784241° H=668.1919m
  原始数据:
2025/11/16 10:12:41.000   22.008586060  100.717784241   668.1919   2  19   0.0108   0.0223   0.0138  -0.0040   0.0054  -0.0014   7.00    1.4 8522614

[TCP数据流] 2025/11/16 18:12:24 - 浮点解 (26颗卫星)
  ECEF: X=-1100347.2346 Y=5813531.6578 Z=2375544.7748
  LLH:  Lat=22.008585999° Lon=100.717784303° H=668.1981m
  原始数据:
2025/11/16 10:12:42.000   22.008585999  100.717784303   668.1981   2  26   0.0107   0.0221   0.0136  -0.0039   0.0054  -0.0013   8.00    1.4 8522614

[TCP数据流] 2025/11/16 18:12:30 - 浮点解 (13颗卫星)
  ECEF: X=-1100347.2350 Y=5813531.6577 Z=2375544.7742
  LLH:  Lat=22.008585993° Lon=100.717784307° H=668.1979m
  原始数据:
2025/11/16 10:12:48.000   22.008585993  100.717784307   668.1979   2  13   0.0107   0.0220   0.0136  -0.0039   0.0054  -0.0013  14.00    1.1 8522614

[TCP数据流] 2025/11/16 18:12:31 - 浮点解 (26颗卫星)
  ECEF: X=-1100347.2387 Y=5813531.6597 Z=2375544.7721
  LLH:  Lat=22.008585967° Lon=100.717784338° H=668.1995m
  原始数据:
2025/11/16 10:12:49.000   22.008585967  100.717784338   668.1995   2  26   0.0106   0.0219   0.0136  -0.0039   0.0054  -0.0013  15.00    1.3 8522614

[TCP数据流] 2025/11/16 18:12:39 - 浮点解 (19颗卫星)
  ECEF: X=-1100347.2702 Y=5813531.6965 Z=2375544.7688
  LLH:  Lat=22.008585797° Lon=100.717784572° H=668.2373m
  原始数据:
2025/11/16 10:12:57.000   22.008585797  100.717784572   668.2373   2  19   0.0103   0.0214   0.0132  -0.0035   0.0053  -0.0006   0.00    1.0 8522614

[TCP数据流] 2025/11/16 18:12:40 - 浮点解 (26颗卫星)
  ECEF: X=-1100347.2945 Y=5813531.7247 Z=2375544.7656
  LLH:  Lat=22.008585661° Lon=100.717784752° H=668.2659m
  原始数据:
2025/11/16 10:12:58.000   22.008585661  100.717784752   668.2659   2  26   0.0101   0.0210   0.0129  -0.0032   0.0053   0.0009   1.00    1.2 8522614

[TCP数据流] 2025/11/16 18:12:43 - 浮点解 (20颗卫星)
  ECEF: X=-1100347.3051 Y=5813531.7364 Z=2375544.7600
  LLH:  Lat=22.008585569° Lon=100.717784832° H=668.2763m
  原始数据:
2025/11/16 10:13:01.000   22.008585569  100.717784832   668.2763   2  20   0.0100   0.0209   0.0128  -0.0029   0.0053   0.0013   4.00    1.5 8522614

[TCP数据流] 2025/11/16 18:12:44 - 浮点解 (26颗卫星)
  ECEF: X=-1100347.3174 Y=5813531.7463 Z=2375544.7579
  LLH:  Lat=22.008585511° Lon=100.717784931° H=668.2867m
  原始数据:
2025/11/16 10:13:02.000   22.008585511  100.717784931   668.2867   2  26   0.0098   0.0207   0.0126  -0.0027   0.0053   0.0014   5.00    1.2 8522614

[TCP数据流] 2025/11/16 18:12:47 - 浮点解 (20颗卫星)
  ECEF: X=-1100347.3198 Y=5813531.7459 Z=2375544.7580
  LLH:  Lat=22.008585511° Lon=100.717784955° H=668.2868m
  原始数据:
2025/11/16 10:13:05.000   22.008585511  100.717784955   668.2868   2  20   0.0098   0.0205   0.0126  -0.0028   0.0053   0.0013   8.00    1.4 8522614

[TCP数据流] 2025/11/16 18:12:50 - 浮点解 (26颗卫星)
  ECEF: X=-1100347.3249 Y=5813531.7482 Z=2375544.7562
  LLH:  Lat=22.008585485° Lon=100.717784999° H=668.2891m
  原始数据:
2025/11/16 10:13:08.000   22.008585485  100.717784999   668.2891   2  26   0.0098   0.0205   0.0125  -0.0028   0.0053   0.0013  11.00    1.1 8522614

[TCP数据流] 2025/11/16 18:12:51 - 浮点解 (19颗卫星)
  ECEF: X=-1100347.3294 Y=5813531.7503 Z=2375544.7546
  LLH:  Lat=22.008585462° Lon=100.717785038° H=668.2912m
  原始数据:
2025/11/16 10:13:09.000   22.008585462  100.717785038   668.2912   2  19   0.0098   0.0204   0.0125  -0.0027   0.0053   0.0013  12.00    1.6 8522614

[TCP数据流] 2025/11/16 18:12:52 - 浮点解 (19颗卫星)
  ECEF: X=-1100347.3332 Y=5813531.7521 Z=2375544.7529
  LLH:  Lat=22.008585440° Lon=100.717785071° H=668.2928m
  原始数据:
2025/11/16 10:13:10.000   22.008585440  100.717785071   668.2928   2  19   0.0097   0.0203   0.0125  -0.0027   0.0053   0.0013  13.00    1.2 8522614

[TCP数据流] 2025/11/16 18:12:55 - 浮点解 (26颗卫星)
  ECEF: X=-1100347.3356 Y=5813531.7529 Z=2375544.7514
  LLH:  Lat=22.008585423° Lon=100.717785092° H=668.2934m
  原始数据:
2025/11/16 10:13:13.000   22.008585423  100.717785092   668.2934   2  26   0.0097   0.0203   0.0124  -0.0027   0.0053   0.0013  16.00    1.1 8522614

[TCP数据流] 2025/11/16 18:12:56 - 浮点解 (26颗卫星)
  ECEF: X=-1100347.3382 Y=5813531.7536 Z=2375544.7502
  LLH:  Lat=22.008585409° Lon=100.717785116° H=668.2940m
  原始数据:
2025/11/16 10:13:14.000   22.008585409  100.717785116   668.2940   2  26   0.0097   0.0202   0.0124  -0.0027   0.0053   0.0013  17.00    1.0 8522614

[TCP数据流] 2025/11/16 18:13:02 - 浮点解 (26颗卫星)
  ECEF: X=-1100347.3402 Y=5813531.7537 Z=2375544.7491
  LLH:  Lat=22.008585398° Lon=100.717785135° H=668.2941m
  原始数据:
2025/11/16 10:13:20.000   22.008585398  100.717785135   668.2941   2  26   0.0097   0.0202   0.0124  -0.0027   0.0053   0.0013  23.00    1.1 8522614

[TCP数据流] 2025/11/16 18:13:03 - 浮点解 (26颗卫星)
  ECEF: X=-1100347.3420 Y=5813531.7539 Z=2375544.7481
  LLH:  Lat=22.008585388° Lon=100.717785152° H=668.2942m
  原始数据:
2025/11/16 10:13:21.000   22.008585388  100.717785152   668.2942   2  26   0.0097   0.0202   0.0124  -0.0026   0.0053   0.0013  24.00    1.1 8522614

[TCP数据流] 2025/11/16 18:13:04 - 浮点解 (26颗卫星)
  ECEF: X=-1100347.3437 Y=5813531.7539 Z=2375544.7472
  LLH:  Lat=22.008585379° Lon=100.717785168° H=668.2941m
  原始数据:
2025/11/16 10:13:22.000   22.008585379  100.717785168   668.2941   2  26   0.0097   0.0201   0.0124  -0.0026   0.0053   0.0013  25.00    1.1 8522614

[TCP数据流] 2025/11/16 18:13:05 - 浮点解 (26颗卫星)
  ECEF: X=-1100347.3452 Y=5813531.7539 Z=2375544.7462
  LLH:  Lat=22.008585370° Lon=100.717785182° H=668.2940m
  原始数据:
2025/11/16 10:13:23.000   22.008585370  100.717785182   668.2940   2  26   0.0096   0.0201   0.0123  -0.0026   0.0053   0.0013  26.00    1.1 8522614

[TCP数据流] 2025/11/16 18:13:06 - 浮点解 (27颗卫星)
  ECEF: X=-1100347.3470 Y=5813531.7538 Z=2375544.7455
  LLH:  Lat=22.008585363° Lon=100.717785199° H=668.2940m
  原始数据:
2025/11/16 10:13:24.000   22.008585363  100.717785199   668.2940   2  27   0.0096   0.0201   0.0123  -0.0026   0.0053   0.0013  27.00    1.0 8522614

[TCP数据流] 2025/11/16 18:13:50 - 浮点解 (26颗卫星)
  ECEF: X=-1100347.4070 Y=5813531.8128 Z=2375544.7187
  LLH:  Lat=22.008584905° Lon=100.717785664° H=668.3480m
  原始数据:
2025/11/16 10:14:08.000   22.008584905  100.717785664   668.3480   2  26   0.0090   0.0188   0.0117  -0.0014   0.0054   0.0023  10.00    1.0 8522614

[TCP数据流] 2025/11/16 18:13:51 - 浮点解 (26颗卫星)
  ECEF: X=-1100347.4111 Y=5813531.8148 Z=2375544.7168
  LLH:  Lat=22.008584880° Lon=100.717785699° H=668.3498m
  原始数据:
2025/11/16 10:14:09.000   22.008584880  100.717785699   668.3498   2  26   0.0089   0.0188   0.0116  -0.0013   0.0054   0.0023  11.00    1.2 8522614

[TCP数据流] 2025/11/16 18:13:52 - 浮点解 (26颗卫星)
  ECEF: X=-1100347.4150 Y=5813531.8164 Z=2375544.7151
  LLH:  Lat=22.008584858° Lon=100.717785734° H=668.3513m
  原始数据:
2025/11/16 10:14:10.000   22.008584858  100.717785734   668.3513   2  26   0.0089   0.0187   0.0116  -0.0012   0.0054   0.0023  12.00    1.3 8522614

[TCP数据流] 2025/11/16 18:13:53 - 浮点解 (26颗卫星)
  ECEF: X=-1100347.4182 Y=5813531.8177 Z=2375544.7135
  LLH:  Lat=22.008584838° Lon=100.717785762° H=668.3525m
  原始数据:
2025/11/16 10:14:11.000   22.008584838  100.717785762   668.3525   2  26   0.0089   0.0187   0.0116  -0.0012   0.0054   0.0023  13.00    1.3 8522614

[TCP数据流] 2025/11/16 18:13:56 - 浮点解 (26颗卫星)
  ECEF: X=-1100347.4208 Y=5813531.8186 Z=2375544.7121
  LLH:  Lat=22.008584822° Lon=100.717785785° H=668.3532m
  原始数据:
2025/11/16 10:14:14.000   22.008584822  100.717785785   668.3532   2  26   0.0089   0.0186   0.0116  -0.0011   0.0054   0.0023  16.00    1.3 8522614

[TCP数据流] 2025/11/16 18:13:57 - 浮点解 (19颗卫星)
  ECEF: X=-1100347.4232 Y=5813531.8193 Z=2375544.7108
  LLH:  Lat=22.008584807° Lon=100.717785806° H=668.3538m
  原始数据:
2025/11/16 10:14:15.000   22.008584807  100.717785806   668.3538   2  19   0.0089   0.0186   0.0115  -0.0011   0.0054   0.0023  17.00    1.3 8522614

[TCP数据流] 2025/11/16 18:13:58 - 浮点解 (26颗卫星)
  ECEF: X=-1100347.4258 Y=5813531.8199 Z=2375544.7096
  LLH:  Lat=22.008584793° Lon=100.717785830° H=668.3543m
  原始数据:
2025/11/16 10:14:16.000   22.008584793  100.717785830   668.3543   2  26   0.0089   0.0186   0.0115  -0.0011   0.0054   0.0023  18.00    1.1 8522614

[TCP数据流] 2025/11/16 18:13:59 - 浮点解 (26颗卫星)
  ECEF: X=-1100347.4282 Y=5813531.8204 Z=2375544.7084
  LLH:  Lat=22.008584780° Lon=100.717785852° H=668.3547m
  原始数据:
2025/11/16 10:14:17.000   22.008584780  100.717785852   668.3547   2  26   0.0088   0.0185   0.0115  -0.0011   0.0054   0.0023  19.00    1.3 8522614

[TCP数据流] 2025/11/16 18:14:00 - 浮点解 (26颗卫星)
  ECEF: X=-1100347.4304 Y=5813531.8208 Z=2375544.7073
  LLH:  Lat=22.008584768° Lon=100.717785872° H=668.3551m
  原始数据:
2025/11/16 10:14:18.000   22.008584768  100.717785872   668.3551   2  26   0.0088   0.0185   0.0115  -0.0010   0.0054   0.0023  20.00    1.1 8522614

[TCP数据流] 2025/11/16 18:14:01 - 浮点解 (26颗卫星)
  ECEF: X=-1100347.4321 Y=5813531.8213 Z=2375544.7063
  LLH:  Lat=22.008584757° Lon=100.717785888° H=668.3554m
  原始数据:
2025/11/16 10:14:19.000   22.008584757  100.717785888   668.3554   2  26   0.0088   0.0185   0.0115  -0.0010   0.0054   0.0023  21.00    1.1 8522614

[TCP数据流] 2025/11/16 18:14:02 - 浮点解 (27颗卫星)
  ECEF: X=-1100347.4338 Y=5813531.8217 Z=2375544.7053
  LLH:  Lat=22.008584746° Lon=100.717785903° H=668.3557m
  原始数据:
2025/11/16 10:14:20.000   22.008584746  100.717785903   668.3557   2  27   0.0088   0.0185   0.0115  -0.0010   0.0054   0.0023  22.00    1.1 8522614

[TCP数据流] 2025/11/16 18:14:03 - 浮点解 (26颗卫星)
  ECEF: X=-1100347.4351 Y=5813531.8220 Z=2375544.7043
  LLH:  Lat=22.008584736° Lon=100.717785915° H=668.3558m
  原始数据:
2025/11/16 10:14:21.000   22.008584736  100.717785915   668.3558   2  26   0.0088   0.0184   0.0115  -0.0010   0.0054   0.0023  23.00    1.1 8522614

[TCP数据流] 2025/11/16 18:14:06 - 浮点解 (19颗卫星)
  ECEF: X=-1100347.4360 Y=5813531.8223 Z=2375544.7034
  LLH:  Lat=22.008584727° Lon=100.717785923° H=668.3560m
  原始数据:
2025/11/16 10:14:24.000   22.008584727  100.717785923   668.3560   2  19   0.0088   0.0184   0.0114  -0.0009   0.0054   0.0023  26.00    1.5 8522614

[TCP数据流] 2025/11/16 18:14:07 - 浮点解 (26颗卫星)
  ECEF: X=-1100347.4375 Y=5813531.8226 Z=2375544.7027
  LLH:  Lat=22.008584719° Lon=100.717785936° H=668.3562m
  原始数据:
2025/11/16 10:14:25.000   22.008584719  100.717785936   668.3562   2  26   0.0088   0.0184   0.0114  -0.0009   0.0054   0.0023  27.00    1.1 8522614

[TCP数据流] 2025/11/16 18:14:08 - 浮点解 (27颗卫星)
  ECEF: X=-1100347.4387 Y=5813531.8229 Z=2375544.7018
  LLH:  Lat=22.008584710° Lon=100.717785947° H=668.3563m
  原始数据:
2025/11/16 10:14:26.000   22.008584710  100.717785947   668.3563   2  27   0.0088   0.0184   0.0114  -0.0009   0.0054   0.0023  28.00    1.1 8522614

[TCP数据流] 2025/11/16 18:14:55 - 浮点解 (26颗卫星)
  ECEF: X=-1100347.4469 Y=5813531.8361 Z=2375544.6991
  LLH:  Lat=22.008584638° Lon=100.717786002° H=668.3688m
  原始数据:
2025/11/16 10:15:13.000   22.008584638  100.717786002   668.3688   2  26   0.0087   0.0182   0.0113  -0.0005   0.0054   0.0024   3.00    1.0 8522614

[TCP数据流] 2025/11/16 18:14:56 - 浮点解 (13颗卫星)
  ECEF: X=-1100347.4534 Y=5813531.8459 Z=2375544.6957
  LLH:  Lat=22.008584573° Lon=100.717786046° H=668.3776m
  原始数据:
2025/11/16 10:15:14.000   22.008584573  100.717786046   668.3776   2  13   0.0086   0.0181   0.0112   0.0009   0.0055   0.0025   4.00    2.7 8522614

[TCP数据流] 2025/11/16 18:14:57 - 浮点解 (13颗卫星)
  ECEF: X=-1100347.4584 Y=5813531.8533 Z=2375544.6930
  LLH:  Lat=22.008584523° Lon=100.717786080° H=668.3842m
  原始数据:
2025/11/16 10:15:15.000   22.008584523  100.717786080   668.3842   2  13   0.0085   0.0181   0.0111   0.0013   0.0055   0.0026   5.00    2.1 8522614

[TCP数据流] 2025/11/16 18:15:02 - 浮点解 (14颗卫星)
  ECEF: X=-1100347.4583 Y=5813531.8532 Z=2375544.6930
  LLH:  Lat=22.008584523° Lon=100.717786079° H=668.3840m
  原始数据:
2025/11/16 10:15:20.000   22.008584523  100.717786079   668.3840   2  14   0.0085   0.0181   0.0111   0.0013   0.0055   0.0026  10.00    0.0 8522614

[TCP数据流] 2025/11/16 18:15:03 - 浮点解 (20颗卫星)
  ECEF: X=-1100347.4592 Y=5813531.8529 Z=2375544.6926
  LLH:  Lat=22.008584520° Lon=100.717786088° H=668.3838m
  原始数据:
2025/11/16 10:15:21.000   22.008584520  100.717786088   668.3838   2  20   0.0085   0.0180   0.0111   0.0012   0.0055   0.0026  11.00    1.1 8522614

[TCP数据流] 2025/11/16 18:15:48 - 浮点解 (14颗卫星)
  ECEF: X=-1100347.4735 Y=5813531.8801 Z=2375544.6881
  LLH:  Lat=22.008584383° Lon=100.717786175° H=668.4093m
  原始数据:
2025/11/16 10:16:06.000   22.008584383  100.717786175   668.4093   2  14   0.0082   0.0173   0.0109   0.0013   0.0055   0.0027   9.00    2.6 8522614

[TCP数据流] 2025/11/16 18:15:49 - 浮点解 (14颗卫星)
  ECEF: X=-1100347.4733 Y=5813531.8801 Z=2375544.6881
  LLH:  Lat=22.008584383° Lon=100.717786174° H=668.4093m
  原始数据:
2025/11/16 10:16:07.000   22.008584383  100.717786174   668.4093   2  14   0.0082   0.0173   0.0109   0.0013   0.0055   0.0027  10.00    2.4 8522614

[TCP数据流] 2025/11/16 18:15:50 - 浮点解 (13颗卫星)
  ECEF: X=-1100347.4743 Y=5813531.8800 Z=2375544.6876
  LLH:  Lat=22.008584379° Lon=100.717786183° H=668.4092m
  原始数据:
2025/11/16 10:16:08.000   22.008584379  100.717786183   668.4092   2  13   0.0082   0.0173   0.0109   0.0013   0.0055   0.0027  11.00    1.1 8522614

[TCP数据流] 2025/11/16 18:15:52 - 浮点解 (18颗卫星)
  ECEF: X=-1100347.4756 Y=5813531.8815 Z=2375544.6869
  LLH:  Lat=22.008584367° Lon=100.717786193° H=668.4105m
  原始数据:
2025/11/16 10:16:10.000   22.008584367  100.717786193   668.4105   2  18   0.0082   0.0173   0.0109   0.0014   0.0055   0.0027  13.00    2.7 8522614

[TCP数据流] 2025/11/16 18:15:54 - 浮点解 (14颗卫星)
  ECEF: X=-1100347.4754 Y=5813531.8816 Z=2375544.6869
  LLH:  Lat=22.008584367° Lon=100.717786191° H=668.4106m
  原始数据:
2025/11/16 10:16:12.000   22.008584367  100.717786191   668.4106   2  14   0.0082   0.0173   0.0109   0.0014   0.0055   0.0027  15.00    2.2 8522614

[TCP数据流] 2025/11/16 18:15:56 - 浮点解 (19颗卫星)
  ECEF: X=-1100347.4756 Y=5813531.8817 Z=2375544.6878
  LLH:  Lat=22.008584374° Lon=100.717786193° H=668.4110m
  原始数据:
2025/11/16 10:16:14.000   22.008584374  100.717786193   668.4110   2  19   0.0082   0.0171   0.0108   0.0010   0.0055   0.0027   2.00    1.3 8522614

[TCP数据流] 2025/11/16 18:15:57 - 浮点解 (14颗卫星)
  ECEF: X=-1100347.4756 Y=5813531.8817 Z=2375544.6878
  LLH:  Lat=22.008584374° Lon=100.717786193° H=668.4110m
  原始数据:
2025/11/16 10:16:15.000   22.008584374  100.717786193   668.4110   2  14   0.0082   0.0171   0.0108   0.0010   0.0055   0.0027   3.00    1.2 8522614

[TCP数据流] 2025/11/16 18:16:58 - 浮点解 (24颗卫星)
  ECEF: X=-1100347.4784 Y=5813531.8838 Z=2375544.6855
  LLH:  Lat=22.008584346° Lon=100.717786215° H=668.4126m
  原始数据:
2025/11/16 10:17:16.000   22.008584346  100.717786215   668.4126   2  24   0.0081   0.0169   0.0108   0.0010   0.0055   0.0027  13.00    1.1 8522614

[TCP数据流] 2025/11/16 18:17:02 - 固定解 (14颗卫星)
  ECEF: X=-1100347.5779 Y=5813531.8440 Z=2375544.6822
  LLH:  Lat=22.008584388° Lon=100.717787234° H=668.3922m
  原始数据:
2025/11/16 10:17:20.000   22.008584388  100.717787234   668.3922   1  14   0.0052   0.0071   0.0093   0.0047   0.0063   0.0059  17.00    4.3 8522614

[TCP数据流] 2025/11/16 18:17:03 - 固定解 (20颗卫星)
  ECEF: X=-1100347.5778 Y=5813531.8435 Z=2375544.6816
  LLH:  Lat=22.008584385° Lon=100.717787234° H=668.3915m
  原始数据:
2025/11/16 10:17:21.000   22.008584385  100.717787234   668.3915   1  20   0.0052   0.0071   0.0093   0.0047   0.0063   0.0059  18.00    4.3 8522614

[TCP数据流] 2025/11/16 18:17:04 - 浮点解 (25颗卫星)
  ECEF: X=-1100347.4804 Y=5813531.8841 Z=2375544.6840
  LLH:  Lat=22.008584331° Lon=100.717786234° H=668.4126m
  原始数据:
2025/11/16 10:17:22.000   22.008584331  100.717786234   668.4126   2  25   0.0081   0.0169   0.0108   0.0010   0.0055   0.0027  19.00    0.0 8522614

[TCP数据流] 2025/11/16 18:17:05 - 浮点解 (25颗卫星)
  ECEF: X=-1100347.4818 Y=5813531.8845 Z=2375544.6831
  LLH:  Lat=22.008584321° Lon=100.717786246° H=668.4129m
  原始数据:
2025/11/16 10:17:23.000   22.008584321  100.717786246   668.4129   2  25   0.0081   0.0168   0.0108   0.0011   0.0055   0.0027  20.00    2.0 8522614

[TCP数据流] 2025/11/16 18:21:36 - 固定解 (7颗卫星)
  ECEF: X=-1100347.6210 Y=5813531.9008 Z=2375544.6717
  LLH:  Lat=22.008584084° Lon=100.717787542° H=668.4475m
  原始数据:
2025/11/16 10:21:54.000   22.008584084  100.717787542   668.4475   1   7   0.0060   0.0080   0.0101  -0.0019   0.0020  -0.0021  22.00    3.4 8522614

[TCP数据流] 2025/11/16 18:21:39 - 固定解 (13颗卫星)
  ECEF: X=-1100347.6221 Y=5813531.9006 Z=2375544.6707
  LLH:  Lat=22.008584076° Lon=100.717787552° H=668.4471m
  原始数据:
2025/11/16 10:21:57.000   22.008584076  100.717787552   668.4471   1  13   0.0059   0.0079   0.0101  -0.0019   0.0019  -0.0021  25.00    3.5 8522614

[TCP数据流] 2025/11/16 18:21:40 - 固定解 (7颗卫星)
  ECEF: X=-1100347.6230 Y=5813531.9005 Z=2375544.6704
  LLH:  Lat=22.008584073° Lon=100.717787561° H=668.4471m
  原始数据:
2025/11/16 10:21:58.000   22.008584073  100.717787561   668.4471   1   7   0.0059   0.0078   0.0101  -0.0019   0.0019  -0.0022  26.00    3.5 8522614

[TCP数据流] 2025/11/16 18:21:43 - 固定解 (7颗卫星)
  ECEF: X=-1100347.6236 Y=5813531.9004 Z=2375544.6702
  LLH:  Lat=22.008584071° Lon=100.717787567° H=668.4470m
  原始数据:
2025/11/16 10:22:01.000   22.008584071  100.717787567   668.4470   1   7   0.0059   0.0077   0.0101  -0.0019   0.0019  -0.0022  29.00    3.5 8522614

[TCP数据流] 2025/11/16 18:22:06 - 浮点解 (7颗卫星)
  ECEF: X=-1100347.4945 Y=5813531.9107 Z=2375544.6758
  LLH:  Lat=22.008584165° Lon=100.717786320° H=668.4362m
  原始数据:
2025/11/16 10:22:24.000   22.008584165  100.717786320   668.4362   2   7   0.0078   0.0163   0.0105   0.0016   0.0055   0.0026  13.00    0.0 8522614

[TCP数据流] 2025/11/16 18:22:08 - 浮点解 (7颗卫星)
  ECEF: X=-1100347.4940 Y=5813531.9107 Z=2375544.6757
  LLH:  Lat=22.008584165° Lon=100.717786315° H=668.4361m
  原始数据:
2025/11/16 10:22:26.000   22.008584165  100.717786315   668.4361   2   7   0.0078   0.0163   0.0105   0.0016   0.0055   0.0026  15.00    0.0 8522614

[TCP数据流] 2025/11/16 18:23:00 - 浮点解 (24颗卫星)
  ECEF: X=-1100347.5025 Y=5813531.9496 Z=2375544.6836
  LLH:  Lat=22.008584096° Lon=100.717786326° H=668.4759m
  原始数据:
2025/11/16 10:23:18.000   22.008584096  100.717786326   668.4759   2  24   0.0075   0.0158   0.0102   0.0020   0.0055   0.0026   0.00    1.2 8522614

[TCP数据流] 2025/11/16 18:23:01 - 浮点解 (24颗卫星)
  ECEF: X=-1100347.5115 Y=5813531.9791 Z=2375544.6881
  LLH:  Lat=22.008584030° Lon=100.717786359° H=668.5061m
  原始数据:
2025/11/16 10:23:19.000   22.008584030  100.717786359   668.5061   2  24   0.0072   0.0154   0.0099   0.0022   0.0054   0.0026   1.00    1.4 8522614

[TCP数据流] 2025/11/16 18:23:02 - 浮点解 (24颗卫星)
  ECEF: X=-1100347.5165 Y=5813532.0020 Z=2375544.6905
  LLH:  Lat=22.008583971° Lon=100.717786365° H=668.5287m
  原始数据:
2025/11/16 10:23:20.000   22.008583971  100.717786365   668.5287   2  24   0.0070   0.0151   0.0097   0.0024   0.0054   0.0026   2.00    1.4 8522614

[TCP数据流] 2025/11/16 18:23:03 - 浮点解 (24颗卫星)
  ECEF: X=-1100347.5218 Y=5813532.0182 Z=2375544.6914
  LLH:  Lat=22.008583921° Lon=100.717786386° H=668.5447m
  原始数据:
2025/11/16 10:23:21.000   22.008583921  100.717786386   668.5447   2  24   0.0068   0.0148   0.0095   0.0025   0.0054   0.0026   3.00    1.1 8522614

[TCP数据流] 2025/11/16 18:23:04 - 浮点解 (24颗卫星)
  ECEF: X=-1100347.5247 Y=5813532.0304 Z=2375544.6914
  LLH:  Lat=22.008583879° Lon=100.717786392° H=668.5563m
  原始数据:
2025/11/16 10:23:22.000   22.008583879  100.717786392   668.5563   2  24   0.0067   0.0146   0.0094   0.0025   0.0054   0.0026   4.00    1.2 8522614

[TCP数据流] 2025/11/16 18:23:05 - 浮点解 (24颗卫星)
  ECEF: X=-1100347.5268 Y=5813532.0389 Z=2375544.6913
  LLH:  Lat=22.008583848° Lon=100.717786397° H=668.5644m
  原始数据:
2025/11/16 10:23:23.000   22.008583848  100.717786397   668.5644   2  24   0.0066   0.0144   0.0093   0.0026   0.0053   0.0026   5.00    1.3 8522614

[TCP数据流] 2025/11/16 18:23:06 - 浮点解 (24颗卫星)
  ECEF: X=-1100347.5290 Y=5813532.0454 Z=2375544.6905
  LLH:  Lat=22.008583819° Lon=100.717786406° H=668.5704m
  原始数据:
2025/11/16 10:23:24.000   22.008583819  100.717786406   668.5704   2  24   0.0065   0.0143   0.0092   0.0026   0.0053   0.0026   6.00    1.4 8522614

[TCP数据流] 2025/11/16 18:23:07 - 浮点解 (24颗卫星)
  ECEF: X=-1100347.5302 Y=5813532.0501 Z=2375544.6894
  LLH:  Lat=22.008583793° Lon=100.717786409° H=668.5745m
  原始数据:
2025/11/16 10:23:25.000   22.008583793  100.717786409   668.5745   2  24   0.0065   0.0142   0.0092   0.0026   0.0053   0.0026   7.00    1.5 8522614

[TCP数据流] 2025/11/16 18:23:08 - 浮点解 (24颗卫星)
  ECEF: X=-1100347.5318 Y=5813532.0542 Z=2375544.6887
  LLH:  Lat=22.008583773° Lon=100.717786417° H=668.5782m
  原始数据:
2025/11/16 10:23:26.000   22.008583773  100.717786417   668.5782   2  24   0.0064   0.0141   0.0091   0.0026   0.0053   0.0026   8.00    1.5 8522614

[TCP数据流] 2025/11/16 18:23:09 - 浮点解 (24颗卫星)
  ECEF: X=-1100347.5326 Y=5813532.0570 Z=2375544.6877
  LLH:  Lat=22.008583754° Lon=100.717786419° H=668.5805m
  原始数据:
2025/11/16 10:23:27.000   22.008583754  100.717786419   668.5805   2  24   0.0064   0.0140   0.0091   0.0026   0.0053   0.0026   9.00    1.4 8522614

[TCP数据流] 2025/11/16 18:23:10 - 浮点解 (24颗卫星)
  ECEF: X=-1100347.5334 Y=5813532.0593 Z=2375544.6866
  LLH:  Lat=22.008583737° Lon=100.717786423° H=668.5823m
  原始数据:
2025/11/16 10:23:28.000   22.008583737  100.717786423   668.5823   2  24   0.0064   0.0140   0.0090   0.0027   0.0053   0.0026  10.00    1.5 8522614

[TCP数据流] 2025/11/16 18:23:11 - 浮点解 (24颗卫星)
  ECEF: X=-1100347.5343 Y=5813532.0611 Z=2375544.6856
  LLH:  Lat=22.008583722° Lon=100.717786428° H=668.5837m
  原始数据:
2025/11/16 10:23:29.000   22.008583722  100.717786428   668.5837   2  24   0.0063   0.0139   0.0090   0.0027   0.0053   0.0026  11.00    1.6 8522614

[TCP数据流] 2025/11/16 18:23:12 - 浮点解 (18颗卫星)
  ECEF: X=-1100347.5350 Y=5813532.0625 Z=2375544.6854
  LLH:  Lat=22.008583715° Lon=100.717786432° H=668.5851m
  原始数据:
2025/11/16 10:23:30.000   22.008583715  100.717786432   668.5851   2  18   0.0063   0.0139   0.0090   0.0027   0.0053   0.0026  12.00    1.4 8522614

[TCP数据流] 2025/11/16 18:23:13 - 浮点解 (24颗卫星)
  ECEF: X=-1100347.5355 Y=5813532.0636 Z=2375544.6843
  LLH:  Lat=22.008583702° Lon=100.717786435° H=668.5858m
  原始数据:
2025/11/16 10:23:31.000   22.008583702  100.717786435   668.5858   2  24   0.0063   0.0139   0.0090   0.0027   0.0053   0.0026  13.00    1.6 8522614

[TCP数据流] 2025/11/16 18:23:14 - 浮点解 (24颗卫星)
  ECEF: X=-1100347.5363 Y=5813532.0646 Z=2375544.6833
  LLH:  Lat=22.008583690° Lon=100.717786441° H=668.5864m
  原始数据:
2025/11/16 10:23:32.000   22.008583690  100.717786441   668.5864   2  24   0.0063   0.0138   0.0089   0.0027   0.0053   0.0026  14.00    1.7 8522614

[TCP数据流] 2025/11/16 18:23:15 - 浮点解 (24颗卫星)
  ECEF: X=-1100347.5372 Y=5813532.0653 Z=2375544.6823
  LLH:  Lat=22.008583679° Lon=100.717786448° H=668.5869m
  原始数据:
2025/11/16 10:23:33.000   22.008583679  100.717786448   668.5869   2  24   0.0063   0.0138   0.0089   0.0027   0.0053   0.0026  15.00    1.7 8522614

[TCP数据流] 2025/11/16 18:23:16 - 浮点解 (24颗卫星)
  ECEF: X=-1100347.5385 Y=5813532.0777 Z=2375544.6837
  LLH:  Lat=22.008583648° Lon=100.717786438° H=668.5989m
  原始数据:
2025/11/16 10:23:34.000   22.008583648  100.717786438   668.5989   2  24   0.0061   0.0136   0.0088   0.0027   0.0052   0.0026   1.00    1.7 8522614

[TCP数据流] 2025/11/16 18:23:17 - 浮点解 (24颗卫星)
  ECEF: X=-1100347.5403 Y=5813532.0872 Z=2375544.6852
  LLH:  Lat=22.008583628° Lon=100.717786438° H=668.6084m
  原始数据:
2025/11/16 10:23:35.000   22.008583628  100.717786438   668.6084   2  24   0.0060   0.0134   0.0087   0.0028   0.0052   0.0026   2.00    1.7 8522614

[TCP数据流] 2025/11/16 18:23:18 - 浮点解 (24颗卫星)
  ECEF: X=-1100347.5411 Y=5813532.0945 Z=2375544.6857
  LLH:  Lat=22.008583608° Lon=100.717786433° H=668.6154m
  原始数据:
2025/11/16 10:23:36.000   22.008583608  100.717786433   668.6154   2  24   0.0060   0.0132   0.0086   0.0028   0.0052   0.0026   3.00    1.8 8522614

[TCP数据流] 2025/11/16 18:23:19 - 浮点解 (24颗卫星)
  ECEF: X=-1100347.5414 Y=5813532.0997 Z=2375544.6852
  LLH:  Lat=22.008583586° Lon=100.717786426° H=668.6200m
  原始数据:
2025/11/16 10:23:37.000   22.008583586  100.717786426   668.6200   2  24   0.0059   0.0131   0.0085   0.0028   0.0052   0.0026   4.00    1.8 8522614

[TCP数据流] 2025/11/16 18:23:20 - 浮点解 (24颗卫星)
  ECEF: X=-1100347.5425 Y=5813532.1037 Z=2375544.6847
  LLH:  Lat=22.008583568° Lon=100.717786429° H=668.6236m
  原始数据:
2025/11/16 10:23:38.000   22.008583568  100.717786429   668.6236   2  24   0.0058   0.0130   0.0084   0.0028   0.0051   0.0026   5.00    2.2 8522614

[TCP数据流] 2025/11/16 18:23:21 - 浮点解 (24颗卫星)
  ECEF: X=-1100347.5436 Y=5813532.1068 Z=2375544.6839
  LLH:  Lat=22.008583550° Lon=100.717786434° H=668.6263m
  原始数据:
2025/11/16 10:23:39.000   22.008583550  100.717786434   668.6263   2  24   0.0058   0.0129   0.0084   0.0028   0.0051   0.0026   6.00    1.8 8522614

[TCP数据流] 2025/11/16 18:23:22 - 浮点解 (24颗卫星)
  ECEF: X=-1100347.5444 Y=5813532.1091 Z=2375544.6831
  LLH:  Lat=22.008583535° Lon=100.717786438° H=668.6283m
  原始数据:
2025/11/16 10:23:40.000   22.008583535  100.717786438   668.6283   2  24   0.0058   0.0128   0.0084   0.0028   0.0051   0.0025   7.00    1.8 8522614

[TCP数据流] 2025/11/16 18:23:23 - 浮点解 (24颗卫星)
  ECEF: X=-1100347.5450 Y=5813532.1109 Z=2375544.6820
  LLH:  Lat=22.008583520° Lon=100.717786440° H=668.6296m
  原始数据:
2025/11/16 10:23:41.000   22.008583520  100.717786440   668.6296   2  24   0.0057   0.0128   0.0083   0.0028   0.0051   0.0025   8.00    1.8 8522614

[TCP数据流] 2025/11/16 18:23:24 - 浮点解 (24颗卫星)
  ECEF: X=-1100347.5456 Y=5813532.1121 Z=2375544.6811
  LLH:  Lat=22.008583508° Lon=100.717786444° H=668.6305m
  原始数据:
2025/11/16 10:23:42.000   22.008583508  100.717786444   668.6305   2  24   0.0057   0.0127   0.0083   0.0028   0.0051   0.0025   9.00    1.8 8522614

[TCP数据流] 2025/11/16 18:23:25 - 浮点解 (24颗卫星)
  ECEF: X=-1100347.5463 Y=5813532.1130 Z=2375544.6801
  LLH:  Lat=22.008583496° Lon=100.717786449° H=668.6311m
  原始数据:
2025/11/16 10:23:43.000   22.008583496  100.717786449   668.6311   2  24   0.0057   0.0127   0.0083   0.0028   0.0051   0.0025  10.00    1.5 8522614

[TCP数据流] 2025/11/16 18:23:26 - 浮点解 (24颗卫星)
  ECEF: X=-1100347.5467 Y=5813532.1140 Z=2375544.6791
  LLH:  Lat=22.008583484° Lon=100.717786451° H=668.6316m
  原始数据:
2025/11/16 10:23:44.000   22.008583484  100.717786451   668.6316   2  24   0.0057   0.0127   0.0083   0.0028   0.0051   0.0025  11.00    1.5 8522614

[TCP数据流] 2025/11/16 18:23:27 - 浮点解 (24颗卫星)
  ECEF: X=-1100347.5470 Y=5813532.1146 Z=2375544.6782
  LLH:  Lat=22.008583474° Lon=100.717786452° H=668.6319m
  原始数据:
2025/11/16 10:23:45.000   22.008583474  100.717786452   668.6319   2  24   0.0057   0.0126   0.0082   0.0028   0.0051   0.0025  12.00    1.7 8522614

[TCP数据流] 2025/11/16 18:23:28 - 浮点解 (24颗卫星)
  ECEF: X=-1100347.5476 Y=5813532.1151 Z=2375544.6772
  LLH:  Lat=22.008583464° Lon=100.717786457° H=668.6321m
  原始数据:
2025/11/16 10:23:46.000   22.008583464  100.717786457   668.6321   2  24   0.0057   0.0126   0.0082   0.0028   0.0051   0.0025  13.00    1.7 8522614

[TCP数据流] 2025/11/16 18:23:29 - 浮点解 (24颗卫星)
  ECEF: X=-1100347.5481 Y=5813532.1155 Z=2375544.6762
  LLH:  Lat=22.008583454° Lon=100.717786461° H=668.6322m
  原始数据:
2025/11/16 10:23:47.000   22.008583454  100.717786461   668.6322   2  24   0.0057   0.0126   0.0082   0.0028   0.0051   0.0025  14.00    1.5 8522614

[TCP数据流] 2025/11/16 18:23:30 - 浮点解 (24颗卫星)
  ECEF: X=-1100347.5486 Y=5813532.1159 Z=2375544.6754
  LLH:  Lat=22.008583446° Lon=100.717786465° H=668.6323m
  原始数据:
2025/11/16 10:23:48.000   22.008583446  100.717786465   668.6323   2  24   0.0056   0.0126   0.0082   0.0028   0.0051   0.0025  15.00    1.5 8522614

[TCP数据流] 2025/11/16 18:23:32 - 浮点解 (24颗卫星)
  ECEF: X=-1100347.5490 Y=5813532.1162 Z=2375544.6745
  LLH:  Lat=22.008583437° Lon=100.717786469° H=668.6323m
  原始数据:
2025/11/16 10:23:50.000   22.008583437  100.717786469   668.6323   2  24   0.0056   0.0125   0.0082   0.0028   0.0051   0.0025  17.00    1.5 8522614

[TCP数据流] 2025/11/16 18:23:33 - 浮点解 (24颗卫星)
  ECEF: X=-1100347.5497 Y=5813532.1162 Z=2375544.6738
  LLH:  Lat=22.008583430° Lon=100.717786475° H=668.6322m
  原始数据:
2025/11/16 10:23:51.000   22.008583430  100.717786475   668.6322   2  24   0.0056   0.0125   0.0082   0.0028   0.0051   0.0025  18.00    1.7 8522614

[TCP数据流] 2025/11/16 18:23:34 - 浮点解 (24颗卫星)
  ECEF: X=-1100347.5502 Y=5813532.1165 Z=2375544.6729
  LLH:  Lat=22.008583422° Lon=100.717786480° H=668.6322m
  原始数据:
2025/11/16 10:23:52.000   22.008583422  100.717786480   668.6322   2  24   0.0056   0.0125   0.0082   0.0028   0.0051   0.0025  19.00    1.8 8522614

[TCP数据流] 2025/11/16 18:23:35 - 浮点解 (24颗卫星)
  ECEF: X=-1100347.5509 Y=5813532.1166 Z=2375544.6722
  LLH:  Lat=22.008583415° Lon=100.717786486° H=668.6322m
  原始数据:
2025/11/16 10:23:53.000   22.008583415  100.717786486   668.6322   2  24   0.0056   0.0125   0.0082   0.0028   0.0051   0.0025  20.00    1.8 8522614

[TCP数据流] 2025/11/16 18:23:36 - 浮点解 (24颗卫星)
  ECEF: X=-1100347.5515 Y=5813532.1167 Z=2375544.6715
  LLH:  Lat=22.008583408° Lon=100.717786491° H=668.6321m
  原始数据:
2025/11/16 10:23:54.000   22.008583408  100.717786491   668.6321   2  24   0.0056   0.0125   0.0082   0.0028   0.0051   0.0025  21.00    1.0 8522614

[TCP数据流] 2025/11/16 18:23:37 - 浮点解 (23颗卫星)
  ECEF: X=-1100347.5521 Y=5813532.1170 Z=2375544.6709
  LLH:  Lat=22.008583402° Lon=100.717786497° H=668.6322m
  原始数据:
2025/11/16 10:23:55.000   22.008583402  100.717786497   668.6322   2  23   0.0056   0.0125   0.0082   0.0028   0.0051   0.0025  22.00    1.7 8522614

[TCP数据流] 2025/11/16 18:23:38 - 浮点解 (23颗卫星)
  ECEF: X=-1100347.5527 Y=5813532.1171 Z=2375544.6703
  LLH:  Lat=22.008583396° Lon=100.717786502° H=668.6322m
  原始数据:
2025/11/16 10:23:56.000   22.008583396  100.717786502   668.6322   2  23   0.0056   0.0125   0.0082   0.0028   0.0051   0.0025  23.00    1.8 8522614

[TCP数据流] 2025/11/16 18:23:39 - 浮点解 (23颗卫星)
  ECEF: X=-1100347.5533 Y=5813532.1172 Z=2375544.6697
  LLH:  Lat=22.008583390° Lon=100.717786508° H=668.6322m
  原始数据:
2025/11/16 10:23:57.000   22.008583390  100.717786508   668.6322   2  23   0.0056   0.0125   0.0082   0.0028   0.0051   0.0025  24.00    1.1 8522614

[TCP数据流] 2025/11/16 18:23:40 - 浮点解 (23颗卫星)
  ECEF: X=-1100347.5541 Y=5813532.1174 Z=2375544.6692
  LLH:  Lat=22.008583385° Lon=100.717786515° H=668.6323m
  原始数据:
2025/11/16 10:23:58.000   22.008583385  100.717786515   668.6323   2  23   0.0056   0.0125   0.0082   0.0028   0.0051   0.0025  25.00    1.0 8522614

[TCP数据流] 2025/11/16 18:23:41 - 浮点解 (23颗卫星)
  ECEF: X=-1100347.5549 Y=5813532.1175 Z=2375544.6686
  LLH:  Lat=22.008583379° Lon=100.717786522° H=668.6323m
  原始数据:
2025/11/16 10:23:59.000   22.008583379  100.717786522   668.6323   2  23   0.0056   0.0124   0.0081   0.0028   0.0051   0.0025  26.00    1.1 8522614

[TCP数据流] 2025/11/16 18:23:42 - 浮点解 (23颗卫星)
  ECEF: X=-1100347.5554 Y=5813532.1176 Z=2375544.6680
  LLH:  Lat=22.008583374° Lon=100.717786527° H=668.6323m
  原始数据:
2025/11/16 10:24:00.000   22.008583374  100.717786527   668.6323   2  23   0.0056   0.0124   0.0081   0.0028   0.0051   0.0025  27.00    1.0 8522614

[TCP数据流] 2025/11/16 18:23:43 - 浮点解 (16颗卫星)
  ECEF: X=-1100347.5562 Y=5813532.1177 Z=2375544.6674
  LLH:  Lat=22.008583368° Lon=100.717786534° H=668.6323m
  原始数据:
2025/11/16 10:24:01.000   22.008583368  100.717786534   668.6323   2  16   0.0056   0.0124   0.0081   0.0028   0.0051   0.0025  28.00    2.3 8522614

[TCP数据流] 2025/11/16 18:23:44 - 浮点解 (23颗卫星)
  ECEF: X=-1100347.5569 Y=5813532.1178 Z=2375544.6669
  LLH:  Lat=22.008583363° Lon=100.717786541° H=668.6323m
  原始数据:
2025/11/16 10:24:02.000   22.008583363  100.717786541   668.6323   2  23   0.0056   0.0124   0.0081   0.0028   0.0051   0.0025  29.00    1.1 8522614

[TCP数据流] 2025/11/16 18:23:45 - 浮点解 (24颗卫星)
  ECEF: X=-1100347.5577 Y=5813532.1179 Z=2375544.6664
  LLH:  Lat=22.008583358° Lon=100.717786548° H=668.6323m
  原始数据:
2025/11/16 10:24:03.000   22.008583358  100.717786548   668.6323   2  24   0.0056   0.0124   0.0081   0.0028   0.0050   0.0025  30.00    1.1 8522614

[TCP数据流] 2025/11/16 18:24:26 - 固定解 (23颗卫星)
  ECEF: X=-1100347.7293 Y=5813532.1831 Z=2375544.7120
  LLH:  Lat=22.008583415° Lon=100.717788064° H=668.7384m
  原始数据:
2025/11/16 10:24:44.000   22.008583415  100.717788064   668.7384   1  23   0.0007   0.0020   0.0059  -0.0004   0.0014  -0.0011   8.00    3.5 8522614

[TCP数据流] 2025/11/16 18:24:28 - 固定解 (18颗卫星)
  ECEF: X=-1100347.7024 Y=5813532.1464 Z=2375544.6937
  LLH:  Lat=22.008583400° Lon=100.717787874° H=668.6935m
  原始数据:
2025/11/16 10:24:46.000   22.008583400  100.717787874   668.6935   1  18   0.0012   0.0027   0.0069  -0.0011   0.0019   0.0010  10.00    7.3 8522614

[TCP数据流] 2025/11/16 18:24:30 - 固定解 (18颗卫星)
  ECEF: X=-1100347.7031 Y=5813532.1508 Z=2375544.6969
  LLH:  Lat=22.008583412° Lon=100.717787873° H=668.6988m
  原始数据:
2025/11/16 10:24:48.000   22.008583412  100.717787873   668.6988   1  18   0.0012   0.0027   0.0069  -0.0011   0.0019   0.0009  12.00    6.8 8522614

[TCP数据流] 2025/11/16 18:24:31 - 固定解 (22颗卫星)
  ECEF: X=-1100347.7198 Y=5813532.1771 Z=2375544.7102
  LLH:  Lat=22.008583426° Lon=100.717787984° H=668.7306m
  原始数据:
2025/11/16 10:24:49.000   22.008583426  100.717787984   668.7306   1  22   0.0007   0.0022   0.0061  -0.0005   0.0019  -0.0012  13.00    3.9 8522614

[TCP数据流] 2025/11/16 18:24:32 - 固定解 (11颗卫星)
  ECEF: X=-1100347.6997 Y=5813532.1518 Z=2375544.6977
  LLH:  Lat=22.008583418° Lon=100.717787838° H=668.6994m
  原始数据:
2025/11/16 10:24:50.000   22.008583418  100.717787838   668.6994   1  11   0.0012   0.0028   0.0068  -0.0012   0.0018   0.0009  14.00    6.9 8522614

[TCP数据流] 2025/11/16 18:24:33 - 固定解 (22颗卫星)
  ECEF: X=-1100347.7187 Y=5813532.1771 Z=2375544.7101
  LLH:  Lat=22.008583426° Lon=100.717787974° H=668.7304m
  原始数据:
2025/11/16 10:24:51.000   22.008583426  100.717787974   668.7304   1  22   0.0007   0.0022   0.0060  -0.0005   0.0018  -0.0012  15.00    3.9 8522614

[TCP数据流] 2025/11/16 18:24:34 - 固定解 (22颗卫星)
  ECEF: X=-1100347.7178 Y=5813532.1773 Z=2375544.7102
  LLH:  Lat=22.008583426° Lon=100.717787965° H=668.7305m
  原始数据:
2025/11/16 10:24:52.000   22.008583426  100.717787965   668.7305   1  22   0.0007   0.0023   0.0060  -0.0006   0.0018  -0.0012  16.00    3.7 8522614

[TCP数据流] 2025/11/16 18:24:35 - 固定解 (11颗卫星)
  ECEF: X=-1100347.6978 Y=5813532.1519 Z=2375544.6980
  LLH:  Lat=22.008583421° Lon=100.717787820° H=668.6993m
  原始数据:
2025/11/16 10:24:53.000   22.008583421  100.717787820   668.6993   1  11   0.0012   0.0028   0.0068  -0.0011   0.0018   0.0009  17.00    7.6 8522614

[TCP数据流] 2025/11/16 18:24:36 - 固定解 (23颗卫星)
  ECEF: X=-1100347.7158 Y=5813532.1758 Z=2375544.7097
  LLH:  Lat=22.008583428° Lon=100.717787948° H=668.7286m
  原始数据:
2025/11/16 10:24:54.000   22.008583428  100.717787948   668.7286   1  23   0.0007   0.0023   0.0061  -0.0006   0.0020  -0.0012  18.00    3.6 8522614

[TCP数据流] 2025/11/16 18:24:37 - 固定解 (18颗卫星)
  ECEF: X=-1100347.7259 Y=5813532.1528 Z=2375544.7058
  LLH:  Lat=22.008583466° Lon=100.717788086° H=668.7079m
  原始数据:
2025/11/16 10:24:55.000   22.008583466  100.717788086   668.7079   1  18   0.0010   0.0031   0.0068   0.0008  -0.0009  -0.0019  19.00    3.6 8522614

[TCP数据流] 2025/11/16 18:24:38 - 固定解 (23颗卫星)
  ECEF: X=-1100347.7161 Y=5813532.1744 Z=2375544.7088
  LLH:  Lat=22.008583425° Lon=100.717787954° H=668.7270m
  原始数据:
2025/11/16 10:24:56.000   22.008583425  100.717787954   668.7270   1  23   0.0007   0.0023   0.0061  -0.0006   0.0020  -0.0012  20.00    3.7 8522614

[TCP数据流] 2025/11/16 18:24:39 - 固定解 (19颗卫星)
  ECEF: X=-1100347.6941 Y=5813532.1457 Z=2375544.6949
  LLH:  Lat=22.008583418° Lon=100.717787796° H=668.6918m
  原始数据:
2025/11/16 10:24:57.000   22.008583418  100.717787796   668.6918   1  19   0.0011   0.0028   0.0067  -0.0011   0.0023  -0.0003  21.00    7.9 8522614

[TCP数据流] 2025/11/16 18:24:40 - 固定解 (19颗卫星)
  ECEF: X=-1100347.6938 Y=5813532.1458 Z=2375544.6949
  LLH:  Lat=22.008583418° Lon=100.717787793° H=668.6919m
  原始数据:
2025/11/16 10:24:58.000   22.008583418  100.717787793   668.6919   1  19   0.0011   0.0028   0.0067  -0.0011   0.0023  -0.0003  22.00    8.0 8522614

[TCP数据流] 2025/11/16 18:24:41 - 固定解 (23颗卫星)
  ECEF: X=-1100347.7152 Y=5813532.1747 Z=2375544.7089
  LLH:  Lat=22.008583426° Lon=100.717787945° H=668.7272m
  原始数据:
2025/11/16 10:24:59.000   22.008583426  100.717787945   668.7272   1  23   0.0007   0.0023   0.0060  -0.0006   0.0020  -0.0012  23.00    3.6 8522614

[TCP数据流] 2025/11/16 18:24:44 - 固定解 (18颗卫星)
  ECEF: X=-1100347.7268 Y=5813532.1509 Z=2375544.7050
  LLH:  Lat=22.008583465° Lon=100.717788098° H=668.7060m
  原始数据:
2025/11/16 10:25:02.000   22.008583465  100.717788098   668.7060   1  18   0.0010   0.0030   0.0068   0.0008  -0.0008  -0.0019  26.00    3.9 8522614

[TCP数据流] 2025/11/16 18:24:45 - 固定解 (19颗卫星)
  ECEF: X=-1100347.6933 Y=5813532.1459 Z=2375544.6950
  LLH:  Lat=22.008583419° Lon=100.717787788° H=668.6920m
  原始数据:
2025/11/16 10:25:03.000   22.008583419  100.717787788   668.6920   1  19   0.0011   0.0027   0.0067  -0.0011   0.0023  -0.0003  27.00    8.0 8522614

[TCP数据流] 2025/11/16 18:24:46 - 固定解 (16颗卫星)
  ECEF: X=-1100347.7143 Y=5813532.1768 Z=2375544.7100
  LLH:  Lat=22.008583429° Lon=100.717787932° H=668.7293m
  原始数据:
2025/11/16 10:25:04.000   22.008583429  100.717787932   668.7293   1  16   0.0007   0.0023   0.0061  -0.0006   0.0019  -0.0012  28.00    3.6 8522614

[TCP数据流] 2025/11/16 18:24:47 - 固定解 (16颗卫星)
  ECEF: X=-1100347.7141 Y=5813532.1768 Z=2375544.7100
  LLH:  Lat=22.008583429° Lon=100.717787930° H=668.7293m
  原始数据:
2025/11/16 10:25:05.000   22.008583429  100.717787930   668.7293   1  16   0.0007   0.0023   0.0061  -0.0006   0.0019  -0.0012  29.00    3.6 8522614

[TCP数据流] 2025/11/16 18:24:48 - 固定解 (18颗卫星)
  ECEF: X=-1100347.7268 Y=5813532.1505 Z=2375544.7049
  LLH:  Lat=22.008583465° Lon=100.717788099° H=668.7056m
  原始数据:
2025/11/16 10:25:06.000   22.008583465  100.717788099   668.7056   1  18   0.0010   0.0030   0.0068   0.0008  -0.0008  -0.0019  30.00    4.0 8522614

[TCP数据流] 2025/11/16 18:25:17 - 浮点解 (23颗卫星)
  ECEF: X=-1100347.5677 Y=5813532.1464 Z=2375544.6636
  LLH:  Lat=22.008583233° Lon=100.717786592° H=668.6590m
  原始数据:
2025/11/16 10:25:35.000   22.008583233  100.717786592   668.6590   2  23   0.0053   0.0117   0.0077   0.0026   0.0049   0.0027   0.00    0.0 8522614

[TCP数据流] 2025/11/16 18:25:18 - 浮点解 (23颗卫星)
  ECEF: X=-1100347.5691 Y=5813532.1505 Z=2375544.6635
  LLH:  Lat=22.008583218° Lon=100.717786598° H=668.6629m
  原始数据:
2025/11/16 10:25:36.000   22.008583218  100.717786598   668.6629   2  23   0.0053   0.0117   0.0076   0.0026   0.0049   0.0027   0.00    0.0 8522614

[TCP数据流] 2025/11/16 18:25:20 - 浮点解 (7颗卫星)
  ECEF: X=-1100347.5691 Y=5813532.1505 Z=2375544.6635
  LLH:  Lat=22.008583218° Lon=100.717786598° H=668.6629m
  原始数据:
2025/11/16 10:25:38.000   22.008583218  100.717786598   668.6629   2   7   0.0053   0.0117   0.0076   0.0026   0.0049   0.0027   1.00    0.0 8522614

[TCP数据流] 2025/11/16 18:25:21 - 浮点解 (7颗卫星)
  ECEF: X=-1100347.5691 Y=5813532.1505 Z=2375544.6635
  LLH:  Lat=22.008583218° Lon=100.717786598° H=668.6629m
  原始数据:
2025/11/16 10:25:39.000   22.008583218  100.717786598   668.6629   2   7   0.0053   0.0117   0.0076   0.0026   0.0049   0.0027   2.00    0.0 8522614

[TCP数据流] 2025/11/16 18:25:22 - 浮点解 (19颗卫星)
  ECEF: X=-1100347.5690 Y=5813532.1505 Z=2375544.6635
  LLH:  Lat=22.008583218° Lon=100.717786597° H=668.6629m
  原始数据:
2025/11/16 10:25:40.000   22.008583218  100.717786597   668.6629   2  19   0.0053   0.0117   0.0076   0.0026   0.0049   0.0027   3.00    0.0 8522614

[TCP数据流] 2025/11/16 18:25:23 - 固定解 (18颗卫星)
  ECEF: X=-1100347.4962 Y=5813532.1386 Z=2375544.6391
  LLH:  Lat=22.008583099° Lon=100.717785926° H=668.6304m
  原始数据:
2025/11/16 10:25:41.000   22.008583099  100.717785926   668.6304   1  18   0.0034   0.0035   0.0048  -0.0005   0.0029   0.0027   4.00    6.5 8522614

[TCP数据流] 2025/11/16 18:25:24 - 固定解 (18颗卫星)
  ECEF: X=-1100347.4951 Y=5813532.1384 Z=2375544.6382
  LLH:  Lat=22.008583093° Lon=100.717785916° H=668.6297m
  原始数据:
2025/11/16 10:25:42.000   22.008583093  100.717785916   668.6297   1  18   0.0033   0.0035   0.0048  -0.0004   0.0028   0.0026   5.00    6.3 8522614

[TCP数据流] 2025/11/16 18:25:25 - 固定解 (16颗卫星)
  ECEF: X=-1100347.7339 Y=5813532.1605 Z=2375544.6916
  LLH:  Lat=22.008583316° Lon=100.717788148° H=668.7110m
  原始数据:
2025/11/16 10:25:43.000   22.008583316  100.717788148   668.7110   1  16   0.0028   0.0029   0.0068   0.0008  -0.0011  -0.0008   6.00    5.0 8522614

[TCP数据流] 2025/11/16 18:25:26 - 浮点解 (18颗卫星)
  ECEF: X=-1100347.5708 Y=5813532.1572 Z=2375544.6630
  LLH:  Lat=22.008583191° Lon=100.717786602° H=668.6691m
  原始数据:
2025/11/16 10:25:44.000   22.008583191  100.717786602   668.6691   2  18   0.0053   0.0117   0.0075   0.0026   0.0049   0.0028   7.00    1.0 8522614

[TCP数据流] 2025/11/16 18:25:27 - 固定解 (7颗卫星)
  ECEF: X=-1100347.7004 Y=5813532.1537 Z=2375544.6980
  LLH:  Lat=22.008583414° Lon=100.717787842° H=668.7014m
  原始数据:
2025/11/16 10:25:45.000   22.008583414  100.717787842   668.7014   1   7   0.0033   0.0041   0.0068  -0.0006   0.0010  -0.0016   8.00    7.6 8522614

[TCP数据流] 2025/11/16 18:25:28 - 浮点解 (20颗卫星)
  ECEF: X=-1100347.5707 Y=5813532.1572 Z=2375544.6630
  LLH:  Lat=22.008583191° Lon=100.717786601° H=668.6691m
  原始数据:
2025/11/16 10:25:46.000   22.008583191  100.717786601   668.6691   2  20   0.0053   0.0117   0.0075   0.0026   0.0049   0.0028   9.00    1.2 8522614

[TCP数据流] 2025/11/16 18:25:30 - 浮点解 (18颗卫星)
  ECEF: X=-1100347.5709 Y=5813532.1578 Z=2375544.6631
  LLH:  Lat=22.008583189° Lon=100.717786602° H=668.6697m
  原始数据:
2025/11/16 10:25:48.000   22.008583189  100.717786602   668.6697   2  18   0.0053   0.0117   0.0075   0.0026   0.0049   0.0028  11.00    2.4 8522614

[TCP数据流] 2025/11/16 18:25:32 - 固定解 (13颗卫星)
  ECEF: X=-1100347.7017 Y=5813532.1640 Z=2375544.6910
  LLH:  Lat=22.008583320° Lon=100.717787835° H=668.7084m
  原始数据:
2025/11/16 10:25:50.000   22.008583320  100.717787835   668.7084   1  13   0.0024   0.0030   0.0066  -0.0015   0.0015   0.0003  13.00    4.6 8522614

[TCP数据流] 2025/11/16 18:25:33 - 浮点解 (20颗卫星)
  ECEF: X=-1100347.5710 Y=5813532.1578 Z=2375544.6631
  LLH:  Lat=22.008583189° Lon=100.717786603° H=668.6697m
  原始数据:
2025/11/16 10:25:51.000   22.008583189  100.717786603   668.6697   2  20   0.0053   0.0117   0.0075   0.0026   0.0049   0.0028  14.00    1.5 8522614

[TCP数据流] 2025/11/16 18:25:34 - 浮点解 (18颗卫星)
  ECEF: X=-1100347.5713 Y=5813532.1580 Z=2375544.6631
  LLH:  Lat=22.008583188° Lon=100.717786605° H=668.6700m
  原始数据:
2025/11/16 10:25:52.000   22.008583188  100.717786605   668.6700   2  18   0.0053   0.0117   0.0075   0.0026   0.0049   0.0028  15.00    1.8 8522614

[TCP数据流] 2025/11/16 18:25:35 - 浮点解 (18颗卫星)
  ECEF: X=-1100347.5716 Y=5813532.1583 Z=2375544.6630
  LLH:  Lat=22.008583186° Lon=100.717786608° H=668.6703m
  原始数据:
2025/11/16 10:25:53.000   22.008583186  100.717786608   668.6703   2  18   0.0053   0.0117   0.0075   0.0026   0.0049   0.0028  16.00    2.4 8522614

[TCP数据流] 2025/11/16 18:25:36 - 浮点解 (17颗卫星)
  ECEF: X=-1100347.5719 Y=5813532.1586 Z=2375544.6631
  LLH:  Lat=22.008583186° Lon=100.717786610° H=668.6706m
  原始数据:
2025/11/16 10:25:54.000   22.008583186  100.717786610   668.6706   2  17   0.0053   0.0117   0.0075   0.0026   0.0048   0.0029  17.00    2.5 8522614

[TCP数据流] 2025/11/16 18:25:37 - 固定解 (13颗卫星)
  ECEF: X=-1100347.6994 Y=5813532.1648 Z=2375544.6918
  LLH:  Lat=22.008583325° Lon=100.717787812° H=668.7090m
  原始数据:
2025/11/16 10:25:55.000   22.008583325  100.717787812   668.7090   1  13   0.0024   0.0030   0.0066  -0.0016   0.0017  -0.0003  18.00    4.5 8522614

[TCP数据流] 2025/11/16 18:25:39 - 固定解 (18颗卫星)
  ECEF: X=-1100347.7181 Y=5813532.2504 Z=2375544.7080
  LLH:  Lat=22.008583165° Lon=100.717787836° H=668.7963m
  原始数据:
2025/11/16 10:25:57.000   22.008583165  100.717787836   668.7963   1  18   0.0023   0.0017   0.0039  -0.0005   0.0018   0.0017  20.00    3.7 8522614

[TCP数据流] 2025/11/16 18:25:40 - 浮点解 (19颗卫星)
  ECEF: X=-1100347.5724 Y=5813532.1587 Z=2375544.6631
  LLH:  Lat=22.008583185° Lon=100.717786615° H=668.6708m
  原始数据:
2025/11/16 10:25:58.000   22.008583185  100.717786615   668.6708   2  19   0.0053   0.0117   0.0075   0.0026   0.0048   0.0029  21.00    2.4 8522614

[TCP数据流] 2025/11/16 18:25:41 - 浮点解 (16颗卫星)
  ECEF: X=-1100347.5729 Y=5813532.1588 Z=2375544.6631
  LLH:  Lat=22.008583185° Lon=100.717786619° H=668.6710m
  原始数据:
2025/11/16 10:25:59.000   22.008583185  100.717786619   668.6710   2  16   0.0053   0.0117   0.0075   0.0026   0.0048   0.0029  22.00    1.9 8522614

[TCP数据流] 2025/11/16 18:25:42 - 浮点解 (16颗卫星)
  ECEF: X=-1100347.5734 Y=5813532.1589 Z=2375544.6631
  LLH:  Lat=22.008583184° Lon=100.717786624° H=668.6712m
  原始数据:
2025/11/16 10:26:00.000   22.008583184  100.717786624   668.6712   2  16   0.0053   0.0117   0.0075   0.0026   0.0048   0.0029  23.00    1.9 8522614

[TCP数据流] 2025/11/16 18:25:43 - 浮点解 (19颗卫星)
  ECEF: X=-1100347.5738 Y=5813532.1589 Z=2375544.6631
  LLH:  Lat=22.008583184° Lon=100.717786628° H=668.6712m
  原始数据:
2025/11/16 10:26:01.000   22.008583184  100.717786628   668.6712   2  19   0.0053   0.0117   0.0075   0.0026   0.0048   0.0029  24.00    1.3 8522614

[TCP数据流] 2025/11/16 18:25:45 - 浮点解 (14颗卫星)
  ECEF: X=-1100347.5738 Y=5813532.1589 Z=2375544.6631
  LLH:  Lat=22.008583184° Lon=100.717786628° H=668.6712m
  原始数据:
2025/11/16 10:26:03.000   22.008583184  100.717786628   668.6712   2  14   0.0053   0.0117   0.0075   0.0026   0.0048   0.0029  26.00    1.3 8522614

[TCP数据流] 2025/11/16 18:25:48 - 固定解 (7颗卫星)
  ECEF: X=-1100347.7033 Y=5813532.1549 Z=2375544.6978
  LLH:  Lat=22.008583406° Lon=100.717787867° H=668.7029m
  原始数据:
2025/11/16 10:26:06.000   22.008583406  100.717787867   668.7029   1   7   0.0031   0.0037   0.0068  -0.0006   0.0007  -0.0018  29.00    8.8 8522614

[TCP数据流] 2025/11/16 18:25:49 - 浮点解 (23颗卫星)
  ECEF: X=-1100347.5743 Y=5813532.1590 Z=2375544.6631
  LLH:  Lat=22.008583183° Lon=100.717786632° H=668.6714m
  原始数据:
2025/11/16 10:26:07.000   22.008583183  100.717786632   668.6714   2  23   0.0053   0.0117   0.0075   0.0026   0.0048   0.0029  30.00    2.1 8522614

[TCP数据流] 2025/11/16 18:26:51 - 浮点解 (20颗卫星)
  ECEF: X=-1100347.5750 Y=5813532.1593 Z=2375544.6637
  LLH:  Lat=22.008583187° Lon=100.717786638° H=668.6720m
  原始数据:
2025/11/16 10:27:09.000   22.008583187  100.717786638   668.6720   2  20   0.0053   0.0117   0.0075   0.0026   0.0048   0.0029   0.00    2.8 8522614

[TCP数据流] 2025/11/16 18:26:55 - 浮点解 (20颗卫星)
  ECEF: X=-1100347.5751 Y=5813532.1593 Z=2375544.6639
  LLH:  Lat=22.008583188° Lon=100.717786639° H=668.6721m
  原始数据:
2025/11/16 10:27:13.000   22.008583188  100.717786639   668.6721   2  20   0.0053   0.0117   0.0075   0.0026   0.0048   0.0029   3.00    2.5 8522614

[TCP数据流] 2025/11/16 18:26:56 - 浮点解 (20颗卫星)
  ECEF: X=-1100347.5753 Y=5813532.1594 Z=2375544.6639
  LLH:  Lat=22.008583188° Lon=100.717786641° H=668.6722m
  原始数据:
2025/11/16 10:27:14.000   22.008583188  100.717786641   668.6722   2  20   0.0053   0.0117   0.0075   0.0026   0.0048   0.0029   4.00    2.8 8522614

[TCP数据流] 2025/11/16 18:26:58 - 浮点解 (20颗卫星)
  ECEF: X=-1100347.5755 Y=5813532.1593 Z=2375544.6639
  LLH:  Lat=22.008583188° Lon=100.717786643° H=668.6722m
  原始数据:
2025/11/16 10:27:16.000   22.008583188  100.717786643   668.6722   2  20   0.0053   0.0117   0.0075   0.0026   0.0048   0.0029   6.00    2.9 8522614

[TCP数据流] 2025/11/16 18:27:00 - 浮点解 (7颗卫星)
  ECEF: X=-1100347.5756 Y=5813532.1593 Z=2375544.6639
  LLH:  Lat=22.008583188° Lon=100.717786644° H=668.6722m
  原始数据:
2025/11/16 10:27:18.000   22.008583188  100.717786644   668.6722   2   7   0.0053   0.0117   0.0075   0.0026   0.0048   0.0029   8.00    0.0 8522614

[TCP数据流] 2025/11/16 18:27:02 - 固定解 (13颗卫星)
  ECEF: X=-1100347.6668 Y=5813532.1521 Z=2375544.6911
  LLH:  Lat=22.008583382° Lon=100.717787525° H=668.6916m
  原始数据:
2025/11/16 10:27:20.000   22.008583382  100.717787525   668.6916   1  13   0.0020   0.0021   0.0073  -0.0002   0.0025   0.0016  10.00    5.8 8522614

[TCP数据流] 2025/11/16 18:27:04 - 固定解 (25颗卫星)
  ECEF: X=-1100347.6907 Y=5813532.2283 Z=2375544.7204
  LLH:  Lat=22.008583359° Lon=100.717787615° H=668.7761m
  原始数据:
2025/11/16 10:27:22.000   22.008583359  100.717787615   668.7761   1  25   0.0019   0.0016   0.0042   0.0002   0.0019   0.0017  12.00    4.5 8522614

[TCP数据流] 2025/11/16 18:27:05 - 固定解 (25颗卫星)
  ECEF: X=-1100347.6906 Y=5813532.2285 Z=2375544.7207
  LLH:  Lat=22.008583361° Lon=100.717787614° H=668.7764m
  原始数据:
2025/11/16 10:27:23.000   22.008583361  100.717787614   668.7764   1  25   0.0019   0.0016   0.0041   0.0002   0.0019   0.0017  13.00    4.5 8522614

[TCP数据流] 2025/11/16 18:31:32 - 固定解 (12颗卫星)
  ECEF: X=-1100347.7028 Y=5813532.1608 Z=2375544.6994
  LLH:  Lat=22.008583400° Lon=100.717787852° H=668.7088m
  原始数据:
2025/11/16 10:31:50.000   22.008583400  100.717787852   668.7088   1  12   0.0038   0.0051   0.0069   0.0001   0.0014  -0.0006  13.00    3.9 8522614

[TCP数据流] 2025/11/16 18:31:33 - 固定解 (7颗卫星)
  ECEF: X=-1100347.7038 Y=5813532.1608 Z=2375544.6998
  LLH:  Lat=22.008583403° Lon=100.717787861° H=668.7091m
  原始数据:
2025/11/16 10:31:51.000   22.008583403  100.717787861   668.7091   1   7   0.0038   0.0050   0.0069  -0.0001   0.0013  -0.0007  14.00    3.9 8522614

[TCP数据流] 2025/11/16 18:31:39 - 浮点解 (19颗卫星)
  ECEF: X=-1100347.5840 Y=5813532.1624 Z=2375544.6671
  LLH:  Lat=22.008583199° Lon=100.717786718° H=668.6777m
  原始数据:
2025/11/16 10:31:57.000   22.008583199  100.717786718   668.6777   2  19   0.0052   0.0116   0.0075   0.0027   0.0048   0.0029  20.00    2.9 8522614

[TCP数据流] 2025/11/16 18:31:41 - 固定解 (19颗卫星)
  ECEF: X=-1100347.7069 Y=5813532.1728 Z=2375544.6917
  LLH:  Lat=22.008583293° Lon=100.717787869° H=668.7175m
  原始数据:
2025/11/16 10:31:59.000   22.008583293  100.717787869   668.7175   1  19   0.0020   0.0045   0.0065  -0.0018   0.0008   0.0010  22.00    5.7 8522614

[TCP数据流] 2025/11/16 18:31:45 - 固定解 (19颗卫星)
  ECEF: X=-1100347.7098 Y=5813532.1829 Z=2375544.6937
  LLH:  Lat=22.008583275° Lon=100.717787879° H=668.7280m
  原始数据:
2025/11/16 10:32:03.000   22.008583275  100.717787879   668.7280   1  19   0.0020   0.0047   0.0063  -0.0019   0.0013   0.0012  26.00    3.5 8522614

[TCP数据流] 2025/11/16 18:31:47 - 固定解 (19颗卫星)
  ECEF: X=-1100347.7103 Y=5813532.1831 Z=2375544.6940
  LLH:  Lat=22.008583276° Lon=100.717787883° H=668.7284m
  原始数据:
2025/11/16 10:32:05.000   22.008583276  100.717787883   668.7284   1  19   0.0020   0.0047   0.0063  -0.0018   0.0013   0.0012  28.00    3.5 8522614

[TCP数据流] 2025/11/16 18:32:15 - 浮点解 (19颗卫星)
  ECEF: X=-1100347.5861 Y=5813532.1623 Z=2375544.6676
  LLH:  Lat=22.008583202° Lon=100.717786739° H=668.6781m
  原始数据:
2025/11/16 10:32:33.000   22.008583202  100.717786739   668.6781   2  19   0.0052   0.0116   0.0074   0.0026   0.0048   0.0029   0.00    0.0 8522614

[TCP数据流] 2025/11/16 18:32:19 - 浮点解 (12颗卫星)
  ECEF: X=-1100347.5872 Y=5813532.1623 Z=2375544.6683
  LLH:  Lat=22.008583207° Lon=100.717786749° H=668.6786m
  原始数据:
2025/11/16 10:32:37.000   22.008583207  100.717786749   668.6786   2  12   0.0052   0.0116   0.0074   0.0026   0.0048   0.0029   0.00    0.0 8522614

[TCP数据流] 2025/11/16 18:32:21 - 固定解 (12颗卫星)
  ECEF: X=-1100347.5704 Y=5813532.1627 Z=2375544.6690
  LLH:  Lat=22.008583223° Lon=100.717786589° H=668.6763m
  原始数据:
2025/11/16 10:32:39.000   22.008583223  100.717786589   668.6763   1  12   0.0032   0.0053   0.0070   0.0026   0.0037   0.0023   0.00  153.9 8522614

[TCP数据流] 2025/11/16 18:32:26 - 浮点解 (7颗卫星)
  ECEF: X=-1100347.5870 Y=5813532.1620 Z=2375544.6687
  LLH:  Lat=22.008583212° Lon=100.717786748° H=668.6784m
  原始数据:
2025/11/16 10:32:44.000   22.008583212  100.717786748   668.6784   2   7   0.0052   0.0116   0.0074   0.0026   0.0048   0.0029   5.00    0.0 8522614

[TCP数据流] 2025/11/16 18:32:27 - 浮点解 (24颗卫星)
  ECEF: X=-1100347.5877 Y=5813532.1618 Z=2375544.6687
  LLH:  Lat=22.008583212° Lon=100.717786755° H=668.6784m
  原始数据:
2025/11/16 10:32:45.000   22.008583212  100.717786755   668.6784   2  24   0.0052   0.0116   0.0074   0.0026   0.0048   0.0029   6.00    2.5 8522614

[TCP数据流] 2025/11/16 18:32:28 - 浮点解 (24颗卫星)
  ECEF: X=-1100347.5885 Y=5813532.1618 Z=2375544.6687
  LLH:  Lat=22.008583212° Lon=100.717786762° H=668.6785m
  原始数据:
2025/11/16 10:32:46.000   22.008583212  100.717786762   668.6785   2  24   0.0052   0.0116   0.0074   0.0026   0.0048   0.0029   7.00    1.9 8522614

[TCP数据流] 2025/11/16 18:32:34 - 浮点解 (24颗卫星)
  ECEF: X=-1100347.5889 Y=5813532.1617 Z=2375544.6687
  LLH:  Lat=22.008583212° Lon=100.717786766° H=668.6785m
  原始数据:
2025/11/16 10:32:52.000   22.008583212  100.717786766   668.6785   2  24   0.0052   0.0116   0.0074   0.0026   0.0048   0.0029  13.00    1.6 8522614

[TCP数据流] 2025/11/16 18:32:35 - 浮点解 (24颗卫星)
  ECEF: X=-1100347.5893 Y=5813532.1617 Z=2375544.6686
  LLH:  Lat=22.008583211° Lon=100.717786770° H=668.6785m
  原始数据:
2025/11/16 10:32:53.000   22.008583211  100.717786770   668.6785   2  24   0.0052   0.0116   0.0074   0.0026   0.0047   0.0029  14.00    2.8 8522614

[TCP数据流] 2025/11/16 18:32:36 - 浮点解 (24颗卫星)
  ECEF: X=-1100347.5897 Y=5813532.1616 Z=2375544.6686
  LLH:  Lat=22.008583211° Lon=100.717786774° H=668.6785m
  原始数据:
2025/11/16 10:32:54.000   22.008583211  100.717786774   668.6785   2  24   0.0052   0.0116   0.0074   0.0026   0.0047   0.0029  15.00    2.6 8522614

[TCP数据流] 2025/11/16 18:32:37 - 浮点解 (24颗卫星)
  ECEF: X=-1100347.5901 Y=5813532.1615 Z=2375544.6686
  LLH:  Lat=22.008583211° Lon=100.717786778° H=668.6785m
  原始数据:
2025/11/16 10:32:55.000   22.008583211  100.717786778   668.6785   2  24   0.0052   0.0116   0.0074   0.0026   0.0047   0.0029  16.00    2.5 8522614

[TCP数据流] 2025/11/16 18:32:41 - 浮点解 (24颗卫星)
  ECEF: X=-1100347.5902 Y=5813532.1615 Z=2375544.6685
  LLH:  Lat=22.008583210° Lon=100.717786779° H=668.6785m
  原始数据:
2025/11/16 10:32:59.000   22.008583210  100.717786779   668.6785   2  24   0.0052   0.0116   0.0074   0.0026   0.0047   0.0029  20.00    2.6 8522614

[TCP数据流] 2025/11/16 18:32:42 - 浮点解 (24颗卫星)
  ECEF: X=-1100347.5906 Y=5813532.1615 Z=2375544.6685
  LLH:  Lat=22.008583210° Lon=100.717786783° H=668.6785m
  原始数据:
2025/11/16 10:33:00.000   22.008583210  100.717786783   668.6785   2  24   0.0052   0.0116   0.0074   0.0026   0.0047   0.0029  21.00    2.6 8522614

[TCP数据流] 2025/11/16 18:32:43 - 浮点解 (24颗卫星)
  ECEF: X=-1100347.5909 Y=5813532.1615 Z=2375544.6684
  LLH:  Lat=22.008583209° Lon=100.717786786° H=668.6785m
  原始数据:
2025/11/16 10:33:01.000   22.008583209  100.717786786   668.6785   2  24   0.0052   0.0116   0.0074   0.0026   0.0047   0.0029  22.00    2.5 8522614

[TCP数据流] 2025/11/16 18:32:44 - 浮点解 (24颗卫星)
  ECEF: X=-1100347.5912 Y=5813532.1615 Z=2375544.6685
  LLH:  Lat=22.008583209° Lon=100.717786789° H=668.6786m
  原始数据:
2025/11/16 10:33:02.000   22.008583209  100.717786789   668.6786   2  24   0.0052   0.0116   0.0074   0.0026   0.0047   0.0029  23.00    2.4 8522614

[TCP数据流] 2025/11/16 18:32:50 - 浮点解 (24颗卫星)
  ECEF: X=-1100347.5911 Y=5813532.1615 Z=2375544.6683
  LLH:  Lat=22.008583208° Lon=100.717786788° H=668.6785m
  原始数据:
2025/11/16 10:33:08.000   22.008583208  100.717786788   668.6785   2  24   0.0052   0.0116   0.0074   0.0026   0.0047   0.0029  29.00    2.4 8522614

[TCP数据流] 2025/11/16 18:32:51 - 浮点解 (24颗卫星)
  ECEF: X=-1100347.5910 Y=5813532.1615 Z=2375544.6682
  LLH:  Lat=22.008583207° Lon=100.717786787° H=668.6785m
  原始数据:
2025/11/16 10:33:09.000   22.008583207  100.717786787   668.6785   2  24   0.0052   0.0116   0.0074   0.0026   0.0047   0.0029  30.00    2.5 8522614

[TCP数据流] 2025/11/16 18:33:54 - 固定解 (24颗卫星)
  ECEF: X=-1100347.6908 Y=5813532.2048 Z=2375544.6900
  LLH:  Lat=22.008583183° Lon=100.717787658° H=668.7433m
  原始数据:
2025/11/16 10:34:12.000   22.008583183  100.717787658   668.7433   1  24   0.0025   0.0014   0.0055  -0.0005   0.0017   0.0025   0.00    3.3 8522614

[TCP数据流] 2025/11/16 18:33:55 - 固定解 (24颗卫星)
  ECEF: X=-1100347.6908 Y=5813532.2061 Z=2375544.6865
  LLH:  Lat=22.008583149° Lon=100.717787656° H=668.7432m
  原始数据:
2025/11/16 10:34:13.000   22.008583149  100.717787656   668.7432   1  24   0.0027   0.0013   0.0054   0.0004   0.0017   0.0027   1.00    3.2 8522614

[TCP数据流] 2025/11/16 18:33:56 - 固定解 (24颗卫星)
  ECEF: X=-1100347.6912 Y=5813532.2076 Z=2375544.6871
  LLH:  Lat=22.008583149° Lon=100.717787657° H=668.7448m
  原始数据:
2025/11/16 10:34:14.000   22.008583149  100.717787657   668.7448   1  24   0.0026   0.0013   0.0052   0.0004   0.0017   0.0026   2.00    3.2 8522614

[TCP数据流] 2025/11/16 18:34:01 - 固定解 (24颗卫星)
  ECEF: X=-1100347.6913 Y=5813532.2079 Z=2375544.6873
  LLH:  Lat=22.008583149° Lon=100.717787657° H=668.7452m
  原始数据:
2025/11/16 10:34:19.000   22.008583149  100.717787657   668.7452   1  24   0.0026   0.0013   0.0051   0.0004   0.0016   0.0026   7.00    3.2 8522614

[TCP数据流] 2025/11/16 18:34:02 - 固定解 (19颗卫星)
  ECEF: X=-1100347.6507 Y=5813532.1918 Z=2375544.6513
  LLH:  Lat=22.008582927° Lon=100.717787300° H=668.7100m
  原始数据:
2025/11/16 10:34:20.000   22.008582927  100.717787300   668.7100   1  19   0.0040   0.0031   0.0056   0.0026   0.0030   0.0034   8.00    5.4 8522614

[TCP数据流] 2025/11/16 18:34:03 - 固定解 (24颗卫星)
  ECEF: X=-1100347.6912 Y=5813532.2086 Z=2375544.6874
  LLH:  Lat=22.008583148° Lon=100.717787655° H=668.7458m
  原始数据:
2025/11/16 10:34:21.000   22.008583148  100.717787655   668.7458   1  24   0.0026   0.0013   0.0050   0.0005   0.0016   0.0025   9.00    3.1 8522614

[TCP数据流] 2025/11/16 18:34:04 - 固定解 (24颗卫星)
  ECEF: X=-1100347.6916 Y=5813532.2082 Z=2375544.6840
  LLH:  Lat=22.008583121° Lon=100.717787660° H=668.7443m
  原始数据:
2025/11/16 10:34:22.000   22.008583121  100.717787660   668.7443   1  24   0.0022   0.0012   0.0049   0.0006   0.0016   0.0023  10.00    3.4 8522614

[TCP数据流] 2025/11/16 18:34:05 - 固定解 (24颗卫星)
  ECEF: X=-1100347.6916 Y=5813532.2086 Z=2375544.6845
  LLH:  Lat=22.008583124° Lon=100.717787659° H=668.7448m
  原始数据:
2025/11/16 10:34:23.000   22.008583124  100.717787659   668.7448   1  24   0.0022   0.0012   0.0049   0.0006   0.0016   0.0023  11.00    3.4 8522614

[TCP数据流] 2025/11/16 18:34:06 - 固定解 (24颗卫星)
  ECEF: X=-1100347.6916 Y=5813532.2090 Z=2375544.6851
  LLH:  Lat=22.008583127° Lon=100.717787658° H=668.7454m
  原始数据:
2025/11/16 10:34:24.000   22.008583127  100.717787658   668.7454   1  24   0.0022   0.0012   0.0049   0.0006   0.0016   0.0023  12.00    3.4 8522614

[TCP数据流] 2025/11/16 18:34:09 - 固定解 (24颗卫星)
  ECEF: X=-1100347.6915 Y=5813532.2093 Z=2375544.6855
  LLH:  Lat=22.008583130° Lon=100.717787657° H=668.7458m
  原始数据:
2025/11/16 10:34:27.000   22.008583130  100.717787657   668.7458   1  24   0.0022   0.0012   0.0049   0.0006   0.0016   0.0023  15.00    3.4 8522614

[TCP数据流] 2025/11/16 18:34:10 - 固定解 (24颗卫星)
  ECEF: X=-1100347.6934 Y=5813532.2159 Z=2375544.6898
  LLH:  Lat=22.008583142° Lon=100.717787663° H=668.7538m
  原始数据:
2025/11/16 10:34:28.000   22.008583142  100.717787663   668.7538   1  24   0.0022   0.0012   0.0047   0.0006   0.0016   0.0023  16.00    3.2 8522614

[TCP数据流] 2025/11/16 18:34:11 - 固定解 (24颗卫星)
  ECEF: X=-1100347.6934 Y=5813532.2162 Z=2375544.6902
  LLH:  Lat=22.008583145° Lon=100.717787662° H=668.7542m
  原始数据:
2025/11/16 10:34:29.000   22.008583145  100.717787662   668.7542   1  24   0.0022   0.0012   0.0047   0.0006   0.0016   0.0023  17.00    3.2 8522614

[TCP数据流] 2025/11/16 18:34:12 - 固定解 (25颗卫星)
  ECEF: X=-1100347.6933 Y=5813532.2165 Z=2375544.6906
  LLH:  Lat=22.008583147° Lon=100.717787661° H=668.7546m
  原始数据:
2025/11/16 10:34:30.000   22.008583147  100.717787661   668.7546   1  25   0.0022   0.0012   0.0047   0.0006   0.0016   0.0022  18.00    3.1 8522614

[TCP数据流] 2025/11/16 18:34:13 - 固定解 (25颗卫星)
  ECEF: X=-1100347.6932 Y=5813532.2167 Z=2375544.6909
  LLH:  Lat=22.008583149° Lon=100.717787660° H=668.7549m
  原始数据:
2025/11/16 10:34:31.000   22.008583149  100.717787660   668.7549   1  25   0.0021   0.0012   0.0047   0.0006   0.0016   0.0022  19.00    3.1 8522614

[TCP数据流] 2025/11/16 18:34:17 - 固定解 (25颗卫星)
  ECEF: X=-1100347.6933 Y=5813532.2172 Z=2375544.6925
  LLH:  Lat=22.008583161° Lon=100.717787660° H=668.7560m
  原始数据:
2025/11/16 10:34:35.000   22.008583161  100.717787660   668.7560   1  25   0.0019   0.0012   0.0046   0.0006   0.0016   0.0021  23.00    3.1 8522614

[TCP数据流] 2025/11/16 18:34:19 - 固定解 (25颗卫星)
  ECEF: X=-1100347.6934 Y=5813532.2174 Z=2375544.6929
  LLH:  Lat=22.008583163° Lon=100.717787660° H=668.7563m
  原始数据:
2025/11/16 10:34:37.000   22.008583163  100.717787660   668.7563   1  25   0.0019   0.0012   0.0046   0.0006   0.0016   0.0021  25.00    3.1 8522614

[TCP数据流] 2025/11/16 18:34:20 - 固定解 (25颗卫星)
  ECEF: X=-1100347.6943 Y=5813532.2192 Z=2375544.6958
  LLH:  Lat=22.008583181° Lon=100.717787666° H=668.7592m
  原始数据:
2025/11/16 10:34:38.000   22.008583181  100.717787666   668.7592   1  25   0.0018   0.0012   0.0045   0.0004   0.0015   0.0019  26.00    3.2 8522614

[TCP数据流] 2025/11/16 18:35:01 - 固定解 (24颗卫星)
  ECEF: X=-1100347.7116 Y=5813532.2461 Z=2375544.7046
  LLH:  Lat=22.008583154° Lon=100.717787782° H=668.7900m
  原始数据:
2025/11/16 10:35:19.000   22.008583154  100.717787782   668.7900   1  24   0.0016   0.0011   0.0039   0.0003   0.0014   0.0016   6.00    4.3 8522614

[TCP数据流] 2025/11/16 18:35:02 - 固定解 (20颗卫星)
  ECEF: X=-1100347.7108 Y=5813532.2413 Z=2375544.7057
  LLH:  Lat=22.008583180° Lon=100.717787783° H=668.7859m
  原始数据:
2025/11/16 10:35:20.000   22.008583180  100.717787783   668.7859   1  20   0.0015   0.0010   0.0039  -0.0002   0.0013   0.0014   7.00    4.2 8522614

[TCP数据流] 2025/11/16 18:35:03 - 固定解 (20颗卫星)
  ECEF: X=-1100347.7115 Y=5813532.2411 Z=2375544.7037
  LLH:  Lat=22.008583164° Lon=100.717787790° H=668.7851m
  原始数据:
2025/11/16 10:35:21.000   22.008583164  100.717787790   668.7851   1  20   0.0015   0.0010   0.0039  -0.0002   0.0013   0.0014   8.00    3.6 8522614

[TCP数据流] 2025/11/16 18:35:07 - 固定解 (24颗卫星)
  ECEF: X=-1100347.7139 Y=5813532.2515 Z=2375544.7104
  LLH:  Lat=22.008583184° Lon=100.717787794° H=668.7975m
  原始数据:
2025/11/16 10:35:25.000   22.008583184  100.717787794   668.7975   1  24   0.0013   0.0010   0.0036   0.0003   0.0013   0.0012  12.00    3.2 8522614

[TCP数据流] 2025/11/16 18:35:08 - 固定解 (24颗卫星)
  ECEF: X=-1100347.7139 Y=5813532.2517 Z=2375544.7108
  LLH:  Lat=22.008583186° Lon=100.717787794° H=668.7978m
  原始数据:
2025/11/16 10:35:26.000   22.008583186  100.717787794   668.7978   1  24   0.0013   0.0010   0.0036   0.0002   0.0013   0.0012  13.00    3.4 8522614

[TCP数据流] 2025/11/16 18:35:09 - 固定解 (24颗卫星)
  ECEF: X=-1100347.7139 Y=5813532.2519 Z=2375544.7112
  LLH:  Lat=22.008583189° Lon=100.717787793° H=668.7981m
  原始数据:
2025/11/16 10:35:27.000   22.008583189  100.717787793   668.7981   1  24   0.0013   0.0010   0.0036   0.0002   0.0013   0.0012  14.00    3.5 8522614

[TCP数据流] 2025/11/16 18:35:13 - 固定解 (24颗卫星)
  ECEF: X=-1100347.7138 Y=5813532.2520 Z=2375544.7114
  LLH:  Lat=22.008583190° Lon=100.717787792° H=668.7983m
  原始数据:
2025/11/16 10:35:31.000   22.008583190  100.717787792   668.7983   1  24   0.0013   0.0010   0.0036   0.0002   0.0013   0.0012  18.00    3.5 8522614

[TCP数据流] 2025/11/16 18:35:14 - 固定解 (24颗卫星)
  ECEF: X=-1100347.7133 Y=5813532.2525 Z=2375544.7132
  LLH:  Lat=22.008583204° Lon=100.717787786° H=668.7993m
  原始数据:
2025/11/16 10:35:32.000   22.008583204  100.717787786   668.7993   1  24   0.0013   0.0010   0.0035   0.0002   0.0013   0.0012  19.00    4.0 8522614

[TCP数据流] 2025/11/16 18:35:15 - 固定解 (23颗卫星)
  ECEF: X=-1100347.7123 Y=5813532.2511 Z=2375544.7114
  LLH:  Lat=22.008583194° Lon=100.717787779° H=668.7972m
  原始数据:
2025/11/16 10:35:33.000   22.008583194  100.717787779   668.7972   1  23   0.0013   0.0010   0.0036   0.0004   0.0014   0.0013  20.00    4.1 8522614

[TCP数据流] 2025/11/16 18:35:16 - 固定解 (23颗卫星)
  ECEF: X=-1100347.7123 Y=5813532.2513 Z=2375544.7117
  LLH:  Lat=22.008583196° Lon=100.717787779° H=668.7975m
  原始数据:
2025/11/16 10:35:34.000   22.008583196  100.717787779   668.7975   1  23   0.0013   0.0010   0.0036   0.0004   0.0014   0.0013  21.00    4.2 8522614

[TCP数据流] 2025/11/16 18:35:17 - 固定解 (23颗卫星)
  ECEF: X=-1100347.7123 Y=5813532.2515 Z=2375544.7121
  LLH:  Lat=22.008583199° Lon=100.717787779° H=668.7978m
  原始数据:
2025/11/16 10:35:35.000   22.008583199  100.717787779   668.7978   1  23   0.0013   0.0010   0.0036   0.0004   0.0014   0.0013  22.00    4.2 8522614

[TCP数据流] 2025/11/16 18:35:18 - 固定解 (18颗卫星)
  ECEF: X=-1100347.7083 Y=5813532.2439 Z=2375544.7123
  LLH:  Lat=22.008583228° Lon=100.717787754° H=668.7903m
  原始数据:
2025/11/16 10:35:36.000   22.008583228  100.717787754   668.7903   1  18   0.0017   0.0021   0.0041   0.0010   0.0023   0.0014  23.00    4.3 8522614

[TCP数据流] 2025/11/16 18:35:19 - 固定解 (23颗卫星)
  ECEF: X=-1100347.7124 Y=5813532.2518 Z=2375544.7124
  LLH:  Lat=22.008583200° Lon=100.717787779° H=668.7982m
  原始数据:
2025/11/16 10:35:37.000   22.008583200  100.717787779   668.7982   1  23   0.0013   0.0010   0.0036   0.0004   0.0013   0.0013  24.00    3.5 8522614

[TCP数据流] 2025/11/16 18:35:20 - 固定解 (23颗卫星)
  ECEF: X=-1100347.7123 Y=5813532.2519 Z=2375544.7127
  LLH:  Lat=22.008583203° Lon=100.717787778° H=668.7984m
  原始数据:
2025/11/16 10:35:38.000   22.008583203  100.717787778   668.7984   1  23   0.0013   0.0010   0.0036   0.0004   0.0013   0.0013  25.00    4.4 8522614

[TCP数据流] 2025/11/16 18:35:21 - 固定解 (24颗卫星)
  ECEF: X=-1100347.7132 Y=5813532.2533 Z=2375544.7148
  LLH:  Lat=22.008583215° Lon=100.717787784° H=668.8006m
  原始数据:
2025/11/16 10:35:39.000   22.008583215  100.717787784   668.8006   1  24   0.0013   0.0010   0.0035   0.0002   0.0013   0.0012  26.00    4.4 8522614

[TCP数据流] 2025/11/16 18:35:22 - 固定解 (23颗卫星)
  ECEF: X=-1100347.7123 Y=5813532.2521 Z=2375544.7133
  LLH:  Lat=22.008583207° Lon=100.717787778° H=668.7988m
  原始数据:
2025/11/16 10:35:40.000   22.008583207  100.717787778   668.7988   1  23   0.0013   0.0010   0.0036   0.0004   0.0013   0.0013  27.00    4.4 8522614

[TCP数据流] 2025/11/16 18:35:23 - 固定解 (19颗卫星)
  ECEF: X=-1100347.7099 Y=5813532.2419 Z=2375544.7057
  LLH:  Lat=22.008583179° Lon=100.717787773° H=668.7863m
  原始数据:
2025/11/16 10:35:41.000   22.008583179  100.717787773   668.7863   1  19   0.0015   0.0010   0.0038   0.0002   0.0013   0.0014  28.00    5.0 8522614

[TCP数据流] 2025/11/16 18:35:24 - 固定解 (23颗卫星)
  ECEF: X=-1100347.7132 Y=5813532.2579 Z=2375544.7188
  LLH:  Lat=22.008583233° Lon=100.717787776° H=668.8063m
  原始数据:
2025/11/16 10:35:42.000   22.008583233  100.717787776   668.8063   1  23   0.0014   0.0010   0.0037   0.0004   0.0013   0.0015  29.00    4.8 8522614

[TCP数据流] 2025/11/16 18:35:25 - 固定解 (23颗卫星)
  ECEF: X=-1100347.7132 Y=5813532.2581 Z=2375544.7191
  LLH:  Lat=22.008583235° Lon=100.717787775° H=668.8066m
  原始数据:
2025/11/16 10:35:43.000   22.008583235  100.717787775   668.8066   1  23   0.0014   0.0010   0.0037   0.0004   0.0013   0.0014  30.00    4.9 8522614

========== RTKRCV 退出 ==========
时间: 2025-11-16T10:35:26.415Z
退出码: 0
信号: null
================================

