
========== RTKRCV 启动 ==========
时间: 2025-11-16T09:52:28.644Z
配置文件: 8525762.conf
进程 PID: 3560497
================================


[TCP数据流] 2025/11/16 17:52:49 - 浮点解 (22颗卫星)
  ECEF: X=-1781698.8839 Y=5451842.2164 Z=2782289.3008
  LLH:  Lat=26.029063139° Lon=108.097741806° H=760.4992m
  原始数据:
2025/11/16 09:53:07.000   26.029063139  108.097741806   760.4992   2  22   0.3784   0.3585   0.8911  -0.0924  -0.0735  -0.3522   1.00    0.0 8525762

[TCP数据流] 2025/11/16 17:52:50 - 浮点解 (22颗卫星)
  ECEF: X=-1781698.9360 Y=5451842.3902 Z=2782289.2800
  LLH:  Lat=26.029062252° Lon=108.097741761° H=760.6530m
  原始数据:
2025/11/16 09:53:08.000   26.029062252  108.097741761   760.6530   2  22   0.3493   0.3318   0.8216  -0.0886  -0.0612  -0.3231   1.00    0.0 8525762

[TCP数据流] 2025/11/16 17:52:53 - 浮点解 (22颗卫星)
  ECEF: X=-1781698.9526 Y=5451842.2315 Z=2782289.1411
  LLH:  Lat=26.029061703° Lon=108.097742411° H=760.4611m
  原始数据:
2025/11/16 09:53:11.000   26.029061703  108.097742411   760.4611   2  22   0.3257   0.3104   0.7629  -0.0848  -0.0520  -0.2988   4.00    0.0 8525762

[TCP数据流] 2025/11/16 17:52:54 - 浮点解 (22颗卫星)
  ECEF: X=-1781699.0090 Y=5451842.1066 Z=2782289.0428
  LLH:  Lat=26.029061306° Lon=108.097743334° H=760.3271m
  原始数据:
2025/11/16 09:53:12.000   26.029061306  108.097743334   760.3271   2  22   0.3063   0.2927   0.7152  -0.0813  -0.0449  -0.2793   5.00    0.0 8525762

[TCP数据流] 2025/11/16 17:52:55 - 浮点解 (22颗卫星)
  ECEF: X=-1781699.0341 Y=5451841.9079 Z=2782288.9185
  LLH:  Lat=26.029061015° Lon=108.097744189° H=760.1098m
  原始数据:
2025/11/16 09:53:13.000   26.029061015  108.097744189   760.1098   2  22   0.2900   0.2777   0.6754  -0.0781  -0.0393  -0.2632   6.00    0.0 8525762

[TCP数据流] 2025/11/16 17:52:56 - 浮点解 (22颗卫星)
  ECEF: X=-1781698.9939 Y=5451841.7436 Z=2782288.7848
  LLH:  Lat=26.029060599° Lon=108.097744317° H=759.8996m
  原始数据:
2025/11/16 09:53:14.000   26.029060599  108.097744317   759.8996   2  22   0.2761   0.2648   0.6415  -0.0753  -0.0347  -0.2496   7.00    0.0 8525762

[TCP数据流] 2025/11/16 17:52:57 - 浮点解 (22颗卫星)
  ECEF: X=-1781698.9607 Y=5451841.6219 Z=2782288.6997
  LLH:  Lat=26.029060408° Lon=108.097744380° H=759.7490m
  原始数据:
2025/11/16 09:53:15.000   26.029060408  108.097744380   759.7490   2  22   0.2640   0.2535   0.6123  -0.0727  -0.0309  -0.2378   8.00    0.0 8525762

[TCP数据流] 2025/11/16 17:52:58 - 浮点解 (22颗卫星)
  ECEF: X=-1781698.9677 Y=5451841.4268 Z=2782288.5761
  LLH:  Lat=26.029060131° Lon=108.097745052° H=759.5301m
  原始数据:
2025/11/16 09:53:16.000   26.029060131  108.097745052   759.5301   2  22   0.2534   0.2436   0.5867  -0.0703  -0.0277  -0.2276   9.00    0.0 8525762

[TCP数据流] 2025/11/16 17:52:59 - 浮点解 (22颗卫星)
  ECEF: X=-1781699.0136 Y=5451841.3544 Z=2782288.5406
  LLH:  Lat=26.029060060° Lon=108.097745712° H=759.4655m
  原始数据:
2025/11/16 09:53:17.000   26.029060060  108.097745712   759.4655   2  22   0.2440   0.2347   0.5640  -0.0681  -0.0249  -0.2186  10.00    0.0 8525762

[TCP数据流] 2025/11/16 17:53:00 - 浮点解 (22颗卫星)
  ECEF: X=-1781699.0130 Y=5451841.2072 Z=2782288.4779
  LLH:  Lat=26.029060106° Lon=108.097746163° H=759.3121m
  原始数据:
2025/11/16 09:53:18.000   26.029060106  108.097746163   759.3121   2  22   0.2360   0.2270   0.5445  -0.0651  -0.0279  -0.2116  11.00    0.0 8525762

[TCP数据流] 2025/11/16 17:53:01 - 浮点解 (22颗卫星)
  ECEF: X=-1781699.0264 Y=5451841.0747 Z=2782288.4333
  LLH:  Lat=26.029060227° Lon=108.097746702° H=759.1831m
  原始数据:
2025/11/16 09:53:19.000   26.029060227  108.097746702   759.1831   2  22   0.2287   0.2199   0.5269  -0.0624  -0.0299  -0.2053  12.00    0.0 8525762

[TCP数据流] 2025/11/16 17:53:02 - 浮点解 (22颗卫星)
  ECEF: X=-1781699.0125 Y=5451840.9462 Z=2782288.3956
  LLH:  Lat=26.029060422° Lon=108.097746968° H=759.0529m
  原始数据:
2025/11/16 09:53:20.000   26.029060422  108.097746968   759.0529   2  22   0.2221   0.2135   0.5109  -0.0600  -0.0312  -0.1994  13.00    0.0 8525762

[TCP数据流] 2025/11/16 17:53:03 - 浮点解 (22颗卫星)
  ECEF: X=-1781699.0102 Y=5451840.8027 Z=2782288.3424
  LLH:  Lat=26.029060533° Lon=108.097747392° H=758.9064m
  原始数据:
2025/11/16 09:53:21.000   26.029060533  108.097747392   758.9064   2  22   0.2160   0.2076   0.4963  -0.0578  -0.0322  -0.1941  14.00    0.0 8525762

[TCP数据流] 2025/11/16 17:53:04 - 浮点解 (15颗卫星)
  ECEF: X=-1781699.0207 Y=5451840.6975 Z=2782288.3198
  LLH:  Lat=26.029060733° Lon=108.097747818° H=758.8095m
  原始数据:
2025/11/16 09:53:22.000   26.029060733  108.097747818   758.8095   2  15   0.2121   0.2030   0.4863  -0.0557  -0.0335  -0.1920  15.00    0.0 8525762

[TCP数据流] 2025/11/16 17:53:05 - 浮点解 (22颗卫星)
  ECEF: X=-1781699.0020 Y=5451840.6165 Z=2782288.2849
  LLH:  Lat=26.029060778° Lon=108.097747892° H=758.7198m
  原始数据:
2025/11/16 09:53:23.000   26.029060778  108.097747892   758.7198   2  22   0.2068   0.1980   0.4736  -0.0539  -0.0339  -0.1872  16.00    0.0 8525762

[TCP数据流] 2025/11/16 17:53:06 - 浮点解 (22颗卫星)
  ECEF: X=-1781698.9803 Y=5451840.5497 Z=2782288.2412
  LLH:  Lat=26.029060702° Lon=108.097747893° H=758.6375m
  原始数据:
2025/11/16 09:53:24.000   26.029060702  108.097747893   758.6375   2  22   0.2018   0.1932   0.4618  -0.0522  -0.0342  -0.1827  17.00    1.3 8525762

[TCP数据流] 2025/11/16 17:53:07 - 浮点解 (22颗卫星)
  ECEF: X=-1781698.9422 Y=5451840.4354 Z=2782288.1863
  LLH:  Lat=26.029060734° Lon=108.097747886° H=758.5052m
  原始数据:
2025/11/16 09:53:25.000   26.029060734  108.097747886   758.5052   2  22   0.1972   0.1888   0.4508  -0.0507  -0.0343  -0.1786  18.00    1.1 8525762

[TCP数据流] 2025/11/16 17:53:08 - 浮点解 (22颗卫星)
  ECEF: X=-1781698.9320 Y=5451840.2986 Z=2782288.1301
  LLH:  Lat=26.029060806° Lon=108.097748214° H=758.3608m
  原始数据:
2025/11/16 09:53:26.000   26.029060806  108.097748214   758.3608   2  22   0.1929   0.1847   0.4406  -0.0493  -0.0344  -0.1747  19.00    1.3 8525762

[TCP数据流] 2025/11/16 17:53:09 - 浮点解 (22颗卫星)
  ECEF: X=-1781698.8864 Y=5451840.1891 Z=2782288.0757
  LLH:  Lat=26.029060833° Lon=108.097748120° H=758.2307m
  原始数据:
2025/11/16 09:53:27.000   26.029060833  108.097748120   758.2307   2  22   0.1889   0.1809   0.4310  -0.0480  -0.0343  -0.1710  20.00    1.4 8525762

[TCP数据流] 2025/11/16 17:53:10 - 浮点解 (22颗卫星)
  ECEF: X=-1781698.8665 Y=5451840.0893 Z=2782288.0199
  LLH:  Lat=26.029060780° Lon=108.097748241° H=758.1154m
  原始数据:
2025/11/16 09:53:28.000   26.029060780  108.097748241   758.1154   2  22   0.1851   0.1773   0.4221  -0.0468  -0.0343  -0.1676  21.00    1.1 8525762

[TCP数据流] 2025/11/16 17:53:11 - 浮点解 (22颗卫星)
  ECEF: X=-1781698.8484 Y=5451839.9935 Z=2782287.9763
  LLH:  Lat=26.029060810° Lon=108.097748367° H=758.0094m
  原始数据:
2025/11/16 09:53:29.000   26.029060810  108.097748367   758.0094   2  22   0.1815   0.1738   0.4136  -0.0457  -0.0341  -0.1643  22.00    1.2 8525762

[TCP数据流] 2025/11/16 17:53:12 - 浮点解 (22颗卫星)
  ECEF: X=-1781698.8477 Y=5451839.9182 Z=2782287.9418
  LLH:  Lat=26.029060814° Lon=108.097748594° H=757.9297m
  原始数据:
2025/11/16 09:53:30.000   26.029060814  108.097748594   757.9297   2  22   0.1782   0.1706   0.4056  -0.0447  -0.0340  -0.1613  23.00    1.4 8525762

[TCP数据流] 2025/11/16 17:53:13 - 浮点解 (22颗卫星)
  ECEF: X=-1781698.8252 Y=5451839.8134 Z=2782287.8966
  LLH:  Lat=26.029060870° Lon=108.097748705° H=757.8141m
  原始数据:
2025/11/16 09:53:31.000   26.029060870  108.097748705   757.8141   2  22   0.1750   0.1676   0.3981  -0.0437  -0.0338  -0.1584  24.00    1.2 8525762

[TCP数据流] 2025/11/16 17:53:14 - 浮点解 (22颗卫星)
  ECEF: X=-1781698.8072 Y=5451839.7847 Z=2782287.8718
  LLH:  Lat=26.029060799° Lon=108.097748623° H=757.7737m
  原始数据:
2025/11/16 09:53:32.000   26.029060799  108.097748623   757.7737   2  22   0.1720   0.1647   0.3910  -0.0428  -0.0336  -0.1556  25.00    1.1 8525762

[TCP数据流] 2025/11/16 17:53:15 - 浮点解 (22颗卫星)
  ECEF: X=-1781698.7780 Y=5451839.7457 Z=2782287.8522
  LLH:  Lat=26.029060823° Lon=108.097748467° H=757.7236m
  原始数据:
2025/11/16 09:53:33.000   26.029060823  108.097748467   757.7236   2  22   0.1691   0.1619   0.3842  -0.0419  -0.0334  -0.1530  26.00    1.1 8525762

[TCP数据流] 2025/11/16 17:53:16 - 浮点解 (22颗卫星)
  ECEF: X=-1781698.7566 Y=5451839.7059 Z=2782287.8197
  LLH:  Lat=26.029060735° Lon=108.097748387° H=757.6694m
  原始数据:
2025/11/16 09:53:34.000   26.029060735  108.097748387   757.6694   2  22   0.1665   0.1594   0.3780  -0.0406  -0.0341  -0.1508  27.00    1.1 8525762

[TCP数据流] 2025/11/16 17:53:17 - 浮点解 (22颗卫星)
  ECEF: X=-1781698.7365 Y=5451839.6187 Z=2782287.7746
  LLH:  Lat=26.029060723° Lon=108.097748467° H=757.5695m
  原始数据:
2025/11/16 09:53:35.000   26.029060723  108.097748467   757.5695   2  22   0.1641   0.1570   0.3720  -0.0394  -0.0347  -0.1487  28.00    1.1 8525762

[TCP数据流] 2025/11/16 17:53:18 - 浮点解 (22颗卫星)
  ECEF: X=-1781698.7257 Y=5451839.5405 Z=2782287.7410
  LLH:  Lat=26.029060758° Lon=108.097748607° H=757.4850m
  原始数据:
2025/11/16 09:53:36.000   26.029060758  108.097748607   757.4850   2  22   0.1617   0.1547   0.3664  -0.0383  -0.0352  -0.1467  29.00    1.1 8525762

[TCP数据流] 2025/11/16 17:53:19 - 浮点解 (22颗卫星)
  ECEF: X=-1781698.7101 Y=5451839.4743 Z=2782287.7121
  LLH:  Lat=26.029060792° Lon=108.097748664° H=757.4114m
  原始数据:
2025/11/16 09:53:37.000   26.029060792  108.097748664   757.4114   2  22   0.1595   0.1524   0.3609  -0.0372  -0.0356  -0.1448  30.00    1.1 8525762

[TCP数据流] 2025/11/16 17:53:44 - 浮点解 (21颗卫星)
  ECEF: X=-1781698.7027 Y=5451839.5157 Z=2782287.8996
  LLH:  Lat=26.029062165° Lon=108.097748466° H=757.5270m
  原始数据:
2025/11/16 09:54:02.000   26.029062165  108.097748466   757.5270   2  21   0.1473   0.1490   0.3203  -0.0313  -0.0348  -0.1234   0.00    1.1 8525762

[TCP数据流] 2025/11/16 17:53:45 - 浮点解 (21颗卫星)
  ECEF: X=-1781698.7209 Y=5451839.5770 Z=2782287.9961
  LLH:  Lat=26.029062695° Lon=108.097748448° H=757.6267m
  原始数据:
2025/11/16 09:54:03.000   26.029062695  108.097748448   757.6267   2  21   0.1392   0.1461   0.2946  -0.0270  -0.0339  -0.1105   1.00    1.0 8525762

[TCP数据流] 2025/11/16 17:53:46 - 浮点解 (21颗卫星)
  ECEF: X=-1781698.7299 Y=5451839.6395 Z=2782288.0944
  LLH:  Lat=26.029063246° Lon=108.097748340° H=757.7258m
  原始数据:
2025/11/16 09:54:04.000   26.029063246  108.097748340   757.7258   2  21   0.1327   0.1434   0.2754  -0.0232  -0.0329  -0.1011   0.00    1.0 8525762

[TCP数据流] 2025/11/16 17:53:47 - 浮点解 (21颗卫星)
  ECEF: X=-1781698.7214 Y=5451839.6732 Z=2782288.1889
  LLH:  Lat=26.029063896° Lon=108.097748154° H=757.7937m
  原始数据:
2025/11/16 09:54:05.000   26.029063896  108.097748154   757.7937   2  21   0.1275   0.1409   0.2607  -0.0201  -0.0321  -0.0941   0.00    1.3 8525762

[TCP数据流] 2025/11/16 17:53:48 - 浮点解 (21颗卫星)
  ECEF: X=-1781698.7157 Y=5451839.7119 Z=2782288.2610
  LLH:  Lat=26.029064342° Lon=108.097747980° H=757.8568m
  原始数据:
2025/11/16 09:54:06.000   26.029064342  108.097747980   757.8568   2  21   0.1232   0.1386   0.2490  -0.0172  -0.0313  -0.0887   0.00    1.0 8525762

[TCP数据流] 2025/11/16 17:53:49 - 浮点解 (21颗卫星)
  ECEF: X=-1781698.7203 Y=5451839.7433 Z=2782288.3098
  LLH:  Lat=26.029064614° Lon=108.097747927° H=757.9063m
  原始数据:
2025/11/16 09:54:07.000   26.029064614  108.097747927   757.9063   2  21   0.1195   0.1365   0.2394  -0.0147  -0.0307  -0.0844   0.00    1.1 8525762

[TCP数据流] 2025/11/16 17:53:50 - 浮点解 (21颗卫星)
  ECEF: X=-1781698.7081 Y=5451839.7884 Z=2782288.3530
  LLH:  Lat=26.029064809° Lon=108.097747671° H=757.9604m
  原始数据:
2025/11/16 09:54:08.000   26.029064809  108.097747671   757.9604   2  21   0.1163   0.1345   0.2312  -0.0122  -0.0301  -0.0808   0.00    1.0 8525762

[TCP数据流] 2025/11/16 17:53:51 - 浮点解 (21颗卫星)
  ECEF: X=-1781698.6955 Y=5451839.7881 Z=2782288.3805
  LLH:  Lat=26.029065049° Lon=108.097747552° H=757.9687m
  原始数据:
2025/11/16 09:54:09.000   26.029065049  108.097747552   757.9687   2  21   0.1136   0.1327   0.2244  -0.0099  -0.0296  -0.0779   1.00    1.2 8525762

[TCP数据流] 2025/11/16 17:53:52 - 浮点解 (21颗卫星)
  ECEF: X=-1781698.6962 Y=5451839.7722 Z=2782288.3769
  LLH:  Lat=26.029065079° Lon=108.097747608° H=757.9537m
  原始数据:
2025/11/16 09:54:10.000   26.029065079  108.097747608   757.9537   2  21   0.1114   0.1310   0.2187  -0.0077  -0.0292  -0.0756   2.00    1.0 8525762

[TCP数据流] 2025/11/16 17:53:53 - 浮点解 (21颗卫星)
  ECEF: X=-1781698.6930 Y=5451839.7529 Z=2782288.3650
  LLH:  Lat=26.029065059° Lon=108.097747638° H=757.9311m
  原始数据:
2025/11/16 09:54:11.000   26.029065059  108.097747638   757.9311   2  21   0.1095   0.1294   0.2142  -0.0056  -0.0289  -0.0739   3.00    1.1 8525762

[TCP数据流] 2025/11/16 17:53:54 - 浮点解 (21颗卫星)
  ECEF: X=-1781698.6791 Y=5451839.7245 Z=2782288.3359
  LLH:  Lat=26.029064947° Lon=108.097747594° H=757.8902m
  原始数据:
2025/11/16 09:54:12.000   26.029064947  108.097747594   757.8902   2  21   0.1079   0.1279   0.2104  -0.0032  -0.0286  -0.0726   4.00    1.0 8525762

[TCP数据流] 2025/11/16 17:53:55 - 浮点解 (21颗卫星)
  ECEF: X=-1781698.6718 Y=5451839.7062 Z=2782288.3128
  LLH:  Lat=26.029064837° Lon=108.097747581° H=757.8624m
  原始数据:
2025/11/16 09:54:13.000   26.029064837  108.097747581   757.8624   2  21   0.1065   0.1265   0.2073   0.0021  -0.0284  -0.0716   5.00    1.2 8525762

[TCP数据流] 2025/11/16 17:53:56 - 浮点解 (21颗卫星)
  ECEF: X=-1781698.6654 Y=5451839.6873 Z=2782288.2774
  LLH:  Lat=26.029064629° Lon=108.097747579° H=757.8289m
  原始数据:
2025/11/16 09:54:14.000   26.029064629  108.097747579   757.8289   2  21   0.1054   0.1251   0.2046   0.0039  -0.0282  -0.0708   6.00    1.1 8525762

[TCP数据流] 2025/11/16 17:53:57 - 浮点解 (21颗卫星)
  ECEF: X=-1781698.6591 Y=5451839.6772 Z=2782288.2536
  LLH:  Lat=26.029064482° Lon=108.097747551° H=757.8081m
  原始数据:
2025/11/16 09:54:15.000   26.029064482  108.097747551   757.8081   2  21   0.1043   0.1239   0.2023   0.0048  -0.0281  -0.0701   7.00    1.4 8525762

[TCP数据流] 2025/11/16 17:53:58 - 浮点解 (21颗卫星)
  ECEF: X=-1781698.6607 Y=5451839.6605 Z=2782288.2275
  LLH:  Lat=26.029064331° Lon=108.097747618° H=757.7828m
  原始数据:
2025/11/16 09:54:16.000   26.029064331  108.097747618   757.7828   2  21   0.1033   0.1226   0.2002   0.0054  -0.0280  -0.0695   8.00    1.4 8525762

[TCP数据流] 2025/11/16 17:53:59 - 浮点解 (21颗卫星)
  ECEF: X=-1781698.6482 Y=5451839.6507 Z=2782288.2016
  LLH:  Lat=26.029064174° Lon=108.097747529° H=757.7596m
  原始数据:
2025/11/16 09:54:17.000   26.029064174  108.097747529   757.7596   2  21   0.1024   0.1215   0.1984   0.0058  -0.0278  -0.0690   9.00    1.4 8525762

[TCP数据流] 2025/11/16 17:54:00 - 浮点解 (21颗卫星)
  ECEF: X=-1781698.6391 Y=5451839.6349 Z=2782288.1680
  LLH:  Lat=26.029063972° Lon=108.097747492° H=757.7288m
  原始数据:
2025/11/16 09:54:18.000   26.029063972  108.097747492   757.7288   2  21   0.1016   0.1203   0.1967   0.0061  -0.0277  -0.0686  10.00    1.3 8525762

[TCP数据流] 2025/11/16 17:54:01 - 浮点解 (20颗卫星)
  ECEF: X=-1781698.6262 Y=5451839.6432 Z=2782288.1472
  LLH:  Lat=26.029063788° Lon=108.097747344° H=757.7232m
  原始数据:
2025/11/16 09:54:19.000   26.029063788  108.097747344   757.7232   2  20   0.1008   0.1192   0.1952   0.0063  -0.0277  -0.0682  11.00    1.0 8525762

[TCP数据流] 2025/11/16 17:54:02 - 浮点解 (20颗卫星)
  ECEF: X=-1781698.6174 Y=5451839.6517 Z=2782288.1273
  LLH:  Lat=26.029063605° Lon=108.097747234° H=757.7193m
  原始数据:
2025/11/16 09:54:20.000   26.029063605  108.097747234   757.7193   2  20   0.1000   0.1182   0.1939   0.0064  -0.0277  -0.0679  12.00    1.0 8525762

[TCP数据流] 2025/11/16 17:54:03 - 浮点解 (20颗卫星)
  ECEF: X=-1781698.6158 Y=5451839.6511 Z=2782288.1070
  LLH:  Lat=26.029063445° Lon=108.097747220° H=757.7094m
  原始数据:
2025/11/16 09:54:21.000   26.029063445  108.097747220   757.7094   2  20   0.0993   0.1172   0.1926   0.0065  -0.0277  -0.0676  13.00    1.1 8525762

[TCP数据流] 2025/11/16 17:54:04 - 浮点解 (20颗卫星)
  ECEF: X=-1781698.6204 Y=5451839.6437 Z=2782288.0898
  LLH:  Lat=26.029063327° Lon=108.097747287° H=757.6968m
  原始数据:
2025/11/16 09:54:22.000   26.029063327  108.097747287   757.6968   2  20   0.0986   0.1162   0.1914   0.0065  -0.0277  -0.0673  14.00    1.1 8525762

[TCP数据流] 2025/11/16 17:54:05 - 浮点解 (20颗卫星)
  ECEF: X=-1781698.6167 Y=5451839.6435 Z=2782288.0697
  LLH:  Lat=26.029063170° Lon=108.097747252° H=757.6868m
  原始数据:
2025/11/16 09:54:23.000   26.029063170  108.097747252   757.6868   2  20   0.0980   0.1152   0.1902   0.0066  -0.0276  -0.0670  15.00    1.0 8525762

[TCP数据流] 2025/11/16 17:54:06 - 浮点解 (20颗卫星)
  ECEF: X=-1781698.6098 Y=5451839.6437 Z=2782288.0508
  LLH:  Lat=26.029063024° Lon=108.097747186° H=757.6767m
  原始数据:
2025/11/16 09:54:24.000   26.029063024  108.097747186   757.6767   2  20   0.0973   0.1142   0.1891   0.0066  -0.0276  -0.0667  16.00    1.1 8525762

[TCP数据流] 2025/11/16 17:54:07 - 浮点解 (21颗卫星)
  ECEF: X=-1781698.5982 Y=5451839.6569 Z=2782288.0339
  LLH:  Lat=26.029062852° Lon=108.097747035° H=757.6773m
  原始数据:
2025/11/16 09:54:25.000   26.029062852  108.097747035   757.6773   2  21   0.0967   0.1133   0.1880   0.0066  -0.0275  -0.0665  17.00    1.1 8525762

[TCP数据流] 2025/11/16 17:54:08 - 浮点解 (21颗卫星)
  ECEF: X=-1781698.5948 Y=5451839.6543 Z=2782288.0136
  LLH:  Lat=26.029062701° Lon=108.097747011° H=757.6652m
  原始数据:
2025/11/16 09:54:26.000   26.029062701  108.097747011   757.6652   2  21   0.0961   0.1124   0.1870   0.0066  -0.0274  -0.0663  18.00    1.6 8525762

[TCP数据流] 2025/11/16 17:54:09 - 浮点解 (21颗卫星)
  ECEF: X=-1781698.5906 Y=5451839.6556 Z=2782287.9951
  LLH:  Lat=26.029062551° Lon=108.097746967° H=757.6571m
  原始数据:
2025/11/16 09:54:27.000   26.029062551  108.097746967   757.6571   2  21   0.0955   0.1115   0.1860   0.0066  -0.0274  -0.0660  19.00    1.0 8525762

[TCP数据流] 2025/11/16 17:54:10 - 浮点解 (21颗卫星)
  ECEF: X=-1781698.5864 Y=5451839.6607 Z=2782287.9746
  LLH:  Lat=26.029062371° Lon=108.097746911° H=757.6513m
  原始数据:
2025/11/16 09:54:28.000   26.029062371  108.097746911   757.6513   2  21   0.0950   0.1107   0.1851   0.0066  -0.0274  -0.0658  20.00    1.3 8525762

[TCP数据流] 2025/11/16 17:54:11 - 浮点解 (21颗卫星)
  ECEF: X=-1781698.5863 Y=5451839.6538 Z=2782287.9498
  LLH:  Lat=26.029062196° Lon=108.097746932° H=757.6345m
  原始数据:
2025/11/16 09:54:29.000   26.029062196  108.097746932   757.6345   2  21   0.0944   0.1099   0.1842   0.0065  -0.0273  -0.0656  21.00    1.0 8525762

[TCP数据流] 2025/11/16 17:54:12 - 浮点解 (21颗卫星)
  ECEF: X=-1781698.5856 Y=5451839.6546 Z=2782287.9328
  LLH:  Lat=26.029062056° Lon=108.097746923° H=757.6275m
  原始数据:
2025/11/16 09:54:30.000   26.029062056  108.097746923   757.6275   2  21   0.0939   0.1090   0.1833   0.0065  -0.0273  -0.0654  22.00    1.0 8525762

[TCP数据流] 2025/11/16 17:54:13 - 浮点解 (21颗卫星)
  ECEF: X=-1781698.5797 Y=5451839.6521 Z=2782287.9106
  LLH:  Lat=26.029061893° Lon=108.097746874° H=757.6140m
  原始数据:
2025/11/16 09:54:31.000   26.029061893  108.097746874   757.6140   2  21   0.0934   0.1082   0.1824   0.0065  -0.0272  -0.0652  23.00    1.0 8525762

[TCP数据流] 2025/11/16 17:54:14 - 浮点解 (21颗卫星)
  ECEF: X=-1781698.5723 Y=5451839.6463 Z=2782287.8907
  LLH:  Lat=26.029061762° Lon=108.097746822° H=757.5982m
  原始数据:
2025/11/16 09:54:32.000   26.029061762  108.097746822   757.5982   2  21   0.0929   0.1075   0.1815   0.0064  -0.0272  -0.0650  24.00    1.0 8525762

[TCP数据流] 2025/11/16 17:54:15 - 浮点解 (21颗卫星)
  ECEF: X=-1781698.5611 Y=5451839.6475 Z=2782287.8691
  LLH:  Lat=26.029061596° Lon=108.097746712° H=757.5866m
  原始数据:
2025/11/16 09:54:33.000   26.029061596  108.097746712   757.5866   2  21   0.0924   0.1067   0.1807   0.0064  -0.0271  -0.0648  25.00    1.1 8525762

[TCP数据流] 2025/11/16 17:54:16 - 浮点解 (21颗卫星)
  ECEF: X=-1781698.5559 Y=5451839.6401 Z=2782287.8509
  LLH:  Lat=26.029061483° Lon=108.097746686° H=757.5709m
  原始数据:
2025/11/16 09:54:34.000   26.029061483  108.097746686   757.5709   2  21   0.0919   0.1060   0.1799   0.0064  -0.0271  -0.0646  26.00    1.2 8525762

[TCP数据流] 2025/11/16 17:54:17 - 浮点解 (21颗卫星)
  ECEF: X=-1781698.5482 Y=5451839.6325 Z=2782287.8354
  LLH:  Lat=26.029061395° Lon=108.097746636° H=757.5554m
  原始数据:
2025/11/16 09:54:35.000   26.029061395  108.097746636   757.5554   2  21   0.0914   0.1052   0.1791   0.0063  -0.0270  -0.0645  27.00    1.0 8525762

[TCP数据流] 2025/11/16 17:54:18 - 浮点解 (21颗卫星)
  ECEF: X=-1781698.5384 Y=5451839.6252 Z=2782287.8169
  LLH:  Lat=26.029061285° Lon=108.097746566° H=757.5384m
  原始数据:
2025/11/16 09:54:36.000   26.029061285  108.097746566   757.5384   2  21   0.0909   0.1045   0.1783   0.0063  -0.0270  -0.0643  28.00    1.0 8525762

[TCP数据流] 2025/11/16 17:54:19 - 浮点解 (21颗卫星)
  ECEF: X=-1781698.5404 Y=5451839.6165 Z=2782287.7985
  LLH:  Lat=26.029061166° Lon=108.097746612° H=757.5234m
  原始数据:
2025/11/16 09:54:37.000   26.029061166  108.097746612   757.5234   2  21   0.0905   0.1038   0.1775   0.0062  -0.0269  -0.0641  29.00    1.1 8525762

[TCP数据流] 2025/11/16 17:54:20 - 浮点解 (21颗卫星)
  ECEF: X=-1781698.5381 Y=5451839.6126 Z=2782287.7870
  LLH:  Lat=26.029061090° Lon=108.097746602° H=757.5144m
  原始数据:
2025/11/16 09:54:38.000   26.029061090  108.097746602   757.5144   2  21   0.0900   0.1031   0.1768   0.0062  -0.0269  -0.0640  30.00    1.0 8525762

[TCP数据流] 2025/11/16 17:55:08 - 浮点解 (22颗卫星)
  ECEF: X=-1781698.5254 Y=5451839.7168 Z=2782287.9713
  LLH:  Lat=26.029062208° Lon=108.097746158° H=757.6807m
  原始数据:
2025/11/16 09:55:26.000   26.029062208  108.097746158   757.6807   2  22   0.0828   0.1010   0.1577   0.0104  -0.0237  -0.0522   0.00    1.0 8525762

[TCP数据流] 2025/11/16 17:55:09 - 浮点解 (15颗卫星)
  ECEF: X=-1781698.5414 Y=5451839.7948 Z=2782288.0404
  LLH:  Lat=26.029062455° Lon=108.097746068° H=757.7821m
  原始数据:
2025/11/16 09:55:27.000   26.029062455  108.097746068   757.7821   2  15   0.0800   0.1002   0.1477   0.0077  -0.0164  -0.0458   0.00    1.1 8525762

[TCP数据流] 2025/11/16 17:55:10 - 浮点解 (22颗卫星)
  ECEF: X=-1781698.5196 Y=5451839.8389 Z=2782288.1551
  LLH:  Lat=26.029063246° Lon=108.097745724° H=757.8640m
  原始数据:
2025/11/16 09:55:28.000   26.029063246  108.097745724   757.8640   2  22   0.0754   0.0984   0.1372   0.0110  -0.0155  -0.0398   0.00    1.1 8525762

[TCP数据流] 2025/11/16 17:55:11 - 浮点解 (22颗卫星)
  ECEF: X=-1781698.5091 Y=5451839.8776 Z=2782288.2406
  LLH:  Lat=26.029063807° Lon=108.097745504° H=757.9317m
  原始数据:
2025/11/16 09:55:29.000   26.029063807  108.097745504   757.9317   2  22   0.0717   0.0967   0.1291   0.0128  -0.0148  -0.0353   0.00    1.4 8525762

[TCP数据流] 2025/11/16 17:55:12 - 浮点解 (22颗卫星)
  ECEF: X=-1781698.4989 Y=5451839.9046 Z=2782288.2955
  LLH:  Lat=26.029064163° Lon=108.097745324° H=757.9760m
  原始数据:
2025/11/16 09:55:30.000   26.029064163  108.097745324   757.9760   2  22   0.0688   0.0952   0.1228   0.0139  -0.0141  -0.0320   1.00    1.0 8525762

[TCP数据流] 2025/11/16 17:55:13 - 浮点解 (22颗卫星)
  ECEF: X=-1781698.4898 Y=5451839.9172 Z=2782288.3486
  LLH:  Lat=26.029064557° Lon=108.097745198° H=758.0075m
  原始数据:
2025/11/16 09:55:31.000   26.029064557  108.097745198   758.0075   2  22   0.0662   0.0938   0.1175   0.0147  -0.0135  -0.0292   0.00    1.3 8525762

[TCP数据流] 2025/11/16 17:55:14 - 浮点解 (22颗卫星)
  ECEF: X=-1781698.4807 Y=5451839.9407 Z=2782288.4003
  LLH:  Lat=26.029064899° Lon=108.097745039° H=758.0477m
  原始数据:
2025/11/16 09:55:32.000   26.029064899  108.097745039   758.0477   2  22   0.0640   0.0925   0.1129   0.0153  -0.0130  -0.0270   0.00    1.0 8525762

[TCP数据流] 2025/11/16 17:55:15 - 浮点解 (22颗卫星)
  ECEF: X=-1781698.4782 Y=5451839.9545 Z=2782288.4299
  LLH:  Lat=26.029065091° Lon=108.097744972° H=758.0718m
  原始数据:
2025/11/16 09:55:33.000   26.029065091  108.097744972   758.0718   2  22   0.0622   0.0913   0.1092   0.0157  -0.0126  -0.0252   1.00    1.1 8525762

[TCP数据流] 2025/11/16 17:55:16 - 浮点解 (22颗卫星)
  ECEF: X=-1781698.4773 Y=5451839.9647 Z=2782288.4449
  LLH:  Lat=26.029065175° Lon=108.097744932° H=758.0869m
  原始数据:
2025/11/16 09:55:34.000   26.029065175  108.097744932   758.0869   2  22   0.0607   0.0902   0.1062   0.0159  -0.0123  -0.0239   2.00    1.3 8525762

[TCP数据流] 2025/11/16 17:55:17 - 浮点解 (22颗卫星)
  ECEF: X=-1781698.4762 Y=5451839.9635 Z=2782288.4475
  LLH:  Lat=26.029065202° Lon=108.097744925° H=758.0867m
  原始数据:
2025/11/16 09:55:35.000   26.029065202  108.097744925   758.0867   2  22   0.0596   0.0893   0.1038   0.0161  -0.0120  -0.0229   3.00    1.2 8525762

[TCP数据流] 2025/11/16 17:55:18 - 浮点解 (22颗卫星)
  ECEF: X=-1781698.4739 Y=5451839.9694 Z=2782288.4483
  LLH:  Lat=26.029065189° Lon=108.097744885° H=758.0914m
  原始数据:
2025/11/16 09:55:36.000   26.029065189  108.097744885   758.0914   2  22   0.0587   0.0885   0.1019   0.0161  -0.0119  -0.0222   4.00    1.1 8525762

[TCP数据流] 2025/11/16 17:55:19 - 浮点解 (22颗卫星)
  ECEF: X=-1781698.4723 Y=5451839.9721 Z=2782288.4408
  LLH:  Lat=26.029065120° Lon=108.097744862° H=758.0900m
  原始数据:
2025/11/16 09:55:37.000   26.029065120  108.097744862   758.0900   2  22   0.0580   0.0878   0.1004   0.0161  -0.0118  -0.0217   5.00    1.0 8525762

[TCP数据流] 2025/11/16 17:55:20 - 浮点解 (22颗卫星)
  ECEF: X=-1781698.4743 Y=5451839.9705 Z=2782288.4321
  LLH:  Lat=26.029065053° Lon=108.097744886° H=758.0854m
  原始数据:
2025/11/16 09:55:38.000   26.029065053  108.097744886   758.0854   2  22   0.0574   0.0872   0.0992   0.0161  -0.0117  -0.0213   6.00    1.1 8525762

[TCP数据流] 2025/11/16 17:55:21 - 浮点解 (22颗卫星)
  ECEF: X=-1781698.4740 Y=5451839.9639 Z=2782288.4193
  LLH:  Lat=26.029064974° Lon=108.097744903° H=758.0740m
  原始数据:
2025/11/16 09:55:39.000   26.029064974  108.097744903   758.0740   2  22   0.0570   0.0866   0.0982   0.0160  -0.0116  -0.0211   7.00    1.2 8525762

[TCP数据流] 2025/11/16 17:55:22 - 浮点解 (22颗卫星)
  ECEF: X=-1781698.4694 Y=5451839.9599 Z=2782288.4057
  LLH:  Lat=26.029064885° Lon=108.097744872° H=758.0633m
  原始数据:
2025/11/16 09:55:40.000   26.029064885  108.097744872   758.0633   2  22   0.0565   0.0860   0.0973   0.0159  -0.0116  -0.0209   8.00    1.4 8525762

[TCP数据流] 2025/11/16 17:55:23 - 浮点解 (21颗卫星)
  ECEF: X=-1781698.4779 Y=5451839.9471 Z=2782288.3900
  LLH:  Lat=26.029064795° Lon=108.097744992° H=758.0479m
  原始数据:
2025/11/16 09:55:41.000   26.029064795  108.097744992   758.0479   2  21   0.0562   0.0855   0.0966   0.0158  -0.0116  -0.0207   9.00    1.1 8525762

[TCP数据流] 2025/11/16 17:55:24 - 浮点解 (21颗卫星)
  ECEF: X=-1781698.4851 Y=5451839.9351 Z=2782288.3745
  LLH:  Lat=26.029064706° Lon=108.097745098° H=758.0329m
  原始数据:
2025/11/16 09:55:42.000   26.029064706  108.097745098   758.0329   2  21   0.0559   0.0850   0.0960   0.0157  -0.0115  -0.0206  10.00    1.8 8525762

[TCP数据流] 2025/11/16 17:55:25 - 浮点解 (21颗卫星)
  ECEF: X=-1781698.4857 Y=5451839.9297 Z=2782288.3615
  LLH:  Lat=26.029064620° Lon=108.097745121° H=758.0227m
  原始数据:
2025/11/16 09:55:43.000   26.029064620  108.097745121   758.0227   2  21   0.0556   0.0846   0.0954   0.0156  -0.0115  -0.0205  11.00    1.9 8525762

[TCP数据流] 2025/11/16 17:55:26 - 浮点解 (21颗卫星)
  ECEF: X=-1781698.4894 Y=5451839.9218 Z=2782288.3484
  LLH:  Lat=26.029064539° Lon=108.097745180° H=758.0112m
  原始数据:
2025/11/16 09:55:44.000   26.029064539  108.097745180   758.0112   2  21   0.0553   0.0841   0.0949   0.0155  -0.0115  -0.0205  12.00    1.8 8525762

[TCP数据流] 2025/11/16 17:55:27 - 浮点解 (21颗卫星)
  ECEF: X=-1781698.4896 Y=5451839.9169 Z=2782288.3353
  LLH:  Lat=26.029064451° Lon=108.097745197° H=758.0013m
  原始数据:
2025/11/16 09:55:45.000   26.029064451  108.097745197   758.0013   2  21   0.0551   0.0837   0.0944   0.0154  -0.0115  -0.0205  13.00    1.8 8525762

[TCP数据流] 2025/11/16 17:55:28 - 浮点解 (14颗卫星)
  ECEF: X=-1781698.4902 Y=5451839.9084 Z=2782288.3258
  LLH:  Lat=26.029064405° Lon=108.097745229° H=757.9901m
  原始数据:
2025/11/16 09:55:46.000   26.029064405  108.097745229   757.9901   2  14   0.0549   0.0834   0.0941   0.0153  -0.0113  -0.0205  14.00    1.2 8525762

[TCP数据流] 2025/11/16 17:55:29 - 浮点解 (21颗卫星)
  ECEF: X=-1781698.4898 Y=5451839.8999 Z=2782288.3117
  LLH:  Lat=26.029064323° Lon=108.097745252° H=757.9765m
  原始数据:
2025/11/16 09:55:47.000   26.029064323  108.097745252   757.9765   2  21   0.0547   0.0830   0.0937   0.0152  -0.0113  -0.0205  15.00    2.3 8525762

[TCP数据流] 2025/11/16 17:55:30 - 浮点解 (21颗卫星)
  ECEF: X=-1781698.4876 Y=5451839.8930 Z=2782288.2982
  LLH:  Lat=26.029064242° Lon=108.097745252° H=757.9641m
  原始数据:
2025/11/16 09:55:48.000   26.029064242  108.097745252   757.9641   2  21   0.0546   0.0826   0.0934   0.0151  -0.0114  -0.0205  16.00    2.1 8525762

[TCP数据流] 2025/11/16 17:55:31 - 浮点解 (21颗卫星)
  ECEF: X=-1781698.4873 Y=5451839.8858 Z=2782288.2861
  LLH:  Lat=26.029064172° Lon=108.097745272° H=757.9526m
  原始数据:
2025/11/16 09:55:49.000   26.029064172  108.097745272   757.9526   2  21   0.0544   0.0822   0.0931   0.0151  -0.0114  -0.0205  17.00    2.1 8525762

[TCP数据流] 2025/11/16 17:55:32 - 浮点解 (21颗卫星)
  ECEF: X=-1781698.4849 Y=5451839.8796 Z=2782288.2734
  LLH:  Lat=26.029064095° Lon=108.097745268° H=757.9410m
  原始数据:
2025/11/16 09:55:50.000   26.029064095  108.097745268   757.9410   2  21   0.0542   0.0818   0.0928   0.0150  -0.0114  -0.0205  18.00    2.7 8525762

[TCP数据流] 2025/11/16 17:55:33 - 浮点解 (21颗卫星)
  ECEF: X=-1781698.4857 Y=5451839.8706 Z=2782288.2595
  LLH:  Lat=26.029064015° Lon=108.097745304° H=757.9274m
  原始数据:
2025/11/16 09:55:51.000   26.029064015  108.097745304   757.9274   2  21   0.0540   0.0815   0.0925   0.0149  -0.0114  -0.0205  19.00    2.1 8525762

[TCP数据流] 2025/11/16 17:55:34 - 浮点解 (21颗卫星)
  ECEF: X=-1781698.4879 Y=5451839.8618 Z=2782288.2477
  LLH:  Lat=26.029063950° Lon=108.097745352° H=757.9154m
  原始数据:
2025/11/16 09:55:52.000   26.029063950  108.097745352   757.9154   2  21   0.0539   0.0811   0.0922   0.0148  -0.0115  -0.0206  20.00    2.2 8525762

[TCP数据流] 2025/11/16 17:55:35 - 浮点解 (21颗卫星)
  ECEF: X=-1781698.4860 Y=5451839.8547 Z=2782288.2356
  LLH:  Lat=26.029063881° Lon=108.097745356° H=757.9035m
  原始数据:
2025/11/16 09:55:53.000   26.029063881  108.097745356   757.9035   2  21   0.0537   0.0808   0.0920   0.0147  -0.0115  -0.0206  21.00    2.1 8525762

[TCP数据流] 2025/11/16 17:55:36 - 浮点解 (21颗卫星)
  ECEF: X=-1781698.4842 Y=5451839.8496 Z=2782288.2256
  LLH:  Lat=26.029063821° Lon=108.097745355° H=757.8942m
  原始数据:
2025/11/16 09:55:54.000   26.029063821  108.097745355   757.8942   2  21   0.0536   0.0804   0.0917   0.0147  -0.0115  -0.0206  22.00    2.1 8525762

[TCP数据流] 2025/11/16 17:55:37 - 浮点解 (21颗卫星)
  ECEF: X=-1781698.4850 Y=5451839.8418 Z=2782288.2159
  LLH:  Lat=26.029063771° Lon=108.097745387° H=757.8836m
  原始数据:
2025/11/16 09:55:55.000   26.029063771  108.097745387   757.8836   2  21   0.0534   0.0801   0.0915   0.0146  -0.0116  -0.0206  23.00    2.1 8525762

[TCP数据流] 2025/11/16 17:55:38 - 浮点解 (21颗卫星)
  ECEF: X=-1781698.4847 Y=5451839.8339 Z=2782288.2055
  LLH:  Lat=26.029063717° Lon=108.097745408° H=757.8721m
  原始数据:
2025/11/16 09:55:56.000   26.029063717  108.097745408   757.8721   2  21   0.0533   0.0797   0.0913   0.0145  -0.0116  -0.0207  24.00    2.2 8525762

[TCP数据流] 2025/11/16 17:55:39 - 浮点解 (21颗卫星)
  ECEF: X=-1781698.4816 Y=5451839.8277 Z=2782288.1969
  LLH:  Lat=26.029063674° Lon=108.097745398° H=757.8622m
  原始数据:
2025/11/16 09:55:57.000   26.029063674  108.097745398   757.8622   2  21   0.0532   0.0794   0.0911   0.0144  -0.0116  -0.0207  25.00    2.1 8525762

[TCP数据流] 2025/11/16 17:55:40 - 浮点解 (21颗卫星)
  ECEF: X=-1781698.4774 Y=5451839.8229 Z=2782288.1885
  LLH:  Lat=26.029063629° Lon=108.097745373° H=757.8532m
  原始数据:
2025/11/16 09:55:58.000   26.029063629  108.097745373   757.8532   2  21   0.0530   0.0791   0.0909   0.0143  -0.0116  -0.0207  26.00    2.0 8525762

[TCP数据流] 2025/11/16 17:55:41 - 浮点解 (21颗卫星)
  ECEF: X=-1781698.4765 Y=5451839.8172 Z=2782288.1794
  LLH:  Lat=26.029063578° Lon=108.097745382° H=757.8441m
  原始数据:
2025/11/16 09:55:59.000   26.029063578  108.097745382   757.8441   2  21   0.0529   0.0788   0.0907   0.0143  -0.0116  -0.0208  27.00    1.8 8525762

[TCP数据流] 2025/11/16 17:55:42 - 浮点解 (21颗卫星)
  ECEF: X=-1781698.4745 Y=5451839.8126 Z=2782288.1729
  LLH:  Lat=26.029063545° Lon=108.097745378° H=757.8368m
  原始数据:
2025/11/16 09:56:00.000   26.029063545  108.097745378   757.8368   2  21   0.0528   0.0785   0.0905   0.0142  -0.0117  -0.0208  28.00    1.7 8525762

[TCP数据流] 2025/11/16 17:55:43 - 浮点解 (21颗卫星)
  ECEF: X=-1781698.4713 Y=5451839.8068 Z=2782288.1648
  LLH:  Lat=26.029063505° Lon=108.097745365° H=757.8274m
  原始数据:
2025/11/16 09:56:01.000   26.029063505  108.097745365   757.8274   2  21   0.0527   0.0782   0.0903   0.0141  -0.0117  -0.0208  29.00    1.7 8525762

[TCP数据流] 2025/11/16 17:55:44 - 浮点解 (21颗卫星)
  ECEF: X=-1781698.4728 Y=5451839.7994 Z=2782288.1574
  LLH:  Lat=26.029063471° Lon=108.097745403° H=757.8182m
  原始数据:
2025/11/16 09:56:02.000   26.029063471  108.097745403   757.8182   2  21   0.0525   0.0779   0.0901   0.0140  -0.0117  -0.0209  30.00    1.7 8525762

[TCP数据流] 2025/11/16 18:01:27 - 浮点解 (21颗卫星)
  ECEF: X=-1781698.3471 Y=5451839.7225 Z=2782288.1448
  LLH:  Lat=26.029063813° Lon=108.097744448° H=757.7119m
  原始数据:
2025/11/16 10:01:45.000   26.029063813  108.097744448   757.7119   2  21   0.0409   0.0705   0.0589   0.0140  -0.0025  -0.0172  19.00    1.0 8525762

[TCP数据流] 2025/11/16 18:01:28 - 浮点解 (21颗卫星)
  ECEF: X=-1781698.3301 Y=5451839.7103 Z=2782288.1304
  LLH:  Lat=26.029063763° Lon=108.097744324° H=757.6904m
  原始数据:
2025/11/16 10:01:46.000   26.029063763  108.097744324   757.6904   2  21   0.0401   0.0699   0.0572   0.0138   0.0014  -0.0169  20.00    1.0 8525762

[TCP数据流] 2025/11/16 18:01:29 - 浮点解 (21颗卫星)
  ECEF: X=-1781698.3177 Y=5451839.6991 Z=2782288.1159
  LLH:  Lat=26.029063703° Lon=108.097744241° H=757.6711m
  原始数据:
2025/11/16 10:01:47.000   26.029063703  108.097744241   757.6711   2  21   0.0394   0.0693   0.0557   0.0137   0.0029  -0.0167  21.00    1.0 8525762

[TCP数据流] 2025/11/16 18:01:30 - 浮点解 (21颗卫星)
  ECEF: X=-1781698.3069 Y=5451839.6875 Z=2782288.1032
  LLH:  Lat=26.029063657° Lon=108.097744174° H=757.6526m
  原始数据:
2025/11/16 10:01:48.000   26.029063657  108.097744174   757.6526   2  21   0.0388   0.0687   0.0544   0.0135   0.0036  -0.0164  22.00    1.0 8525762

[TCP数据流] 2025/11/16 18:01:31 - 浮点解 (21颗卫星)
  ECEF: X=-1781698.3007 Y=5451839.6760 Z=2782288.0891
  LLH:  Lat=26.029063594° Lon=108.097744151° H=757.6348m
  原始数据:
2025/11/16 10:01:49.000   26.029063594  108.097744151   757.6348   2  21   0.0383   0.0682   0.0534   0.0134   0.0041  -0.0162  23.00    1.1 8525762

[TCP数据流] 2025/11/16 18:01:32 - 浮点解 (21颗卫星)
  ECEF: X=-1781698.2930 Y=5451839.6651 Z=2782288.0753
  LLH:  Lat=26.029063532° Lon=108.097744112° H=757.6173m
  原始数据:
2025/11/16 10:01:50.000   26.029063532  108.097744112   757.6173   2  21   0.0378   0.0677   0.0524   0.0133   0.0045  -0.0160  24.00    1.0 8525762

[TCP数据流] 2025/11/16 18:01:33 - 浮点解 (21颗卫星)
  ECEF: X=-1781698.2852 Y=5451839.6546 Z=2782288.0615
  LLH:  Lat=26.029063469° Lon=108.097744070° H=757.6001m
  原始数据:
2025/11/16 10:01:51.000   26.029063469  108.097744070   757.6001   2  21   0.0373   0.0672   0.0516   0.0132   0.0048  -0.0159  25.00    1.0 8525762

[TCP数据流] 2025/11/16 18:01:34 - 浮点解 (21颗卫星)
  ECEF: X=-1781698.2530 Y=5451839.7880 Z=2782288.3720
  LLH:  Lat=26.029065525° Lon=108.097743351° H=757.8413m
  原始数据:
2025/11/16 10:01:52.000   26.029065525  108.097743351   757.8413   2  21   0.0303   0.0608   0.0428   0.0135   0.0092  -0.0083   0.00    1.0 8525762

[TCP数据流] 2025/11/16 18:01:36 - 浮点解 (21颗卫星)
  ECEF: X=-1781698.2560 Y=5451839.8666 Z=2782288.5376
  LLH:  Lat=26.029066568° Lon=108.097743135° H=757.9820m
  原始数据:
2025/11/16 10:01:54.000   26.029066568  108.097743135   757.9820   2  21   0.0264   0.0561   0.0377   0.0132   0.0102  -0.0036   0.00    1.7 8525762

[TCP数据流] 2025/11/16 18:01:37 - 浮点解 (21颗卫星)
  ECEF: X=-1781698.2610 Y=5451839.9120 Z=2782288.6304
  LLH:  Lat=26.029067144° Lon=108.097743042° H=758.0629m
  原始数据:
2025/11/16 10:01:55.000   26.029067144  108.097743042   758.0629   2  21   0.0240   0.0527   0.0344   0.0127   0.0104   0.0029   1.00    2.1 8525762

[TCP数据流] 2025/11/16 18:01:38 - 浮点解 (21颗卫星)
  ECEF: X=-1781698.2678 Y=5451839.9388 Z=2782288.6868
  LLH:  Lat=26.029067492° Lon=108.097743023° H=758.1124m
  原始数据:
2025/11/16 10:01:56.000   26.029067492  108.097743023   758.1124   2  21   0.0224   0.0502   0.0321   0.0124   0.0104   0.0042   2.00    2.1 8525762

[TCP数据流] 2025/11/16 18:01:39 - 浮点解 (21颗卫星)
  ECEF: X=-1781698.2792 Y=5451839.9532 Z=2782288.7224
  LLH:  Lat=26.029067712° Lon=108.097743087° H=758.1435m
  原始数据:
2025/11/16 10:01:57.000   26.029067712  108.097743087   758.1435   2  21   0.0213   0.0485   0.0305   0.0121   0.0103   0.0047   3.00    2.2 8525762

[TCP数据流] 2025/11/16 18:01:40 - 浮点解 (22颗卫星)
  ECEF: X=-1781698.2835 Y=5451839.9582 Z=2782288.7415
  LLH:  Lat=26.029067843° Lon=108.097743112° H=758.1573m
  原始数据:
2025/11/16 10:01:58.000   26.029067843  108.097743112   758.1573   2  22   0.0206   0.0472   0.0294   0.0119   0.0102   0.0049   4.00    1.6 8525762

[TCP数据流] 2025/11/16 18:01:41 - 浮点解 (22颗卫星)
  ECEF: X=-1781698.2888 Y=5451839.9608 Z=2782288.7536
  LLH:  Lat=26.029067925° Lon=108.097743154° H=758.1664m
  原始数据:
2025/11/16 10:01:59.000   26.029067925  108.097743154   758.1664   2  22   0.0200   0.0463   0.0285   0.0117   0.0101   0.0050   5.00    2.1 8525762

[TCP数据流] 2025/11/16 18:01:42 - 浮点解 (22颗卫星)
  ECEF: X=-1781698.2944 Y=5451839.9603 Z=2782288.7615
  LLH:  Lat=26.029067984° Lon=108.097743209° H=758.1710m
  原始数据:
2025/11/16 10:02:00.000   26.029067984  108.097743209   758.1710   2  22   0.0196   0.0456   0.0279   0.0115   0.0100   0.0050   6.00    1.4 8525762

[TCP数据流] 2025/11/16 18:01:43 - 浮点解 (22颗卫星)
  ECEF: X=-1781698.2997 Y=5451839.9588 Z=2782288.7653
  LLH:  Lat=26.029068014° Lon=108.097743264° H=758.1728m
  原始数据:
2025/11/16 10:02:01.000   26.029068014  108.097743264   758.1728   2  22   0.0193   0.0450   0.0274   0.0114   0.0100   0.0050   7.00    1.5 8525762

[TCP数据流] 2025/11/16 18:01:44 - 浮点解 (22颗卫星)
  ECEF: X=-1781698.3044 Y=5451839.9576 Z=2782288.7676
  LLH:  Lat=26.029068031° Lon=108.097743312° H=758.1741m
  原始数据:
2025/11/16 10:02:02.000   26.029068031  108.097743312   758.1741   2  22   0.0191   0.0446   0.0269   0.0113   0.0099   0.0050   8.00    1.5 8525762

[TCP数据流] 2025/11/16 18:01:45 - 浮点解 (15颗卫星)
  ECEF: X=-1781698.3078 Y=5451839.9553 Z=2782288.7670
  LLH:  Lat=26.029068031° Lon=108.097743352° H=758.1728m
  原始数据:
2025/11/16 10:02:03.000   26.029068031  108.097743352   758.1728   2  15   0.0190   0.0444   0.0267   0.0112   0.0101   0.0051   9.00    1.1 8525762

[TCP数据流] 2025/11/16 18:01:47 - 浮点解 (22颗卫星)
  ECEF: X=-1781698.3116 Y=5451839.9522 Z=2782288.7660
  LLH:  Lat=26.029068030° Lon=108.097743398° H=758.1708m
  原始数据:
2025/11/16 10:02:05.000   26.029068030  108.097743398   758.1708   2  22   0.0188   0.0442   0.0265   0.0111   0.0100   0.0051  11.00    1.4 8525762

[TCP数据流] 2025/11/16 18:01:48 - 浮点解 (22颗卫星)
  ECEF: X=-1781698.3164 Y=5451839.9692 Z=2782288.8009
  LLH:  Lat=26.029068243° Lon=108.097743390° H=758.2020m
  原始数据:
2025/11/16 10:02:06.000   26.029068243  108.097743390   758.2020   2  22   0.0180   0.0427   0.0254   0.0109   0.0098   0.0051   0.00    1.3 8525762

[TCP数据流] 2025/11/16 18:01:49 - 浮点解 (22颗卫星)
  ECEF: X=-1781698.3237 Y=5451839.9817 Z=2782288.8247
  LLH:  Lat=26.029068380° Lon=108.097743421° H=758.2252m
  原始数据:
2025/11/16 10:02:07.000   26.029068380  108.097743421   758.2252   2  22   0.0173   0.0414   0.0246   0.0106   0.0096   0.0052   1.00    1.3 8525762

[TCP数据流] 2025/11/16 18:01:50 - 浮点解 (22颗卫星)
  ECEF: X=-1781698.3252 Y=5451839.9912 Z=2782288.8417
  LLH:  Lat=26.029068480° Lon=108.097743406° H=758.2412m
  原始数据:
2025/11/16 10:02:08.000   26.029068480  108.097743406   758.2412   2  22   0.0168   0.0404   0.0239   0.0104   0.0094   0.0051   2.00    1.2 8525762

[TCP数据流] 2025/11/16 18:01:51 - 浮点解 (22颗卫星)
  ECEF: X=-1781698.3276 Y=5451839.9948 Z=2782288.8517
  LLH:  Lat=26.029068545° Lon=108.097743417° H=758.2493m
  原始数据:
2025/11/16 10:02:09.000   26.029068545  108.097743417   758.2493   2  22   0.0164   0.0397   0.0234   0.0102   0.0093   0.0051   3.00    1.9 8525762

[TCP数据流] 2025/11/16 18:01:52 - 浮点解 (22颗卫星)
  ECEF: X=-1781698.3321 Y=5451839.9967 Z=2782288.8595
  LLH:  Lat=26.029068595° Lon=108.097743454° H=758.2556m
  原始数据:
2025/11/16 10:02:10.000   26.029068595  108.097743454   758.2556   2  22   0.0162   0.0391   0.0230   0.0101   0.0092   0.0051   4.00    1.9 8525762

[TCP数据流] 2025/11/16 18:01:53 - 浮点解 (22颗卫星)
  ECEF: X=-1781698.3368 Y=5451839.9956 Z=2782288.8632
  LLH:  Lat=26.029068624° Lon=108.097743502° H=758.2576m
  原始数据:
2025/11/16 10:02:11.000   26.029068624  108.097743502   758.2576   2  22   0.0159   0.0387   0.0226   0.0100   0.0091   0.0051   5.00    1.2 8525762

[TCP数据流] 2025/11/16 18:01:54 - 浮点解 (22颗卫星)
  ECEF: X=-1781698.3400 Y=5451839.9939 Z=2782288.8654
  LLH:  Lat=26.029068644° Lon=108.097743538° H=758.2580m
  原始数据:
2025/11/16 10:02:12.000   26.029068644  108.097743538   758.2580   2  22   0.0158   0.0383   0.0224   0.0099   0.0090   0.0050   6.00    1.1 8525762

[TCP数据流] 2025/11/16 18:01:55 - 浮点解 (22颗卫星)
  ECEF: X=-1781698.3424 Y=5451839.9923 Z=2782288.8655
  LLH:  Lat=26.029068648° Lon=108.097743566° H=758.2573m
  原始数据:
2025/11/16 10:02:13.000   26.029068648  108.097743566   758.2573   2  22   0.0156   0.0380   0.0222   0.0099   0.0089   0.0050   7.00    1.1 8525762

[TCP数据流] 2025/11/16 18:01:56 - 浮点解 (22颗卫星)
  ECEF: X=-1781698.3453 Y=5451839.9905 Z=2782288.8654
  LLH:  Lat=26.029068650° Lon=108.097743599° H=758.2566m
  原始数据:
2025/11/16 10:02:14.000   26.029068650  108.097743599   758.2566   2  22   0.0155   0.0378   0.0220   0.0098   0.0089   0.0050   8.00    1.1 8525762

[TCP数据流] 2025/11/16 18:01:57 - 浮点解 (22颗卫星)
  ECEF: X=-1781698.3477 Y=5451839.9881 Z=2782288.8644
  LLH:  Lat=26.029068648° Lon=108.097743629° H=758.2547m
  原始数据:
2025/11/16 10:02:15.000   26.029068648  108.097743629   758.2547   2  22   0.0154   0.0376   0.0218   0.0098   0.0088   0.0049   9.00    1.0 8525762

[TCP数据流] 2025/11/16 18:01:58 - 浮点解 (22颗卫星)
  ECEF: X=-1781698.3500 Y=5451839.9864 Z=2782288.8633
  LLH:  Lat=26.029068643° Lon=108.097743656° H=758.2535m
  原始数据:
2025/11/16 10:02:16.000   26.029068643  108.097743656   758.2535   2  22   0.0154   0.0374   0.0217   0.0097   0.0088   0.0049  10.00    1.1 8525762

[TCP数据流] 2025/11/16 18:01:59 - 浮点解 (22颗卫星)
  ECEF: X=-1781698.3522 Y=5451839.9840 Z=2782288.8617
  LLH:  Lat=26.029068636° Lon=108.097743684° H=758.2513m
  原始数据:
2025/11/16 10:02:17.000   26.029068636  108.097743684   758.2513   2  22   0.0153   0.0373   0.0216   0.0097   0.0087   0.0049  11.00    1.1 8525762

[TCP数据流] 2025/11/16 18:02:00 - 浮点解 (22颗卫星)
  ECEF: X=-1781698.3547 Y=5451839.9814 Z=2782288.8601
  LLH:  Lat=26.029068630° Lon=108.097743716° H=758.2491m
  原始数据:
2025/11/16 10:02:18.000   26.029068630  108.097743716   758.2491   2  22   0.0153   0.0372   0.0215   0.0096   0.0087   0.0048  12.00    1.0 8525762

[TCP数据流] 2025/11/16 18:02:01 - 浮点解 (22颗卫星)
  ECEF: X=-1781698.3556 Y=5451839.9794 Z=2782288.8582
  LLH:  Lat=26.029068621° Lon=108.097743731° H=758.2468m
  原始数据:
2025/11/16 10:02:19.000   26.029068621  108.097743731   758.2468   2  22   0.0152   0.0371   0.0214   0.0096   0.0087   0.0048  13.00    1.1 8525762

[TCP数据流] 2025/11/16 18:02:02 - 浮点解 (22颗卫星)
  ECEF: X=-1781698.3566 Y=5451839.9772 Z=2782288.8561
  LLH:  Lat=26.029068611° Lon=108.097743747° H=758.2443m
  原始数据:
2025/11/16 10:02:20.000   26.029068611  108.097743747   758.2443   2  22   0.0152   0.0369   0.0213   0.0096   0.0087   0.0048  14.00    1.1 8525762

[TCP数据流] 2025/11/16 18:02:03 - 浮点解 (22颗卫星)
  ECEF: X=-1781698.3574 Y=5451839.9750 Z=2782288.8537
  LLH:  Lat=26.029068599° Lon=108.097743762° H=758.2416m
  原始数据:
2025/11/16 10:02:21.000   26.029068599  108.097743762   758.2416   2  22   0.0151   0.0369   0.0213   0.0096   0.0086   0.0048  15.00    1.0 8525762

[TCP数据流] 2025/11/16 18:02:04 - 浮点解 (22颗卫星)
  ECEF: X=-1781698.3579 Y=5451839.9729 Z=2782288.8513
  LLH:  Lat=26.029068587° Lon=108.097743773° H=758.2389m
  原始数据:
2025/11/16 10:02:22.000   26.029068587  108.097743773   758.2389   2  22   0.0151   0.0368   0.0212   0.0095   0.0086   0.0048  16.00    1.1 8525762

[TCP数据流] 2025/11/16 18:02:05 - 浮点解 (22颗卫星)
  ECEF: X=-1781698.3590 Y=5451839.9706 Z=2782288.8490
  LLH:  Lat=26.029068575° Lon=108.097743790° H=758.2362m
  原始数据:
2025/11/16 10:02:23.000   26.029068575  108.097743790   758.2362   2  22   0.0151   0.0367   0.0212   0.0095   0.0086   0.0048  17.00    1.1 8525762

[TCP数据流] 2025/11/16 18:02:06 - 浮点解 (22颗卫星)
  ECEF: X=-1781698.3599 Y=5451839.9685 Z=2782288.8466
  LLH:  Lat=26.029068563° Lon=108.097743806° H=758.2336m
  原始数据:
2025/11/16 10:02:24.000   26.029068563  108.097743806   758.2336   2  22   0.0150   0.0366   0.0211   0.0095   0.0086   0.0047  18.00    1.0 8525762

[TCP数据流] 2025/11/16 18:02:07 - 浮点解 (22颗卫星)
  ECEF: X=-1781698.3604 Y=5451839.9664 Z=2782288.8444
  LLH:  Lat=26.029068552° Lon=108.097743817° H=758.2310m
  原始数据:
2025/11/16 10:02:25.000   26.029068552  108.097743817   758.2310   2  22   0.0150   0.0365   0.0211   0.0095   0.0085   0.0047  19.00    1.3 8525762

[TCP数据流] 2025/11/16 18:02:08 - 浮点解 (22颗卫星)
  ECEF: X=-1781698.3611 Y=5451839.9643 Z=2782288.8420
  LLH:  Lat=26.029068540° Lon=108.097743830° H=758.2283m
  原始数据:
2025/11/16 10:02:26.000   26.029068540  108.097743830   758.2283   2  22   0.0150   0.0365   0.0211   0.0095   0.0085   0.0047  20.00    1.0 8525762

[TCP数据流] 2025/11/16 18:02:09 - 浮点解 (22颗卫星)
  ECEF: X=-1781698.3610 Y=5451839.9625 Z=2782288.8398
  LLH:  Lat=26.029068529° Lon=108.097743835° H=758.2258m
  原始数据:
2025/11/16 10:02:27.000   26.029068529  108.097743835   758.2258   2  22   0.0150   0.0364   0.0210   0.0094   0.0085   0.0047  21.00    1.2 8525762

[TCP数据流] 2025/11/16 18:02:10 - 浮点解 (22颗卫星)
  ECEF: X=-1781698.3622 Y=5451839.9604 Z=2782288.8376
  LLH:  Lat=26.029068517° Lon=108.097743853° H=758.2234m
  原始数据:
2025/11/16 10:02:28.000   26.029068517  108.097743853   758.2234   2  22   0.0150   0.0363   0.0210   0.0094   0.0085   0.0047  22.00    1.1 8525762

[TCP数据流] 2025/11/16 18:02:11 - 浮点解 (22颗卫星)
  ECEF: X=-1781698.3626 Y=5451839.9586 Z=2782288.8354
  LLH:  Lat=26.029068506° Lon=108.097743862° H=758.2210m
  原始数据:
2025/11/16 10:02:29.000   26.029068506  108.097743862   758.2210   2  22   0.0149   0.0363   0.0210   0.0094   0.0085   0.0047  23.00    1.3 8525762

[TCP数据流] 2025/11/16 18:02:12 - 浮点解 (22颗卫星)
  ECEF: X=-1781698.3628 Y=5451839.9569 Z=2782288.8333
  LLH:  Lat=26.029068495° Lon=108.097743869° H=758.2187m
  原始数据:
2025/11/16 10:02:30.000   26.029068495  108.097743869   758.2187   2  22   0.0149   0.0362   0.0209   0.0094   0.0085   0.0047  24.00    1.0 8525762

[TCP数据流] 2025/11/16 18:02:13 - 浮点解 (22颗卫星)
  ECEF: X=-1781698.3648 Y=5451839.9547 Z=2782288.8314
  LLH:  Lat=26.029068485° Lon=108.097743895° H=758.2165m
  原始数据:
2025/11/16 10:02:31.000   26.029068485  108.097743895   758.2165   2  22   0.0149   0.0362   0.0209   0.0094   0.0084   0.0047  25.00    1.2 8525762

[TCP数据流] 2025/11/16 18:02:14 - 浮点解 (22颗卫星)
  ECEF: X=-1781698.3652 Y=5451839.9530 Z=2782288.8293
  LLH:  Lat=26.029068474° Lon=108.097743904° H=758.2142m
  原始数据:
2025/11/16 10:02:32.000   26.029068474  108.097743904   758.2142   2  22   0.0149   0.0361   0.0209   0.0094   0.0084   0.0046  26.00    1.1 8525762

[TCP数据流] 2025/11/16 18:02:15 - 浮点解 (22颗卫星)
  ECEF: X=-1781698.3655 Y=5451839.9511 Z=2782288.8271
  LLH:  Lat=26.029068463° Lon=108.097743913° H=758.2118m
  原始数据:
2025/11/16 10:02:33.000   26.029068463  108.097743913   758.2118   2  22   0.0149   0.0361   0.0209   0.0093   0.0084   0.0046  27.00    1.4 8525762

[TCP数据流] 2025/11/16 18:02:16 - 浮点解 (22颗卫星)
  ECEF: X=-1781698.3670 Y=5451839.9492 Z=2782288.8252
  LLH:  Lat=26.029068453° Lon=108.097743933° H=758.2097m
  原始数据:
2025/11/16 10:02:34.000   26.029068453  108.097743933   758.2097   2  22   0.0149   0.0360   0.0208   0.0093   0.0084   0.0046  28.00    1.2 8525762

[TCP数据流] 2025/11/16 18:02:17 - 浮点解 (22颗卫星)
  ECEF: X=-1781698.3676 Y=5451839.9475 Z=2782288.8233
  LLH:  Lat=26.029068443° Lon=108.097743944° H=758.2076m
  原始数据:
2025/11/16 10:02:35.000   26.029068443  108.097743944   758.2076   2  22   0.0149   0.0360   0.0208   0.0093   0.0084   0.0046  29.00    1.3 8525762

[TCP数据流] 2025/11/16 18:02:18 - 浮点解 (22颗卫星)
  ECEF: X=-1781698.3683 Y=5451839.9458 Z=2782288.8214
  LLH:  Lat=26.029068433° Lon=108.097743956° H=758.2055m
  原始数据:
2025/11/16 10:02:36.000   26.029068433  108.097743956   758.2055   2  22   0.0148   0.0359   0.0208   0.0093   0.0084   0.0046  30.00    1.3 8525762

[TCP数据流] 2025/11/16 18:03:20 - 浮点解 (22颗卫星)
  ECEF: X=-1781698.4655 Y=5451840.0075 Z=2782288.9677
  LLH:  Lat=26.029069268° Lon=108.097744687° H=758.3495m
  原始数据:
2025/11/16 10:03:38.000   26.029069268  108.097744687   758.3495   2  22   0.0129   0.0320   0.0183   0.0084   0.0080   0.0046   1.00    1.1 8525762

[TCP数据流] 2025/11/16 18:03:21 - 浮点解 (22颗卫星)
  ECEF: X=-1781698.4710 Y=5451840.0177 Z=2782288.9831
  LLH:  Lat=26.029069348° Lon=108.097744708° H=758.3665m
  原始数据:
2025/11/16 10:03:39.000   26.029069348  108.097744708   758.3665   2  22   0.0126   0.0315   0.0179   0.0082   0.0079   0.0045   1.00    1.0 8525762

[TCP数据流] 2025/11/16 18:03:22 - 浮点解 (22颗卫星)
  ECEF: X=-1781698.4795 Y=5451840.0239 Z=2782288.9938
  LLH:  Lat=26.029069401° Lon=108.097744769° H=758.3789m
  原始数据:
2025/11/16 10:03:40.000   26.029069401  108.097744769   758.3789   2  22   0.0124   0.0311   0.0177   0.0081   0.0078   0.0045   2.00    1.2 8525762

[TCP数据流] 2025/11/16 18:03:23 - 浮点解 (22颗卫星)
  ECEF: X=-1781698.4883 Y=5451840.0264 Z=2782289.0016
  LLH:  Lat=26.029069444° Lon=108.097744845° H=758.3869m
  原始数据:
2025/11/16 10:03:41.000   26.029069444  108.097744845   758.3869   2  22   0.0122   0.0307   0.0174   0.0080   0.0077   0.0045   3.00    1.0 8525762

[TCP数据流] 2025/11/16 18:03:24 - 浮点解 (22颗卫星)
  ECEF: X=-1781698.4969 Y=5451840.0285 Z=2782289.0073
  LLH:  Lat=26.029069472° Lon=108.097744920° H=758.3936m
  原始数据:
2025/11/16 10:03:42.000   26.029069472  108.097744920   758.3936   2  22   0.0121   0.0304   0.0173   0.0080   0.0076   0.0044   4.00    1.0 8525762

[TCP数据流] 2025/11/16 18:03:25 - 浮点解 (22颗卫星)
  ECEF: X=-1781698.5007 Y=5451840.0302 Z=2782289.0103
  LLH:  Lat=26.029069485° Lon=108.097744951° H=758.3974m
  原始数据:
2025/11/16 10:03:43.000   26.029069485  108.097744951   758.3974   2  22   0.0120   0.0302   0.0171   0.0079   0.0076   0.0044   5.00    1.0 8525762

[TCP数据流] 2025/11/16 18:03:26 - 浮点解 (22颗卫星)
  ECEF: X=-1781698.5056 Y=5451840.0299 Z=2782289.0122
  LLH:  Lat=26.029069495° Lon=108.097744998° H=758.3994m
  原始数据:
2025/11/16 10:03:44.000   26.029069495  108.097744998   758.3994   2  22   0.0120   0.0300   0.0170   0.0079   0.0075   0.0044   6.00    1.0 8525762

[TCP数据流] 2025/11/16 18:03:27 - 浮点解 (22颗卫星)
  ECEF: X=-1781698.5115 Y=5451840.0288 Z=2782289.0137
  LLH:  Lat=26.029069504° Lon=108.097745058° H=758.4007m
  原始数据:
2025/11/16 10:03:45.000   26.029069504  108.097745058   758.4007   2  22   0.0119   0.0299   0.0169   0.0078   0.0075   0.0043   7.00    1.0 8525762

[TCP数据流] 2025/11/16 18:03:28 - 浮点解 (22颗卫星)
  ECEF: X=-1781698.5176 Y=5451840.0270 Z=2782289.0146
  LLH:  Lat=26.029069511° Lon=108.097745122° H=758.4013m
  原始数据:
2025/11/16 10:03:46.000   26.029069511  108.097745122   758.4013   2  22   0.0118   0.0298   0.0168   0.0078   0.0075   0.0043   8.00    1.0 8525762

[TCP数据流] 2025/11/16 18:03:29 - 浮点解 (22颗卫星)
  ECEF: X=-1781698.5195 Y=5451840.0262 Z=2782289.0143
  LLH:  Lat=26.029069509° Lon=108.097745142° H=758.4010m
  原始数据:
2025/11/16 10:03:47.000   26.029069509  108.097745142   758.4010   2  22   0.0118   0.0297   0.0167   0.0078   0.0074   0.0043   9.00    1.0 8525762

[TCP数据流] 2025/11/16 18:03:30 - 浮点解 (22颗卫星)
  ECEF: X=-1781698.5227 Y=5451840.0247 Z=2782289.0140
  LLH:  Lat=26.029069508° Lon=108.097745177° H=758.4005m
  原始数据:
2025/11/16 10:03:48.000   26.029069508  108.097745177   758.4005   2  22   0.0118   0.0296   0.0167   0.0078   0.0074   0.0043  10.00    1.0 8525762

[TCP数据流] 2025/11/16 18:03:31 - 浮点解 (22颗卫星)
  ECEF: X=-1781698.5263 Y=5451840.0230 Z=2782289.0137
  LLH:  Lat=26.029069508° Lon=108.097745217° H=758.3999m
  原始数据:
2025/11/16 10:03:49.000   26.029069508  108.097745217   758.3999   2  22   0.0117   0.0295   0.0166   0.0078   0.0074   0.0043  11.00    1.0 8525762

[TCP数据流] 2025/11/16 18:03:32 - 浮点解 (22颗卫星)
  ECEF: X=-1781698.5305 Y=5451840.0210 Z=2782289.0133
  LLH:  Lat=26.029069507° Lon=108.097745263° H=758.3992m
  原始数据:
2025/11/16 10:03:50.000   26.029069507  108.097745263   758.3992   2  22   0.0117   0.0294   0.0166   0.0077   0.0074   0.0042  12.00    1.1 8525762

[TCP数据流] 2025/11/16 18:03:33 - 浮点解 (22颗卫星)
  ECEF: X=-1781698.5338 Y=5451840.0193 Z=2782289.0127
  LLH:  Lat=26.029069505° Lon=108.097745299° H=758.3984m
  原始数据:
2025/11/16 10:03:51.000   26.029069505  108.097745299   758.3984   2  22   0.0117   0.0294   0.0166   0.0077   0.0074   0.0042  13.00    1.0 8525762

[TCP数据流] 2025/11/16 18:03:34 - 浮点解 (22颗卫星)
  ECEF: X=-1781698.5367 Y=5451840.0177 Z=2782289.0122
  LLH:  Lat=26.029069503° Lon=108.097745332° H=758.3977m
  原始数据:
2025/11/16 10:03:52.000   26.029069503  108.097745332   758.3977   2  22   0.0117   0.0293   0.0165   0.0077   0.0073   0.0042  14.00    1.0 8525762

[TCP数据流] 2025/11/16 18:03:35 - 浮点解 (15颗卫星)
  ECEF: X=-1781698.5387 Y=5451840.0166 Z=2782289.0120
  LLH:  Lat=26.029069503° Lon=108.097745354° H=758.3972m
  原始数据:
2025/11/16 10:03:53.000   26.029069503  108.097745354   758.3972   2  15   0.0117   0.0293   0.0165   0.0077   0.0073   0.0042  15.00    1.2 8525762

[TCP数据流] 2025/11/16 18:03:36 - 浮点解 (22颗卫星)
  ECEF: X=-1781698.5416 Y=5451840.0148 Z=2782289.0112
  LLH:  Lat=26.029069500° Lon=108.097745387° H=758.3961m
  原始数据:
2025/11/16 10:03:54.000   26.029069500  108.097745387   758.3961   2  22   0.0116   0.0293   0.0165   0.0077   0.0073   0.0042  16.00    1.1 8525762

[TCP数据流] 2025/11/16 18:03:37 - 浮点解 (22颗卫星)
  ECEF: X=-1781698.5445 Y=5451840.0131 Z=2782289.0104
  LLH:  Lat=26.029069496° Lon=108.097745420° H=758.3951m
  原始数据:
2025/11/16 10:03:55.000   26.029069496  108.097745420   758.3951   2  22   0.0116   0.0292   0.0164   0.0077   0.0073   0.0042  17.00    1.1 8525762

[TCP数据流] 2025/11/16 18:03:38 - 浮点解 (22颗卫星)
  ECEF: X=-1781698.5475 Y=5451840.0112 Z=2782289.0096
  LLH:  Lat=26.029069493° Lon=108.097745454° H=758.3940m
  原始数据:
2025/11/16 10:03:56.000   26.029069493  108.097745454   758.3940   2  22   0.0116   0.0292   0.0164   0.0077   0.0073   0.0042  18.00    1.0 8525762

[TCP数据流] 2025/11/16 18:03:39 - 浮点解 (22颗卫星)
  ECEF: X=-1781698.5498 Y=5451840.0096 Z=2782289.0086
  LLH:  Lat=26.029069488° Lon=108.097745481° H=758.3928m
  原始数据:
2025/11/16 10:03:57.000   26.029069488  108.097745481   758.3928   2  22   0.0116   0.0291   0.0164   0.0076   0.0073   0.0042  19.00    1.1 8525762

[TCP数据流] 2025/11/16 18:03:40 - 浮点解 (22颗卫星)
  ECEF: X=-1781698.5521 Y=5451840.0081 Z=2782289.0076
  LLH:  Lat=26.029069483° Lon=108.097745508° H=758.3917m
  原始数据:
2025/11/16 10:03:58.000   26.029069483  108.097745508   758.3917   2  22   0.0116   0.0291   0.0164   0.0076   0.0073   0.0042  20.00    1.0 8525762

[TCP数据流] 2025/11/16 18:03:41 - 浮点解 (22颗卫星)
  ECEF: X=-1781698.5548 Y=5451840.0063 Z=2782289.0067
  LLH:  Lat=26.029069479° Lon=108.097745539° H=758.3905m
  原始数据:
2025/11/16 10:03:59.000   26.029069479  108.097745539   758.3905   2  22   0.0116   0.0291   0.0164   0.0076   0.0073   0.0042  21.00    1.1 8525762

[TCP数据流] 2025/11/16 18:03:42 - 浮点解 (22颗卫星)
  ECEF: X=-1781698.5568 Y=5451840.0048 Z=2782289.0057
  LLH:  Lat=26.029069474° Lon=108.097745563° H=758.3894m
  原始数据:
2025/11/16 10:04:00.000   26.029069474  108.097745563   758.3894   2  22   0.0116   0.0290   0.0163   0.0076   0.0073   0.0042  22.00    1.0 8525762

[TCP数据流] 2025/11/16 18:03:43 - 浮点解 (22颗卫星)
  ECEF: X=-1781698.5589 Y=5451840.0031 Z=2782289.0046
  LLH:  Lat=26.029069469° Lon=108.097745588° H=758.3881m
  原始数据:
2025/11/16 10:04:01.000   26.029069469  108.097745588   758.3881   2  22   0.0116   0.0290   0.0163   0.0076   0.0073   0.0041  23.00    1.1 8525762

[TCP数据流] 2025/11/16 18:03:44 - 浮点解 (22颗卫星)
  ECEF: X=-1781698.5576 Y=5451840.0025 Z=2782289.0030
  LLH:  Lat=26.029069460° Lon=108.097745577° H=758.3865m
  原始数据:
2025/11/16 10:04:02.000   26.029069460  108.097745577   758.3865   2  22   0.0116   0.0290   0.0163   0.0076   0.0072   0.0041  24.00    1.3 8525762

[TCP数据流] 2025/11/16 18:03:45 - 浮点解 (22颗卫星)
  ECEF: X=-1781698.5594 Y=5451840.0013 Z=2782289.0021
  LLH:  Lat=26.029069455° Lon=108.097745598° H=758.3855m
  原始数据:
2025/11/16 10:04:03.000   26.029069455  108.097745598   758.3855   2  22   0.0115   0.0290   0.0163   0.0076   0.0072   0.0041  25.00    1.1 8525762

[TCP数据流] 2025/11/16 18:03:46 - 浮点解 (22颗卫星)
  ECEF: X=-1781698.5583 Y=5451840.0006 Z=2782289.0004
  LLH:  Lat=26.029069445° Lon=108.097745590° H=758.3839m
  原始数据:
2025/11/16 10:04:04.000   26.029069445  108.097745590   758.3839   2  22   0.0115   0.0289   0.0163   0.0076   0.0072   0.0041  26.00    1.1 8525762

[TCP数据流] 2025/11/16 18:03:47 - 浮点解 (22颗卫星)
  ECEF: X=-1781698.5606 Y=5451839.9989 Z=2782288.9995
  LLH:  Lat=26.029069441° Lon=108.097745617° H=758.3827m
  原始数据:
2025/11/16 10:04:05.000   26.029069441  108.097745617   758.3827   2  22   0.0115   0.0289   0.0163   0.0076   0.0072   0.0041  27.00    1.0 8525762

[TCP数据流] 2025/11/16 18:03:48 - 浮点解 (22颗卫星)
  ECEF: X=-1781698.5626 Y=5451839.9976 Z=2782288.9985
  LLH:  Lat=26.029069436° Lon=108.097745640° H=758.3817m
  原始数据:
2025/11/16 10:04:06.000   26.029069436  108.097745640   758.3817   2  22   0.0115   0.0289   0.0163   0.0076   0.0072   0.0041  28.00    1.0 8525762

[TCP数据流] 2025/11/16 18:03:49 - 浮点解 (22颗卫星)
  ECEF: X=-1781698.5646 Y=5451839.9961 Z=2782288.9975
  LLH:  Lat=26.029069431° Lon=108.097745664° H=758.3805m
  原始数据:
2025/11/16 10:04:07.000   26.029069431  108.097745664   758.3805   2  22   0.0115   0.0289   0.0163   0.0076   0.0072   0.0041  29.00    1.0 8525762

[TCP数据流] 2025/11/16 18:03:50 - 浮点解 (22颗卫星)
  ECEF: X=-1781698.5668 Y=5451839.9947 Z=2782288.9966
  LLH:  Lat=26.029069426° Lon=108.097745689° H=758.3795m
  原始数据:
2025/11/16 10:04:08.000   26.029069426  108.097745689   758.3795   2  22   0.0115   0.0288   0.0162   0.0076   0.0072   0.0041  30.00    1.1 8525762

[TCP数据流] 2025/11/16 18:04:38 - 浮点解 (22颗卫星)
  ECEF: X=-1781698.5761 Y=5451840.0036 Z=2782289.0098
  LLH:  Lat=26.029069488° Lon=108.097745750° H=758.3955m
  原始数据:
2025/11/16 10:04:56.000   26.029069488  108.097745750   758.3955   2  22   0.0113   0.0283   0.0160   0.0074   0.0071   0.0041   0.00    1.4 8525762

[TCP数据流] 2025/11/16 18:04:39 - 浮点解 (22颗卫星)
  ECEF: X=-1781698.5838 Y=5451840.0117 Z=2782289.0219
  LLH:  Lat=26.029069546° Lon=108.097745798° H=758.4099m
  原始数据:
2025/11/16 10:04:57.000   26.029069546  108.097745798   758.4099   2  22   0.0111   0.0279   0.0157   0.0073   0.0070   0.0040   0.00    1.4 8525762

[TCP数据流] 2025/11/16 18:04:40 - 浮点解 (22颗卫星)
  ECEF: X=-1781698.5893 Y=5451840.0186 Z=2782289.0323
  LLH:  Lat=26.029069598° Lon=108.097745828° H=758.4219m
  原始数据:
2025/11/16 10:04:58.000   26.029069598  108.097745828   758.4219   2  22   0.0109   0.0274   0.0155   0.0072   0.0069   0.0040   0.00    1.0 8525762

[TCP数据流] 2025/11/16 18:04:41 - 浮点解 (22颗卫星)
  ECEF: X=-1781698.5939 Y=5451840.0266 Z=2782289.0428
  LLH:  Lat=26.029069647° Lon=108.097745847° H=758.4346m
  原始数据:
2025/11/16 10:04:59.000   26.029069647  108.097745847   758.4346   2  22   0.0107   0.0270   0.0152   0.0071   0.0068   0.0040   0.00    1.1 8525762

[TCP数据流] 2025/11/16 18:04:42 - 浮点解 (22颗卫星)
  ECEF: X=-1781698.5985 Y=5451840.0331 Z=2782289.0507
  LLH:  Lat=26.029069681° Lon=108.097745871° H=758.4449m
  原始数据:
2025/11/16 10:05:00.000   26.029069681  108.097745871   758.4449   2  22   0.0105   0.0267   0.0150   0.0070   0.0068   0.0039   1.00    1.0 8525762

[TCP数据流] 2025/11/16 18:04:43 - 浮点解 (22颗卫星)
  ECEF: X=-1781698.6041 Y=5451840.0369 Z=2782289.0564
  LLH:  Lat=26.029069706° Lon=108.097745912° H=758.4522m
  原始数据:
2025/11/16 10:05:01.000   26.029069706  108.097745912   758.4522   2  22   0.0104   0.0264   0.0149   0.0070   0.0067   0.0039   2.00    1.1 8525762

[TCP数据流] 2025/11/16 18:04:44 - 浮点解 (22颗卫星)
  ECEF: X=-1781698.6098 Y=5451840.0388 Z=2782289.0601
  LLH:  Lat=26.029069722° Lon=108.097745960° H=758.4571m
  原始数据:
2025/11/16 10:05:02.000   26.029069722  108.097745960   758.4571   2  22   0.0103   0.0262   0.0147   0.0069   0.0066   0.0039   3.00    1.0 8525762

[TCP数据流] 2025/11/16 18:04:45 - 浮点解 (22颗卫星)
  ECEF: X=-1781698.6150 Y=5451840.0397 Z=2782289.0618
  LLH:  Lat=26.029069726° Lon=108.097746007° H=758.4600m
  原始数据:
2025/11/16 10:05:03.000   26.029069726  108.097746007   758.4600   2  22   0.0102   0.0260   0.0146   0.0069   0.0066   0.0038   4.00    1.1 8525762

[TCP数据流] 2025/11/16 18:04:46 - 浮点解 (22颗卫星)
  ECEF: X=-1781698.6205 Y=5451840.0396 Z=2782289.0630
  LLH:  Lat=26.029069729° Lon=108.097746060° H=758.4620m
  原始数据:
2025/11/16 10:05:04.000   26.029069729  108.097746060   758.4620   2  22   0.0102   0.0258   0.0145   0.0068   0.0066   0.0038   5.00    1.1 8525762

[TCP数据流] 2025/11/16 18:04:47 - 浮点解 (22颗卫星)
  ECEF: X=-1781698.6249 Y=5451840.0388 Z=2782289.0633
  LLH:  Lat=26.029069729° Lon=108.097746104° H=758.4627m
  原始数据:
2025/11/16 10:05:05.000   26.029069729  108.097746104   758.4627   2  22   0.0101   0.0257   0.0144   0.0068   0.0065   0.0038   6.00    1.1 8525762

[TCP数据流] 2025/11/16 18:04:48 - 浮点解 (22颗卫星)
  ECEF: X=-1781698.6285 Y=5451840.0378 Z=2782289.0627
  LLH:  Lat=26.029069724° Lon=108.097746141° H=758.4626m
  原始数据:
2025/11/16 10:05:06.000   26.029069724  108.097746141   758.4626   2  22   0.0101   0.0256   0.0143   0.0068   0.0065   0.0038   7.00    1.2 8525762

[TCP数据流] 2025/11/16 18:04:49 - 浮点解 (22颗卫星)
  ECEF: X=-1781698.6304 Y=5451840.0370 Z=2782289.0615
  LLH:  Lat=26.029069715° Lon=108.097746162° H=758.4619m
  原始数据:
2025/11/16 10:05:07.000   26.029069715  108.097746162   758.4619   2  22   0.0100   0.0255   0.0143   0.0068   0.0065   0.0038   8.00    1.1 8525762

[TCP数据流] 2025/11/16 18:04:50 - 浮点解 (22颗卫星)
  ECEF: X=-1781698.6326 Y=5451840.0355 Z=2782289.0603
  LLH:  Lat=26.029069708° Lon=108.097746187° H=758.4607m
  原始数据:
2025/11/16 10:05:08.000   26.029069708  108.097746187   758.4607   2  22   0.0100   0.0255   0.0142   0.0067   0.0065   0.0038   9.00    1.1 8525762

[TCP数据流] 2025/11/16 18:04:51 - 浮点解 (21颗卫星)
  ECEF: X=-1781698.6357 Y=5451840.0347 Z=2782289.0592
  LLH:  Lat=26.029069698° Lon=108.097746219° H=758.4604m
  原始数据:
2025/11/16 10:05:09.000   26.029069698  108.097746219   758.4604   2  21   0.0100   0.0254   0.0142   0.0067   0.0065   0.0037  10.00    1.0 8525762

[TCP数据流] 2025/11/16 18:04:52 - 浮点解 (21颗卫星)
  ECEF: X=-1781698.6356 Y=5451840.0336 Z=2782289.0573
  LLH:  Lat=26.029069687° Lon=108.097746221° H=758.4586m
  原始数据:
2025/11/16 10:05:10.000   26.029069687  108.097746221   758.4586   2  21   0.0100   0.0254   0.0142   0.0067   0.0064   0.0037  11.00    1.0 8525762

[TCP数据流] 2025/11/16 18:04:53 - 浮点解 (21颗卫星)
  ECEF: X=-1781698.6361 Y=5451840.0320 Z=2782289.0555
  LLH:  Lat=26.029069678° Lon=108.097746231° H=758.4566m
  原始数据:
2025/11/16 10:05:11.000   26.029069678  108.097746231   758.4566   2  21   0.0100   0.0253   0.0141   0.0067   0.0064   0.0037  12.00    1.1 8525762

[TCP数据流] 2025/11/16 18:04:54 - 浮点解 (21颗卫星)
  ECEF: X=-1781698.6284 Y=5451840.0373 Z=2782289.0593
  LLH:  Lat=26.029069698° Lon=108.097746142° H=758.4606m
  原始数据:
2025/11/16 10:05:12.000   26.029069698  108.097746142   758.4606   2  21   0.0098   0.0250   0.0140   0.0066   0.0064   0.0037   0.00    1.0 8525762

[TCP数据流] 2025/11/16 18:04:55 - 浮点解 (21颗卫星)
  ECEF: X=-1781698.6219 Y=5451840.0407 Z=2782289.0611
  LLH:  Lat=26.029069708° Lon=108.097746069° H=758.4625m
  原始数据:
2025/11/16 10:05:13.000   26.029069708  108.097746069   758.4625   2  21   0.0097   0.0248   0.0139   0.0066   0.0064   0.0036   1.00    1.0 8525762

[TCP数据流] 2025/11/16 18:04:56 - 浮点解 (21颗卫星)
  ECEF: X=-1781698.6173 Y=5451840.0430 Z=2782289.0621
  LLH:  Lat=26.029069713° Lon=108.097746019° H=758.4636m
  原始数据:
2025/11/16 10:05:14.000   26.029069713  108.097746019   758.4636   2  21   0.0096   0.0246   0.0138   0.0065   0.0063   0.0036   2.00    1.1 8525762

[TCP数据流] 2025/11/16 18:04:57 - 浮点解 (21颗卫星)
  ECEF: X=-1781698.6131 Y=5451840.0441 Z=2782289.0619
  LLH:  Lat=26.029069713° Lon=108.097745975° H=758.4633m
  原始数据:
2025/11/16 10:05:15.000   26.029069713  108.097745975   758.4633   2  21   0.0096   0.0244   0.0137   0.0065   0.0063   0.0036   3.00    1.6 8525762

[TCP数据流] 2025/11/16 18:04:58 - 浮点解 (21颗卫星)
  ECEF: X=-1781698.6101 Y=5451840.0445 Z=2782289.0611
  LLH:  Lat=26.029069708° Lon=108.097745945° H=758.4625m
  原始数据:
2025/11/16 10:05:16.000   26.029069708  108.097745945   758.4625   2  21   0.0095   0.0243   0.0136   0.0064   0.0063   0.0035   4.00    1.1 8525762

[TCP数据流] 2025/11/16 18:04:59 - 浮点解 (21颗卫星)
  ECEF: X=-1781698.6081 Y=5451840.0444 Z=2782289.0599
  LLH:  Lat=26.029069701° Lon=108.097745927° H=758.4613m
  原始数据:
2025/11/16 10:05:17.000   26.029069701  108.097745927   758.4613   2  21   0.0095   0.0242   0.0136   0.0064   0.0063   0.0035   5.00    1.0 8525762

[TCP数据流] 2025/11/16 18:05:00 - 浮点解 (21颗卫星)
  ECEF: X=-1781698.6069 Y=5451840.0440 Z=2782289.0585
  LLH:  Lat=26.029069693° Lon=108.097745917° H=758.4600m
  原始数据:
2025/11/16 10:05:18.000   26.029069693  108.097745917   758.4600   2  21   0.0094   0.0241   0.0135   0.0064   0.0063   0.0035   6.00    1.0 8525762

[TCP数据流] 2025/11/16 18:05:01 - 浮点解 (21颗卫星)
  ECEF: X=-1781698.6060 Y=5451840.0430 Z=2782289.0570
  LLH:  Lat=26.029069686° Lon=108.097745911° H=758.4583m
  原始数据:
2025/11/16 10:05:19.000   26.029069686  108.097745911   758.4583   2  21   0.0094   0.0240   0.0135   0.0063   0.0063   0.0035   7.00    1.1 8525762

[TCP数据流] 2025/11/16 18:05:02 - 浮点解 (21颗卫星)
  ECEF: X=-1781698.6046 Y=5451840.0422 Z=2782289.0555
  LLH:  Lat=26.029069678° Lon=108.097745900° H=758.4565m
  原始数据:
2025/11/16 10:05:20.000   26.029069678  108.097745900   758.4565   2  21   0.0094   0.0240   0.0134   0.0063   0.0063   0.0035   8.00    1.0 8525762

[TCP数据流] 2025/11/16 18:05:03 - 浮点解 (21颗卫星)
  ECEF: X=-1781698.6036 Y=5451840.0414 Z=2782289.0538
  LLH:  Lat=26.029069669° Lon=108.097745894° H=758.4548m
  原始数据:
2025/11/16 10:05:21.000   26.029069669  108.097745894   758.4548   2  21   0.0093   0.0239   0.0134   0.0063   0.0062   0.0035   9.00    1.0 8525762

[TCP数据流] 2025/11/16 18:05:04 - 浮点解 (21颗卫星)
  ECEF: X=-1781698.6034 Y=5451840.0404 Z=2782289.0522
  LLH:  Lat=26.029069660° Lon=108.097745895° H=758.4532m
  原始数据:
2025/11/16 10:05:22.000   26.029069660  108.097745895   758.4532   2  21   0.0093   0.0239   0.0134   0.0063   0.0062   0.0034  10.00    1.0 8525762

[TCP数据流] 2025/11/16 18:05:05 - 浮点解 (21颗卫星)
  ECEF: X=-1781698.6026 Y=5451840.0395 Z=2782289.0507
  LLH:  Lat=26.029069652° Lon=108.097745890° H=758.4515m
  原始数据:
2025/11/16 10:05:23.000   26.029069652  108.097745890   758.4515   2  21   0.0093   0.0238   0.0133   0.0063   0.0062   0.0034  11.00    1.0 8525762

[TCP数据流] 2025/11/16 18:05:06 - 浮点解 (21颗卫星)
  ECEF: X=-1781698.6021 Y=5451840.0384 Z=2782289.0491
  LLH:  Lat=26.029069644° Lon=108.097745888° H=758.4498m
  原始数据:
2025/11/16 10:05:24.000   26.029069644  108.097745888   758.4498   2  21   0.0093   0.0238   0.0133   0.0063   0.0062   0.0034  12.00    1.0 8525762

[TCP数据流] 2025/11/16 18:05:08 - 浮点解 (21颗卫星)
  ECEF: X=-1781698.6018 Y=5451840.0373 Z=2782289.0477
  LLH:  Lat=26.029069637° Lon=108.097745889° H=758.4481m
  原始数据:
2025/11/16 10:05:26.000   26.029069637  108.097745889   758.4481   2  21   0.0093   0.0238   0.0133   0.0063   0.0062   0.0034  14.00    1.1 8525762

[TCP数据流] 2025/11/16 18:05:09 - 浮点解 (21颗卫星)
  ECEF: X=-1781698.6016 Y=5451840.0362 Z=2782289.0462
  LLH:  Lat=26.029069629° Lon=108.097745890° H=758.4465m
  原始数据:
2025/11/16 10:05:27.000   26.029069629  108.097745890   758.4465   2  21   0.0093   0.0237   0.0133   0.0063   0.0062   0.0034  15.00    1.1 8525762

[TCP数据流] 2025/11/16 18:05:10 - 浮点解 (21颗卫星)
  ECEF: X=-1781698.6014 Y=5451840.0351 Z=2782289.0448
  LLH:  Lat=26.029069622° Lon=108.097745892° H=758.4449m
  原始数据:
2025/11/16 10:05:28.000   26.029069622  108.097745892   758.4449   2  21   0.0093   0.0237   0.0133   0.0063   0.0062   0.0034  16.00    1.1 8525762

[TCP数据流] 2025/11/16 18:05:11 - 浮点解 (21颗卫星)
  ECEF: X=-1781698.6013 Y=5451840.0342 Z=2782289.0433
  LLH:  Lat=26.029069614° Lon=108.097745894° H=758.4434m
  原始数据:
2025/11/16 10:05:29.000   26.029069614  108.097745894   758.4434   2  21   0.0093   0.0237   0.0133   0.0062   0.0062   0.0034  17.00    1.1 8525762

[TCP数据流] 2025/11/16 18:05:12 - 浮点解 (21颗卫星)
  ECEF: X=-1781698.6007 Y=5451840.0334 Z=2782289.0420
  LLH:  Lat=26.029069607° Lon=108.097745891° H=758.4420m
  原始数据:
2025/11/16 10:05:30.000   26.029069607  108.097745891   758.4420   2  21   0.0093   0.0237   0.0133   0.0062   0.0062   0.0034  18.00    1.1 8525762

[TCP数据流] 2025/11/16 18:05:13 - 浮点解 (21颗卫星)
  ECEF: X=-1781698.6003 Y=5451840.0324 Z=2782289.0406
  LLH:  Lat=26.029069600° Lon=108.097745890° H=758.4404m
  原始数据:
2025/11/16 10:05:31.000   26.029069600  108.097745890   758.4404   2  21   0.0093   0.0237   0.0133   0.0062   0.0062   0.0034  19.00    1.0 8525762

[TCP数据流] 2025/11/16 18:05:14 - 浮点解 (21颗卫星)
  ECEF: X=-1781698.6005 Y=5451840.0313 Z=2782289.0394
  LLH:  Lat=26.029069594° Lon=108.097745895° H=758.4390m
  原始数据:
2025/11/16 10:05:32.000   26.029069594  108.097745895   758.4390   2  21   0.0093   0.0236   0.0132   0.0062   0.0062   0.0034  20.00    1.1 8525762

[TCP数据流] 2025/11/16 18:05:15 - 浮点解 (21颗卫星)
  ECEF: X=-1781698.5999 Y=5451840.0305 Z=2782289.0381
  LLH:  Lat=26.029069587° Lon=108.097745892° H=758.4376m
  原始数据:
2025/11/16 10:05:33.000   26.029069587  108.097745892   758.4376   2  21   0.0092   0.0236   0.0132   0.0062   0.0062   0.0034  21.00    1.1 8525762

[TCP数据流] 2025/11/16 18:05:16 - 浮点解 (21颗卫星)
  ECEF: X=-1781698.6000 Y=5451840.0295 Z=2782289.0369
  LLH:  Lat=26.029069581° Lon=108.097745896° H=758.4362m
  原始数据:
2025/11/16 10:05:34.000   26.029069581  108.097745896   758.4362   2  21   0.0092   0.0236   0.0132   0.0062   0.0062   0.0034  22.00    1.1 8525762

[TCP数据流] 2025/11/16 18:05:17 - 浮点解 (21颗卫星)
  ECEF: X=-1781698.6000 Y=5451840.0286 Z=2782289.0359
  LLH:  Lat=26.029069576° Lon=108.097745899° H=758.4350m
  原始数据:
2025/11/16 10:05:35.000   26.029069576  108.097745899   758.4350   2  21   0.0092   0.0236   0.0132   0.0062   0.0062   0.0034  23.00    1.1 8525762

[TCP数据流] 2025/11/16 18:05:18 - 浮点解 (21颗卫星)
  ECEF: X=-1781698.6000 Y=5451840.0277 Z=2782289.0347
  LLH:  Lat=26.029069570° Lon=108.097745902° H=758.4337m
  原始数据:
2025/11/16 10:05:36.000   26.029069570  108.097745902   758.4337   2  21   0.0092   0.0236   0.0132   0.0062   0.0062   0.0034  24.00    1.2 8525762

[TCP数据流] 2025/11/16 18:05:19 - 浮点解 (21颗卫星)
  ECEF: X=-1781698.6000 Y=5451840.0269 Z=2782289.0336
  LLH:  Lat=26.029069564° Lon=108.097745904° H=758.4325m
  原始数据:
2025/11/16 10:05:37.000   26.029069564  108.097745904   758.4325   2  21   0.0092   0.0236   0.0132   0.0062   0.0062   0.0033  25.00    1.0 8525762

[TCP数据流] 2025/11/16 18:05:20 - 浮点解 (21颗卫星)
  ECEF: X=-1781698.6005 Y=5451840.0259 Z=2782289.0327
  LLH:  Lat=26.029069560° Lon=108.097745912° H=758.4314m
  原始数据:
2025/11/16 10:05:38.000   26.029069560  108.097745912   758.4314   2  21   0.0092   0.0235   0.0132   0.0062   0.0062   0.0033  26.00    1.1 8525762

[TCP数据流] 2025/11/16 18:05:21 - 浮点解 (21颗卫星)
  ECEF: X=-1781698.6009 Y=5451840.0249 Z=2782289.0317
  LLH:  Lat=26.029069555° Lon=108.097745919° H=758.4303m
  原始数据:
2025/11/16 10:05:39.000   26.029069555  108.097745919   758.4303   2  21   0.0092   0.0235   0.0132   0.0062   0.0062   0.0033  27.00    1.1 8525762

[TCP数据流] 2025/11/16 18:05:22 - 浮点解 (21颗卫星)
  ECEF: X=-1781698.6013 Y=5451840.0240 Z=2782289.0307
  LLH:  Lat=26.029069550° Lon=108.097745926° H=758.4292m
  原始数据:
2025/11/16 10:05:40.000   26.029069550  108.097745926   758.4292   2  21   0.0092   0.0235   0.0132   0.0062   0.0062   0.0033  28.00    1.1 8525762

[TCP数据流] 2025/11/16 18:05:24 - 浮点解 (21颗卫星)
  ECEF: X=-1781698.6014 Y=5451840.0232 Z=2782289.0298
  LLH:  Lat=26.029069545° Lon=108.097745929° H=758.4281m
  原始数据:
2025/11/16 10:05:42.000   26.029069545  108.097745929   758.4281   2  21   0.0092   0.0235   0.0132   0.0062   0.0062   0.0033  30.00    1.1 8525762

[TCP数据流] 2025/11/16 18:05:48 - 浮点解 (21颗卫星)
  ECEF: X=-1781698.5981 Y=5451840.0256 Z=2782289.0332
  LLH:  Lat=26.029069568° Lon=108.097745890° H=758.4307m
  原始数据:
2025/11/16 10:06:06.000   26.029069568  108.097745890   758.4307   2  21   0.0091   0.0233   0.0131   0.0061   0.0061   0.0033   0.00    2.3 8525762

[TCP数据流] 2025/11/16 18:05:49 - 浮点解 (21颗卫星)
  ECEF: X=-1781698.5937 Y=5451840.0272 Z=2782289.0351
  LLH:  Lat=26.029069583° Lon=108.097745844° H=758.4317m
  原始数据:
2025/11/16 10:06:07.000   26.029069583  108.097745844   758.4317   2  21   0.0090   0.0230   0.0130   0.0061   0.0061   0.0033   1.00    1.8 8525762

[TCP数据流] 2025/11/16 18:05:50 - 浮点解 (21颗卫星)
  ECEF: X=-1781698.5870 Y=5451840.0303 Z=2782289.0369
  LLH:  Lat=26.029069594° Lon=108.097745770° H=758.4333m
  原始数据:
2025/11/16 10:06:08.000   26.029069594  108.097745770   758.4333   2  21   0.0089   0.0228   0.0128   0.0060   0.0061   0.0032   0.00    2.4 8525762

[TCP数据流] 2025/11/16 18:05:51 - 浮点解 (21颗卫星)
  ECEF: X=-1781698.5838 Y=5451840.0325 Z=2782289.0392
  LLH:  Lat=26.029069608° Lon=108.097745733° H=758.4353m
  原始数据:
2025/11/16 10:06:09.000   26.029069608  108.097745733   758.4353   2  21   0.0088   0.0226   0.0127   0.0060   0.0060   0.0032   0.00    1.4 8525762

[TCP数据流] 2025/11/16 18:05:52 - 浮点解 (21颗卫星)
  ECEF: X=-1781698.5778 Y=5451840.0349 Z=2782289.0409
  LLH:  Lat=26.029069620° Lon=108.097745669° H=758.4364m
  原始数据:
2025/11/16 10:06:10.000   26.029069620  108.097745669   758.4364   2  21   0.0087   0.0224   0.0126   0.0059   0.0060   0.0032   0.00    2.6 8525762

[TCP数据流] 2025/11/16 18:05:53 - 浮点解 (21颗卫星)
  ECEF: X=-1781698.5733 Y=5451840.0376 Z=2782289.0429
  LLH:  Lat=26.029069632° Lon=108.097745618° H=758.4383m
  原始数据:
2025/11/16 10:06:11.000   26.029069632  108.097745618   758.4383   2  21   0.0087   0.0222   0.0125   0.0059   0.0060   0.0032   0.00    1.4 8525762

[TCP数据流] 2025/11/16 18:05:54 - 浮点解 (21颗卫星)
  ECEF: X=-1781698.5701 Y=5451840.0392 Z=2782289.0449
  LLH:  Lat=26.029069646° Lon=108.097745582° H=758.4397m
  原始数据:
2025/11/16 10:06:12.000   26.029069646  108.097745582   758.4397   2  21   0.0086   0.0220   0.0125   0.0058   0.0059   0.0031   0.00    1.7 8525762

[TCP数据流] 2025/11/16 18:05:55 - 浮点解 (21颗卫星)
  ECEF: X=-1781698.5653 Y=5451840.0405 Z=2782289.0448
  LLH:  Lat=26.029069646° Lon=108.097745532° H=758.4394m
  原始数据:
2025/11/16 10:06:13.000   26.029069646  108.097745532   758.4394   2  21   0.0085   0.0219   0.0124   0.0058   0.0059   0.0031   1.00    1.9 8525762

[TCP数据流] 2025/11/16 18:05:56 - 浮点解 (21颗卫星)
  ECEF: X=-1781698.5622 Y=5451840.0411 Z=2782289.0446
  LLH:  Lat=26.029069646° Lon=108.097745501° H=758.4390m
  原始数据:
2025/11/16 10:06:14.000   26.029069646  108.097745501   758.4390   2  21   0.0085   0.0217   0.0123   0.0057   0.0059   0.0031   2.00    1.8 8525762

[TCP数据流] 2025/11/16 18:05:57 - 浮点解 (21颗卫星)
  ECEF: X=-1781698.5586 Y=5451840.0409 Z=2782289.0435
  LLH:  Lat=26.029069642° Lon=108.097745468° H=758.4373m
  原始数据:
2025/11/16 10:06:15.000   26.029069642  108.097745468   758.4373   2  21   0.0084   0.0216   0.0122   0.0057   0.0059   0.0031   3.00    1.9 8525762

[TCP数据流] 2025/11/16 18:05:58 - 浮点解 (21颗卫星)
  ECEF: X=-1781698.5562 Y=5451840.0403 Z=2782289.0419
  LLH:  Lat=26.029069635° Lon=108.097745447° H=758.4354m
  原始数据:
2025/11/16 10:06:16.000   26.029069635  108.097745447   758.4354   2  21   0.0084   0.0215   0.0122   0.0057   0.0059   0.0031   4.00    1.9 8525762

[TCP数据流] 2025/11/16 18:05:59 - 浮点解 (21颗卫星)
  ECEF: X=-1781698.5545 Y=5451840.0389 Z=2782289.0403
  LLH:  Lat=26.029069629° Lon=108.097745435° H=758.4331m
  原始数据:
2025/11/16 10:06:17.000   26.029069629  108.097745435   758.4331   2  21   0.0083   0.0215   0.0121   0.0056   0.0059   0.0030   5.00    1.9 8525762

[TCP数据流] 2025/11/16 18:06:00 - 浮点解 (21颗卫星)
  ECEF: X=-1781698.5533 Y=5451840.0378 Z=2782289.0387
  LLH:  Lat=26.029069622° Lon=108.097745427° H=758.4311m
  原始数据:
2025/11/16 10:06:18.000   26.029069622  108.097745427   758.4311   2  21   0.0083   0.0214   0.0121   0.0056   0.0058   0.0030   6.00    1.9 8525762

[TCP数据流] 2025/11/16 18:06:01 - 浮点解 (21颗卫星)
  ECEF: X=-1781698.5527 Y=5451840.0362 Z=2782289.0369
  LLH:  Lat=26.029069614° Lon=108.097745426° H=758.4287m
  原始数据:
2025/11/16 10:06:19.000   26.029069614  108.097745426   758.4287   2  21   0.0083   0.0214   0.0121   0.0056   0.0058   0.0030   7.00    2.0 8525762

[TCP数据流] 2025/11/16 18:06:02 - 浮点解 (21颗卫星)
  ECEF: X=-1781698.5519 Y=5451840.0345 Z=2782289.0350
  LLH:  Lat=26.029069606° Lon=108.097745424° H=758.4263m
  原始数据:
2025/11/16 10:06:20.000   26.029069606  108.097745424   758.4263   2  21   0.0083   0.0213   0.0120   0.0056   0.0058   0.0030   8.00    2.0 8525762

[TCP数据流] 2025/11/16 18:06:03 - 浮点解 (21颗卫星)
  ECEF: X=-1781698.5514 Y=5451840.0330 Z=2782289.0334
  LLH:  Lat=26.029069599° Lon=108.097745424° H=758.4241m
  原始数据:
2025/11/16 10:06:21.000   26.029069599  108.097745424   758.4241   2  21   0.0083   0.0213   0.0120   0.0056   0.0058   0.0030   9.00    2.0 8525762

[TCP数据流] 2025/11/16 18:06:04 - 浮点解 (21颗卫星)
  ECEF: X=-1781698.5507 Y=5451840.0317 Z=2782289.0317
  LLH:  Lat=26.029069591° Lon=108.097745421° H=758.4220m
  原始数据:
2025/11/16 10:06:22.000   26.029069591  108.097745421   758.4220   2  21   0.0083   0.0213   0.0120   0.0056   0.0058   0.0030  10.00    2.0 8525762

[TCP数据流] 2025/11/16 18:11:32 - 浮点解 (20颗卫星)
  ECEF: X=-1781698.5233 Y=5451839.9961 Z=2782288.9722
  LLH:  Lat=26.029069276° Lon=108.097745272° H=758.3579m
  原始数据:
2025/11/16 10:11:50.000   26.029069276  108.097745272   758.3579   2  20   0.0078   0.0203   0.0113   0.0053   0.0056   0.0026  17.00    1.0 8525762

[TCP数据流] 2025/11/16 18:11:33 - 浮点解 (20颗卫星)
  ECEF: X=-1781698.5223 Y=5451839.9941 Z=2782288.9688
  LLH:  Lat=26.029069258° Lon=108.097745268° H=758.3544m
  原始数据:
2025/11/16 10:11:51.000   26.029069258  108.097745268   758.3544   2  20   0.0078   0.0202   0.0113   0.0053   0.0056   0.0026  18.00    1.0 8525762

[TCP数据流] 2025/11/16 18:11:34 - 浮点解 (20颗卫星)
  ECEF: X=-1781698.5212 Y=5451839.9920 Z=2782288.9658
  LLH:  Lat=26.029069242° Lon=108.097745264° H=758.3510m
  原始数据:
2025/11/16 10:11:52.000   26.029069242  108.097745264   758.3510   2  20   0.0078   0.0202   0.0112   0.0053   0.0056   0.0026  19.00    1.0 8525762

[TCP数据流] 2025/11/16 18:11:35 - 浮点解 (21颗卫星)
  ECEF: X=-1781698.5203 Y=5451839.9901 Z=2782288.9628
  LLH:  Lat=26.029069226° Lon=108.097745262° H=758.3478m
  原始数据:
2025/11/16 10:11:53.000   26.029069226  108.097745262   758.3478   2  21   0.0078   0.0202   0.0112   0.0053   0.0056   0.0026  20.00    1.0 8525762

[TCP数据流] 2025/11/16 18:11:36 - 浮点解 (21颗卫星)
  ECEF: X=-1781698.5193 Y=5451839.9883 Z=2782288.9599
  LLH:  Lat=26.029069211° Lon=108.097745258° H=758.3447m
  原始数据:
2025/11/16 10:11:54.000   26.029069211  108.097745258   758.3447   2  21   0.0078   0.0202   0.0112   0.0053   0.0056   0.0026  21.00    1.0 8525762

[TCP数据流] 2025/11/16 18:11:37 - 浮点解 (21颗卫星)
  ECEF: X=-1781698.5183 Y=5451839.9865 Z=2782288.9571
  LLH:  Lat=26.029069196° Lon=108.097745254° H=758.3417m
  原始数据:
2025/11/16 10:11:55.000   26.029069196  108.097745254   758.3417   2  21   0.0078   0.0201   0.0112   0.0053   0.0056   0.0026  22.00    1.1 8525762

[TCP数据流] 2025/11/16 18:11:38 - 浮点解 (21颗卫星)
  ECEF: X=-1781698.5177 Y=5451839.9847 Z=2782288.9546
  LLH:  Lat=26.029069183° Lon=108.097745254° H=758.3389m
  原始数据:
2025/11/16 10:11:56.000   26.029069183  108.097745254   758.3389   2  21   0.0078   0.0201   0.0112   0.0052   0.0056   0.0025  23.00    1.0 8525762

[TCP数据流] 2025/11/16 18:11:39 - 浮点解 (21颗卫星)
  ECEF: X=-1781698.5169 Y=5451839.9831 Z=2782288.9521
  LLH:  Lat=26.029069170° Lon=108.097745251° H=758.3362m
  原始数据:
2025/11/16 10:11:57.000   26.029069170  108.097745251   758.3362   2  21   0.0077   0.0201   0.0111   0.0052   0.0056   0.0025  24.00    1.1 8525762

[TCP数据流] 2025/11/16 18:11:40 - 浮点解 (21颗卫星)
  ECEF: X=-1781698.5163 Y=5451839.9815 Z=2782288.9497
  LLH:  Lat=26.029069157° Lon=108.097745250° H=758.3336m
  原始数据:
2025/11/16 10:11:58.000   26.029069157  108.097745250   758.3336   2  21   0.0077   0.0201   0.0111   0.0052   0.0056   0.0025  25.00    1.0 8525762

[TCP数据流] 2025/11/16 18:11:41 - 浮点解 (21颗卫星)
  ECEF: X=-1781698.5155 Y=5451839.9799 Z=2782288.9473
  LLH:  Lat=26.029069145° Lon=108.097745248° H=758.3310m
  原始数据:
2025/11/16 10:11:59.000   26.029069145  108.097745248   758.3310   2  21   0.0077   0.0201   0.0111   0.0052   0.0056   0.0025  26.00    1.0 8525762

[TCP数据流] 2025/11/16 18:11:42 - 浮点解 (21颗卫星)
  ECEF: X=-1781698.5148 Y=5451839.9785 Z=2782288.9451
  LLH:  Lat=26.029069133° Lon=108.097745245° H=758.3286m
  原始数据:
2025/11/16 10:12:00.000   26.029069133  108.097745245   758.3286   2  21   0.0077   0.0200   0.0111   0.0052   0.0056   0.0025  27.00    1.0 8525762

[TCP数据流] 2025/11/16 18:11:44 - 浮点解 (21颗卫星)
  ECEF: X=-1781698.5141 Y=5451839.9772 Z=2782288.9429
  LLH:  Lat=26.029069121° Lon=108.097745243° H=758.3263m
  原始数据:
2025/11/16 10:12:02.000   26.029069121  108.097745243   758.3263   2  21   0.0077   0.0200   0.0111   0.0052   0.0056   0.0025  29.00    1.0 8525762

[TCP数据流] 2025/11/16 18:11:45 - 浮点解 (21颗卫星)
  ECEF: X=-1781698.5135 Y=5451839.9759 Z=2782288.9408
  LLH:  Lat=26.029069110° Lon=108.097745241° H=758.3241m
  原始数据:
2025/11/16 10:12:03.000   26.029069110  108.097745241   758.3241   2  21   0.0077   0.0200   0.0111   0.0052   0.0056   0.0025  30.00    1.0 8525762

[TCP数据流] 2025/11/16 18:11:49 - 浮点解 (21颗卫星)
  ECEF: X=-1781698.5051 Y=5451839.9803 Z=2782288.9441
  LLH:  Lat=26.029069130° Lon=108.097745148° H=758.3270m
  原始数据:
2025/11/16 10:12:07.000   26.029069130  108.097745148   758.3270   2  21   0.0075   0.0196   0.0109   0.0051   0.0055   0.0025   0.00    1.0 8525762

[TCP数据流] 2025/11/16 18:11:50 - 浮点解 (21颗卫星)
  ECEF: X=-1781698.4993 Y=5451839.9830 Z=2782288.9453
  LLH:  Lat=26.029069137° Lon=108.097745084° H=758.3282m
  原始数据:
2025/11/16 10:12:08.000   26.029069137  108.097745084   758.3282   2  21   0.0074   0.0192   0.0107   0.0050   0.0055   0.0025   1.00    1.1 8525762

[TCP数据流] 2025/11/16 18:11:52 - 浮点解 (21颗卫星)
  ECEF: X=-1781698.4956 Y=5451839.9835 Z=2782288.9445
  LLH:  Lat=26.029069133° Lon=108.097745048° H=758.3272m
  原始数据:
2025/11/16 10:12:10.000   26.029069133  108.097745048   758.3272   2  21   0.0073   0.0189   0.0105   0.0049   0.0055   0.0025   3.00    1.4 8525762

[TCP数据流] 2025/11/16 18:11:53 - 浮点解 (21颗卫星)
  ECEF: X=-1781698.4935 Y=5451839.9828 Z=2782288.9431
  LLH:  Lat=26.029069127° Lon=108.097745030° H=758.3254m
  原始数据:
2025/11/16 10:12:11.000   26.029069127  108.097745030   758.3254   2  21   0.0072   0.0188   0.0104   0.0049   0.0054   0.0025   4.00    1.0 8525762

[TCP数据流] 2025/11/16 18:11:54 - 浮点解 (21颗卫星)
  ECEF: X=-1781698.4917 Y=5451839.9821 Z=2782288.9413
  LLH:  Lat=26.029069117° Lon=108.097745015° H=758.3236m
  原始数据:
2025/11/16 10:12:12.000   26.029069117  108.097745015   758.3236   2  21   0.0071   0.0186   0.0103   0.0049   0.0054   0.0025   5.00    1.0 8525762

[TCP数据流] 2025/11/16 18:11:55 - 浮点解 (21颗卫星)
  ECEF: X=-1781698.4905 Y=5451839.9809 Z=2782288.9395
  LLH:  Lat=26.029069109° Lon=108.097745007° H=758.3214m
  原始数据:
2025/11/16 10:12:13.000   26.029069109  108.097745007   758.3214   2  21   0.0071   0.0185   0.0102   0.0048   0.0054   0.0025   6.00    1.0 8525762

[TCP数据流] 2025/11/16 18:11:56 - 浮点解 (21颗卫星)
  ECEF: X=-1781698.4896 Y=5451839.9795 Z=2782288.9378
  LLH:  Lat=26.029069101° Lon=108.097745003° H=758.3192m
  原始数据:
2025/11/16 10:12:14.000   26.029069101  108.097745003   758.3192   2  21   0.0070   0.0184   0.0102   0.0048   0.0054   0.0025   7.00    1.1 8525762

[TCP数据流] 2025/11/16 18:11:57 - 浮点解 (21颗卫星)
  ECEF: X=-1781698.4887 Y=5451839.9784 Z=2782288.9360
  LLH:  Lat=26.029069092° Lon=108.097744998° H=758.3173m
  原始数据:
2025/11/16 10:12:15.000   26.029069092  108.097744998   758.3173   2  21   0.0070   0.0183   0.0101   0.0048   0.0054   0.0025   8.00    1.1 8525762

[TCP数据流] 2025/11/16 18:11:58 - 浮点解 (21颗卫星)
  ECEF: X=-1781698.4882 Y=5451839.9771 Z=2782288.9343
  LLH:  Lat=26.029069084° Lon=108.097744997° H=758.3152m
  原始数据:
2025/11/16 10:12:16.000   26.029069084  108.097744997   758.3152   2  21   0.0069   0.0182   0.0101   0.0048   0.0054   0.0024   9.00    1.1 8525762

[TCP数据流] 2025/11/16 18:11:59 - 浮点解 (21颗卫星)
  ECEF: X=-1781698.4879 Y=5451839.9758 Z=2782288.9328
  LLH:  Lat=26.029069077° Lon=108.097744998° H=758.3134m
  原始数据:
2025/11/16 10:12:17.000   26.029069077  108.097744998   758.3134   2  21   0.0069   0.0182   0.0100   0.0047   0.0054   0.0024  10.00    1.1 8525762

[TCP数据流] 2025/11/16 18:12:00 - 浮点解 (21颗卫星)
  ECEF: X=-1781698.4872 Y=5451839.9748 Z=2782288.9313
  LLH:  Lat=26.029069069° Lon=108.097744995° H=758.3117m
  原始数据:
2025/11/16 10:12:18.000   26.029069069  108.097744995   758.3117   2  21   0.0069   0.0181   0.0100   0.0047   0.0054   0.0024  11.00    1.1 8525762

[TCP数据流] 2025/11/16 18:12:01 - 浮点解 (21颗卫星)
  ECEF: X=-1781698.4872 Y=5451839.9737 Z=2782288.9299
  LLH:  Lat=26.029069062° Lon=108.097744998° H=758.3101m
  原始数据:
2025/11/16 10:12:19.000   26.029069062  108.097744998   758.3101   2  21   0.0069   0.0181   0.0100   0.0047   0.0054   0.0024  12.00    1.1 8525762

[TCP数据流] 2025/11/16 18:12:02 - 浮点解 (21颗卫星)
  ECEF: X=-1781698.4870 Y=5451839.9725 Z=2782288.9286
  LLH:  Lat=26.029069056° Lon=108.097745000° H=758.3085m
  原始数据:
2025/11/16 10:12:20.000   26.029069056  108.097745000   758.3085   2  21   0.0069   0.0181   0.0100   0.0047   0.0054   0.0024  13.00    1.1 8525762

[TCP数据流] 2025/11/16 18:12:03 - 浮点解 (21颗卫星)
  ECEF: X=-1781698.4872 Y=5451839.9715 Z=2782288.9274
  LLH:  Lat=26.029069050° Lon=108.097745005° H=758.3071m
  原始数据:
2025/11/16 10:12:21.000   26.029069050  108.097745005   758.3071   2  21   0.0069   0.0180   0.0099   0.0047   0.0054   0.0024  14.00    1.1 8525762

[TCP数据流] 2025/11/16 18:12:04 - 浮点解 (21颗卫星)
  ECEF: X=-1781698.4872 Y=5451839.9704 Z=2782288.9263
  LLH:  Lat=26.029069045° Lon=108.097745009° H=758.3057m
  原始数据:
2025/11/16 10:12:22.000   26.029069045  108.097745009   758.3057   2  21   0.0069   0.0180   0.0099   0.0047   0.0054   0.0024  15.00    1.1 8525762

[TCP数据流] 2025/11/16 18:12:05 - 浮点解 (21颗卫星)
  ECEF: X=-1781698.4872 Y=5451839.9694 Z=2782288.9252
  LLH:  Lat=26.029069040° Lon=108.097745012° H=758.3044m
  原始数据:
2025/11/16 10:12:23.000   26.029069040  108.097745012   758.3044   2  21   0.0068   0.0180   0.0099   0.0047   0.0054   0.0024  16.00    1.1 8525762

[TCP数据流] 2025/11/16 18:12:06 - 浮点解 (21颗卫星)
  ECEF: X=-1781698.4876 Y=5451839.9684 Z=2782288.9242
  LLH:  Lat=26.029069035° Lon=108.097745018° H=758.3032m
  原始数据:
2025/11/16 10:12:24.000   26.029069035  108.097745018   758.3032   2  21   0.0068   0.0180   0.0099   0.0047   0.0053   0.0024  17.00    1.0 8525762

[TCP数据流] 2025/11/16 18:12:07 - 浮点解 (21颗卫星)
  ECEF: X=-1781698.4876 Y=5451839.9675 Z=2782288.9232
  LLH:  Lat=26.029069031° Lon=108.097745021° H=758.3020m
  原始数据:
2025/11/16 10:12:25.000   26.029069031  108.097745021   758.3020   2  21   0.0068   0.0179   0.0099   0.0047   0.0053   0.0024  18.00    1.0 8525762

[TCP数据流] 2025/11/16 18:12:08 - 浮点解 (21颗卫星)
  ECEF: X=-1781698.4877 Y=5451839.9667 Z=2782288.9223
  LLH:  Lat=26.029069026° Lon=108.097745025° H=758.3009m
  原始数据:
2025/11/16 10:12:26.000   26.029069026  108.097745025   758.3009   2  21   0.0068   0.0179   0.0099   0.0047   0.0053   0.0024  19.00    1.0 8525762

[TCP数据流] 2025/11/16 18:12:09 - 浮点解 (21颗卫星)
  ECEF: X=-1781698.4879 Y=5451839.9657 Z=2782288.9214
  LLH:  Lat=26.029069022° Lon=108.097745030° H=758.2998m
  原始数据:
2025/11/16 10:12:27.000   26.029069022  108.097745030   758.2998   2  21   0.0068   0.0179   0.0098   0.0047   0.0053   0.0024  20.00    1.0 8525762

[TCP数据流] 2025/11/16 18:12:10 - 浮点解 (21颗卫星)
  ECEF: X=-1781698.4880 Y=5451839.9649 Z=2782288.9205
  LLH:  Lat=26.029069018° Lon=108.097745033° H=758.2987m
  原始数据:
2025/11/16 10:12:28.000   26.029069018  108.097745033   758.2987   2  21   0.0068   0.0179   0.0098   0.0047   0.0053   0.0024  21.00    1.0 8525762

[TCP数据流] 2025/11/16 18:12:11 - 浮点解 (21颗卫星)
  ECEF: X=-1781698.4883 Y=5451839.9641 Z=2782288.9196
  LLH:  Lat=26.029069013° Lon=108.097745038° H=758.2977m
  原始数据:
2025/11/16 10:12:29.000   26.029069013  108.097745038   758.2977   2  21   0.0068   0.0179   0.0098   0.0046   0.0053   0.0024  22.00    1.0 8525762

[TCP数据流] 2025/11/16 18:12:12 - 浮点解 (21颗卫星)
  ECEF: X=-1781698.4885 Y=5451839.9632 Z=2782288.9188
  LLH:  Lat=26.029069010° Lon=108.097745043° H=758.2967m
  原始数据:
2025/11/16 10:12:30.000   26.029069010  108.097745043   758.2967   2  21   0.0068   0.0179   0.0098   0.0046   0.0053   0.0024  23.00    1.0 8525762

[TCP数据流] 2025/11/16 18:12:13 - 浮点解 (21颗卫星)
  ECEF: X=-1781698.4885 Y=5451839.9626 Z=2782288.9180
  LLH:  Lat=26.029069006° Lon=108.097745045° H=758.2958m
  原始数据:
2025/11/16 10:12:31.000   26.029069006  108.097745045   758.2958   2  21   0.0068   0.0178   0.0098   0.0046   0.0053   0.0024  24.00    1.3 8525762

[TCP数据流] 2025/11/16 18:12:14 - 浮点解 (21颗卫星)
  ECEF: X=-1781698.4886 Y=5451839.9619 Z=2782288.9172
  LLH:  Lat=26.029069002° Lon=108.097745048° H=758.2949m
  原始数据:
2025/11/16 10:12:32.000   26.029069002  108.097745048   758.2949   2  21   0.0068   0.0178   0.0098   0.0046   0.0053   0.0024  25.00    1.1 8525762

[TCP数据流] 2025/11/16 18:12:15 - 浮点解 (21颗卫星)
  ECEF: X=-1781698.4887 Y=5451839.9612 Z=2782288.9165
  LLH:  Lat=26.029068999° Lon=108.097745051° H=758.2940m
  原始数据:
2025/11/16 10:12:33.000   26.029068999  108.097745051   758.2940   2  21   0.0068   0.0178   0.0098   0.0046   0.0053   0.0024  26.00    1.0 8525762

[TCP数据流] 2025/11/16 18:12:16 - 浮点解 (21颗卫星)
  ECEF: X=-1781698.4890 Y=5451839.9604 Z=2782288.9158
  LLH:  Lat=26.029068995° Lon=108.097745057° H=758.2931m
  原始数据:
2025/11/16 10:12:34.000   26.029068995  108.097745057   758.2931   2  21   0.0068   0.0178   0.0098   0.0046   0.0053   0.0024  27.00    1.0 8525762

[TCP数据流] 2025/11/16 18:12:17 - 浮点解 (21颗卫星)
  ECEF: X=-1781698.4892 Y=5451839.9598 Z=2782288.9151
  LLH:  Lat=26.029068992° Lon=108.097745060° H=758.2923m
  原始数据:
2025/11/16 10:12:35.000   26.029068992  108.097745060   758.2923   2  21   0.0068   0.0178   0.0098   0.0046   0.0053   0.0024  28.00    1.0 8525762

[TCP数据流] 2025/11/16 18:12:18 - 浮点解 (21颗卫星)
  ECEF: X=-1781698.4895 Y=5451839.9591 Z=2782288.9145
  LLH:  Lat=26.029068989° Lon=108.097745065° H=758.2915m
  原始数据:
2025/11/16 10:12:36.000   26.029068989  108.097745065   758.2915   2  21   0.0068   0.0178   0.0098   0.0046   0.0053   0.0024  29.00    1.0 8525762

[TCP数据流] 2025/11/16 18:12:19 - 浮点解 (21颗卫星)
  ECEF: X=-1781698.4898 Y=5451839.9584 Z=2782288.9138
  LLH:  Lat=26.029068986° Lon=108.097745070° H=758.2907m
  原始数据:
2025/11/16 10:12:37.000   26.029068986  108.097745070   758.2907   2  21   0.0068   0.0178   0.0098   0.0046   0.0053   0.0023  30.00    1.3 8525762

[TCP数据流] 2025/11/16 18:12:24 - 浮点解 (21颗卫星)
  ECEF: X=-1781698.4834 Y=5451839.9647 Z=2782288.9166
  LLH:  Lat=26.029068993° Lon=108.097744990° H=758.2955m
  原始数据:
2025/11/16 10:12:42.000   26.029068993  108.097744990   758.2955   2  21   0.0066   0.0175   0.0096   0.0045   0.0053   0.0023   0.00    1.0 8525762

[TCP数据流] 2025/11/16 18:12:25 - 浮点解 (21颗卫星)
  ECEF: X=-1781698.4785 Y=5451839.9692 Z=2782288.9184
  LLH:  Lat=26.029068996° Lon=108.097744930° H=758.2988m
  原始数据:
2025/11/16 10:12:43.000   26.029068996  108.097744930   758.2988   2  21   0.0065   0.0172   0.0095   0.0045   0.0052   0.0023   1.00    1.4 8525762

[TCP数据流] 2025/11/16 18:12:26 - 浮点解 (21颗卫星)
  ECEF: X=-1781698.4728 Y=5451839.9736 Z=2782288.9203
  LLH:  Lat=26.029069002° Lon=108.097744862° H=758.3018m
  原始数据:
2025/11/16 10:12:44.000   26.029069002  108.097744862   758.3018   2  21   0.0064   0.0170   0.0094   0.0044   0.0052   0.0023   1.00    1.3 8525762

[TCP数据流] 2025/11/16 18:12:27 - 浮点解 (21颗卫星)
  ECEF: X=-1781698.4684 Y=5451839.9768 Z=2782288.9219
  LLH:  Lat=26.029069009° Lon=108.097744810° H=758.3040m
  原始数据:
2025/11/16 10:12:45.000   26.029069009  108.097744810   758.3040   2  21   0.0063   0.0168   0.0093   0.0044   0.0051   0.0023   1.00    1.4 8525762

[TCP数据流] 2025/11/16 18:12:28 - 浮点解 (20颗卫星)
  ECEF: X=-1781698.4647 Y=5451839.9792 Z=2782288.9225
  LLH:  Lat=26.029069009° Lon=108.097744768° H=758.3053m
  原始数据:
2025/11/16 10:12:46.000   26.029069009  108.097744768   758.3053   2  20   0.0063   0.0166   0.0092   0.0043   0.0051   0.0023   2.00    1.6 8525762

[TCP数据流] 2025/11/16 18:12:29 - 浮点解 (20颗卫星)
  ECEF: X=-1781698.4618 Y=5451839.9807 Z=2782288.9224
  LLH:  Lat=26.029069006° Lon=108.097744735° H=758.3057m
  原始数据:
2025/11/16 10:12:47.000   26.029069006  108.097744735   758.3057   2  20   0.0062   0.0164   0.0091   0.0043   0.0051   0.0023   3.00    1.1 8525762

[TCP数据流] 2025/11/16 18:12:31 - 浮点解 (20颗卫星)
  ECEF: X=-1781698.4599 Y=5451839.9810 Z=2782288.9216
  LLH:  Lat=26.029069001° Lon=108.097744716° H=758.3051m
  原始数据:
2025/11/16 10:12:49.000   26.029069001  108.097744716   758.3051   2  20   0.0062   0.0163   0.0090   0.0043   0.0051   0.0023   5.00    1.1 8525762

[TCP数据流] 2025/11/16 18:12:32 - 浮点解 (20颗卫星)
  ECEF: X=-1781698.4582 Y=5451839.9807 Z=2782288.9206
  LLH:  Lat=26.029068996° Lon=108.097744701° H=758.3039m
  原始数据:
2025/11/16 10:12:50.000   26.029068996  108.097744701   758.3039   2  20   0.0061   0.0163   0.0090   0.0042   0.0051   0.0023   6.00    1.1 8525762

[TCP数据流] 2025/11/16 18:12:33 - 浮点解 (20颗卫星)
  ECEF: X=-1781698.4574 Y=5451839.9801 Z=2782288.9195
  LLH:  Lat=26.029068990° Lon=108.097744695° H=758.3027m
  原始数据:
2025/11/16 10:12:51.000   26.029068990  108.097744695   758.3027   2  20   0.0061   0.0162   0.0089   0.0042   0.0051   0.0023   7.00    1.1 8525762

[TCP数据流] 2025/11/16 18:12:34 - 浮点解 (20颗卫星)
  ECEF: X=-1781698.4564 Y=5451839.9795 Z=2782288.9184
  LLH:  Lat=26.029068985° Lon=108.097744688° H=758.3015m
  原始数据:
2025/11/16 10:12:52.000   26.029068985  108.097744688   758.3015   2  20   0.0061   0.0162   0.0089   0.0042   0.0051   0.0023   8.00    1.1 8525762

[TCP数据流] 2025/11/16 18:12:35 - 浮点解 (20颗卫星)
  ECEF: X=-1781698.4559 Y=5451839.9788 Z=2782288.9174
  LLH:  Lat=26.029068980° Lon=108.097744685° H=758.3003m
  原始数据:
2025/11/16 10:12:53.000   26.029068980  108.097744685   758.3003   2  20   0.0061   0.0161   0.0089   0.0042   0.0050   0.0023   9.00    1.1 8525762

[TCP数据流] 2025/11/16 18:12:36 - 浮点解 (20颗卫星)
  ECEF: X=-1781698.4552 Y=5451839.9782 Z=2782288.9164
  LLH:  Lat=26.029068975° Lon=108.097744681° H=758.2991m
  原始数据:
2025/11/16 10:12:54.000   26.029068975  108.097744681   758.2991   2  20   0.0061   0.0161   0.0088   0.0042   0.0050   0.0023  10.00    1.1 8525762

[TCP数据流] 2025/11/16 18:12:37 - 浮点解 (20颗卫星)
  ECEF: X=-1781698.4549 Y=5451839.9775 Z=2782288.9154
  LLH:  Lat=26.029068970° Lon=108.097744680° H=758.2980m
  原始数据:
2025/11/16 10:12:55.000   26.029068970  108.097744680   758.2980   2  20   0.0060   0.0161   0.0088   0.0042   0.0050   0.0023  11.00    1.1 8525762

[TCP数据流] 2025/11/16 18:12:38 - 浮点解 (20颗卫星)
  ECEF: X=-1781698.4546 Y=5451839.9767 Z=2782288.9145
  LLH:  Lat=26.029068966° Lon=108.097744679° H=758.2968m
  原始数据:
2025/11/16 10:12:56.000   26.029068966  108.097744679   758.2968   2  20   0.0060   0.0160   0.0088   0.0042   0.0050   0.0023  12.00    1.1 8525762

[TCP数据流] 2025/11/16 18:12:39 - 浮点解 (20颗卫星)
  ECEF: X=-1781698.4543 Y=5451839.9760 Z=2782288.9135
  LLH:  Lat=26.029068961° Lon=108.097744679° H=758.2957m
  原始数据:
2025/11/16 10:12:57.000   26.029068961  108.097744679   758.2957   2  20   0.0060   0.0160   0.0088   0.0042   0.0050   0.0022  13.00    1.1 8525762

[TCP数据流] 2025/11/16 18:12:40 - 浮点解 (20颗卫星)
  ECEF: X=-1781698.4543 Y=5451839.9752 Z=2782288.9128
  LLH:  Lat=26.029068958° Lon=108.097744681° H=758.2947m
  原始数据:
2025/11/16 10:12:58.000   26.029068958  108.097744681   758.2947   2  20   0.0060   0.0160   0.0088   0.0042   0.0050   0.0022  14.00    1.1 8525762

[TCP数据流] 2025/11/16 18:12:41 - 浮点解 (20颗卫星)
  ECEF: X=-1781698.4542 Y=5451839.9745 Z=2782288.9119
  LLH:  Lat=26.029068954° Lon=108.097744682° H=758.2937m
  原始数据:
2025/11/16 10:12:59.000   26.029068954  108.097744682   758.2937   2  20   0.0060   0.0160   0.0088   0.0042   0.0050   0.0022  15.00    1.1 8525762

[TCP数据流] 2025/11/16 18:12:42 - 浮点解 (20颗卫星)
  ECEF: X=-1781698.4541 Y=5451839.9738 Z=2782288.9111
  LLH:  Lat=26.029068950° Lon=108.097744684° H=758.2927m
  原始数据:
2025/11/16 10:13:00.000   26.029068950  108.097744684   758.2927   2  20   0.0060   0.0160   0.0088   0.0041   0.0050   0.0022  16.00    1.0 8525762

[TCP数据流] 2025/11/16 18:12:43 - 浮点解 (20颗卫星)
  ECEF: X=-1781698.4541 Y=5451839.9731 Z=2782288.9103
  LLH:  Lat=26.029068946° Lon=108.097744686° H=758.2918m
  原始数据:
2025/11/16 10:13:01.000   26.029068946  108.097744686   758.2918   2  20   0.0060   0.0159   0.0087   0.0041   0.0050   0.0022  17.00    1.0 8525762

[TCP数据流] 2025/11/16 18:12:44 - 浮点解 (13颗卫星)
  ECEF: X=-1781698.4542 Y=5451839.9728 Z=2782288.9099
  LLH:  Lat=26.029068944° Lon=108.097744688° H=758.2914m
  原始数据:
2025/11/16 10:13:02.000   26.029068944  108.097744688   758.2914   2  13   0.0060   0.0159   0.0087   0.0041   0.0050   0.0022  18.00    2.4 8525762

[TCP数据流] 2025/11/16 18:12:45 - 浮点解 (20颗卫星)
  ECEF: X=-1781698.4541 Y=5451839.9722 Z=2782288.9091
  LLH:  Lat=26.029068940° Lon=108.097744689° H=758.2905m
  原始数据:
2025/11/16 10:13:03.000   26.029068940  108.097744689   758.2905   2  20   0.0060   0.0159   0.0087   0.0041   0.0050   0.0022  19.00    1.0 8525762

[TCP数据流] 2025/11/16 18:12:46 - 浮点解 (20颗卫星)
  ECEF: X=-1781698.4541 Y=5451839.9715 Z=2782288.9084
  LLH:  Lat=26.029068937° Lon=108.097744691° H=758.2896m
  原始数据:
2025/11/16 10:13:04.000   26.029068937  108.097744691   758.2896   2  20   0.0060   0.0159   0.0087   0.0041   0.0050   0.0022  20.00    1.1 8525762

[TCP数据流] 2025/11/16 18:12:48 - 浮点解 (20颗卫星)
  ECEF: X=-1781698.4544 Y=5451839.9708 Z=2782288.9078
  LLH:  Lat=26.029068934° Lon=108.097744696° H=758.2888m
  原始数据:
2025/11/16 10:13:06.000   26.029068934  108.097744696   758.2888   2  20   0.0060   0.0159   0.0087   0.0041   0.0050   0.0022  22.00    1.4 8525762

[TCP数据流] 2025/11/16 18:12:49 - 浮点解 (20颗卫星)
  ECEF: X=-1781698.4546 Y=5451839.9703 Z=2782288.9072
  LLH:  Lat=26.029068931° Lon=108.097744699° H=758.2882m
  原始数据:
2025/11/16 10:13:07.000   26.029068931  108.097744699   758.2882   2  20   0.0060   0.0159   0.0087   0.0041   0.0050   0.0022  23.00    1.0 8525762

[TCP数据流] 2025/11/16 18:12:50 - 浮点解 (20颗卫星)
  ECEF: X=-1781698.4550 Y=5451839.9697 Z=2782288.9066
  LLH:  Lat=26.029068928° Lon=108.097744705° H=758.2875m
  原始数据:
2025/11/16 10:13:08.000   26.029068928  108.097744705   758.2875   2  20   0.0060   0.0159   0.0087   0.0041   0.0050   0.0022  24.00    1.1 8525762

[TCP数据流] 2025/11/16 18:12:51 - 浮点解 (20颗卫星)
  ECEF: X=-1781698.4554 Y=5451839.9691 Z=2782288.9062
  LLH:  Lat=26.029068926° Lon=108.097744711° H=758.2869m
  原始数据:
2025/11/16 10:13:09.000   26.029068926  108.097744711   758.2869   2  20   0.0060   0.0159   0.0087   0.0041   0.0050   0.0022  25.00    1.2 8525762

[TCP数据流] 2025/11/16 18:12:52 - 浮点解 (20颗卫星)
  ECEF: X=-1781698.4557 Y=5451839.9686 Z=2782288.9056
  LLH:  Lat=26.029068923° Lon=108.097744715° H=758.2863m
  原始数据:
2025/11/16 10:13:10.000   26.029068923  108.097744715   758.2863   2  20   0.0060   0.0159   0.0087   0.0041   0.0050   0.0022  26.00    1.0 8525762

[TCP数据流] 2025/11/16 18:12:53 - 浮点解 (20颗卫星)
  ECEF: X=-1781698.4558 Y=5451839.9681 Z=2782288.9051
  LLH:  Lat=26.029068921° Lon=108.097744718° H=758.2857m
  原始数据:
2025/11/16 10:13:11.000   26.029068921  108.097744718   758.2857   2  20   0.0060   0.0159   0.0087   0.0041   0.0050   0.0022  27.00    1.0 8525762

[TCP数据流] 2025/11/16 18:12:54 - 浮点解 (20颗卫星)
  ECEF: X=-1781698.4562 Y=5451839.9675 Z=2782288.9047
  LLH:  Lat=26.029068919° Lon=108.097744723° H=758.2851m
  原始数据:
2025/11/16 10:13:12.000   26.029068919  108.097744723   758.2851   2  20   0.0060   0.0158   0.0087   0.0041   0.0050   0.0022  28.00    1.0 8525762

[TCP数据流] 2025/11/16 18:12:55 - 浮点解 (20颗卫星)
  ECEF: X=-1781698.4566 Y=5451839.9670 Z=2782288.9042
  LLH:  Lat=26.029068916° Lon=108.097744728° H=758.2846m
  原始数据:
2025/11/16 10:13:13.000   26.029068916  108.097744728   758.2846   2  20   0.0060   0.0158   0.0087   0.0041   0.0050   0.0022  29.00    1.0 8525762

[TCP数据流] 2025/11/16 18:12:56 - 浮点解 (20颗卫星)
  ECEF: X=-1781698.4568 Y=5451839.9665 Z=2782288.9037
  LLH:  Lat=26.029068914° Lon=108.097744732° H=758.2840m
  原始数据:
2025/11/16 10:13:14.000   26.029068914  108.097744732   758.2840   2  20   0.0060   0.0158   0.0087   0.0041   0.0050   0.0022  30.00    1.0 8525762

[TCP数据流] 2025/11/16 18:13:24 - 浮点解 (21颗卫星)
  ECEF: X=-1781698.4504 Y=5451839.9721 Z=2782288.9073
  LLH:  Lat=26.029068930° Lon=108.097744654° H=758.2886m
  原始数据:
2025/11/16 10:13:42.000   26.029068930  108.097744654   758.2886   2  21   0.0059   0.0156   0.0086   0.0041   0.0049   0.0022   0.00    2.4 8525762

[TCP数据流] 2025/11/16 18:13:25 - 浮点解 (21颗卫星)
  ECEF: X=-1781698.4447 Y=5451839.9767 Z=2782288.9103
  LLH:  Lat=26.029068944° Lon=108.097744585° H=758.2922m
  原始数据:
2025/11/16 10:13:43.000   26.029068944  108.097744585   758.2922   2  21   0.0058   0.0155   0.0085   0.0040   0.0049   0.0022   1.00    2.5 8525762

[TCP数据流] 2025/11/16 18:13:26 - 浮点解 (21颗卫星)
  ECEF: X=-1781698.4407 Y=5451839.9799 Z=2782288.9123
  LLH:  Lat=26.029068953° Lon=108.097744537° H=758.2947m
  原始数据:
2025/11/16 10:13:44.000   26.029068953  108.097744537   758.2947   2  21   0.0057   0.0153   0.0084   0.0040   0.0049   0.0022   2.00    2.6 8525762

[TCP数据流] 2025/11/16 18:13:27 - 浮点解 (21颗卫星)
  ECEF: X=-1781698.4369 Y=5451839.9825 Z=2782288.9133
  LLH:  Lat=26.029068956° Lon=108.097744493° H=758.2963m
  原始数据:
2025/11/16 10:13:45.000   26.029068956  108.097744493   758.2963   2  21   0.0057   0.0152   0.0083   0.0040   0.0049   0.0022   3.00    2.6 8525762

[TCP数据流] 2025/11/16 18:13:28 - 浮点解 (21颗卫星)
  ECEF: X=-1781698.4345 Y=5451839.9839 Z=2782288.9139
  LLH:  Lat=26.029068959° Lon=108.097744466° H=758.2971m
  原始数据:
2025/11/16 10:13:46.000   26.029068959  108.097744466   758.2971   2  21   0.0057   0.0151   0.0083   0.0039   0.0048   0.0022   4.00    2.6 8525762

[TCP数据流] 2025/11/16 18:13:29 - 浮点解 (21颗卫星)
  ECEF: X=-1781698.4327 Y=5451839.9849 Z=2782288.9142
  LLH:  Lat=26.029068960° Lon=108.097744446° H=758.2976m
  原始数据:
2025/11/16 10:13:47.000   26.029068960  108.097744446   758.2976   2  21   0.0056   0.0150   0.0082   0.0039   0.0048   0.0022   5.00    1.1 8525762

[TCP数据流] 2025/11/16 18:13:30 - 浮点解 (21颗卫星)
  ECEF: X=-1781698.4314 Y=5451839.9853 Z=2782288.9142
  LLH:  Lat=26.029068960° Lon=108.097744432° H=758.2976m
  原始数据:
2025/11/16 10:13:48.000   26.029068960  108.097744432   758.2976   2  21   0.0056   0.0150   0.0082   0.0039   0.0048   0.0022   6.00    1.1 8525762

[TCP数据流] 2025/11/16 18:13:31 - 浮点解 (21颗卫星)
  ECEF: X=-1781698.4305 Y=5451839.9856 Z=2782288.9141
  LLH:  Lat=26.029068959° Lon=108.097744423° H=758.2975m
  原始数据:
2025/11/16 10:13:49.000   26.029068959  108.097744423   758.2975   2  21   0.0056   0.0149   0.0082   0.0039   0.0048   0.0022   7.00    1.1 8525762

[TCP数据流] 2025/11/16 18:13:32 - 浮点解 (21颗卫星)
  ECEF: X=-1781698.4297 Y=5451839.9857 Z=2782288.9138
  LLH:  Lat=26.029068957° Lon=108.097744415° H=758.2973m
  原始数据:
2025/11/16 10:13:50.000   26.029068957  108.097744415   758.2973   2  21   0.0056   0.0149   0.0082   0.0039   0.0048   0.0021   8.00    1.2 8525762

[TCP数据流] 2025/11/16 18:13:33 - 浮点解 (21颗卫星)
  ECEF: X=-1781698.4293 Y=5451839.9857 Z=2782288.9135
  LLH:  Lat=26.029068955° Lon=108.097744411° H=758.2970m
  原始数据:
2025/11/16 10:13:51.000   26.029068955  108.097744411   758.2970   2  21   0.0055   0.0148   0.0081   0.0039   0.0048   0.0021   9.00    1.3 8525762

[TCP数据流] 2025/11/16 18:13:34 - 浮点解 (21颗卫星)
  ECEF: X=-1781698.4290 Y=5451839.9856 Z=2782288.9132
  LLH:  Lat=26.029068953° Lon=108.097744409° H=758.2967m
  原始数据:
2025/11/16 10:13:52.000   26.029068953  108.097744409   758.2967   2  21   0.0055   0.0148   0.0081   0.0039   0.0048   0.0021  10.00    1.3 8525762

[TCP数据流] 2025/11/16 18:13:35 - 浮点解 (21颗卫星)
  ECEF: X=-1781698.4288 Y=5451839.9854 Z=2782288.9128
  LLH:  Lat=26.029068951° Lon=108.097744407° H=758.2963m
  原始数据:
2025/11/16 10:13:53.000   26.029068951  108.097744407   758.2963   2  21   0.0055   0.0148   0.0081   0.0038   0.0048   0.0021  11.00    1.3 8525762

[TCP数据流] 2025/11/16 18:13:36 - 浮点解 (21颗卫星)
  ECEF: X=-1781698.4285 Y=5451839.9853 Z=2782288.9124
  LLH:  Lat=26.029068949° Lon=108.097744405° H=758.2960m
  原始数据:
2025/11/16 10:13:54.000   26.029068949  108.097744405   758.2960   2  21   0.0055   0.0148   0.0081   0.0038   0.0048   0.0021  12.00    1.3 8525762

[TCP数据流] 2025/11/16 18:13:37 - 浮点解 (21颗卫星)
  ECEF: X=-1781698.4284 Y=5451839.9850 Z=2782288.9120
  LLH:  Lat=26.029068947° Lon=108.097744405° H=758.2955m
  原始数据:
2025/11/16 10:13:55.000   26.029068947  108.097744405   758.2955   2  21   0.0055   0.0148   0.0081   0.0038   0.0048   0.0021  13.00    1.2 8525762

[TCP数据流] 2025/11/16 18:13:38 - 浮点解 (21颗卫星)
  ECEF: X=-1781698.4282 Y=5451839.9848 Z=2782288.9117
  LLH:  Lat=26.029068945° Lon=108.097744404° H=758.2951m
  原始数据:
2025/11/16 10:13:56.000   26.029068945  108.097744404   758.2951   2  21   0.0055   0.0147   0.0081   0.0038   0.0048   0.0021  14.00    1.3 8525762

[TCP数据流] 2025/11/16 18:13:39 - 浮点解 (21颗卫星)
  ECEF: X=-1781698.4283 Y=5451839.9845 Z=2782288.9112
  LLH:  Lat=26.029068942° Lon=108.097744405° H=758.2947m
  原始数据:
2025/11/16 10:13:57.000   26.029068942  108.097744405   758.2947   2  21   0.0055   0.0147   0.0080   0.0038   0.0048   0.0021  15.00    1.2 8525762

[TCP数据流] 2025/11/16 18:13:40 - 浮点解 (21颗卫星)
  ECEF: X=-1781698.4284 Y=5451839.9841 Z=2782288.9108
  LLH:  Lat=26.029068940° Lon=108.097744408° H=758.2942m
  原始数据:
2025/11/16 10:13:58.000   26.029068940  108.097744408   758.2942   2  21   0.0055   0.0147   0.0080   0.0038   0.0048   0.0021  16.00    1.4 8525762

[TCP数据流] 2025/11/16 18:13:41 - 浮点解 (21颗卫星)
  ECEF: X=-1781698.4282 Y=5451839.9838 Z=2782288.9103
  LLH:  Lat=26.029068938° Lon=108.097744407° H=758.2937m
  原始数据:
2025/11/16 10:13:59.000   26.029068938  108.097744407   758.2937   2  21   0.0055   0.0147   0.0080   0.0038   0.0048   0.0021  17.00    1.7 8525762

[TCP数据流] 2025/11/16 18:13:42 - 浮点解 (21颗卫星)
  ECEF: X=-1781698.4285 Y=5451839.9834 Z=2782288.9100
  LLH:  Lat=26.029068936° Lon=108.097744411° H=758.2933m
  原始数据:
2025/11/16 10:14:00.000   26.029068936  108.097744411   758.2933   2  21   0.0055   0.0147   0.0080   0.0038   0.0048   0.0021  18.00    1.3 8525762

[TCP数据流] 2025/11/16 18:13:43 - 浮点解 (21颗卫星)
  ECEF: X=-1781698.4286 Y=5451839.9830 Z=2782288.9095
  LLH:  Lat=26.029068934° Lon=108.097744413° H=758.2928m
  原始数据:
2025/11/16 10:14:01.000   26.029068934  108.097744413   758.2928   2  21   0.0055   0.0147   0.0080   0.0038   0.0048   0.0021  19.00    1.2 8525762

[TCP数据流] 2025/11/16 18:13:44 - 浮点解 (21颗卫星)
  ECEF: X=-1781698.4287 Y=5451839.9827 Z=2782288.9092
  LLH:  Lat=26.029068932° Lon=108.097744415° H=758.2924m
  原始数据:
2025/11/16 10:14:02.000   26.029068932  108.097744415   758.2924   2  21   0.0055   0.0147   0.0080   0.0038   0.0048   0.0021  20.00    1.2 8525762

[TCP数据流] 2025/11/16 18:13:45 - 浮点解 (21颗卫星)
  ECEF: X=-1781698.4290 Y=5451839.9823 Z=2782288.9088
  LLH:  Lat=26.029068930° Lon=108.097744419° H=758.2920m
  原始数据:
2025/11/16 10:14:03.000   26.029068930  108.097744419   758.2920   2  21   0.0055   0.0147   0.0080   0.0038   0.0048   0.0021  21.00    1.0 8525762

[TCP数据流] 2025/11/16 18:13:46 - 浮点解 (21颗卫星)
  ECEF: X=-1781698.4291 Y=5451839.9819 Z=2782288.9084
  LLH:  Lat=26.029068928° Lon=108.097744421° H=758.2915m
  原始数据:
2025/11/16 10:14:04.000   26.029068928  108.097744421   758.2915   2  21   0.0055   0.0147   0.0080   0.0038   0.0047   0.0021  22.00    1.2 8525762

[TCP数据流] 2025/11/16 18:13:47 - 浮点解 (21颗卫星)
  ECEF: X=-1781698.4292 Y=5451839.9816 Z=2782288.9080
  LLH:  Lat=26.029068926° Lon=108.097744423° H=758.2911m
  原始数据:
2025/11/16 10:14:05.000   26.029068926  108.097744423   758.2911   2  21   0.0055   0.0146   0.0080   0.0038   0.0047   0.0021  23.00    1.0 8525762

[TCP数据流] 2025/11/16 18:13:48 - 浮点解 (21颗卫星)
  ECEF: X=-1781698.4292 Y=5451839.9813 Z=2782288.9076
  LLH:  Lat=26.029068924° Lon=108.097744424° H=758.2907m
  原始数据:
2025/11/16 10:14:06.000   26.029068924  108.097744424   758.2907   2  21   0.0055   0.0146   0.0080   0.0038   0.0047   0.0021  24.00    1.0 8525762

[TCP数据流] 2025/11/16 18:13:49 - 浮点解 (21颗卫星)
  ECEF: X=-1781698.4294 Y=5451839.9810 Z=2782288.9073
  LLH:  Lat=26.029068922° Lon=108.097744427° H=758.2903m
  原始数据:
2025/11/16 10:14:07.000   26.029068922  108.097744427   758.2903   2  21   0.0055   0.0146   0.0080   0.0038   0.0047   0.0021  25.00    1.0 8525762

[TCP数据流] 2025/11/16 18:13:50 - 浮点解 (21颗卫星)
  ECEF: X=-1781698.4296 Y=5451839.9808 Z=2782288.9069
  LLH:  Lat=26.029068920° Lon=108.097744429° H=758.2900m
  原始数据:
2025/11/16 10:14:08.000   26.029068920  108.097744429   758.2900   2  21   0.0055   0.0146   0.0080   0.0038   0.0047   0.0021  26.00    1.0 8525762

[TCP数据流] 2025/11/16 18:13:51 - 浮点解 (21颗卫星)
  ECEF: X=-1781698.4298 Y=5451839.9804 Z=2782288.9066
  LLH:  Lat=26.029068918° Lon=108.097744432° H=758.2896m
  原始数据:
2025/11/16 10:14:09.000   26.029068918  108.097744432   758.2896   2  21   0.0055   0.0146   0.0080   0.0038   0.0047   0.0021  27.00    1.0 8525762

[TCP数据流] 2025/11/16 18:13:52 - 浮点解 (21颗卫星)
  ECEF: X=-1781698.4299 Y=5451839.9801 Z=2782288.9062
  LLH:  Lat=26.029068916° Lon=108.097744434° H=758.2892m
  原始数据:
2025/11/16 10:14:10.000   26.029068916  108.097744434   758.2892   2  21   0.0055   0.0146   0.0080   0.0038   0.0047   0.0021  28.00    1.0 8525762

[TCP数据流] 2025/11/16 18:13:53 - 浮点解 (21颗卫星)
  ECEF: X=-1781698.4302 Y=5451839.9798 Z=2782288.9059
  LLH:  Lat=26.029068915° Lon=108.097744438° H=758.2889m
  原始数据:
2025/11/16 10:14:11.000   26.029068915  108.097744438   758.2889   2  21   0.0055   0.0146   0.0080   0.0038   0.0047   0.0021  29.00    1.0 8525762

[TCP数据流] 2025/11/16 18:13:54 - 浮点解 (21颗卫星)
  ECEF: X=-1781698.4303 Y=5451839.9796 Z=2782288.9056
  LLH:  Lat=26.029068913° Lon=108.097744440° H=758.2886m
  原始数据:
2025/11/16 10:14:12.000   26.029068913  108.097744440   758.2886   2  21   0.0055   0.0146   0.0080   0.0038   0.0047   0.0021  30.00    1.0 8525762

[TCP数据流] 2025/11/16 18:14:24 - 浮点解 (21颗卫星)
  ECEF: X=-1781698.4245 Y=5451839.9859 Z=2782288.9107
  LLH:  Lat=26.029068938° Lon=108.097744365° H=758.2946m
  原始数据:
2025/11/16 10:14:42.000   26.029068938  108.097744365   758.2946   2  21   0.0054   0.0144   0.0079   0.0038   0.0047   0.0021   0.00    1.1 8525762

[TCP数据流] 2025/11/16 18:14:25 - 浮点解 (21颗卫星)
  ECEF: X=-1781698.4194 Y=5451839.9915 Z=2782288.9156
  LLH:  Lat=26.029068963° Lon=108.097744299° H=758.3001m
  原始数据:
2025/11/16 10:14:43.000   26.029068963  108.097744299   758.3001   2  21   0.0053   0.0143   0.0078   0.0037   0.0047   0.0021   0.00    1.2 8525762

[TCP数据流] 2025/11/16 18:14:26 - 浮点解 (21颗卫星)
  ECEF: X=-1781698.4148 Y=5451839.9964 Z=2782288.9197
  LLH:  Lat=26.029068983° Lon=108.097744240° H=758.3048m
  原始数据:
2025/11/16 10:14:44.000   26.029068983  108.097744240   758.3048   2  21   0.0053   0.0142   0.0077   0.0037   0.0046   0.0021   1.00    1.0 8525762

[TCP数据流] 2025/11/16 18:14:27 - 浮点解 (21颗卫星)
  ECEF: X=-1781698.4115 Y=5451840.0001 Z=2782288.9228
  LLH:  Lat=26.029068998° Lon=108.097744198° H=758.3084m
  原始数据:
2025/11/16 10:14:45.000   26.029068998  108.097744198   758.3084   2  21   0.0052   0.0140   0.0077   0.0036   0.0046   0.0021   2.00    1.2 8525762

[TCP数据流] 2025/11/16 18:14:28 - 浮点解 (21颗卫星)
  ECEF: X=-1781698.4089 Y=5451840.0027 Z=2782288.9250
  LLH:  Lat=26.029069009° Lon=108.097744165° H=758.3109m
  原始数据:
2025/11/16 10:14:46.000   26.029069009  108.097744165   758.3109   2  21   0.0052   0.0139   0.0076   0.0036   0.0046   0.0021   3.00    1.2 8525762

[TCP数据流] 2025/11/16 18:14:30 - 浮点解 (21颗卫星)
  ECEF: X=-1781698.4073 Y=5451840.0043 Z=2782288.9259
  LLH:  Lat=26.029069013° Lon=108.097744145° H=758.3122m
  原始数据:
2025/11/16 10:14:48.000   26.029069013  108.097744145   758.3122   2  21   0.0052   0.0139   0.0076   0.0036   0.0046   0.0020   5.00    1.1 8525762

[TCP数据流] 2025/11/16 18:14:31 - 浮点解 (21颗卫星)
  ECEF: X=-1781698.4062 Y=5451840.0055 Z=2782288.9266
  LLH:  Lat=26.029069015° Lon=108.097744130° H=758.3132m
  原始数据:
2025/11/16 10:14:49.000   26.029069015  108.097744130   758.3132   2  21   0.0051   0.0138   0.0076   0.0036   0.0046   0.0020   6.00    1.1 8525762

[TCP数据流] 2025/11/16 18:14:32 - 浮点解 (21颗卫星)
  ECEF: X=-1781698.4054 Y=5451840.0062 Z=2782288.9269
  LLH:  Lat=26.029069016° Lon=108.097744121° H=758.3138m
  原始数据:
2025/11/16 10:14:50.000   26.029069016  108.097744121   758.3138   2  21   0.0051   0.0138   0.0075   0.0036   0.0046   0.0020   7.00    1.1 8525762

[TCP数据流] 2025/11/16 18:14:33 - 浮点解 (21颗卫星)
  ECEF: X=-1781698.4048 Y=5451840.0069 Z=2782288.9270
  LLH:  Lat=26.029069015° Lon=108.097744113° H=758.3142m
  原始数据:
2025/11/16 10:14:51.000   26.029069015  108.097744113   758.3142   2  21   0.0051   0.0138   0.0075   0.0036   0.0046   0.0020   8.00    1.1 8525762

[TCP数据流] 2025/11/16 18:14:34 - 浮点解 (15颗卫星)
  ECEF: X=-1781698.4049 Y=5451840.0074 Z=2782288.9271
  LLH:  Lat=26.029069014° Lon=108.097744112° H=758.3147m
  原始数据:
2025/11/16 10:14:52.000   26.029069014  108.097744112   758.3147   2  15   0.0051   0.0138   0.0075   0.0036   0.0046   0.0020   9.00    1.1 8525762

[TCP数据流] 2025/11/16 18:14:35 - 浮点解 (21颗卫星)
  ECEF: X=-1781698.4045 Y=5451840.0077 Z=2782288.9272
  LLH:  Lat=26.029069014° Lon=108.097744108° H=758.3149m
  原始数据:
2025/11/16 10:14:53.000   26.029069014  108.097744108   758.3149   2  21   0.0051   0.0137   0.0075   0.0036   0.0046   0.0020  10.00    1.2 8525762

[TCP数据流] 2025/11/16 18:14:36 - 浮点解 (21颗卫星)
  ECEF: X=-1781698.4042 Y=5451840.0080 Z=2782288.9271
  LLH:  Lat=26.029069012° Lon=108.097744104° H=758.3150m
  原始数据:
2025/11/16 10:14:54.000   26.029069012  108.097744104   758.3150   2  21   0.0051   0.0137   0.0075   0.0036   0.0046   0.0020  11.00    1.0 8525762

[TCP数据流] 2025/11/16 18:14:37 - 浮点解 (21颗卫星)
  ECEF: X=-1781698.4040 Y=5451840.0081 Z=2782288.9270
  LLH:  Lat=26.029069011° Lon=108.097744102° H=758.3150m
  原始数据:
2025/11/16 10:14:55.000   26.029069011  108.097744102   758.3150   2  21   0.0051   0.0137   0.0075   0.0036   0.0046   0.0020  12.00    1.1 8525762

[TCP数据流] 2025/11/16 18:14:38 - 浮点解 (21颗卫星)
  ECEF: X=-1781698.4040 Y=5451840.0083 Z=2782288.9268
  LLH:  Lat=26.029069009° Lon=108.097744101° H=758.3151m
  原始数据:
2025/11/16 10:14:56.000   26.029069009  108.097744101   758.3151   2  21   0.0051   0.0137   0.0075   0.0036   0.0046   0.0020  13.00    1.1 8525762

[TCP数据流] 2025/11/16 18:14:39 - 浮点解 (21颗卫星)
  ECEF: X=-1781698.4039 Y=5451840.0083 Z=2782288.9267
  LLH:  Lat=26.029069008° Lon=108.097744100° H=758.3150m
  原始数据:
2025/11/16 10:14:57.000   26.029069008  108.097744100   758.3150   2  21   0.0051   0.0137   0.0074   0.0035   0.0045   0.0020  14.00    1.1 8525762

[TCP数据流] 2025/11/16 18:14:40 - 浮点解 (21颗卫星)
  ECEF: X=-1781698.4039 Y=5451840.0084 Z=2782288.9265
  LLH:  Lat=26.029069006° Lon=108.097744100° H=758.3150m
  原始数据:
2025/11/16 10:14:58.000   26.029069006  108.097744100   758.3150   2  21   0.0051   0.0137   0.0074   0.0035   0.0045   0.0020  15.00    1.0 8525762

[TCP数据流] 2025/11/16 18:14:41 - 浮点解 (21颗卫星)
  ECEF: X=-1781698.4042 Y=5451840.0083 Z=2782288.9264
  LLH:  Lat=26.029069005° Lon=108.097744103° H=758.3150m
  原始数据:
2025/11/16 10:14:59.000   26.029069005  108.097744103   758.3150   2  21   0.0051   0.0137   0.0074   0.0035   0.0045   0.0020  16.00    1.0 8525762

[TCP数据流] 2025/11/16 18:14:42 - 浮点解 (21颗卫星)
  ECEF: X=-1781698.4042 Y=5451840.0083 Z=2782288.9261
  LLH:  Lat=26.029069003° Lon=108.097744103° H=758.3149m
  原始数据:
2025/11/16 10:15:00.000   26.029069003  108.097744103   758.3149   2  21   0.0051   0.0136   0.0074   0.0035   0.0045   0.0020  17.00    1.0 8525762

[TCP数据流] 2025/11/16 18:14:43 - 浮点解 (21颗卫星)
  ECEF: X=-1781698.4042 Y=5451840.0084 Z=2782288.9259
  LLH:  Lat=26.029069001° Lon=108.097744103° H=758.3148m
  原始数据:
2025/11/16 10:15:01.000   26.029069001  108.097744103   758.3148   2  21   0.0051   0.0136   0.0074   0.0035   0.0045   0.0020  18.00    1.0 8525762

[TCP数据流] 2025/11/16 18:14:44 - 浮点解 (21颗卫星)
  ECEF: X=-1781698.4044 Y=5451840.0082 Z=2782288.9257
  LLH:  Lat=26.029069000° Lon=108.097744105° H=758.3147m
  原始数据:
2025/11/16 10:15:02.000   26.029069000  108.097744105   758.3147   2  21   0.0051   0.0136   0.0074   0.0035   0.0045   0.0020  19.00    1.0 8525762

[TCP数据流] 2025/11/16 18:14:45 - 浮点解 (21颗卫星)
  ECEF: X=-1781698.4047 Y=5451840.0082 Z=2782288.9255
  LLH:  Lat=26.029068998° Lon=108.097744108° H=758.3146m
  原始数据:
2025/11/16 10:15:03.000   26.029068998  108.097744108   758.3146   2  21   0.0051   0.0136   0.0074   0.0035   0.0045   0.0020  20.00    1.0 8525762

[TCP数据流] 2025/11/16 18:14:46 - 浮点解 (21颗卫星)
  ECEF: X=-1781698.4050 Y=5451840.0080 Z=2782288.9253
  LLH:  Lat=26.029068997° Lon=108.097744111° H=758.3145m
  原始数据:
2025/11/16 10:15:04.000   26.029068997  108.097744111   758.3145   2  21   0.0051   0.0136   0.0074   0.0035   0.0045   0.0020  21.00    1.0 8525762

[TCP数据流] 2025/11/16 18:14:47 - 浮点解 (21颗卫星)
  ECEF: X=-1781698.4052 Y=5451840.0080 Z=2782288.9251
  LLH:  Lat=26.029068995° Lon=108.097744113° H=758.3144m
  原始数据:
2025/11/16 10:15:05.000   26.029068995  108.097744113   758.3144   2  21   0.0050   0.0136   0.0074   0.0035   0.0045   0.0020  22.00    1.0 8525762

[TCP数据流] 2025/11/16 18:14:48 - 浮点解 (21颗卫星)
  ECEF: X=-1781698.4053 Y=5451840.0079 Z=2782288.9250
  LLH:  Lat=26.029068994° Lon=108.097744115° H=758.3143m
  原始数据:
2025/11/16 10:15:06.000   26.029068994  108.097744115   758.3143   2  21   0.0050   0.0136   0.0074   0.0035   0.0045   0.0020  23.00    1.0 8525762

[TCP数据流] 2025/11/16 18:14:49 - 浮点解 (21颗卫星)
  ECEF: X=-1781698.4056 Y=5451840.0077 Z=2782288.9248
  LLH:  Lat=26.029068993° Lon=108.097744118° H=758.3141m
  原始数据:
2025/11/16 10:15:07.000   26.029068993  108.097744118   758.3141   2  21   0.0050   0.0136   0.0074   0.0035   0.0045   0.0020  24.00    1.1 8525762

[TCP数据流] 2025/11/16 18:14:50 - 浮点解 (21颗卫星)
  ECEF: X=-1781698.4057 Y=5451840.0076 Z=2782288.9245
  LLH:  Lat=26.029068991° Lon=108.097744119° H=758.3140m
  原始数据:
2025/11/16 10:15:08.000   26.029068991  108.097744119   758.3140   2  21   0.0050   0.0136   0.0074   0.0035   0.0045   0.0020  25.00    1.0 8525762

[TCP数据流] 2025/11/16 18:14:51 - 浮点解 (21颗卫星)
  ECEF: X=-1781698.4058 Y=5451840.0074 Z=2782288.9243
  LLH:  Lat=26.029068990° Lon=108.097744121° H=758.3138m
  原始数据:
2025/11/16 10:15:09.000   26.029068990  108.097744121   758.3138   2  21   0.0050   0.0136   0.0074   0.0035   0.0045   0.0020  26.00    1.1 8525762

[TCP数据流] 2025/11/16 18:14:52 - 浮点解 (21颗卫星)
  ECEF: X=-1781698.4060 Y=5451840.0074 Z=2782288.9241
  LLH:  Lat=26.029068988° Lon=108.097744123° H=758.3137m
  原始数据:
2025/11/16 10:15:10.000   26.029068988  108.097744123   758.3137   2  21   0.0050   0.0136   0.0074   0.0035   0.0045   0.0020  27.00    1.2 8525762

[TCP数据流] 2025/11/16 18:14:53 - 浮点解 (21颗卫星)
  ECEF: X=-1781698.4064 Y=5451840.0072 Z=2782288.9240
  LLH:  Lat=26.029068987° Lon=108.097744127° H=758.3136m
  原始数据:
2025/11/16 10:15:11.000   26.029068987  108.097744127   758.3136   2  21   0.0050   0.0136   0.0074   0.0035   0.0045   0.0020  28.00    1.0 8525762

[TCP数据流] 2025/11/16 18:14:54 - 浮点解 (21颗卫星)
  ECEF: X=-1781698.4065 Y=5451840.0071 Z=2782288.9237
  LLH:  Lat=26.029068985° Lon=108.097744128° H=758.3134m
  原始数据:
2025/11/16 10:15:12.000   26.029068985  108.097744128   758.3134   2  21   0.0050   0.0136   0.0074   0.0035   0.0045   0.0020  29.00    1.2 8525762

[TCP数据流] 2025/11/16 18:14:55 - 浮点解 (21颗卫星)
  ECEF: X=-1781698.4067 Y=5451840.0070 Z=2782288.9235
  LLH:  Lat=26.029068984° Lon=108.097744131° H=758.3133m
  原始数据:
2025/11/16 10:15:13.000   26.029068984  108.097744131   758.3133   2  21   0.0050   0.0136   0.0074   0.0035   0.0045   0.0020  30.00    1.1 8525762

[TCP数据流] 2025/11/16 18:15:57 - 固定解 (21颗卫星)
  ECEF: X=-1781698.2416 Y=5451840.2059 Z=2782289.0513
  LLH:  Lat=26.029069474° Lon=108.097741946° H=758.4932m
  原始数据:
2025/11/16 10:16:15.000   26.029069474  108.097741946   758.4932   1  21   0.0006   0.0007   0.0017   0.0004  -0.0008  -0.0004   7.00    3.5 8525762

[TCP数据流] 2025/11/16 18:15:58 - 固定解 (21颗卫星)
  ECEF: X=-1781698.2417 Y=5451840.2061 Z=2782289.0513
  LLH:  Lat=26.029069474° Lon=108.097741946° H=758.4934m
  原始数据:
2025/11/16 10:16:16.000   26.029069474  108.097741946   758.4934   1  21   0.0006   0.0007   0.0017   0.0004  -0.0008  -0.0004   8.00    3.5 8525762

[TCP数据流] 2025/11/16 18:16:00 - 固定解 (21颗卫星)
  ECEF: X=-1781698.2417 Y=5451840.2061 Z=2782289.0514
  LLH:  Lat=26.029069475° Lon=108.097741946° H=758.4934m
  原始数据:
2025/11/16 10:16:18.000   26.029069475  108.097741946   758.4934   1  21   0.0006   0.0007   0.0017   0.0004  -0.0008  -0.0004  10.00    3.5 8525762

[TCP数据流] 2025/11/16 18:16:01 - 固定解 (21颗卫星)
  ECEF: X=-1781698.2417 Y=5451840.2061 Z=2782289.0515
  LLH:  Lat=26.029069475° Lon=108.097741946° H=758.4935m
  原始数据:
2025/11/16 10:16:19.000   26.029069475  108.097741946   758.4935   1  21   0.0006   0.0007   0.0017   0.0004  -0.0008  -0.0004  11.00    3.5 8525762

[TCP数据流] 2025/11/16 18:16:02 - 固定解 (21颗卫星)
  ECEF: X=-1781698.2417 Y=5451840.2062 Z=2782289.0516
  LLH:  Lat=26.029069476° Lon=108.097741946° H=758.4936m
  原始数据:
2025/11/16 10:16:20.000   26.029069476  108.097741946   758.4936   1  21   0.0006   0.0007   0.0017   0.0004  -0.0008  -0.0004  12.00    3.5 8525762

[TCP数据流] 2025/11/16 18:16:03 - 固定解 (21颗卫星)
  ECEF: X=-1781698.2417 Y=5451840.2062 Z=2782289.0516
  LLH:  Lat=26.029069476° Lon=108.097741946° H=758.4936m
  原始数据:
2025/11/16 10:16:21.000   26.029069476  108.097741946   758.4936   1  21   0.0006   0.0007   0.0017   0.0004  -0.0008  -0.0004  13.00    3.5 8525762

[TCP数据流] 2025/11/16 18:16:04 - 固定解 (21颗卫星)
  ECEF: X=-1781698.2416 Y=5451840.2068 Z=2782289.0517
  LLH:  Lat=26.029069475° Lon=108.097741943° H=758.4941m
  原始数据:
2025/11/16 10:16:22.000   26.029069475  108.097741943   758.4941   1  21   0.0006   0.0007   0.0017   0.0004  -0.0008  -0.0004   0.00    3.7 8525762

[TCP数据流] 2025/11/16 18:21:32 - 浮点解 (20颗卫星)
  ECEF: X=-1781698.3866 Y=5451840.0334 Z=2782288.9452
  LLH:  Lat=26.029069085° Lon=108.097743858° H=758.3398m
  原始数据:
2025/11/16 10:21:50.000   26.029069085  108.097743858   758.3398   2  20   0.0046   0.0125   0.0068   0.0032   0.0043   0.0019  21.00    1.1 8525762

[TCP数据流] 2025/11/16 18:21:33 - 浮点解 (20颗卫星)
  ECEF: X=-1781698.3866 Y=5451840.0332 Z=2782288.9448
  LLH:  Lat=26.029069083° Lon=108.097743858° H=758.3394m
  原始数据:
2025/11/16 10:21:51.000   26.029069083  108.097743858   758.3394   2  20   0.0046   0.0125   0.0068   0.0032   0.0043   0.0019  22.00    1.1 8525762

[TCP数据流] 2025/11/16 18:21:34 - 浮点解 (20颗卫星)
  ECEF: X=-1781698.3865 Y=5451840.0330 Z=2782288.9445
  LLH:  Lat=26.029069081° Lon=108.097743858° H=758.3391m
  原始数据:
2025/11/16 10:21:52.000   26.029069081  108.097743858   758.3391   2  20   0.0046   0.0125   0.0068   0.0032   0.0043   0.0019  23.00    1.1 8525762

[TCP数据流] 2025/11/16 18:21:35 - 浮点解 (20颗卫星)
  ECEF: X=-1781698.3864 Y=5451840.0328 Z=2782288.9441
  LLH:  Lat=26.029069079° Lon=108.097743858° H=758.3387m
  原始数据:
2025/11/16 10:21:53.000   26.029069079  108.097743858   758.3387   2  20   0.0046   0.0125   0.0068   0.0032   0.0043   0.0019  24.00    1.1 8525762

[TCP数据流] 2025/11/16 18:21:36 - 浮点解 (20颗卫星)
  ECEF: X=-1781698.3864 Y=5451840.0326 Z=2782288.9438
  LLH:  Lat=26.029069077° Lon=108.097743858° H=758.3384m
  原始数据:
2025/11/16 10:21:54.000   26.029069077  108.097743858   758.3384   2  20   0.0046   0.0124   0.0068   0.0032   0.0043   0.0019  25.00    1.1 8525762

[TCP数据流] 2025/11/16 18:21:37 - 浮点解 (20颗卫星)
  ECEF: X=-1781698.3864 Y=5451840.0323 Z=2782288.9434
  LLH:  Lat=26.029069075° Lon=108.097743859° H=758.3380m
  原始数据:
2025/11/16 10:21:55.000   26.029069075  108.097743859   758.3380   2  20   0.0046   0.0124   0.0068   0.0032   0.0043   0.0019  26.00    1.1 8525762

[TCP数据流] 2025/11/16 18:21:38 - 浮点解 (20颗卫星)
  ECEF: X=-1781698.3864 Y=5451840.0321 Z=2782288.9431
  LLH:  Lat=26.029069073° Lon=108.097743860° H=758.3377m
  原始数据:
2025/11/16 10:21:56.000   26.029069073  108.097743860   758.3377   2  20   0.0046   0.0124   0.0068   0.0032   0.0043   0.0019  27.00    1.2 8525762

[TCP数据流] 2025/11/16 18:21:39 - 浮点解 (20颗卫星)
  ECEF: X=-1781698.3863 Y=5451840.0319 Z=2782288.9427
  LLH:  Lat=26.029069071° Lon=108.097743860° H=758.3373m
  原始数据:
2025/11/16 10:21:57.000   26.029069071  108.097743860   758.3373   2  20   0.0046   0.0124   0.0068   0.0032   0.0043   0.0019  28.00    1.2 8525762

[TCP数据流] 2025/11/16 18:21:40 - 浮点解 (20颗卫星)
  ECEF: X=-1781698.3865 Y=5451840.0317 Z=2782288.9424
  LLH:  Lat=26.029069069° Lon=108.097743862° H=758.3370m
  原始数据:
2025/11/16 10:21:58.000   26.029069069  108.097743862   758.3370   2  20   0.0046   0.0124   0.0068   0.0032   0.0043   0.0019  29.00    1.2 8525762

[TCP数据流] 2025/11/16 18:21:41 - 浮点解 (20颗卫星)
  ECEF: X=-1781698.3864 Y=5451840.0315 Z=2782288.9421
  LLH:  Lat=26.029069067° Lon=108.097743862° H=758.3367m
  原始数据:
2025/11/16 10:21:59.000   26.029069067  108.097743862   758.3367   2  20   0.0046   0.0124   0.0068   0.0032   0.0043   0.0019  30.00    1.2 8525762

[TCP数据流] 2025/11/16 18:23:02 - 浮点解 (20颗卫星)
  ECEF: X=-1781698.3568 Y=5451840.0515 Z=2782288.9696
  LLH:  Lat=26.029069252° Lon=108.097743519° H=758.3576m
  原始数据:
2025/11/16 10:23:20.000   26.029069252  108.097743519   758.3576   2  20   0.0042   0.0114   0.0063   0.0030   0.0041   0.0019   7.00    1.1 8525762

[TCP数据流] 2025/11/16 18:23:03 - 浮点解 (20颗卫星)
  ECEF: X=-1781698.3559 Y=5451840.0519 Z=2782288.9701
  LLH:  Lat=26.029069255° Lon=108.097743509° H=758.3579m
  原始数据:
2025/11/16 10:23:21.000   26.029069255  108.097743509   758.3579   2  20   0.0041   0.0114   0.0063   0.0030   0.0041   0.0019   8.00    1.5 8525762

[TCP数据流] 2025/11/16 18:23:04 - 浮点解 (20颗卫星)
  ECEF: X=-1781698.3551 Y=5451840.0522 Z=2782288.9702
  LLH:  Lat=26.029069256° Lon=108.097743500° H=758.3580m
  原始数据:
2025/11/16 10:23:22.000   26.029069256  108.097743500   758.3580   2  20   0.0041   0.0113   0.0062   0.0030   0.0041   0.0019   9.00    1.0 8525762

[TCP数据流] 2025/11/16 18:23:05 - 浮点解 (20颗卫星)
  ECEF: X=-1781698.3545 Y=5451840.0523 Z=2782288.9702
  LLH:  Lat=26.029069256° Lon=108.097743494° H=758.3579m
  原始数据:
2025/11/16 10:23:23.000   26.029069256  108.097743494   758.3579   2  20   0.0041   0.0113   0.0062   0.0030   0.0041   0.0019  10.00    1.0 8525762

[TCP数据流] 2025/11/16 18:23:06 - 浮点解 (20颗卫星)
  ECEF: X=-1781698.3540 Y=5451840.0525 Z=2782288.9702
  LLH:  Lat=26.029069256° Lon=108.097743489° H=758.3579m
  原始数据:
2025/11/16 10:23:24.000   26.029069256  108.097743489   758.3579   2  20   0.0041   0.0113   0.0062   0.0029   0.0041   0.0019  11.00    1.0 8525762

[TCP数据流] 2025/11/16 18:23:07 - 浮点解 (14颗卫星)
  ECEF: X=-1781698.3538 Y=5451840.0525 Z=2782288.9703
  LLH:  Lat=26.029069257° Lon=108.097743487° H=758.3579m
  原始数据:
2025/11/16 10:23:25.000   26.029069257  108.097743487   758.3579   2  14   0.0041   0.0113   0.0062   0.0029   0.0041   0.0019  12.00    1.1 8525762

[TCP数据流] 2025/11/16 18:23:08 - 浮点解 (20颗卫星)
  ECEF: X=-1781698.3534 Y=5451840.0526 Z=2782288.9701
  LLH:  Lat=26.029069256° Lon=108.097743483° H=758.3578m
  原始数据:
2025/11/16 10:23:26.000   26.029069256  108.097743483   758.3578   2  20   0.0041   0.0112   0.0062   0.0029   0.0041   0.0019  13.00    1.0 8525762

[TCP数据流] 2025/11/16 18:23:09 - 浮点解 (20颗卫星)
  ECEF: X=-1781698.3532 Y=5451840.0524 Z=2782288.9699
  LLH:  Lat=26.029069255° Lon=108.097743482° H=758.3575m
  原始数据:
2025/11/16 10:23:27.000   26.029069255  108.097743482   758.3575   2  20   0.0041   0.0112   0.0062   0.0029   0.0041   0.0019  14.00    1.0 8525762

[TCP数据流] 2025/11/16 18:23:10 - 浮点解 (14颗卫星)
  ECEF: X=-1781698.3531 Y=5451840.0525 Z=2782288.9699
  LLH:  Lat=26.029069255° Lon=108.097743480° H=758.3576m
  原始数据:
2025/11/16 10:23:28.000   26.029069255  108.097743480   758.3576   2  14   0.0041   0.0112   0.0062   0.0029   0.0041   0.0019  15.00    1.2 8525762

[TCP数据流] 2025/11/16 18:23:11 - 浮点解 (20颗卫星)
  ECEF: X=-1781698.3529 Y=5451840.0524 Z=2782288.9697
  LLH:  Lat=26.029069254° Lon=108.097743479° H=758.3573m
  原始数据:
2025/11/16 10:23:29.000   26.029069254  108.097743479   758.3573   2  20   0.0041   0.0112   0.0062   0.0029   0.0041   0.0019  16.00    1.1 8525762

[TCP数据流] 2025/11/16 18:23:12 - 浮点解 (20颗卫星)
  ECEF: X=-1781698.3527 Y=5451840.0523 Z=2782288.9694
  LLH:  Lat=26.029069252° Lon=108.097743477° H=758.3570m
  原始数据:
2025/11/16 10:23:30.000   26.029069252  108.097743477   758.3570   2  20   0.0041   0.0112   0.0062   0.0029   0.0041   0.0019  17.00    1.1 8525762

[TCP数据流] 2025/11/16 18:23:13 - 浮点解 (20颗卫星)
  ECEF: X=-1781698.3525 Y=5451840.0521 Z=2782288.9692
  LLH:  Lat=26.029069251° Lon=108.097743476° H=758.3567m
  原始数据:
2025/11/16 10:23:31.000   26.029069251  108.097743476   758.3567   2  20   0.0041   0.0112   0.0062   0.0029   0.0041   0.0019  18.00    1.1 8525762

[TCP数据流] 2025/11/16 18:23:14 - 浮点解 (20颗卫星)
  ECEF: X=-1781698.3523 Y=5451840.0521 Z=2782288.9689
  LLH:  Lat=26.029069249° Lon=108.097743474° H=758.3565m
  原始数据:
2025/11/16 10:23:32.000   26.029069249  108.097743474   758.3565   2  20   0.0041   0.0112   0.0062   0.0029   0.0041   0.0019  19.00    1.1 8525762

[TCP数据流] 2025/11/16 18:23:15 - 浮点解 (20颗卫星)
  ECEF: X=-1781698.3522 Y=5451840.0519 Z=2782288.9685
  LLH:  Lat=26.029069247° Lon=108.097743474° H=758.3562m
  原始数据:
2025/11/16 10:23:33.000   26.029069247  108.097743474   758.3562   2  20   0.0041   0.0112   0.0062   0.0029   0.0041   0.0019  20.00    1.1 8525762

[TCP数据流] 2025/11/16 18:23:16 - 浮点解 (20颗卫星)
  ECEF: X=-1781698.3522 Y=5451840.0518 Z=2782288.9683
  LLH:  Lat=26.029069246° Lon=108.097743474° H=758.3560m
  原始数据:
2025/11/16 10:23:34.000   26.029069246  108.097743474   758.3560   2  20   0.0041   0.0112   0.0061   0.0029   0.0041   0.0019  21.00    1.1 8525762

[TCP数据流] 2025/11/16 18:23:17 - 浮点解 (20颗卫星)
  ECEF: X=-1781698.3521 Y=5451840.0516 Z=2782288.9680
  LLH:  Lat=26.029069244° Lon=108.097743474° H=758.3557m
  原始数据:
2025/11/16 10:23:35.000   26.029069244  108.097743474   758.3557   2  20   0.0041   0.0112   0.0061   0.0029   0.0041   0.0019  22.00    1.1 8525762

[TCP数据流] 2025/11/16 18:23:18 - 浮点解 (20颗卫星)
  ECEF: X=-1781698.3521 Y=5451840.0514 Z=2782288.9678
  LLH:  Lat=26.029069243° Lon=108.097743474° H=758.3554m
  原始数据:
2025/11/16 10:23:36.000   26.029069243  108.097743474   758.3554   2  20   0.0041   0.0111   0.0061   0.0029   0.0041   0.0019  23.00    1.2 8525762

[TCP数据流] 2025/11/16 18:23:19 - 浮点解 (20颗卫星)
  ECEF: X=-1781698.3521 Y=5451840.0513 Z=2782288.9675
  LLH:  Lat=26.029069241° Lon=108.097743475° H=758.3552m
  原始数据:
2025/11/16 10:23:37.000   26.029069241  108.097743475   758.3552   2  20   0.0041   0.0111   0.0061   0.0029   0.0041   0.0019  24.00    1.2 8525762

[TCP数据流] 2025/11/16 18:23:20 - 浮点解 (20颗卫星)
  ECEF: X=-1781698.3521 Y=5451840.0511 Z=2782288.9672
  LLH:  Lat=26.029069239° Lon=108.097743475° H=758.3549m
  原始数据:
2025/11/16 10:23:38.000   26.029069239  108.097743475   758.3549   2  20   0.0041   0.0111   0.0061   0.0029   0.0040   0.0019  25.00    1.1 8525762

[TCP数据流] 2025/11/16 18:23:21 - 浮点解 (20颗卫星)
  ECEF: X=-1781698.3520 Y=5451840.0509 Z=2782288.9669
  LLH:  Lat=26.029069238° Lon=108.097743475° H=758.3546m
  原始数据:
2025/11/16 10:23:39.000   26.029069238  108.097743475   758.3546   2  20   0.0041   0.0111   0.0061   0.0029   0.0040   0.0019  26.00    1.8 8525762

[TCP数据流] 2025/11/16 18:23:22 - 浮点解 (20颗卫星)
  ECEF: X=-1781698.3520 Y=5451840.0508 Z=2782288.9666
  LLH:  Lat=26.029069236° Lon=108.097743475° H=758.3544m
  原始数据:
2025/11/16 10:23:40.000   26.029069236  108.097743475   758.3544   2  20   0.0041   0.0111   0.0061   0.0029   0.0040   0.0019  27.00    1.8 8525762

[TCP数据流] 2025/11/16 18:23:23 - 浮点解 (20颗卫星)
  ECEF: X=-1781698.3518 Y=5451840.0507 Z=2782288.9663
  LLH:  Lat=26.029069234° Lon=108.097743474° H=758.3541m
  原始数据:
2025/11/16 10:23:41.000   26.029069234  108.097743474   758.3541   2  20   0.0041   0.0111   0.0061   0.0029   0.0040   0.0019  28.00    2.1 8525762

[TCP数据流] 2025/11/16 18:23:24 - 浮点解 (20颗卫星)
  ECEF: X=-1781698.3518 Y=5451840.0506 Z=2782288.9661
  LLH:  Lat=26.029069233° Lon=108.097743474° H=758.3539m
  原始数据:
2025/11/16 10:23:42.000   26.029069233  108.097743474   758.3539   2  20   0.0041   0.0111   0.0061   0.0029   0.0040   0.0019  29.00    2.3 8525762

[TCP数据流] 2025/11/16 18:23:45 - 固定解 (20颗卫星)
  ECEF: X=-1781698.2430 Y=5451840.2128 Z=2782289.0587
  LLH:  Lat=26.029069507° Lon=108.097741938° H=758.5027m
  原始数据:
2025/11/16 10:24:03.000   26.029069507  108.097741938   758.5027   1  20   0.0006   0.0007   0.0017   0.0004  -0.0008  -0.0004   6.00    4.7 8525762

[TCP数据流] 2025/11/16 18:23:46 - 固定解 (20颗卫星)
  ECEF: X=-1781698.2431 Y=5451840.2129 Z=2782289.0588
  LLH:  Lat=26.029069507° Lon=108.097741938° H=758.5029m
  原始数据:
2025/11/16 10:24:04.000   26.029069507  108.097741938   758.5029   1  20   0.0006   0.0007   0.0017   0.0004  -0.0008  -0.0004   7.00    4.7 8525762

[TCP数据流] 2025/11/16 18:23:47 - 固定解 (20颗卫星)
  ECEF: X=-1781698.2431 Y=5451840.2132 Z=2782289.0589
  LLH:  Lat=26.029069507° Lon=108.097741937° H=758.5032m
  原始数据:
2025/11/16 10:24:05.000   26.029069507  108.097741937   758.5032   1  20   0.0006   0.0007   0.0017   0.0004  -0.0008  -0.0004   8.00    4.7 8525762

[TCP数据流] 2025/11/16 18:23:48 - 固定解 (20颗卫星)
  ECEF: X=-1781698.2431 Y=5451840.2133 Z=2782289.0591
  LLH:  Lat=26.029069508° Lon=108.097741937° H=758.5033m
  原始数据:
2025/11/16 10:24:06.000   26.029069508  108.097741937   758.5033   1  20   0.0006   0.0007   0.0017   0.0004  -0.0008  -0.0004   9.00    4.8 8525762

[TCP数据流] 2025/11/16 18:23:49 - 固定解 (20颗卫星)
  ECEF: X=-1781698.2432 Y=5451840.2134 Z=2782289.0592
  LLH:  Lat=26.029069508° Lon=108.097741937° H=758.5035m
  原始数据:
2025/11/16 10:24:07.000   26.029069508  108.097741937   758.5035   1  20   0.0006   0.0007   0.0017   0.0004  -0.0008  -0.0004  10.00    4.8 8525762

[TCP数据流] 2025/11/16 18:23:50 - 固定解 (20颗卫星)
  ECEF: X=-1781698.2432 Y=5451840.2136 Z=2782289.0593
  LLH:  Lat=26.029069509° Lon=108.097741937° H=758.5037m
  原始数据:
2025/11/16 10:24:08.000   26.029069509  108.097741937   758.5037   1  20   0.0006   0.0007   0.0017   0.0004  -0.0008  -0.0004  11.00    4.8 8525762

[TCP数据流] 2025/11/16 18:23:51 - 固定解 (20颗卫星)
  ECEF: X=-1781698.2432 Y=5451840.2137 Z=2782289.0594
  LLH:  Lat=26.029069509° Lon=108.097741937° H=758.5038m
  原始数据:
2025/11/16 10:24:09.000   26.029069509  108.097741937   758.5038   1  20   0.0006   0.0007   0.0017   0.0004  -0.0008  -0.0004  12.00    4.8 8525762

[TCP数据流] 2025/11/16 18:23:52 - 固定解 (20颗卫星)
  ECEF: X=-1781698.2432 Y=5451840.2137 Z=2782289.0595
  LLH:  Lat=26.029069510° Lon=108.097741937° H=758.5039m
  原始数据:
2025/11/16 10:24:10.000   26.029069510  108.097741937   758.5039   1  20   0.0006   0.0007   0.0017   0.0004  -0.0008  -0.0004  13.00    4.8 8525762

[TCP数据流] 2025/11/16 18:23:53 - 固定解 (20颗卫星)
  ECEF: X=-1781698.2434 Y=5451840.2137 Z=2782289.0596
  LLH:  Lat=26.029069510° Lon=108.097741938° H=758.5040m
  原始数据:
2025/11/16 10:24:11.000   26.029069510  108.097741938   758.5040   1  20   0.0006   0.0007   0.0017   0.0004  -0.0008  -0.0004  14.00    4.8 8525762

[TCP数据流] 2025/11/16 18:23:54 - 固定解 (20颗卫星)
  ECEF: X=-1781698.2434 Y=5451840.2138 Z=2782289.0597
  LLH:  Lat=26.029069511° Lon=108.097741938° H=758.5041m
  原始数据:
2025/11/16 10:24:12.000   26.029069511  108.097741938   758.5041   1  20   0.0006   0.0007   0.0017   0.0004  -0.0008  -0.0004  15.00    4.8 8525762

[TCP数据流] 2025/11/16 18:23:55 - 固定解 (20颗卫星)
  ECEF: X=-1781698.2434 Y=5451840.2139 Z=2782289.0598
  LLH:  Lat=26.029069511° Lon=108.097741938° H=758.5042m
  原始数据:
2025/11/16 10:24:13.000   26.029069511  108.097741938   758.5042   1  20   0.0006   0.0007   0.0017   0.0004  -0.0008  -0.0004  16.00    4.8 8525762

[TCP数据流] 2025/11/16 18:23:56 - 固定解 (20颗卫星)
  ECEF: X=-1781698.2434 Y=5451840.2140 Z=2782289.0598
  LLH:  Lat=26.029069511° Lon=108.097741938° H=758.5043m
  原始数据:
2025/11/16 10:24:14.000   26.029069511  108.097741938   758.5043   1  20   0.0006   0.0007   0.0017   0.0004  -0.0008  -0.0004  17.00    4.8 8525762

[TCP数据流] 2025/11/16 18:23:57 - 固定解 (20颗卫星)
  ECEF: X=-1781698.2434 Y=5451840.2139 Z=2782289.0599
  LLH:  Lat=26.029069512° Lon=108.097741938° H=758.5043m
  原始数据:
2025/11/16 10:24:15.000   26.029069512  108.097741938   758.5043   1  20   0.0006   0.0007   0.0017   0.0004  -0.0008  -0.0004  18.00    4.8 8525762

[TCP数据流] 2025/11/16 18:23:58 - 固定解 (20颗卫星)
  ECEF: X=-1781698.2434 Y=5451840.2140 Z=2782289.0600
  LLH:  Lat=26.029069512° Lon=108.097741938° H=758.5044m
  原始数据:
2025/11/16 10:24:16.000   26.029069512  108.097741938   758.5044   1  20   0.0006   0.0007   0.0017   0.0004  -0.0008  -0.0004  19.00    4.8 8525762

[TCP数据流] 2025/11/16 18:23:59 - 固定解 (20颗卫星)
  ECEF: X=-1781698.2434 Y=5451840.2140 Z=2782289.0601
  LLH:  Lat=26.029069513° Lon=108.097741938° H=758.5044m
  原始数据:
2025/11/16 10:24:17.000   26.029069513  108.097741938   758.5044   1  20   0.0006   0.0007   0.0017   0.0004  -0.0008  -0.0004  20.00    4.8 8525762

[TCP数据流] 2025/11/16 18:24:00 - 固定解 (20颗卫星)
  ECEF: X=-1781698.2435 Y=5451840.2140 Z=2782289.0601
  LLH:  Lat=26.029069513° Lon=108.097741939° H=758.5045m
  原始数据:
2025/11/16 10:24:18.000   26.029069513  108.097741939   758.5045   1  20   0.0006   0.0007   0.0017   0.0004  -0.0008  -0.0004  21.00    4.7 8525762

[TCP数据流] 2025/11/16 18:24:01 - 固定解 (20颗卫星)
  ECEF: X=-1781698.2435 Y=5451840.2140 Z=2782289.0601
  LLH:  Lat=26.029069513° Lon=108.097741939° H=758.5045m
  原始数据:
2025/11/16 10:24:19.000   26.029069513  108.097741939   758.5045   1  20   0.0006   0.0007   0.0017   0.0004  -0.0008  -0.0004  22.00    4.8 8525762

[TCP数据流] 2025/11/16 18:24:02 - 固定解 (20颗卫星)
  ECEF: X=-1781698.2435 Y=5451840.2140 Z=2782289.0602
  LLH:  Lat=26.029069514° Lon=108.097741939° H=758.5045m
  原始数据:
2025/11/16 10:24:20.000   26.029069514  108.097741939   758.5045   1  20   0.0006   0.0007   0.0017   0.0004  -0.0008  -0.0004  23.00    4.8 8525762

[TCP数据流] 2025/11/16 18:24:03 - 固定解 (20颗卫星)
  ECEF: X=-1781698.2436 Y=5451840.2140 Z=2782289.0602
  LLH:  Lat=26.029069514° Lon=108.097741939° H=758.5046m
  原始数据:
2025/11/16 10:24:21.000   26.029069514  108.097741939   758.5046   1  20   0.0006   0.0007   0.0017   0.0004  -0.0008  -0.0004  24.00    4.8 8525762

[TCP数据流] 2025/11/16 18:24:04 - 浮点解 (14颗卫星)
  ECEF: X=-1781698.2686 Y=5451840.0802 Z=2782288.9721
  LLH:  Lat=26.029069272° Lon=108.097742592° H=758.3586m
  原始数据:
2025/11/16 10:24:22.000   26.029069272  108.097742592   758.3586   2  14   0.0036   0.0087   0.0056   0.0028   0.0031   0.0019  25.00    1.9 8525762

[TCP数据流] 2025/11/16 18:24:05 - 浮点解 (20颗卫星)
  ECEF: X=-1781698.2686 Y=5451840.0801 Z=2782288.9719
  LLH:  Lat=26.029069271° Lon=108.097742592° H=758.3584m
  原始数据:
2025/11/16 10:24:23.000   26.029069271  108.097742592   758.3584   2  20   0.0036   0.0087   0.0056   0.0028   0.0031   0.0019  26.00    1.6 8525762

[TCP数据流] 2025/11/16 18:24:06 - 固定解 (20颗卫星)
  ECEF: X=-1781698.2439 Y=5451840.2218 Z=2782289.0603
  LLH:  Lat=26.029069485° Lon=108.097741918° H=758.5114m
  原始数据:
2025/11/16 10:24:24.000   26.029069485  108.097741918   758.5114   1  20   0.0006   0.0007   0.0021   0.0004  -0.0005  -0.0006   0.00    4.8 8525762

[TCP数据流] 2025/11/16 18:24:07 - 固定解 (20颗卫星)
  ECEF: X=-1781698.2439 Y=5451840.2230 Z=2782289.0606
  LLH:  Lat=26.029069483° Lon=108.097741914° H=758.5125m
  原始数据:
2025/11/16 10:24:25.000   26.029069483  108.097741914   758.5125   1  20   0.0006   0.0007   0.0021   0.0004  -0.0005  -0.0006   0.00    5.0 8525762

[TCP数据流] 2025/11/16 18:24:08 - 固定解 (20颗卫星)
  ECEF: X=-1781698.2440 Y=5451840.2241 Z=2782289.0610
  LLH:  Lat=26.029069482° Lon=108.097741912° H=758.5136m
  原始数据:
2025/11/16 10:24:26.000   26.029069482  108.097741912   758.5136   1  20   0.0006   0.0007   0.0021   0.0004  -0.0005  -0.0006   1.00    5.2 8525762

[TCP数据流] 2025/11/16 18:24:09 - 固定解 (20颗卫星)
  ECEF: X=-1781698.2440 Y=5451840.2249 Z=2782289.0614
  LLH:  Lat=26.029069482° Lon=108.097741910° H=758.5145m
  原始数据:
2025/11/16 10:24:27.000   26.029069482  108.097741910   758.5145   1  20   0.0006   0.0007   0.0021   0.0004  -0.0005  -0.0006   2.00    5.3 8525762

[TCP数据流] 2025/11/16 18:24:10 - 固定解 (20颗卫星)
  ECEF: X=-1781698.2440 Y=5451840.2255 Z=2782289.0617
  LLH:  Lat=26.029069482° Lon=108.097741908° H=758.5151m
  原始数据:
2025/11/16 10:24:28.000   26.029069482  108.097741908   758.5151   1  20   0.0006   0.0007   0.0021   0.0004  -0.0005  -0.0006   3.00    5.4 8525762

[TCP数据流] 2025/11/16 18:24:11 - 固定解 (20颗卫星)
  ECEF: X=-1781698.2441 Y=5451840.2261 Z=2782289.0620
  LLH:  Lat=26.029069482° Lon=108.097741907° H=758.5158m
  原始数据:
2025/11/16 10:24:29.000   26.029069482  108.097741907   758.5158   1  20   0.0006   0.0007   0.0021   0.0004  -0.0005  -0.0006   4.00    5.4 8525762

[TCP数据流] 2025/11/16 18:24:12 - 固定解 (21颗卫星)
  ECEF: X=-1781698.2442 Y=5451840.2265 Z=2782289.0622
  LLH:  Lat=26.029069482° Lon=108.097741906° H=758.5163m
  原始数据:
2025/11/16 10:24:30.000   26.029069482  108.097741906   758.5163   1  21   0.0006   0.0007   0.0021   0.0004  -0.0005  -0.0006   5.00    5.5 8525762

[TCP数据流] 2025/11/16 18:24:13 - 固定解 (21颗卫星)
  ECEF: X=-1781698.2443 Y=5451840.2268 Z=2782289.0623
  LLH:  Lat=26.029069482° Lon=108.097741906° H=758.5166m
  原始数据:
2025/11/16 10:24:31.000   26.029069482  108.097741906   758.5166   1  21   0.0006   0.0007   0.0021   0.0004  -0.0005  -0.0006   6.00    5.5 8525762

[TCP数据流] 2025/11/16 18:24:14 - 固定解 (21颗卫星)
  ECEF: X=-1781698.2444 Y=5451840.2271 Z=2782289.0625
  LLH:  Lat=26.029069482° Lon=108.097741906° H=758.5170m
  原始数据:
2025/11/16 10:24:32.000   26.029069482  108.097741906   758.5170   1  21   0.0006   0.0007   0.0021   0.0004  -0.0005  -0.0006   7.00    5.5 8525762

[TCP数据流] 2025/11/16 18:24:15 - 固定解 (21颗卫星)
  ECEF: X=-1781698.2444 Y=5451840.2273 Z=2782289.0627
  LLH:  Lat=26.029069483° Lon=108.097741906° H=758.5172m
  原始数据:
2025/11/16 10:24:33.000   26.029069483  108.097741906   758.5172   1  21   0.0006   0.0007   0.0021   0.0004  -0.0005  -0.0006   8.00    5.5 8525762

[TCP数据流] 2025/11/16 18:24:16 - 固定解 (21颗卫星)
  ECEF: X=-1781698.2435 Y=5451840.2201 Z=2782289.0626
  LLH:  Lat=26.029069510° Lon=108.097741920° H=758.5108m
  原始数据:
2025/11/16 10:24:34.000   26.029069510  108.097741920   758.5108   1  21   0.0006   0.0006   0.0017   0.0004  -0.0007  -0.0004   9.00    5.6 8525762

[TCP数据流] 2025/11/16 18:24:17 - 固定解 (21颗卫星)
  ECEF: X=-1781698.2436 Y=5451840.2203 Z=2782289.0627
  LLH:  Lat=26.029069510° Lon=108.097741920° H=758.5110m
  原始数据:
2025/11/16 10:24:35.000   26.029069510  108.097741920   758.5110   1  21   0.0006   0.0006   0.0017   0.0004  -0.0007  -0.0004  10.00    5.6 8525762

[TCP数据流] 2025/11/16 18:24:18 - 固定解 (21颗卫星)
  ECEF: X=-1781698.2436 Y=5451840.2203 Z=2782289.0628
  LLH:  Lat=26.029069511° Lon=108.097741920° H=758.5111m
  原始数据:
2025/11/16 10:24:36.000   26.029069511  108.097741920   758.5111   1  21   0.0006   0.0006   0.0017   0.0004  -0.0007  -0.0004  11.00    5.6 8525762

[TCP数据流] 2025/11/16 18:24:19 - 固定解 (21颗卫星)
  ECEF: X=-1781698.2436 Y=5451840.2204 Z=2782289.0628
  LLH:  Lat=26.029069511° Lon=108.097741920° H=758.5112m
  原始数据:
2025/11/16 10:24:37.000   26.029069511  108.097741920   758.5112   1  21   0.0006   0.0006   0.0017   0.0004  -0.0007  -0.0004  12.00    5.6 8525762

[TCP数据流] 2025/11/16 18:24:20 - 固定解 (21颗卫星)
  ECEF: X=-1781698.2437 Y=5451840.2206 Z=2782289.0626
  LLH:  Lat=26.029069508° Lon=108.097741920° H=758.5113m
  原始数据:
2025/11/16 10:24:38.000   26.029069508  108.097741920   758.5113   1  21   0.0006   0.0006   0.0017   0.0004  -0.0007  -0.0004  13.00    3.0 8525762

[TCP数据流] 2025/11/16 18:24:21 - 固定解 (21颗卫星)
  ECEF: X=-1781698.2437 Y=5451840.2206 Z=2782289.0627
  LLH:  Lat=26.029069509° Lon=108.097741920° H=758.5113m
  原始数据:
2025/11/16 10:24:39.000   26.029069509  108.097741920   758.5113   1  21   0.0006   0.0006   0.0017   0.0004  -0.0007  -0.0004  14.00    3.1 8525762

[TCP数据流] 2025/11/16 18:24:22 - 固定解 (21颗卫星)
  ECEF: X=-1781698.2437 Y=5451840.2207 Z=2782289.0627
  LLH:  Lat=26.029069509° Lon=108.097741920° H=758.5114m
  原始数据:
2025/11/16 10:24:40.000   26.029069509  108.097741920   758.5114   1  21   0.0006   0.0006   0.0017   0.0004  -0.0007  -0.0004  15.00    3.1 8525762

[TCP数据流] 2025/11/16 18:24:23 - 固定解 (21颗卫星)
  ECEF: X=-1781698.2437 Y=5451840.2207 Z=2782289.0629
  LLH:  Lat=26.029069510° Lon=108.097741920° H=758.5115m
  原始数据:
2025/11/16 10:24:41.000   26.029069510  108.097741920   758.5115   1  21   0.0006   0.0006   0.0017   0.0004  -0.0007  -0.0004  16.00    3.2 8525762

[TCP数据流] 2025/11/16 18:24:24 - 固定解 (21颗卫星)
  ECEF: X=-1781698.2438 Y=5451840.2206 Z=2782289.0630
  LLH:  Lat=26.029069511° Lon=108.097741921° H=758.5115m
  原始数据:
2025/11/16 10:24:42.000   26.029069511  108.097741921   758.5115   1  21   0.0006   0.0006   0.0017   0.0004  -0.0007  -0.0004  17.00    3.2 8525762

[TCP数据流] 2025/11/16 18:24:25 - 固定解 (21颗卫星)
  ECEF: X=-1781698.2438 Y=5451840.2207 Z=2782289.0630
  LLH:  Lat=26.029069511° Lon=108.097741921° H=758.5116m
  原始数据:
2025/11/16 10:24:43.000   26.029069511  108.097741921   758.5116   1  21   0.0006   0.0006   0.0017   0.0004  -0.0007  -0.0004  18.00    3.3 8525762

[TCP数据流] 2025/11/16 18:24:26 - 固定解 (21颗卫星)
  ECEF: X=-1781698.2438 Y=5451840.2207 Z=2782289.0631
  LLH:  Lat=26.029069512° Lon=108.097741921° H=758.5116m
  原始数据:
2025/11/16 10:24:44.000   26.029069512  108.097741921   758.5116   1  21   0.0006   0.0006   0.0017   0.0004  -0.0007  -0.0004  19.00    3.3 8525762

[TCP数据流] 2025/11/16 18:24:27 - 固定解 (21颗卫星)
  ECEF: X=-1781698.2438 Y=5451840.2207 Z=2782289.0631
  LLH:  Lat=26.029069512° Lon=108.097741921° H=758.5116m
  原始数据:
2025/11/16 10:24:45.000   26.029069512  108.097741921   758.5116   1  21   0.0006   0.0006   0.0017   0.0004  -0.0007  -0.0004  20.00    3.4 8525762

[TCP数据流] 2025/11/16 18:24:28 - 固定解 (21颗卫星)
  ECEF: X=-1781698.2438 Y=5451840.2207 Z=2782289.0633
  LLH:  Lat=26.029069513° Lon=108.097741921° H=758.5117m
  原始数据:
2025/11/16 10:24:46.000   26.029069513  108.097741921   758.5117   1  21   0.0006   0.0006   0.0017   0.0004  -0.0007  -0.0004  21.00    3.4 8525762

========== RTKRCV 退出 ==========
时间: 2025-11-16T10:24:29.192Z
退出码: 0
信号: null
================================

