
========== RTKRCV 启动 ==========
时间: 2025-11-16T09:52:28.640Z
配置文件: 8525770.conf
进程 PID: 3560496
================================


[TCP数据流] 2025/11/16 17:52:54 - 浮点解 (31颗卫星)
  ECEF: X=-1567067.5169 Y=5439617.1190 Z=2931122.1633
  LLH:  Lat=27.532044284° Lon=106.070853012° H=1087.4387m
  原始数据:
2025/11/16 09:53:12.000   27.532044284  106.070853012  1087.4387   2  31   0.6938   0.6336   1.8360  -0.2329   0.2435  -0.5121   1.00    0.0 8525770

[TCP数据流] 2025/11/16 17:52:55 - 浮点解 (24颗卫星)
  ECEF: X=-1567067.6766 Y=5439617.4252 Z=2931122.2839
  LLH:  Lat=27.532043837° Lon=106.070853707° H=1087.7945m
  原始数据:
2025/11/16 09:53:13.000   27.532043837  106.070853707  1087.7945   2  24   0.5455   0.4790   1.4326  -0.1769   0.1709  -0.4619   1.00    0.0 8525770

[TCP数据流] 2025/11/16 17:52:56 - 浮点解 (31颗卫星)
  ECEF: X=-1567067.4088 Y=5439617.4076 Z=2931122.2815
  LLH:  Lat=27.532044198° Lon=106.070851152° H=1087.7127m
  原始数据:
2025/11/16 09:53:14.000   27.532044198  106.070851152  1087.7127   2  31   0.4362   0.3880   1.1432  -0.1437   0.1394  -0.3492   0.00    0.0 8525770

[TCP数据流] 2025/11/16 17:52:57 - 浮点解 (31颗卫星)
  ECEF: X=-1567067.5060 Y=5439617.4845 Z=2931122.4302
  LLH:  Lat=27.532044967° Lon=106.070851882° H=1087.8708m
  原始数据:
2025/11/16 09:53:15.000   27.532044967  106.070851882  1087.8708   2  31   0.3746   0.3354   0.9827  -0.1237   0.1224  -0.2923   1.00    0.0 8525770

[TCP数据流] 2025/11/16 17:52:58 - 浮点解 (31颗卫星)
  ECEF: X=-1567067.4664 Y=5439617.5300 Z=2931122.4948
  LLH:  Lat=27.532045347° Lon=106.070851369° H=1087.9297m
  原始数据:
2025/11/16 09:53:16.000   27.532045347  106.070851369  1087.9297   2  31   0.3329   0.2994   0.8727  -0.1106   0.1117  -0.2548   0.00    0.0 8525770

[TCP数据流] 2025/11/16 17:52:59 - 浮点解 (31颗卫星)
  ECEF: X=-1567067.4204 Y=5439617.3049 Z=2931122.3822
  LLH:  Lat=27.532045402° Lon=106.070851553° H=1087.6746m
  原始数据:
2025/11/16 09:53:17.000   27.532045402  106.070851553  1087.6746   2  31   0.3025   0.2730   0.7923  -0.1009   0.1032  -0.2285   0.00    0.0 8525770

[TCP数据流] 2025/11/16 17:53:00 - 浮点解 (31颗卫星)
  ECEF: X=-1567067.4158 Y=5439617.2072 Z=2931122.3916
  LLH:  Lat=27.532045874° Lon=106.070851782° H=1087.5945m
  原始数据:
2025/11/16 09:53:18.000   27.532045874  106.070851782  1087.5945   2  31   0.2792   0.2526   0.7305  -0.0933   0.0962  -0.2088   1.00    0.0 8525770

[TCP数据流] 2025/11/16 17:53:01 - 浮点解 (31颗卫星)
  ECEF: X=-1567067.3271 Y=5439617.0344 Z=2931122.2759
  LLH:  Lat=27.532045743° Lon=106.070851403° H=1087.3720m
  原始数据:
2025/11/16 09:53:19.000   27.532045743  106.070851403  1087.3720   2  31   0.2605   0.2362   0.6808  -0.0872   0.0903  -0.1934   2.00    0.0 8525770

[TCP数据流] 2025/11/16 17:53:02 - 浮点解 (31颗卫星)
  ECEF: X=-1567067.2736 Y=5439616.8928 Z=2931122.2055
  LLH:  Lat=27.532045809° Lon=106.070851280° H=1087.2057m
  原始数据:
2025/11/16 09:53:20.000   27.532045809  106.070851280  1087.2057   2  31   0.2452   0.2226   0.6401  -0.0820   0.0849  -0.1812   3.00    0.0 8525770

[TCP数据流] 2025/11/16 17:53:03 - 浮点解 (31颗卫星)
  ECEF: X=-1567067.2100 Y=5439616.7086 Z=2931122.1063
  LLH:  Lat=27.532045827° Lon=106.070851177° H=1086.9873m
  原始数据:
2025/11/16 09:53:21.000   27.532045827  106.070851177  1086.9873   2  31   0.2323   0.2111   0.6057  -0.0776   0.0805  -0.1711   4.00    0.0 8525770

[TCP数据流] 2025/11/16 17:53:04 - 浮点解 (31颗卫星)
  ECEF: X=-1567067.1281 Y=5439616.5284 Z=2931122.0061
  LLH:  Lat=27.532045842° Lon=106.070850886° H=1086.7673m
  原始数据:
2025/11/16 09:53:22.000   27.532045842  106.070850886  1086.7673   2  31   0.2213   0.2012   0.5761  -0.0738   0.0766  -0.1625   5.00    0.0 8525770

[TCP数据流] 2025/11/16 17:53:05 - 浮点解 (31颗卫星)
  ECEF: X=-1567067.0806 Y=5439616.3997 Z=2931121.9024
  LLH:  Lat=27.532045583° Lon=106.070850784° H=1086.5981m
  原始数据:
2025/11/16 09:53:23.000   27.532045583  106.070850784  1086.5981   2  31   0.2116   0.1926   0.5504  -0.0706   0.0733  -0.1550   6.00    0.0 8525770

[TCP数据流] 2025/11/16 17:53:06 - 浮点解 (31颗卫星)
  ECEF: X=-1567067.0380 Y=5439616.2705 Z=2931121.8248
  LLH:  Lat=27.532045529° Lon=106.070850732° H=1086.4416m
  原始数据:
2025/11/16 09:53:24.000   27.532045529  106.070850732  1086.4416   2  31   0.2031   0.1850   0.5277  -0.0678   0.0706  -0.1483   7.00    0.0 8525770

[TCP数据流] 2025/11/16 17:53:07 - 浮点解 (31颗卫星)
  ECEF: X=-1567066.9825 Y=5439616.0787 Z=2931121.7356
  LLH:  Lat=27.532045648° Lon=106.070850730° H=1086.2233m
  原始数据:
2025/11/16 09:53:25.000   27.532045648  106.070850730  1086.2233   2  31   0.1955   0.1783   0.5074  -0.0653   0.0681  -0.1424   8.00    0.0 8525770

[TCP数据流] 2025/11/16 17:53:08 - 浮点解 (31颗卫星)
  ECEF: X=-1567066.9438 Y=5439615.8915 Z=2931121.6581
  LLH:  Lat=27.532045823° Lon=106.070850878° H=1086.0185m
  原始数据:
2025/11/16 09:53:26.000   27.532045823  106.070850878  1086.0185   2  31   0.1887   0.1722   0.4894  -0.0631   0.0659  -0.1371   9.00    0.0 8525770
[ERROR] ../../../../src/lambda.c : search loop count overflow

[TCP数据流] 2025/11/16 17:53:09 - 浮点解 (31颗卫星)
  ECEF: X=-1567066.9027 Y=5439615.8137 Z=2931121.6396
  LLH:  Lat=27.532046034° Lon=106.070850696° H=1085.9336m
  原始数据:
2025/11/16 09:53:27.000   27.532046034  106.070850696  1085.9336   2  31   0.1826   0.1667   0.4732  -0.0610   0.0637  -0.1325  10.00    0.0 8525770

[TCP数据流] 2025/11/16 17:53:10 - 浮点解 (31颗卫星)
  ECEF: X=-1567066.8373 Y=5439615.6866 Z=2931121.5777
  LLH:  Lat=27.532046124° Lon=106.070850416° H=1085.7806m
  原始数据:
2025/11/16 09:53:28.000   27.532046124  106.070850416  1085.7806   2  31   0.1771   0.1617   0.4584  -0.0591   0.0617  -0.1284  11.00    1.1 8525770

[TCP数据流] 2025/11/16 17:53:11 - 浮点解 (31颗卫星)
  ECEF: X=-1567066.8120 Y=5439615.5760 Z=2931121.5291
  LLH:  Lat=27.532046207° Lon=106.070850480° H=1085.6577m
  原始数据:
2025/11/16 09:53:29.000   27.532046207  106.070850480  1085.6577   2  31   0.1720   0.1571   0.4449  -0.0575   0.0600  -0.1244  12.00    1.1 8525770

[TCP数据流] 2025/11/16 17:53:12 - 浮点解 (30颗卫星)
  ECEF: X=-1567066.7920 Y=5439615.4613 Z=2931121.4817
  LLH:  Lat=27.532046311° Lon=106.070850607° H=1085.5331m
  原始数据:
2025/11/16 09:53:30.000   27.532046311  106.070850607  1085.5331   2  30   0.1673   0.1529   0.4325  -0.0559   0.0585  -0.1208  13.00    1.0 8525770

[TCP数据流] 2025/11/16 17:53:13 - 浮点解 (30颗卫星)
  ECEF: X=-1567066.7676 Y=5439615.4165 Z=2931121.4684
  LLH:  Lat=27.532046412° Lon=106.070850495° H=1085.4828m
  原始数据:
2025/11/16 09:53:31.000   27.532046412  106.070850495  1085.4828   2  30   0.1630   0.1490   0.4210  -0.0545   0.0570  -0.1176  14.00    1.0 8525770

[TCP数据流] 2025/11/16 17:53:14 - 浮点解 (30颗卫星)
  ECEF: X=-1567066.7412 Y=5439615.3744 Z=2931121.4502
  LLH:  Lat=27.532046466° Lon=106.070850356° H=1085.4321m
  原始数据:
2025/11/16 09:53:32.000   27.532046466  106.070850356  1085.4321   2  30   0.1590   0.1454   0.4104  -0.0532   0.0557  -0.1145  15.00    1.1 8525770

[TCP数据流] 2025/11/16 17:53:15 - 浮点解 (30颗卫星)
  ECEF: X=-1567066.7111 Y=5439615.3121 Z=2931121.4156
  LLH:  Lat=27.532046473° Lon=106.070850238° H=1085.3556m
  原始数据:
2025/11/16 09:53:33.000   27.532046473  106.070850238  1085.3556   2  30   0.1553   0.1421   0.4007  -0.0519   0.0544  -0.1118  16.00    1.3 8525770

[TCP数据流] 2025/11/16 17:53:16 - 浮点解 (30颗卫星)
  ECEF: X=-1567066.6811 Y=5439615.2431 Z=2931121.3662
  LLH:  Lat=27.532046389° Lon=106.070850139° H=1085.2666m
  原始数据:
2025/11/16 09:53:34.000   27.532046389  106.070850139  1085.2666   2  30   0.1518   0.1389   0.3915  -0.0508   0.0532  -0.1092  17.00    1.1 8525770

[TCP数据流] 2025/11/16 17:53:17 - 浮点解 (30颗卫星)
  ECEF: X=-1567066.6623 Y=5439615.1929 Z=2931121.3468
  LLH:  Lat=27.532046457° Lon=106.070850097° H=1085.2102m
  原始数据:
2025/11/16 09:53:35.000   27.532046457  106.070850097  1085.2102   2  30   0.1486   0.1360   0.3829  -0.0497   0.0521  -0.1067  18.00    1.1 8525770

[TCP数据流] 2025/11/16 17:53:18 - 浮点解 (30颗卫星)
  ECEF: X=-1567066.6501 Y=5439615.1434 Z=2931121.3286
  LLH:  Lat=27.532046524° Lon=106.070850117° H=1085.1567m
  原始数据:
2025/11/16 09:53:36.000   27.532046524  106.070850117  1085.1567   2  30   0.1455   0.1332   0.3748  -0.0487   0.0510  -0.1044  19.00    1.0 8525770

[TCP数据流] 2025/11/16 17:53:19 - 浮点解 (30颗卫星)
  ECEF: X=-1567066.6467 Y=5439615.0911 Z=2931121.3016
  LLH:  Lat=27.532046521° Lon=106.070850231° H=1085.0988m
  原始数据:
2025/11/16 09:53:37.000   27.532046521  106.070850231  1085.0988   2  30   0.1427   0.1307   0.3673  -0.0477   0.0500  -0.1023  20.00    1.0 8525770

[TCP数据流] 2025/11/16 17:53:20 - 浮点解 (30颗卫星)
  ECEF: X=-1567066.6258 Y=5439615.0547 Z=2931121.2898
  LLH:  Lat=27.532046597° Lon=106.070850129° H=1085.0572m
  原始数据:
2025/11/16 09:53:38.000   27.532046597  106.070850129  1085.0572   2  30   0.1400   0.1282   0.3602  -0.0468   0.0490  -0.1004  21.00    1.0 8525770

[TCP数据流] 2025/11/16 17:53:21 - 浮点解 (30颗卫星)
  ECEF: X=-1567066.5968 Y=5439614.9804 Z=2931121.2635
  LLH:  Lat=27.532046718° Lon=106.070850055° H=1084.9746m
  原始数据:
2025/11/16 09:53:39.000   27.532046718  106.070850055  1084.9746   2  30   0.1374   0.1259   0.3535  -0.0459   0.0481  -0.0985  22.00    1.1 8525770

[TCP数据流] 2025/11/16 17:53:22 - 浮点解 (30颗卫星)
  ECEF: X=-1567066.5804 Y=5439614.9455 Z=2931121.2507
  LLH:  Lat=27.532046774° Lon=106.070849994° H=1084.9349m
  原始数据:
2025/11/16 09:53:40.000   27.532046774  106.070849994  1084.9349   2  30   0.1350   0.1237   0.3471  -0.0451   0.0473  -0.0967  23.00    1.0 8525770

[TCP数据流] 2025/11/16 17:53:23 - 浮点解 (30颗卫星)
  ECEF: X=-1567066.5694 Y=5439614.9019 Z=2931121.2251
  LLH:  Lat=27.532046757° Lon=106.070850009° H=1084.8832m
  原始数据:
2025/11/16 09:53:41.000   27.532046757  106.070850009  1084.8832   2  30   0.1327   0.1216   0.3411  -0.0443   0.0465  -0.0950  24.00    1.1 8525770

[TCP数据流] 2025/11/16 17:53:24 - 浮点解 (30颗卫星)
  ECEF: X=-1567066.5610 Y=5439614.8823 Z=2931121.2155
  LLH:  Lat=27.532046768° Lon=106.070849982° H=1084.8600m
  原始数据:
2025/11/16 09:53:42.000   27.532046768  106.070849982  1084.8600   2  30   0.1305   0.1196   0.3353  -0.0436   0.0458  -0.0934  25.00    1.1 8525770

[TCP数据流] 2025/11/16 17:53:25 - 浮点解 (30颗卫星)
  ECEF: X=-1567066.5372 Y=5439614.8551 Z=2931121.1855
  LLH:  Lat=27.532046665° Lon=106.070849827° H=1084.8171m
  原始数据:
2025/11/16 09:53:43.000   27.532046665  106.070849827  1084.8171   2  30   0.1284   0.1177   0.3299  -0.0429   0.0450  -0.0919  26.00    1.1 8525770

[TCP数据流] 2025/11/16 17:53:26 - 浮点解 (30颗卫星)
  ECEF: X=-1567066.5416 Y=5439614.8710 Z=2931121.1900
  LLH:  Lat=27.532046632° Lon=106.070849825° H=1084.8338m
  原始数据:
2025/11/16 09:53:44.000   27.532046632  106.070849825  1084.8338   2  30   0.1265   0.1159   0.3247  -0.0423   0.0444  -0.0904  27.00    1.1 8525770

[TCP数据流] 2025/11/16 17:53:27 - 浮点解 (31颗卫星)
  ECEF: X=-1567066.5363 Y=5439614.8681 Z=2931121.1818
  LLH:  Lat=27.532046584° Lon=106.070849782° H=1084.8263m
  原始数据:
2025/11/16 09:53:45.000   27.532046584  106.070849782  1084.8263   2  31   0.1246   0.1142   0.3197  -0.0416   0.0436  -0.0890  28.00    1.1 8525770

[TCP数据流] 2025/11/16 17:53:28 - 浮点解 (31颗卫星)
  ECEF: X=-1567066.5290 Y=5439614.8392 Z=2931121.1576
  LLH:  Lat=27.532046515° Lon=106.070849792° H=1084.7887m
  原始数据:
2025/11/16 09:53:46.000   27.532046515  106.070849792  1084.7887   2  31   0.1228   0.1125   0.3150  -0.0410   0.0429  -0.0877  29.00    1.1 8525770

[TCP数据流] 2025/11/16 17:53:29 - 浮点解 (31颗卫星)
  ECEF: X=-1567066.5267 Y=5439614.8201 Z=2931121.1415
  LLH:  Lat=27.532046465° Lon=106.070849823° H=1084.7644m
  原始数据:
2025/11/16 09:53:47.000   27.532046465  106.070849823  1084.7644   2  31   0.1210   0.1110   0.3104  -0.0404   0.0423  -0.0865  30.00    1.1 8525770

[TCP数据流] 2025/11/16 17:54:18 - 浮点解 (30颗卫星)
  ECEF: X=-1567067.0285 Y=5439616.5563 Z=2931122.1598
  LLH:  Lat=27.532047075° Lon=106.070849839° H=1086.8377m
  原始数据:
2025/11/16 09:54:36.000   27.532047075  106.070849839  1086.8377   2  30   0.1120   0.1078   0.2515  -0.0371   0.0361  -0.0679   0.00    1.1 8525770

[TCP数据流] 2025/11/16 17:54:19 - 浮点解 (23颗卫星)
  ECEF: X=-1567067.1863 Y=5439617.1331 Z=2931122.5247
  LLH:  Lat=27.532047501° Lon=106.070849757° H=1087.5366m
  原始数据:
2025/11/16 09:54:37.000   27.532047501  106.070849757  1087.5366   2  23   0.1067   0.1059   0.2242  -0.0360   0.0371  -0.0598   0.00    1.1 8525770

[TCP数据流] 2025/11/16 17:54:20 - 浮点解 (23颗卫星)
  ECEF: X=-1567067.2766 Y=5439617.4367 Z=2931122.7307
  LLH:  Lat=27.532047828° Lon=106.070849785° H=1087.9127m
  原始数据:
2025/11/16 09:54:38.000   27.532047828  106.070849785  1087.9127   2  23   0.1030   0.1045   0.2061  -0.0339   0.0319  -0.0516   0.00    1.2 8525770

[TCP数据流] 2025/11/16 17:54:21 - 浮点解 (30颗卫星)
  ECEF: X=-1567067.3427 Y=5439617.6888 Z=2931122.9338
  LLH:  Lat=27.532048366° Lon=106.070849721° H=1088.2376m
  原始数据:
2025/11/16 09:54:39.000   27.532048366  106.070849721  1088.2376   2  30   0.0988   0.1022   0.1903  -0.0323   0.0303  -0.0475   1.00    1.1 8525770

[TCP数据流] 2025/11/16 17:54:22 - 浮点解 (30颗卫星)
  ECEF: X=-1567067.3979 Y=5439617.8560 Z=2931123.0756
  LLH:  Lat=27.532048767° Lon=106.070849790° H=1088.4592m
  原始数据:
2025/11/16 09:54:40.000   27.532048767  106.070849790  1088.4592   2  30   0.0953   0.1001   0.1786  -0.0310   0.0291  -0.0444   1.00    1.3 8525770

[TCP数据流] 2025/11/16 17:54:23 - 浮点解 (30颗卫星)
  ECEF: X=-1567067.4171 Y=5439617.9342 Z=2931123.1388
  LLH:  Lat=27.532048937° Lon=106.070849758° H=1088.5597m
  原始数据:
2025/11/16 09:54:41.000   27.532048937  106.070849758  1088.5597   2  30   0.0925   0.0984   0.1700  -0.0300   0.0282  -0.0423   2.00    1.1 8525770

[TCP数据流] 2025/11/16 17:54:24 - 浮点解 (30颗卫星)
  ECEF: X=-1567067.4112 Y=5439617.9418 Z=2931123.1481
  LLH:  Lat=27.532048988° Lon=106.070849679° H=1088.5691m
  原始数据:
2025/11/16 09:54:42.000   27.532048988  106.070849679  1088.5691   2  30   0.0903   0.0968   0.1637  -0.0293   0.0275  -0.0410   3.00    1.1 8525770

[TCP数据流] 2025/11/16 17:54:25 - 浮点解 (30颗卫星)
  ECEF: X=-1567067.4043 Y=5439617.9269 Z=2931123.1402
  LLH:  Lat=27.532048992° Lon=106.070849653° H=1088.5510m
  原始数据:
2025/11/16 09:54:43.000   27.532048992  106.070849653  1088.5510   2  30   0.0886   0.0955   0.1589  -0.0287   0.0269  -0.0400   4.00    1.1 8525770

[TCP数据流] 2025/11/16 17:54:26 - 浮点解 (23颗卫星)
  ECEF: X=-1567067.3937 Y=5439617.8875 Z=2931123.1119
  LLH:  Lat=27.532048936° Lon=106.070849661° H=1088.5018m
  原始数据:
2025/11/16 09:54:44.000   27.532048936  106.070849661  1088.5018   2  23   0.0877   0.0944   0.1573  -0.0283   0.0266  -0.0403   5.00    1.1 8525770

[TCP数据流] 2025/11/16 17:54:27 - 浮点解 (30颗卫星)
  ECEF: X=-1567067.3842 Y=5439617.8520 Z=2931123.0745
  LLH:  Lat=27.532048790° Lon=106.070849668° H=1088.4519m
  原始数据:
2025/11/16 09:54:45.000   27.532048790  106.070849668  1088.4519   2  30   0.0864   0.0933   0.1541  -0.0279   0.0262  -0.0397   6.00    1.1 8525770

[TCP数据流] 2025/11/16 17:54:28 - 浮点解 (30颗卫星)
  ECEF: X=-1567067.3782 Y=5439617.8142 Z=2931123.0331
  LLH:  Lat=27.532048617° Lon=106.070849715° H=1088.3990m
  原始数据:
2025/11/16 09:54:46.000   27.532048617  106.070849715  1088.3990   2  30   0.0852   0.0922   0.1515  -0.0276   0.0258  -0.0392   7.00    1.2 8525770

[TCP数据流] 2025/11/16 17:54:31 - 浮点解 (30颗卫星)
  ECEF: X=-1567067.3646 Y=5439617.7550 Z=2931122.9786
  LLH:  Lat=27.532048434° Lon=106.070849749° H=1088.3201m
  原始数据:
2025/11/16 09:54:49.000   27.532048434  106.070849749  1088.3201   2  30   0.0843   0.0913   0.1497  -0.0273   0.0254  -0.0389  10.00    1.5 8525770

[TCP数据流] 2025/11/16 17:54:32 - 浮点解 (30颗卫星)
  ECEF: X=-1567067.3529 Y=5439617.7002 Z=2931122.9296
  LLH:  Lat=27.532048275° Lon=106.070849789° H=1088.2479m
  原始数据:
2025/11/16 09:54:50.000   27.532048275  106.070849789  1088.2479   2  30   0.0835   0.0904   0.1482  -0.0271   0.0251  -0.0386  11.00    1.3 8525770

[TCP数据流] 2025/11/16 17:54:33 - 浮点解 (30颗卫星)
  ECEF: X=-1567067.3479 Y=5439617.6466 Z=2931122.8774
  LLH:  Lat=27.532048078° Lon=106.070849890° H=1088.1768m
  原始数据:
2025/11/16 09:54:51.000   27.532048078  106.070849890  1088.1768   2  30   0.0827   0.0895   0.1467  -0.0268   0.0247  -0.0384  12.00    1.2 8525770

[TCP数据流] 2025/11/16 17:54:34 - 浮点解 (23颗卫星)
  ECEF: X=-1567067.3486 Y=5439617.6118 Z=2931122.8381
  LLH:  Lat=27.532047902° Lon=106.070849995° H=1088.1292m
  原始数据:
2025/11/16 09:54:52.000   27.532047902  106.070849995  1088.1292   2  23   0.0821   0.0889   0.1457  -0.0267   0.0245  -0.0384  13.00    1.0 8525770

[TCP数据流] 2025/11/16 17:54:35 - 浮点解 (30颗卫星)
  ECEF: X=-1567067.3381 Y=5439617.5767 Z=2931122.8025
  LLH:  Lat=27.532047770° Lon=106.070849991° H=1088.0802m
  原始数据:
2025/11/16 09:54:53.000   27.532047770  106.070849991  1088.0802   2  30   0.0814   0.0881   0.1446  -0.0265   0.0241  -0.0382  14.00    1.2 8525770

[TCP数据流] 2025/11/16 17:54:36 - 浮点解 (30颗卫星)
  ECEF: X=-1567067.3222 Y=5439617.5381 Z=2931122.7653
  LLH:  Lat=27.532047646° Lon=106.070849944° H=1088.0263m
  原始数据:
2025/11/16 09:54:54.000   27.532047646  106.070849944  1088.0263   2  30   0.0807   0.0873   0.1436  -0.0264   0.0237  -0.0380  15.00    1.4 8525770

[TCP数据流] 2025/11/16 17:54:38 - 浮点解 (16颗卫星)
  ECEF: X=-1567067.3190 Y=5439617.5331 Z=2931122.7575
  LLH:  Lat=27.532047607° Lon=106.070849927° H=1088.0176m
  原始数据:
2025/11/16 09:54:56.000   27.532047607  106.070849927  1088.0176   2  16   0.0805   0.0870   0.1430  -0.0263   0.0234  -0.0380  17.00    1.1 8525770

[TCP数据流] 2025/11/16 17:54:39 - 浮点解 (23颗卫星)
  ECEF: X=-1567067.3085 Y=5439617.4989 Z=2931122.7244
  LLH:  Lat=27.532047491° Lon=106.070849921° H=1087.9706m
  原始数据:
2025/11/16 09:54:57.000   27.532047491  106.070849921  1087.9706   2  23   0.0800   0.0864   0.1423  -0.0262   0.0231  -0.0380  18.00    1.2 8525770

[TCP数据流] 2025/11/16 17:54:40 - 浮点解 (23颗卫星)
  ECEF: X=-1567067.3002 Y=5439617.4654 Z=2931122.6923
  LLH:  Lat=27.532047378° Lon=106.070849934° H=1087.9252m
  原始数据:
2025/11/16 09:54:58.000   27.532047378  106.070849934  1087.9252   2  23   0.0796   0.0858   0.1419  -0.0261   0.0230  -0.0379  19.00    2.6 8525770

[TCP数据流] 2025/11/16 17:54:41 - 浮点解 (23颗卫星)
  ECEF: X=-1567067.2895 Y=5439617.4358 Z=2931122.6596
  LLH:  Lat=27.532047248° Lon=106.070849913° H=1087.8822m
  原始数据:
2025/11/16 09:54:59.000   27.532047248  106.070849913  1087.8822   2  23   0.0792   0.0852   0.1415  -0.0260   0.0228  -0.0379  20.00    2.1 8525770

[TCP数据流] 2025/11/16 17:54:42 - 浮点解 (30颗卫星)
  ECEF: X=-1567067.2749 Y=5439617.3927 Z=2931122.6222
  LLH:  Lat=27.532047138° Lon=106.070849892° H=1087.8246m
  原始数据:
2025/11/16 09:55:00.000   27.532047138  106.070849892  1087.8246   2  30   0.0786   0.0845   0.1408  -0.0258   0.0225  -0.0378  21.00    1.2 8525770

[TCP数据流] 2025/11/16 17:54:44 - 浮点解 (23颗卫星)
  ECEF: X=-1567067.2712 Y=5439617.3832 Z=2931122.6095
  LLH:  Lat=27.532047079° Lon=106.070849882° H=1087.8097m
  原始数据:
2025/11/16 09:55:02.000   27.532047079  106.070849882  1087.8097   2  23   0.0782   0.0841   0.1402  -0.0258   0.0221  -0.0376  23.00    1.0 8525770

[TCP数据流] 2025/11/16 17:54:46 - 浮点解 (23颗卫星)
  ECEF: X=-1567067.2557 Y=5439617.3495 Z=2931122.5830
  LLH:  Lat=27.532047020° Lon=106.070849826° H=1087.7650m
  原始数据:
2025/11/16 09:55:04.000   27.532047020  106.070849826  1087.7650   2  23   0.0779   0.0835   0.1398  -0.0257   0.0220  -0.0375  25.00    2.3 8525770

[TCP数据流] 2025/11/16 17:54:47 - 浮点解 (23颗卫星)
  ECEF: X=-1567067.2510 Y=5439617.3400 Z=2931122.5715
  LLH:  Lat=27.532046971° Lon=106.070849807° H=1087.7504m
  原始数据:
2025/11/16 09:55:05.000   27.532046971  106.070849807  1087.7504   2  23   0.0775   0.0831   0.1393  -0.0256   0.0216  -0.0374  26.00    1.1 8525770

[TCP数据流] 2025/11/16 17:54:48 - 浮点解 (23颗卫星)
  ECEF: X=-1567067.2421 Y=5439617.3117 Z=2931122.5408
  LLH:  Lat=27.532046849° Lon=106.070849800° H=1087.7099m
  原始数据:
2025/11/16 09:55:06.000   27.532046849  106.070849800  1087.7099   2  23   0.0771   0.0826   0.1388  -0.0255   0.0214  -0.0374  27.00    1.2 8525770

[TCP数据流] 2025/11/16 17:54:49 - 浮点解 (23颗卫星)
  ECEF: X=-1567067.2415 Y=5439617.2864 Z=2931122.5202
  LLH:  Lat=27.532046786° Lon=106.070849865° H=1087.6787m
  原始数据:
2025/11/16 09:55:07.000   27.532046786  106.070849865  1087.6787   2  23   0.0768   0.0821   0.1385  -0.0254   0.0213  -0.0374  28.00    2.3 8525770

[TCP数据流] 2025/11/16 17:54:50 - 浮点解 (23颗卫星)
  ECEF: X=-1567067.2394 Y=5439617.2656 Z=2931122.5000
  LLH:  Lat=27.532046711° Lon=106.070849903° H=1087.6511m
  原始数据:
2025/11/16 09:55:08.000   27.532046711  106.070849903  1087.6511   2  23   0.0765   0.0816   0.1382  -0.0253   0.0212  -0.0373  29.00    2.0 8525770

[TCP数据流] 2025/11/16 17:54:51 - 浮点解 (30颗卫星)
  ECEF: X=-1567067.2362 Y=5439617.2384 Z=2931122.4729
  LLH:  Lat=27.532046607° Lon=106.070849948° H=1087.6146m
  原始数据:
2025/11/16 09:55:09.000   27.532046607  106.070849948  1087.6146   2  30   0.0760   0.0810   0.1377  -0.0251   0.0210  -0.0371  30.00    2.0 8525770

[TCP数据流] 2025/11/16 17:54:55 - 浮点解 (23颗卫星)
  ECEF: X=-1567067.2566 Y=5439617.2912 Z=2931122.5291
  LLH:  Lat=27.532046821° Lon=106.070849998° H=1087.6906m
  原始数据:
2025/11/16 09:55:13.000   27.532046821  106.070849998  1087.6906   2  23   0.0751   0.0800   0.1356  -0.0249   0.0206  -0.0375   2.00    1.0 8525770

[TCP数据流] 2025/11/16 17:54:56 - 浮点解 (30颗卫星)
  ECEF: X=-1567067.2724 Y=5439617.3518 Z=2931122.5806
  LLH:  Lat=27.532046972° Lon=106.070849982° H=1087.7699m
  原始数据:
2025/11/16 09:55:14.000   27.532046972  106.070849982  1087.7699   2  30   0.0735   0.0790   0.1306  -0.0245   0.0204  -0.0357   3.00    1.1 8525770

[TCP数据流] 2025/11/16 17:54:59 - 浮点解 (23颗卫星)
  ECEF: X=-1567067.2711 Y=5439617.3433 Z=2931122.5780
  LLH:  Lat=27.532046987° Lon=106.070849993° H=1087.7612m
  原始数据:
2025/11/16 09:55:17.000   27.532046987  106.070849993  1087.7612   2  23   0.0726   0.0784   0.1278  -0.0242   0.0206  -0.0351   6.00    1.0 8525770

[TCP数据流] 2025/11/16 17:55:00 - 浮点解 (30颗卫星)
  ECEF: X=-1567067.2624 Y=5439617.3347 Z=2931122.5685
  LLH:  Lat=27.532046955° Lon=106.070849932° H=1087.7473m
  原始数据:
2025/11/16 09:55:18.000   27.532046955  106.070849932  1087.7473   2  30   0.0717   0.0777   0.1254  -0.0239   0.0204  -0.0344   7.00    1.1 8525770

[TCP数据流] 2025/11/16 17:55:01 - 浮点解 (23颗卫星)
  ECEF: X=-1567067.2623 Y=5439617.3414 Z=2931122.5692
  LLH:  Lat=27.532046934° Lon=106.070849913° H=1087.7533m
  原始数据:
2025/11/16 09:55:19.000   27.532046934  106.070849913  1087.7533   2  23   0.0712   0.0773   0.1239  -0.0237   0.0199  -0.0336   8.00    1.3 8525770

[TCP数据流] 2025/11/16 17:55:02 - 浮点解 (23颗卫星)
  ECEF: X=-1567067.2534 Y=5439617.3181 Z=2931122.5483
  LLH:  Lat=27.532046871° Lon=106.070849892° H=1087.7216m
  原始数据:
2025/11/16 09:55:20.000   27.532046871  106.070849892  1087.7216   2  23   0.0706   0.0768   0.1223  -0.0236   0.0199  -0.0334   9.00    1.1 8525770

[TCP数据流] 2025/11/16 17:55:03 - 浮点解 (30颗卫星)
  ECEF: X=-1567067.2452 Y=5439617.2937 Z=2931122.5311
  LLH:  Lat=27.532046840° Lon=106.070849880° H=1087.6908m
  原始数据:
2025/11/16 09:55:21.000   27.532046840  106.070849880  1087.6908   2  30   0.0700   0.0762   0.1209  -0.0234   0.0197  -0.0330  10.00    1.1 8525770

[TCP数据流] 2025/11/16 17:55:05 - 浮点解 (23颗卫星)
  ECEF: X=-1567067.2468 Y=5439617.2938 Z=2931122.5263
  LLH:  Lat=27.532046800° Lon=106.070849896° H=1087.6891m
  原始数据:
2025/11/16 09:55:23.000   27.532046800  106.070849896  1087.6891   2  23   0.0697   0.0759   0.1200  -0.0232   0.0194  -0.0326  12.00    1.1 8525770

[TCP数据流] 2025/11/16 17:55:06 - 浮点解 (30颗卫星)
  ECEF: X=-1567067.2382 Y=5439617.2648 Z=2931122.5022
  LLH:  Lat=27.532046733° Lon=106.070849893° H=1087.6512m
  原始数据:
2025/11/16 09:55:24.000   27.532046733  106.070849893  1087.6512   2  30   0.0691   0.0754   0.1190  -0.0231   0.0192  -0.0324  13.00    1.0 8525770

[TCP数据流] 2025/11/16 17:55:07 - 浮点解 (23颗卫星)
  ECEF: X=-1567067.2277 Y=5439617.2351 Z=2931122.4782
  LLH:  Lat=27.532046672° Lon=106.070849874° H=1087.6122m
  原始数据:
2025/11/16 09:55:25.000   27.532046672  106.070849874  1087.6122   2  23   0.0688   0.0749   0.1187  -0.0230   0.0192  -0.0324  14.00    1.4 8525770

[TCP数据流] 2025/11/16 17:55:09 - 浮点解 (30颗卫星)
  ECEF: X=-1567067.2208 Y=5439617.2109 Z=2931122.4531
  LLH:  Lat=27.532046576° Lon=106.070849875° H=1087.5783m
  原始数据:
2025/11/16 09:55:27.000   27.532046576  106.070849875  1087.5783   2  30   0.0684   0.0744   0.1179  -0.0228   0.0190  -0.0322  16.00    1.1 8525770

[TCP数据流] 2025/11/16 17:55:10 - 浮点解 (23颗卫星)
  ECEF: X=-1567067.2172 Y=5439617.1877 Z=2931122.4283
  LLH:  Lat=27.532046475° Lon=106.070849905° H=1087.5462m
  原始数据:
2025/11/16 09:55:28.000   27.532046475  106.070849905  1087.5462   2  23   0.0681   0.0740   0.1173  -0.0227   0.0189  -0.0321  17.00    1.1 8525770

[TCP数据流] 2025/11/16 17:55:11 - 浮点解 (23颗卫星)
  ECEF: X=-1567067.2190 Y=5439617.1871 Z=2931122.4218
  LLH:  Lat=27.532046423° Lon=106.070849924° H=1087.5431m
  原始数据:
2025/11/16 09:55:29.000   27.532046423  106.070849924  1087.5431   2  23   0.0678   0.0737   0.1167  -0.0227   0.0187  -0.0319  18.00    1.1 8525770

[TCP数据流] 2025/11/16 17:55:12 - 浮点解 (23颗卫星)
  ECEF: X=-1567067.2229 Y=5439617.1887 Z=2931122.4162
  LLH:  Lat=27.532046367° Lon=106.070849957° H=1087.5428m
  原始数据:
2025/11/16 09:55:30.000   27.532046367  106.070849957  1087.5428   2  23   0.0675   0.0735   0.1163  -0.0226   0.0185  -0.0317  19.00    1.1 8525770

[TCP数据流] 2025/11/16 17:55:16 - 浮点解 (23颗卫星)
  ECEF: X=-1567067.2214 Y=5439617.1684 Z=2931122.3902
  LLH:  Lat=27.532046243° Lon=106.070850000° H=1087.5131m
  原始数据:
2025/11/16 09:55:34.000   27.532046243  106.070850000  1087.5131   2  23   0.0672   0.0731   0.1158  -0.0225   0.0183  -0.0317  23.00    1.1 8525770

[TCP数据流] 2025/11/16 17:55:17 - 浮点解 (23颗卫星)
  ECEF: X=-1567067.2257 Y=5439617.1505 Z=2931122.3644
  LLH:  Lat=27.532046103° Lon=106.070850092° H=1087.4870m
  原始数据:
2025/11/16 09:55:35.000   27.532046103  106.070850092  1087.4870   2  23   0.0670   0.0728   0.1154  -0.0224   0.0182  -0.0317  24.00    1.0 8525770

[TCP数据流] 2025/11/16 17:55:18 - 浮点解 (23颗卫星)
  ECEF: X=-1567067.2237 Y=5439617.1506 Z=2931122.3578
  LLH:  Lat=27.532046052° Lon=106.070850072° H=1087.4835m
  原始数据:
2025/11/16 09:55:36.000   27.532046052  106.070850072  1087.4835   2  23   0.0667   0.0725   0.1150  -0.0223   0.0180  -0.0315  25.00    1.1 8525770

[TCP数据流] 2025/11/16 17:55:19 - 浮点解 (30颗卫星)
  ECEF: X=-1567067.2234 Y=5439617.1268 Z=2931122.3317
  LLH:  Lat=27.532045939° Lon=106.070850136° H=1087.4511m
  原始数据:
2025/11/16 09:55:37.000   27.532045939  106.070850136  1087.4511   2  30   0.0664   0.0721   0.1146  -0.0222   0.0179  -0.0314  26.00    1.1 8525770

[TCP数据流] 2025/11/16 17:55:20 - 浮点解 (30颗卫星)
  ECEF: X=-1567067.2232 Y=5439617.1051 Z=2931122.3066
  LLH:  Lat=27.532045825° Lon=106.070850195° H=1087.4210m
  原始数据:
2025/11/16 09:55:38.000   27.532045825  106.070850195  1087.4210   2  30   0.0661   0.0717   0.1142  -0.0221   0.0178  -0.0313  27.00    1.0 8525770

[TCP数据流] 2025/11/16 17:55:21 - 浮点解 (30颗卫星)
  ECEF: X=-1567067.2208 Y=5439617.0796 Z=2931122.2817
  LLH:  Lat=27.532045731° Lon=106.070850243° H=1087.3872m
  原始数据:
2025/11/16 09:55:39.000   27.532045731  106.070850243  1087.3872   2  30   0.0657   0.0712   0.1138  -0.0220   0.0176  -0.0312  28.00    1.0 8525770

[TCP数据流] 2025/11/16 17:55:22 - 浮点解 (30颗卫星)
  ECEF: X=-1567067.2216 Y=5439617.0554 Z=2931122.2577
  LLH:  Lat=27.532045635° Lon=106.070850318° H=1087.3556m
  原始数据:
2025/11/16 09:55:40.000   27.532045635  106.070850318  1087.3556   2  30   0.0654   0.0708   0.1134  -0.0219   0.0175  -0.0311  29.00    1.1 8525770

[TCP数据流] 2025/11/16 17:55:23 - 浮点解 (23颗卫星)
  ECEF: X=-1567067.2177 Y=5439617.0274 Z=2931122.2366
  LLH:  Lat=27.532045583° Lon=106.070850359° H=1087.3210m
  原始数据:
2025/11/16 09:55:41.000   27.532045583  106.070850359  1087.3210   2  23   0.0652   0.0705   0.1132  -0.0219   0.0175  -0.0310  30.00    1.2 8525770

[TCP数据流] 2025/11/16 17:55:48 - 浮点解 (23颗卫星)
  ECEF: X=-1567067.2552 Y=5439617.1811 Z=2931122.3761
  LLH:  Lat=27.532046040° Lon=106.070850293° H=1087.5257m
  原始数据:
2025/11/16 09:56:06.000   27.532046040  106.070850293  1087.5257   2  23   0.0633   0.0698   0.1066  -0.0206   0.0161  -0.0268   0.00    1.1 8525770

[TCP数据流] 2025/11/16 17:55:50 - 浮点解 (30颗卫星)
  ECEF: X=-1567067.2889 Y=5439617.3786 Z=2931122.5840
  LLH:  Lat=27.532046873° Lon=106.070850067° H=1087.7984m
  原始数据:
2025/11/16 09:56:08.000   27.532046873  106.070850067  1087.7984   2  30   0.0607   0.0685   0.0997  -0.0197   0.0165  -0.0249   0.00    1.1 8525770

[TCP数据流] 2025/11/16 17:55:52 - 浮点解 (29颗卫星)
  ECEF: X=-1567067.2971 Y=5439617.4767 Z=2931122.7273
  LLH:  Lat=27.532047617° Lon=106.070849872° H=1087.9502m
  原始数据:
2025/11/16 09:56:10.000   27.532047617  106.070849872  1087.9502   2  29   0.0585   0.0673   0.0950  -0.0190   0.0167  -0.0236   0.00    1.2 8525770

[TCP数据流] 2025/11/16 17:55:54 - 浮点解 (22颗卫星)
  ECEF: X=-1567067.3046 Y=5439617.5470 Z=2931122.8360
  LLH:  Lat=27.532048196° Lon=106.070849748° H=1088.0622m
  原始数据:
2025/11/16 09:56:12.000   27.532048196  106.070849748  1088.0622   2  22   0.0568   0.0665   0.0913  -0.0187   0.0178  -0.0227   0.00    1.1 8525770

[TCP数据流] 2025/11/16 17:55:57 - 浮点解 (29颗卫星)
  ECEF: X=-1567067.3079 Y=5439617.5718 Z=2931122.8872
  LLH:  Lat=27.532048502° Lon=106.070849711° H=1088.1078m
  原始数据:
2025/11/16 09:56:15.000   27.532048502  106.070849711  1088.1078   2  29   0.0553   0.0655   0.0882  -0.0181   0.0178  -0.0219   2.00    1.0 8525770

[TCP数据流] 2025/11/16 17:55:58 - 浮点解 (22颗卫星)
  ECEF: X=-1567067.3074 Y=5439617.5723 Z=2931122.9142
  LLH:  Lat=27.532048717° Lon=106.070849704° H=1088.1206m
  原始数据:
2025/11/16 09:56:16.000   27.532048717  106.070849704  1088.1206   2  22   0.0542   0.0649   0.0860  -0.0179   0.0182  -0.0215   3.00    1.0 8525770

[TCP数据流] 2025/11/16 17:55:59 - 浮点解 (22颗卫星)
  ECEF: X=-1567067.2963 Y=5439617.5676 Z=2931122.9227
  LLH:  Lat=27.532048817° Lon=106.070849610° H=1088.1178m
  原始数据:
2025/11/16 09:56:17.000   27.532048817  106.070849610  1088.1178   2  22   0.0534   0.0643   0.0843  -0.0177   0.0185  -0.0213   4.00    1.1 8525770

[TCP数据流] 2025/11/16 17:56:00 - 浮点解 (29颗卫星)
  ECEF: X=-1567067.2895 Y=5439617.5559 Z=2931122.9251
  LLH:  Lat=27.532048891° Lon=106.070849576° H=1088.1073m
  原始数据:
2025/11/16 09:56:18.000   27.532048891  106.070849576  1088.1073   2  29   0.0526   0.0637   0.0828  -0.0174   0.0183  -0.0211   5.00    1.0 8525770

[TCP数据流] 2025/11/16 17:56:01 - 浮点解 (29颗卫星)
  ECEF: X=-1567067.2853 Y=5439617.5376 Z=2931122.9213
  LLH:  Lat=27.532048938° Lon=106.070849587° H=1088.0889m
  原始数据:
2025/11/16 09:56:19.000   27.532048938  106.070849587  1088.0889   2  29   0.0520   0.0632   0.0816  -0.0172   0.0181  -0.0209   6.00    1.0 8525770

[TCP数据流] 2025/11/16 17:56:02 - 浮点解 (23颗卫星)
  ECEF: X=-1567067.2825 Y=5439617.5215 Z=2931122.9082
  LLH:  Lat=27.532048901° Lon=106.070849605° H=1088.0684m
  原始数据:
2025/11/16 09:56:20.000   27.532048901  106.070849605  1088.0684   2  23   0.0517   0.0628   0.0812  -0.0171   0.0180  -0.0212   7.00    1.3 8525770

[TCP数据流] 2025/11/16 17:56:04 - 浮点解 (29颗卫星)
  ECEF: X=-1567067.2758 Y=5439617.4971 Z=2931122.8898
  LLH:  Lat=27.532048860° Lon=106.070849608° H=1088.0375m
  原始数据:
2025/11/16 09:56:22.000   27.532048860  106.070849608  1088.0375   2  29   0.0513   0.0623   0.0805  -0.0169   0.0178  -0.0211   9.00    1.6 8525770

[TCP数据流] 2025/11/16 17:56:05 - 浮点解 (29颗卫星)
  ECEF: X=-1567067.2679 Y=5439617.4727 Z=2931122.8690
  LLH:  Lat=27.532048800° Lon=106.070849600° H=1088.0051m
  原始数据:
2025/11/16 09:56:23.000   27.532048800  106.070849600  1088.0051   2  29   0.0510   0.0620   0.0798  -0.0168   0.0177  -0.0210  10.00    1.5 8525770

[TCP数据流] 2025/11/16 17:56:07 - 浮点解 (22颗卫星)
  ECEF: X=-1567067.2625 Y=5439617.4529 Z=2931122.8469
  LLH:  Lat=27.532048709° Lon=106.070849602° H=1087.9767m
  原始数据:
2025/11/16 09:56:25.000   27.532048709  106.070849602  1087.9767   2  22   0.0507   0.0617   0.0794  -0.0167   0.0177  -0.0210  12.00    1.0 8525770

[TCP数据流] 2025/11/16 17:56:08 - 浮点解 (22颗卫星)
  ECEF: X=-1567067.2609 Y=5439617.4456 Z=2931122.8379
  LLH:  Lat=27.532048668° Lon=106.070849607° H=1087.9659m
  原始数据:
2025/11/16 09:56:26.000   27.532048668  106.070849607  1087.9659   2  22   0.0505   0.0615   0.0791  -0.0166   0.0175  -0.0209  13.00    1.2 8525770

[TCP数据流] 2025/11/16 17:56:09 - 浮点解 (22颗卫星)
  ECEF: X=-1567067.2583 Y=5439617.4362 Z=2931122.8305
  LLH:  Lat=27.532048649° Lon=106.070849608° H=1087.9539m
  原始数据:
2025/11/16 09:56:27.000   27.532048649  106.070849608  1087.9539   2  22   0.0504   0.0613   0.0788  -0.0166   0.0174  -0.0207  14.00    1.2 8525770

[TCP数据流] 2025/11/16 17:56:12 - 浮点解 (23颗卫星)
  ECEF: X=-1567067.2540 Y=5439617.4156 Z=2931122.8128
  LLH:  Lat=27.532048595° Lon=106.070849624° H=1087.9271m
  原始数据:
2025/11/16 09:56:30.000   27.532048595  106.070849624  1087.9271   2  23   0.0502   0.0611   0.0787  -0.0165   0.0173  -0.0208  17.00    1.6 8525770

[TCP数据流] 2025/11/16 17:56:14 - 浮点解 (23颗卫星)
  ECEF: X=-1567067.2484 Y=5439617.3964 Z=2931122.7938
  LLH:  Lat=27.532048527° Lon=106.070849623° H=1087.9006m
  原始数据:
2025/11/16 09:56:32.000   27.532048527  106.070849623  1087.9006   2  23   0.0501   0.0608   0.0785  -0.0165   0.0172  -0.0208  19.00    1.6 8525770

[TCP数据流] 2025/11/16 17:56:16 - 浮点解 (29颗卫星)
  ECEF: X=-1567067.2404 Y=5439617.3775 Z=2931122.7716
  LLH:  Lat=27.532048434° Lon=106.070849599° H=1087.8723m
  原始数据:
2025/11/16 09:56:34.000   27.532048434  106.070849599  1087.8723   2  29   0.0499   0.0605   0.0783  -0.0164   0.0171  -0.0208  21.00    1.5 8525770

[TCP数据流] 2025/11/16 17:56:17 - 浮点解 (29颗卫星)
  ECEF: X=-1567067.2331 Y=5439617.3588 Z=2931122.7489
  LLH:  Lat=27.532048336° Lon=106.070849580° H=1087.8440m
  原始数据:
2025/11/16 09:56:35.000   27.532048336  106.070849580  1087.8440   2  29   0.0497   0.0603   0.0781  -0.0163   0.0171  -0.0208  22.00    1.4 8525770

[TCP数据流] 2025/11/16 17:56:18 - 浮点解 (22颗卫星)
  ECEF: X=-1567067.2339 Y=5439617.3526 Z=2931122.7413
  LLH:  Lat=27.532048299° Lon=106.070849605° H=1087.8354m
  原始数据:
2025/11/16 09:56:36.000   27.532048299  106.070849605  1087.8354   2  22   0.0496   0.0601   0.0779  -0.0163   0.0170  -0.0207  23.00    1.5 8525770

[TCP数据流] 2025/11/16 17:56:19 - 浮点解 (29颗卫星)
  ECEF: X=-1567067.2259 Y=5439617.3364 Z=2931122.7214
  LLH:  Lat=27.532048214° Lon=106.070849573° H=1087.8105m
  原始数据:
2025/11/16 09:56:37.000   27.532048214  106.070849573  1087.8105   2  29   0.0495   0.0599   0.0777  -0.0163   0.0169  -0.0207  24.00    1.1 8525770

[TCP数据流] 2025/11/16 17:56:20 - 浮点解 (23颗卫星)
  ECEF: X=-1567067.2163 Y=5439617.3222 Z=2931122.7063
  LLH:  Lat=27.532048161° Lon=106.070849519° H=1087.7890m
  原始数据:
2025/11/16 09:56:38.000   27.532048161  106.070849519  1087.7890   2  23   0.0494   0.0596   0.0776  -0.0162   0.0168  -0.0207  25.00    1.2 8525770

[TCP数据流] 2025/11/16 17:56:21 - 浮点解 (29颗卫星)
  ECEF: X=-1567067.2075 Y=5439617.3073 Z=2931122.6858
  LLH:  Lat=27.532048067° Lon=106.070849475° H=1087.7647m
  原始数据:
2025/11/16 09:56:39.000   27.532048067  106.070849475  1087.7647   2  29   0.0492   0.0594   0.0774  -0.0162   0.0167  -0.0207  26.00    1.1 8525770

[TCP数据流] 2025/11/16 17:56:22 - 浮点解 (9颗卫星)
  ECEF: X=-1567067.2051 Y=5439617.3087 Z=2931122.6858
  LLH:  Lat=27.532048064° Lon=106.070849448° H=1087.7653m
  原始数据:
2025/11/16 09:56:40.000   27.532048064  106.070849448  1087.7653   2   9   0.0492   0.0593   0.0774  -0.0162   0.0167  -0.0207  27.00    2.4 8525770

[TCP数据流] 2025/11/16 17:56:24 - 浮点解 (16颗卫星)
  ECEF: X=-1567067.1987 Y=5439617.3004 Z=2931122.6752
  LLH:  Lat=27.532048020° Lon=106.070849409° H=1087.7517m
  原始数据:
2025/11/16 09:56:42.000   27.532048020  106.070849409  1087.7517   2  16   0.0491   0.0592   0.0774  -0.0161   0.0167  -0.0208  29.00    1.5 8525770

[TCP数据流] 2025/11/16 18:01:18 - 浮点解 (23颗卫星)
  ECEF: X=-1567067.2055 Y=5439617.3556 Z=2931122.7352
  LLH:  Lat=27.532048271° Lon=106.070849321° H=1087.8282m
  原始数据:
2025/11/16 10:01:36.000   27.532048271  106.070849321  1087.8282   2  23   0.0458   0.0567   0.0717  -0.0148   0.0157  -0.0216  13.00    1.1 8525770

[TCP数据流] 2025/11/16 18:01:19 - 浮点解 (29颗卫星)
  ECEF: X=-1567067.1870 Y=5439617.3286 Z=2931122.7213
  LLH:  Lat=27.532048289° Lon=106.070849216° H=1087.7942m
  原始数据:
2025/11/16 10:01:37.000   27.532048289  106.070849216  1087.7942   2  29   0.0438   0.0556   0.0683  -0.0141   0.0152  -0.0212  14.00    1.2 8525770

[TCP数据流] 2025/11/16 18:01:20 - 浮点解 (29颗卫星)
  ECEF: X=-1567067.1755 Y=5439617.3076 Z=2931122.7055
  LLH:  Lat=27.532048260° Lon=106.070849163° H=1087.7662m
  原始数据:
2025/11/16 10:01:38.000   27.532048260  106.070849163  1087.7662   2  29   0.0424   0.0547   0.0657  -0.0136   0.0148  -0.0208  15.00    1.2 8525770

[TCP数据流] 2025/11/16 18:01:21 - 浮点解 (22颗卫星)
  ECEF: X=-1567067.1609 Y=5439617.2879 Z=2931122.6897
  LLH:  Lat=27.532048230° Lon=106.070849077° H=1087.7385m
  原始数据:
2025/11/16 10:01:39.000   27.532048230  106.070849077  1087.7385   2  22   0.0414   0.0542   0.0639  -0.0135   0.0149  -0.0205  16.00    1.1 8525770

[TCP数据流] 2025/11/16 18:01:22 - 浮点解 (29颗卫星)
  ECEF: X=-1567067.1478 Y=5439617.2699 Z=2931122.6740
  LLH:  Lat=27.532048191° Lon=106.070848999° H=1087.7127m
  原始数据:
2025/11/16 10:01:40.000   27.532048191  106.070848999  1087.7127   2  29   0.0405   0.0535   0.0622  -0.0133   0.0145  -0.0202  17.00    1.0 8525770

[TCP数据流] 2025/11/16 18:01:23 - 浮点解 (29颗卫星)
  ECEF: X=-1567067.1368 Y=5439617.2534 Z=2931122.6581
  LLH:  Lat=27.532048143° Lon=106.070848939° H=1087.6886m
  原始数据:
2025/11/16 10:01:41.000   27.532048143  106.070848939  1087.6886   2  29   0.0397   0.0529   0.0609  -0.0131   0.0142  -0.0198  18.00    1.1 8525770

[TCP数据流] 2025/11/16 18:01:24 - 浮点解 (29颗卫星)
  ECEF: X=-1567067.1273 Y=5439617.2382 Z=2931122.6433
  LLH:  Lat=27.532048096° Lon=106.070848889° H=1087.6665m
  原始数据:
2025/11/16 10:01:42.000   27.532048096  106.070848889  1087.6665   2  29   0.0391   0.0524   0.0597  -0.0129   0.0140  -0.0196  19.00    1.1 8525770

[TCP数据流] 2025/11/16 18:01:25 - 浮点解 (29颗卫星)
  ECEF: X=-1567067.1157 Y=5439617.2285 Z=2931122.6271
  LLH:  Lat=27.532048019° Lon=106.070848803° H=1087.6479m
  原始数据:
2025/11/16 10:01:43.000   27.532048019  106.070848803  1087.6479   2  29   0.0385   0.0519   0.0587  -0.0127   0.0137  -0.0193  20.00    1.0 8525770

[TCP数据流] 2025/11/16 18:01:26 - 浮点解 (22颗卫星)
  ECEF: X=-1567067.1116 Y=5439617.2331 Z=2931122.6250
  LLH:  Lat=27.532047989° Lon=106.070848751° H=1087.6498m
  原始数据:
2025/11/16 10:01:44.000   27.532047989  106.070848751  1087.6498   2  22   0.0382   0.0517   0.0582  -0.0125   0.0135  -0.0189  21.00    1.3 8525770

[TCP数据流] 2025/11/16 18:01:28 - 浮点解 (29颗卫星)
  ECEF: X=-1567067.1048 Y=5439617.2198 Z=2931122.6096
  LLH:  Lat=27.532047927° Lon=106.070848722° H=1087.6297m
  原始数据:
2025/11/16 10:01:46.000   27.532047927  106.070848722  1087.6297   2  29   0.0377   0.0513   0.0575  -0.0124   0.0133  -0.0188  23.00    1.1 8525770

[TCP数据流] 2025/11/16 18:01:30 - 浮点解 (22颗卫星)
  ECEF: X=-1567067.1031 Y=5439617.2512 Z=2931122.6511
  LLH:  Lat=27.532048135° Lon=106.070848617° H=1087.6752m
  原始数据:
2025/11/16 10:01:48.000   27.532048135  106.070848617  1087.6752   2  22   0.0347   0.0497   0.0521  -0.0094   0.0113  -0.0107   2.00    1.3 8525770

[TCP数据流] 2025/11/16 18:01:31 - 浮点解 (16颗卫星)
  ECEF: X=-1567067.1211 Y=5439617.3295 Z=2931122.7410
  LLH:  Lat=27.532048520° Lon=106.070848573° H=1087.7879m
  原始数据:
2025/11/16 10:01:49.000   27.532048520  106.070848573  1087.7879   2  16   0.0332   0.0476   0.0496  -0.0102   0.0118  -0.0137   3.00    1.5 8525770

[TCP数据流] 2025/11/16 18:01:32 - 浮点解 (29颗卫星)
  ECEF: X=-1567067.1256 Y=5439617.3732 Z=2931122.8007
  LLH:  Lat=27.532048817° Lon=106.070848494° H=1087.8539m
  原始数据:
2025/11/16 10:01:50.000   27.532048817  106.070848494  1087.8539   2  29   0.0308   0.0453   0.0456  -0.0092   0.0113  -0.0120   4.00    1.1 8525770

[TCP数据流] 2025/11/16 18:01:33 - 浮点解 (29颗卫星)
  ECEF: X=-1567067.1244 Y=5439617.3914 Z=2931122.8333
  LLH:  Lat=27.532049006° Lon=106.070848432° H=1087.8841m
  原始数据:
2025/11/16 10:01:51.000   27.532049006  106.070848432  1087.8841   2  29   0.0292   0.0437   0.0431  -0.0087   0.0110  -0.0110   5.00    1.2 8525770

[TCP数据流] 2025/11/16 18:01:34 - 浮点解 (29颗卫星)
  ECEF: X=-1567067.1227 Y=5439617.3989 Z=2931122.8497
  LLH:  Lat=27.532049109° Lon=106.070848394° H=1087.8977m
  原始数据:
2025/11/16 10:01:52.000   27.532049109  106.070848394  1087.8977   2  29   0.0281   0.0425   0.0413  -0.0082   0.0108  -0.0104   6.00    1.1 8525770

[TCP数据流] 2025/11/16 18:01:35 - 浮点解 (29颗卫星)
  ECEF: X=-1567067.1222 Y=5439617.3989 Z=2931122.8572
  LLH:  Lat=27.532049170° Lon=106.070848389° H=1087.9010m
  原始数据:
2025/11/16 10:01:53.000   27.532049170  106.070848389  1087.9010   2  29   0.0273   0.0416   0.0401  -0.0079   0.0106  -0.0100   7.00    1.4 8525770

[TCP数据流] 2025/11/16 18:01:36 - 浮点解 (29颗卫星)
  ECEF: X=-1567067.1208 Y=5439617.3955 Z=2931122.8590
  LLH:  Lat=27.532049200° Lon=106.070848385° H=1087.8986m
  原始数据:
2025/11/16 10:01:54.000   27.532049200  106.070848385  1087.8986   2  29   0.0267   0.0409   0.0391  -0.0077   0.0104  -0.0097   8.00    1.3 8525770

[TCP数据流] 2025/11/16 18:01:37 - 浮点解 (22颗卫星)
  ECEF: X=-1567067.1216 Y=5439617.3921 Z=2931122.8612
  LLH:  Lat=27.532049230° Lon=106.070848402° H=1087.8969m
  原始数据:
2025/11/16 10:01:55.000   27.532049230  106.070848402  1087.8969   2  22   0.0265   0.0407   0.0387  -0.0074   0.0103  -0.0091   9.00    1.1 8525770

[TCP数据流] 2025/11/16 18:01:38 - 浮点解 (23颗卫星)
  ECEF: X=-1567067.1207 Y=5439617.3896 Z=2931122.8549
  LLH:  Lat=27.532049190° Lon=106.070848401° H=1087.8917m
  原始数据:
2025/11/16 10:01:56.000   27.532049190  106.070848401  1087.8917   2  23   0.0262   0.0402   0.0383  -0.0074   0.0100  -0.0094  10.00    1.7 8525770

[TCP数据流] 2025/11/16 18:01:39 - 浮点解 (29颗卫星)
  ECEF: X=-1567067.1172 Y=5439617.3833 Z=2931122.8496
  LLH:  Lat=27.532049177° Lon=106.070848384° H=1087.8830m
  原始数据:
2025/11/16 10:01:57.000   27.532049177  106.070848384  1087.8830   2  29   0.0259   0.0398   0.0378  -0.0073   0.0099  -0.0093  11.00    1.3 8525770

[TCP数据流] 2025/11/16 18:01:40 - 固定解 (9颗卫星)
  ECEF: X=-1567067.2312 Y=5439617.5814 Z=2931123.0123
  LLH:  Lat=27.532049553° Lon=106.070848938° H=1088.1550m
  原始数据:
2025/11/16 10:01:58.000   27.532049553  106.070848938  1088.1550   1   9   0.0052   0.0017   0.0077  -0.0020   0.0026  -0.0050  12.00    5.6 8525770

[TCP数据流] 2025/11/16 18:01:41 - 固定解 (22颗卫星)
  ECEF: X=-1567067.2311 Y=5439617.5811 Z=2931123.0121
  LLH:  Lat=27.532049553° Lon=106.070848938° H=1088.1546m
  原始数据:
2025/11/16 10:01:59.000   27.532049553  106.070848938  1088.1546   1  22   0.0052   0.0017   0.0076  -0.0020   0.0025  -0.0049  13.00    5.2 8525770

[TCP数据流] 2025/11/16 18:01:43 - 固定解 (29颗卫星)
  ECEF: X=-1567067.2311 Y=5439617.5810 Z=2931123.0119
  LLH:  Lat=27.532049552° Lon=106.070848938° H=1088.1544m
  原始数据:
2025/11/16 10:02:01.000   27.532049552  106.070848938  1088.1544   1  29   0.0051   0.0016   0.0076  -0.0019   0.0025  -0.0049  15.00    4.8 8525770

[TCP数据流] 2025/11/16 18:01:45 - 固定解 (22颗卫星)
  ECEF: X=-1567067.2310 Y=5439617.5808 Z=2931123.0117
  LLH:  Lat=27.532049551° Lon=106.070848938° H=1088.1542m
  原始数据:
2025/11/16 10:02:03.000   27.532049551  106.070848938  1088.1542   1  22   0.0051   0.0016   0.0075  -0.0019   0.0025  -0.0049  17.00    4.4 8525770

[TCP数据流] 2025/11/16 18:01:46 - 固定解 (16颗卫星)
  ECEF: X=-1567067.2311 Y=5439617.5810 Z=2931123.0115
  LLH:  Lat=27.532049549° Lon=106.070848938° H=1088.1543m
  原始数据:
2025/11/16 10:02:04.000   27.532049549  106.070848938  1088.1543   1  16   0.0051   0.0016   0.0075  -0.0019   0.0024  -0.0048  18.00    4.2 8525770

[TCP数据流] 2025/11/16 18:01:48 - 固定解 (29颗卫星)
  ECEF: X=-1567067.2311 Y=5439617.5809 Z=2931123.0114
  LLH:  Lat=27.532049548° Lon=106.070848938° H=1088.1541m
  原始数据:
2025/11/16 10:02:06.000   27.532049548  106.070848938  1088.1541   1  29   0.0050   0.0016   0.0074  -0.0019   0.0024  -0.0048  20.00    3.9 8525770

[TCP数据流] 2025/11/16 18:01:49 - 固定解 (16颗卫星)
  ECEF: X=-1567067.2311 Y=5439617.5809 Z=2931123.0112
  LLH:  Lat=27.532049547° Lon=106.070848938° H=1088.1540m
  原始数据:
2025/11/16 10:02:07.000   27.532049547  106.070848938  1088.1540   1  16   0.0050   0.0016   0.0074  -0.0019   0.0024  -0.0048  21.00    3.7 8525770

[TCP数据流] 2025/11/16 18:01:50 - 固定解 (22颗卫星)
  ECEF: X=-1567067.2310 Y=5439617.5807 Z=2931123.0111
  LLH:  Lat=27.532049547° Lon=106.070848938° H=1088.1538m
  原始数据:
2025/11/16 10:02:08.000   27.532049547  106.070848938  1088.1538   1  22   0.0050   0.0016   0.0073  -0.0019   0.0024  -0.0048  22.00    3.4 8525770

[TCP数据流] 2025/11/16 18:01:53 - 固定解 (29颗卫星)
  ECEF: X=-1567067.2310 Y=5439617.5806 Z=2931123.0109
  LLH:  Lat=27.532049546° Lon=106.070848938° H=1088.1536m
  原始数据:
2025/11/16 10:02:11.000   27.532049546  106.070848938  1088.1536   1  29   0.0050   0.0016   0.0073  -0.0019   0.0024  -0.0047  25.00    3.2 8525770

[TCP数据流] 2025/11/16 18:01:54 - 固定解 (29颗卫星)
  ECEF: X=-1567067.2309 Y=5439617.5805 Z=2931123.0107
  LLH:  Lat=27.532049545° Lon=106.070848938° H=1088.1534m
  原始数据:
2025/11/16 10:02:12.000   27.532049545  106.070848938  1088.1534   1  29   0.0050   0.0016   0.0073  -0.0018   0.0024  -0.0047  26.00    3.1 8525770

[TCP数据流] 2025/11/16 18:01:56 - 浮点解 (29颗卫星)
  ECEF: X=-1567067.1158 Y=5439617.3143 Z=2931122.7625
  LLH:  Lat=27.532048758° Lon=106.070848564° H=1087.7836m
  原始数据:
2025/11/16 10:02:14.000   27.532048758  106.070848564  1087.7836   2  29   0.0247   0.0381   0.0361  -0.0070   0.0098  -0.0092  28.00    2.9 8525770

[TCP数据流] 2025/11/16 18:01:57 - 浮点解 (23颗卫星)
  ECEF: X=-1567067.1154 Y=5439617.3099 Z=2931122.7561
  LLH:  Lat=27.532048725° Lon=106.070848572° H=1087.7768m
  原始数据:
2025/11/16 10:02:15.000   27.532048725  106.070848572  1087.7768   2  23   0.0247   0.0380   0.0360  -0.0070   0.0098  -0.0092  29.00    2.8 8525770

[TCP数据流] 2025/11/16 18:01:58 - 浮点解 (29颗卫星)
  ECEF: X=-1567067.1135 Y=5439617.3051 Z=2931122.7487
  LLH:  Lat=27.532048688° Lon=106.070848567° H=1087.7688m
  原始数据:
2025/11/16 10:02:16.000   27.532048688  106.070848567  1087.7688   2  29   0.0246   0.0379   0.0360  -0.0070   0.0097  -0.0092  30.00    1.8 8525770

[TCP数据流] 2025/11/16 18:02:05 - 浮点解 (22颗卫星)
  ECEF: X=-1567067.1194 Y=5439617.3285 Z=2931122.7703
  LLH:  Lat=27.532048760° Lon=106.070848559° H=1087.8002m
  原始数据:
2025/11/16 10:02:23.000   27.532048760  106.070848559  1087.8002   2  22   0.0237   0.0372   0.0344  -0.0057   0.0092  -0.0066   0.00    1.2 8525770

[TCP数据流] 2025/11/16 18:02:06 - 浮点解 (29颗卫星)
  ECEF: X=-1567067.1372 Y=5439617.3786 Z=2931122.8331
  LLH:  Lat=27.532049041° Lon=106.070848592° H=1087.8763m
  原始数据:
2025/11/16 10:02:24.000   27.532049041  106.070848592  1087.8763   2  29   0.0224   0.0357   0.0325  -0.0054   0.0090  -0.0058   1.00    1.7 8525770

[TCP数据流] 2025/11/16 18:02:08 - 固定解 (22颗卫星)
  ECEF: X=-1567067.3206 Y=5439617.3715 Z=2931122.8879
  LLH:  Lat=27.532049296° Lon=106.070850395° H=1087.9406m
  原始数据:
2025/11/16 10:02:26.000   27.532049296  106.070850395  1087.9406   1  22   0.0019   0.0014   0.0082   0.0010   0.0023  -0.0020   1.00    3.3 8525770

[TCP数据流] 2025/11/16 18:02:09 - 固定解 (22颗卫星)
  ECEF: X=-1567067.3210 Y=5439617.3727 Z=2931122.8878
  LLH:  Lat=27.532049290° Lon=106.070850396° H=1087.9417m
  原始数据:
2025/11/16 10:02:27.000   27.532049290  106.070850396  1087.9417   1  22   0.0019   0.0014   0.0079   0.0009   0.0022  -0.0020   2.00    3.5 8525770

[TCP数据流] 2025/11/16 18:02:10 - 固定解 (22颗卫星)
  ECEF: X=-1567067.3217 Y=5439617.3746 Z=2931122.8882
  LLH:  Lat=27.532049285° Lon=106.070850398° H=1087.9436m
  原始数据:
2025/11/16 10:02:28.000   27.532049285  106.070850398  1087.9436   1  22   0.0019   0.0014   0.0077   0.0009   0.0021  -0.0020   3.00    3.8 8525770

[TCP数据流] 2025/11/16 18:02:11 - 固定解 (29颗卫星)
  ECEF: X=-1567067.3223 Y=5439617.3762 Z=2931122.8887
  LLH:  Lat=27.532049282° Lon=106.070850399° H=1087.9454m
  原始数据:
2025/11/16 10:02:29.000   27.532049282  106.070850399  1087.9454   1  29   0.0019   0.0013   0.0075   0.0009   0.0020  -0.0020   4.00    4.1 8525770

[TCP数据流] 2025/11/16 18:02:12 - 固定解 (22颗卫星)
  ECEF: X=-1567067.3227 Y=5439617.3770 Z=2931122.8890
  LLH:  Lat=27.532049280° Lon=106.070850400° H=1087.9463m
  原始数据:
2025/11/16 10:02:30.000   27.532049280  106.070850400  1087.9463   1  22   0.0019   0.0013   0.0073   0.0009   0.0019  -0.0020   5.00    4.3 8525770

[TCP数据流] 2025/11/16 18:02:14 - 固定解 (22颗卫星)
  ECEF: X=-1567067.2193 Y=5439617.5575 Z=2931123.0119
  LLH:  Lat=27.532049660° Lon=106.070848889° H=1088.1315m
  原始数据:
2025/11/16 10:02:32.000   27.532049660  106.070848889  1088.1315   1  22   0.0018   0.0012   0.0054   0.0008   0.0010  -0.0021   7.00    3.2 8525770

[TCP数据流] 2025/11/16 18:02:15 - 固定解 (23颗卫星)
  ECEF: X=-1567067.2350 Y=5439617.5908 Z=2931123.0206
  LLH:  Lat=27.532049578° Lon=106.070848949° H=1088.1678m
  原始数据:
2025/11/16 10:02:33.000   27.532049578  106.070848949  1088.1678   1  23   0.0045   0.0014   0.0063  -0.0014   0.0018  -0.0038   8.00    9.1 8525770

[TCP数据流] 2025/11/16 18:02:16 - 固定解 (29颗卫星)
  ECEF: X=-1567067.2200 Y=5439617.5593 Z=2931123.0127
  LLH:  Lat=27.532049658° Lon=106.070848891° H=1088.1336m
  原始数据:
2025/11/16 10:02:34.000   27.532049658  106.070848891  1088.1336   1  29   0.0018   0.0012   0.0053   0.0008   0.0009  -0.0021   9.00    3.2 8525770

[TCP数据流] 2025/11/16 18:02:17 - 固定解 (22颗卫星)
  ECEF: X=-1567067.2202 Y=5439617.5597 Z=2931123.0129
  LLH:  Lat=27.532049658° Lon=106.070848892° H=1088.1341m
  原始数据:
2025/11/16 10:02:35.000   27.532049658  106.070848892  1088.1341   1  22   0.0018   0.0011   0.0052   0.0008   0.0009  -0.0021  10.00    3.3 8525770

[TCP数据流] 2025/11/16 18:02:18 - 固定解 (29颗卫星)
  ECEF: X=-1567067.3238 Y=5439617.3802 Z=2931122.8893
  LLH:  Lat=27.532049269° Lon=106.070850402° H=1087.9494m
  原始数据:
2025/11/16 10:02:36.000   27.532049269  106.070850402  1087.9494   1  29   0.0018   0.0013   0.0068   0.0009   0.0017  -0.0020   0.00    3.9 8525770

[TCP数据流] 2025/11/16 18:02:19 - 浮点解 (29颗卫星)
  ECEF: X=-1567067.1684 Y=5439617.4865 Z=2931122.9872
  LLH:  Lat=27.532049805° Lon=106.070848593° H=1088.0471m
  原始数据:
2025/11/16 10:02:37.000   27.532049805  106.070848593  1088.0471   2  29   0.0180   0.0302   0.0259  -0.0039   0.0084  -0.0028   0.00    2.9 8525770

[TCP数据流] 2025/11/16 18:02:20 - 浮点解 (22颗卫星)
  ECEF: X=-1567067.1685 Y=5439617.4875 Z=2931122.9925
  LLH:  Lat=27.532049844° Lon=106.070848591° H=1088.0504m
  原始数据:
2025/11/16 10:02:38.000   27.532049844  106.070848591  1088.0504   2  22   0.0177   0.0299   0.0255  -0.0035   0.0082  -0.0012   1.00    1.3 8525770

[TCP数据流] 2025/11/16 18:02:21 - 浮点解 (16颗卫星)
  ECEF: X=-1567067.1738 Y=5439617.4990 Z=2931123.0076
  LLH:  Lat=27.532049912° Lon=106.070848611° H=1088.0685m
  原始数据:
2025/11/16 10:02:39.000   27.532049912  106.070848611  1088.0685   2  16   0.0175   0.0295   0.0252  -0.0038   0.0082  -0.0026   2.00    0.0 8525770

[TCP数据流] 2025/11/16 18:02:22 - 浮点解 (22颗卫星)
  ECEF: X=-1567067.1751 Y=5439617.4965 Z=2931123.0113
  LLH:  Lat=27.532049951° Lon=106.070848630° H=1088.0684m
  原始数据:
2025/11/16 10:02:40.000   27.532049951  106.070848630  1088.0684   2  22   0.0174   0.0293   0.0250  -0.0035   0.0081  -0.0016   3.00    1.2 8525770

[TCP数据流] 2025/11/16 18:02:23 - 浮点解 (22颗卫星)
  ECEF: X=-1567067.1750 Y=5439617.4931 Z=2931123.0143
  LLH:  Lat=27.532049988° Lon=106.070848639° H=1088.0669m
  原始数据:
2025/11/16 10:02:41.000   27.532049988  106.070848639  1088.0669   2  22   0.0173   0.0292   0.0248  -0.0032   0.0080   0.0008   4.00    1.0 8525770

[TCP数据流] 2025/11/16 18:02:24 - 浮点解 (29颗卫星)
  ECEF: X=-1567067.1776 Y=5439617.4926 Z=2931123.0200
  LLH:  Lat=27.532050033° Lon=106.070848665° H=1088.0697m
  原始数据:
2025/11/16 10:02:42.000   27.532050033  106.070848665  1088.0697   2  29   0.0170   0.0289   0.0245  -0.0032   0.0079  -0.0004   5.00    1.2 8525770

[TCP数据流] 2025/11/16 18:02:25 - 浮点解 (22颗卫星)
  ECEF: X=-1567067.1774 Y=5439617.4895 Z=2931123.0215
  LLH:  Lat=27.532050058° Lon=106.070848672° H=1088.0677m
  原始数据:
2025/11/16 10:02:43.000   27.532050058  106.070848672  1088.0677   2  22   0.0170   0.0288   0.0243  -0.0031   0.0079   0.0013   6.00    1.8 8525770

[TCP数据流] 2025/11/16 18:02:26 - 固定解 (9颗卫星)
  ECEF: X=-1567067.2336 Y=5439617.5739 Z=2931123.0229
  LLH:  Lat=27.532049666° Lon=106.070848982° H=1088.1541m
  原始数据:
2025/11/16 10:02:44.000   27.532049666  106.070848982  1088.1541   1   9   0.0056   0.0016   0.0070   0.0018  -0.0018  -0.0053   7.00   18.0 8525770

[TCP数据流] 2025/11/16 18:02:27 - 浮点解 (29颗卫星)
  ECEF: X=-1567067.1782 Y=5439617.4851 Z=2931123.0203
  LLH:  Lat=27.532050065° Lon=106.070848692° H=1088.0636m
  原始数据:
2025/11/16 10:02:45.000   27.532050065  106.070848692  1088.0636   2  29   0.0169   0.0286   0.0242  -0.0031   0.0078   0.0010   8.00    3.0 8525770

[TCP数据流] 2025/11/16 18:02:28 - 浮点解 (29颗卫星)
  ECEF: X=-1567067.1786 Y=5439617.4807 Z=2931123.0180
  LLH:  Lat=27.532050063° Lon=106.070848708° H=1088.0589m
  原始数据:
2025/11/16 10:02:46.000   27.532050063  106.070848708  1088.0589   2  29   0.0168   0.0284   0.0240  -0.0031   0.0078   0.0007   9.00    2.2 8525770

[TCP数据流] 2025/11/16 18:02:29 - 固定解 (23颗卫星)
  ECEF: X=-1567067.2357 Y=5439617.5647 Z=2931123.0197
  LLH:  Lat=27.532049674° Lon=106.070849028° H=1088.1453m
  原始数据:
2025/11/16 10:02:47.000   27.532049674  106.070849028  1088.1453   1  23   0.0054   0.0043   0.0105   0.0026  -0.0060  -0.0058  10.00    8.6 8525770

[TCP数据流] 2025/11/16 18:02:30 - 浮点解 (29颗卫星)
  ECEF: X=-1567067.1800 Y=5439617.4742 Z=2931123.0109
  LLH:  Lat=27.532050031° Lon=106.070848740° H=1088.0504m
  原始数据:
2025/11/16 10:02:48.000   27.532050031  106.070848740  1088.0504   2  29   0.0166   0.0282   0.0239  -0.0031   0.0077  -0.0010  11.00    2.0 8525770

[TCP数据流] 2025/11/16 18:02:31 - 浮点解 (22颗卫星)
  ECEF: X=-1567067.1797 Y=5439617.4723 Z=2931123.0104
  LLH:  Lat=27.532050035° Lon=106.070848743° H=1088.0485m
  原始数据:
2025/11/16 10:02:49.000   27.532050035  106.070848743  1088.0485   2  22   0.0166   0.0281   0.0238  -0.0030   0.0077  -0.0007  12.00    1.5 8525770

[TCP数据流] 2025/11/16 18:02:32 - 固定解 (16颗卫星)
  ECEF: X=-1567067.2324 Y=5439617.5599 Z=2931123.0258
  LLH:  Lat=27.532049746° Lon=106.070849010° H=1088.1432m
  原始数据:
2025/11/16 10:02:50.000   27.532049746  106.070849010  1088.1432   1  16   0.0083   0.0045   0.0105  -0.0018  -0.0056  -0.0067  13.00    5.8 8525770

[TCP数据流] 2025/11/16 18:02:33 - 固定解 (16颗卫星)
  ECEF: X=-1567067.2327 Y=5439617.5601 Z=2931123.0253
  LLH:  Lat=27.532049741° Lon=106.070849012° H=1088.1432m
  原始数据:
2025/11/16 10:02:51.000   27.532049741  106.070849012  1088.1432   1  16   0.0083   0.0045   0.0104  -0.0018  -0.0055  -0.0067  14.00    5.4 8525770

[TCP数据流] 2025/11/16 18:02:34 - 固定解 (23颗卫星)
  ECEF: X=-1567067.2329 Y=5439617.5606 Z=2931123.0249
  LLH:  Lat=27.532049736° Lon=106.070849013° H=1088.1435m
  原始数据:
2025/11/16 10:02:52.000   27.532049736  106.070849013  1088.1435   1  23   0.0083   0.0045   0.0104  -0.0018  -0.0055  -0.0067  15.00    5.1 8525770

[TCP数据流] 2025/11/16 18:02:35 - 固定解 (23颗卫星)
  ECEF: X=-1567067.2332 Y=5439617.5609 Z=2931123.0245
  LLH:  Lat=27.532049731° Lon=106.070849015° H=1088.1437m
  原始数据:
2025/11/16 10:02:53.000   27.532049731  106.070849015  1088.1437   1  23   0.0082   0.0044   0.0103  -0.0018  -0.0055  -0.0067  16.00    4.8 8525770

[TCP数据流] 2025/11/16 18:02:36 - 固定解 (23颗卫星)
  ECEF: X=-1567067.2324 Y=5439617.5579 Z=2931123.0260
  LLH:  Lat=27.532049756° Lon=106.070849015° H=1088.1416m
  原始数据:
2025/11/16 10:02:54.000   27.532049756  106.070849015  1088.1416   1  23   0.0024   0.0044   0.0088  -0.0011  -0.0056  -0.0013  17.00    8.5 8525770

[TCP数据流] 2025/11/16 18:02:37 - 固定解 (23颗卫星)
  ECEF: X=-1567067.2325 Y=5439617.5577 Z=2931123.0258
  LLH:  Lat=27.532049755° Lon=106.070849017° H=1088.1414m
  原始数据:
2025/11/16 10:02:55.000   27.532049755  106.070849017  1088.1414   1  23   0.0024   0.0044   0.0087  -0.0011  -0.0056  -0.0013  18.00    8.0 8525770

[TCP数据流] 2025/11/16 18:02:38 - 固定解 (23颗卫星)
  ECEF: X=-1567067.2327 Y=5439617.5576 Z=2931123.0256
  LLH:  Lat=27.532049754° Lon=106.070849019° H=1088.1412m
  原始数据:
2025/11/16 10:02:56.000   27.532049754  106.070849019  1088.1412   1  23   0.0024   0.0044   0.0087  -0.0011  -0.0055  -0.0013  19.00    7.6 8525770

[TCP数据流] 2025/11/16 18:02:39 - 固定解 (9颗卫星)
  ECEF: X=-1567067.2359 Y=5439617.5940 Z=2931123.0186
  LLH:  Lat=27.532049548° Lon=106.070848948° H=1088.1698m
  原始数据:
2025/11/16 10:02:57.000   27.532049548  106.070848948  1088.1698   1   9   0.0042   0.0012   0.0052  -0.0012   0.0013  -0.0036  20.00   16.6 8525770

[TCP数据流] 2025/11/16 18:02:40 - 固定解 (23颗卫星)
  ECEF: X=-1567067.2302 Y=5439617.5796 Z=2931123.0271
  LLH:  Lat=27.532049680° Lon=106.070848933° H=1088.1600m
  原始数据:
2025/11/16 10:02:58.000   27.532049680  106.070848933  1088.1600   1  23   0.0013   0.0011   0.0045   0.0004   0.0008  -0.0015  21.00   13.4 8525770

[TCP数据流] 2025/11/16 18:02:41 - 固定解 (16颗卫星)
  ECEF: X=-1567067.2359 Y=5439617.5940 Z=2931123.0186
  LLH:  Lat=27.532049548° Lon=106.070848948° H=1088.1698m
  原始数据:
2025/11/16 10:02:59.000   27.532049548  106.070848948  1088.1698   1  16   0.0041   0.0012   0.0052  -0.0012   0.0013  -0.0035  22.00   15.9 8525770

[TCP数据流] 2025/11/16 18:02:42 - 固定解 (23颗卫星)
  ECEF: X=-1567067.2303 Y=5439617.5801 Z=2931123.0269
  LLH:  Lat=27.532049677° Lon=106.070848933° H=1088.1604m
  原始数据:
2025/11/16 10:03:00.000   27.532049677  106.070848933  1088.1604   1  23   0.0013   0.0011   0.0045   0.0004   0.0008  -0.0015  23.00   12.8 8525770

[TCP数据流] 2025/11/16 18:02:43 - 固定解 (22颗卫星)
  ECEF: X=-1567067.2216 Y=5439617.5587 Z=2931123.0130
  LLH:  Lat=27.532049661° Lon=106.070848908° H=1088.1336m
  原始数据:
2025/11/16 10:03:01.000   27.532049661  106.070848908  1088.1336   1  22   0.0011   0.0010   0.0041   0.0006   0.0005  -0.0015  24.00    4.5 8525770

[TCP数据流] 2025/11/16 18:02:44 - 固定解 (29颗卫星)
  ECEF: X=-1567067.2231 Y=5439617.5636 Z=2931123.0145
  LLH:  Lat=27.532049652° Lon=106.070848909° H=1088.1389m
  原始数据:
2025/11/16 10:03:02.000   27.532049652  106.070848909  1088.1389   1  29   0.0011   0.0010   0.0040   0.0006   0.0005  -0.0014  25.00    5.6 8525770

[TCP数据流] 2025/11/16 18:02:46 - 固定解 (23颗卫星)
  ECEF: X=-1567067.2253 Y=5439617.5684 Z=2931123.0288
  LLH:  Lat=27.532049744° Lon=106.070848917° H=1088.1501m
  原始数据:
2025/11/16 10:03:04.000   27.532049744  106.070848917  1088.1501   1  23   0.0011   0.0011   0.0042   0.0005   0.0006  -0.0011  27.00    5.9 8525770

[TCP数据流] 2025/11/16 18:02:47 - 固定解 (9颗卫星)
  ECEF: X=-1567067.2353 Y=5439617.5925 Z=2931123.0195
  LLH:  Lat=27.532049562° Lon=106.070848947° H=1088.1688m
  原始数据:
2025/11/16 10:03:05.000   27.532049562  106.070848947  1088.1688   1   9   0.0036   0.0012   0.0049  -0.0010   0.0012  -0.0030  28.00   14.2 8525770

[TCP数据流] 2025/11/16 18:02:48 - 固定解 (29颗卫星)
  ECEF: X=-1567067.2185 Y=5439617.5482 Z=2931123.0133
  LLH:  Lat=27.532049709° Lon=106.070848908° H=1088.1240m
  原始数据:
2025/11/16 10:03:06.000   27.532049709  106.070848908  1088.1240   1  29   0.0010   0.0010   0.0038   0.0006   0.0005  -0.0012  29.00    4.0 8525770

[TCP数据流] 2025/11/16 18:02:49 - 固定解 (29颗卫星)
  ECEF: X=-1567067.2186 Y=5439617.5483 Z=2931123.0134
  LLH:  Lat=27.532049709° Lon=106.070848908° H=1088.1242m
  原始数据:
2025/11/16 10:03:07.000   27.532049709  106.070848908  1088.1242   1  29   0.0010   0.0010   0.0038   0.0006   0.0005  -0.0012  30.00    4.0 8525770

[TCP数据流] 2025/11/16 18:03:31 - 浮点解 (29颗卫星)
  ECEF: X=-1567067.2205 Y=5439617.5467 Z=2931123.0977
  LLH:  Lat=27.532050388° Lon=106.070848931° H=1088.1623m
  原始数据:
2025/11/16 10:03:49.000   27.532050388  106.070848931  1088.1623   2  29   0.0145   0.0241   0.0208  -0.0036   0.0066  -0.0042   1.00    1.1 8525770

[TCP数据流] 2025/11/16 18:03:32 - 浮点解 (29颗卫星)
  ECEF: X=-1567067.2214 Y=5439617.5537 Z=2931123.1051
  LLH:  Lat=27.532050418° Lon=106.070848920° H=1088.1719m
  原始数据:
2025/11/16 10:03:50.000   27.532050418  106.070848920  1088.1719   2  29   0.0143   0.0239   0.0205  -0.0036   0.0067  -0.0040   2.00    1.0 8525770

[TCP数据流] 2025/11/16 18:03:33 - 浮点解 (29颗卫星)
  ECEF: X=-1567067.2222 Y=5439617.5577 Z=2931123.1090
  LLH:  Lat=27.532050432° Lon=106.070848917° H=1088.1773m
  原始数据:
2025/11/16 10:03:51.000   27.532050432  106.070848917  1088.1773   2  29   0.0141   0.0237   0.0203  -0.0036   0.0068  -0.0040   3.00    1.1 8525770

[TCP数据流] 2025/11/16 18:03:34 - 浮点解 (29颗卫星)
  ECEF: X=-1567067.2220 Y=5439617.5594 Z=2931123.1109
  LLH:  Lat=27.532050441° Lon=106.070848910° H=1088.1796m
  原始数据:
2025/11/16 10:03:52.000   27.532050441  106.070848910  1088.1796   2  29   0.0140   0.0236   0.0201  -0.0036   0.0068  -0.0039   4.00    1.0 8525770

[TCP数据流] 2025/11/16 18:03:35 - 浮点解 (29颗卫星)
  ECEF: X=-1567067.2211 Y=5439617.5593 Z=2931123.1105
  LLH:  Lat=27.532050439° Lon=106.070848902° H=1088.1791m
  原始数据:
2025/11/16 10:03:53.000   27.532050439  106.070848902  1088.1791   2  29   0.0139   0.0234   0.0199  -0.0036   0.0069  -0.0039   5.00    1.2 8525770

[TCP数据流] 2025/11/16 18:03:36 - 浮点解 (29颗卫星)
  ECEF: X=-1567067.2208 Y=5439617.5582 Z=2931123.1086
  LLH:  Lat=27.532050429° Lon=106.070848902° H=1088.1772m
  原始数据:
2025/11/16 10:03:54.000   27.532050429  106.070848902  1088.1772   2  29   0.0138   0.0233   0.0198  -0.0036   0.0069  -0.0038   6.00    1.1 8525770

[TCP数据流] 2025/11/16 18:03:37 - 浮点解 (29颗卫星)
  ECEF: X=-1567067.2200 Y=5439617.5564 Z=2931123.1060
  LLH:  Lat=27.532050416° Lon=106.070848899° H=1088.1742m
  原始数据:
2025/11/16 10:03:55.000   27.532050416  106.070848899  1088.1742   2  29   0.0137   0.0232   0.0197  -0.0036   0.0069  -0.0038   7.00    1.3 8525770

[TCP数据流] 2025/11/16 18:03:38 - 浮点解 (29颗卫星)
  ECEF: X=-1567067.2193 Y=5439617.5546 Z=2931123.1027
  LLH:  Lat=27.532050398° Lon=106.070848897° H=1088.1710m
  原始数据:
2025/11/16 10:03:56.000   27.532050398  106.070848897  1088.1710   2  29   0.0136   0.0232   0.0196  -0.0036   0.0069  -0.0038   8.00    1.3 8525770

[TCP数据流] 2025/11/16 18:03:39 - 浮点解 (29颗卫星)
  ECEF: X=-1567067.2193 Y=5439617.5517 Z=2931123.0989
  LLH:  Lat=27.532050379° Lon=106.070848905° H=1088.1668m
  原始数据:
2025/11/16 10:03:57.000   27.532050379  106.070848905  1088.1668   2  29   0.0136   0.0231   0.0196  -0.0036   0.0069  -0.0038   9.00    1.1 8525770

[TCP数据流] 2025/11/16 18:03:40 - 浮点解 (29颗卫星)
  ECEF: X=-1567067.2186 Y=5439617.5490 Z=2931123.0951
  LLH:  Lat=27.532050360° Lon=106.070848906° H=1088.1626m
  原始数据:
2025/11/16 10:03:58.000   27.532050360  106.070848906  1088.1626   2  29   0.0135   0.0230   0.0195  -0.0035   0.0069  -0.0038  10.00    1.1 8525770

[TCP数据流] 2025/11/16 18:03:41 - 浮点解 (29颗卫星)
  ECEF: X=-1567067.2176 Y=5439617.5465 Z=2931123.0913
  LLH:  Lat=27.532050341° Lon=106.070848904° H=1088.1584m
  原始数据:
2025/11/16 10:03:59.000   27.532050341  106.070848904  1088.1584   2  29   0.0135   0.0230   0.0195  -0.0035   0.0069  -0.0038  11.00    1.1 8525770

[TCP数据流] 2025/11/16 18:03:42 - 浮点解 (29颗卫星)
  ECEF: X=-1567067.2174 Y=5439617.5439 Z=2931123.0875
  LLH:  Lat=27.532050321° Lon=106.070848909° H=1088.1544m
  原始数据:
2025/11/16 10:04:00.000   27.532050321  106.070848909  1088.1544   2  29   0.0135   0.0229   0.0194  -0.0035   0.0069  -0.0038  12.00    1.0 8525770

[TCP数据流] 2025/11/16 18:03:43 - 浮点解 (29颗卫星)
  ECEF: X=-1567067.2173 Y=5439617.5412 Z=2931123.0836
  LLH:  Lat=27.532050301° Lon=106.070848915° H=1088.1503m
  原始数据:
2025/11/16 10:04:01.000   27.532050301  106.070848915  1088.1503   2  29   0.0134   0.0229   0.0194  -0.0035   0.0069  -0.0038  13.00    1.0 8525770

[TCP数据流] 2025/11/16 18:03:44 - 浮点解 (29颗卫星)
  ECEF: X=-1567067.2167 Y=5439617.5386 Z=2931123.0798
  LLH:  Lat=27.532050282° Lon=106.070848917° H=1088.1462m
  原始数据:
2025/11/16 10:04:02.000   27.532050282  106.070848917  1088.1462   2  29   0.0134   0.0229   0.0193  -0.0035   0.0069  -0.0038  14.00    1.1 8525770

[TCP数据流] 2025/11/16 18:03:45 - 浮点解 (29颗卫星)
  ECEF: X=-1567067.2161 Y=5439617.5362 Z=2931123.0763
  LLH:  Lat=27.532050264° Lon=106.070848918° H=1088.1424m
  原始数据:
2025/11/16 10:04:03.000   27.532050264  106.070848918  1088.1424   2  29   0.0134   0.0228   0.0193  -0.0035   0.0069  -0.0038  15.00    1.1 8525770

[TCP数据流] 2025/11/16 18:03:46 - 浮点解 (29颗卫星)
  ECEF: X=-1567067.2152 Y=5439617.5339 Z=2931123.0727
  LLH:  Lat=27.532050246° Lon=106.070848916° H=1088.1385m
  原始数据:
2025/11/16 10:04:04.000   27.532050246  106.070848916  1088.1385   2  29   0.0134   0.0228   0.0193  -0.0035   0.0069  -0.0038  16.00    1.0 8525770

[TCP数据流] 2025/11/16 18:03:47 - 浮点解 (29颗卫星)
  ECEF: X=-1567067.2146 Y=5439617.5316 Z=2931123.0694
  LLH:  Lat=27.532050229° Lon=106.070848916° H=1088.1349m
  原始数据:
2025/11/16 10:04:05.000   27.532050229  106.070848916  1088.1349   2  29   0.0134   0.0228   0.0193  -0.0035   0.0069  -0.0038  17.00    1.0 8525770

[TCP数据流] 2025/11/16 18:03:48 - 浮点解 (22颗卫星)
  ECEF: X=-1567067.2144 Y=5439617.5310 Z=2931123.0685
  LLH:  Lat=27.532050224° Lon=106.070848916° H=1088.1339m
  原始数据:
2025/11/16 10:04:06.000   27.532050224  106.070848916  1088.1339   2  22   0.0134   0.0228   0.0192  -0.0035   0.0069  -0.0037  18.00    1.2 8525770

[TCP数据流] 2025/11/16 18:03:49 - 浮点解 (29颗卫星)
  ECEF: X=-1567067.2145 Y=5439617.5288 Z=2931123.0652
  LLH:  Lat=27.532050207° Lon=106.070848923° H=1088.1305m
  原始数据:
2025/11/16 10:04:07.000   27.532050207  106.070848923  1088.1305   2  29   0.0133   0.0227   0.0192  -0.0035   0.0069  -0.0037  19.00    1.0 8525770

[TCP数据流] 2025/11/16 18:03:50 - 浮点解 (29颗卫星)
  ECEF: X=-1567067.2137 Y=5439617.5266 Z=2931123.0619
  LLH:  Lat=27.532050190° Lon=106.070848921° H=1088.1269m
  原始数据:
2025/11/16 10:04:08.000   27.532050190  106.070848921  1088.1269   2  29   0.0133   0.0227   0.0192  -0.0035   0.0069  -0.0037  20.00    1.0 8525770

[TCP数据流] 2025/11/16 18:03:51 - 浮点解 (29颗卫星)
  ECEF: X=-1567067.2135 Y=5439617.5244 Z=2931123.0589
  LLH:  Lat=27.532050175° Lon=106.070848925° H=1088.1236m
  原始数据:
2025/11/16 10:04:09.000   27.532050175  106.070848925  1088.1236   2  29   0.0133   0.0227   0.0192  -0.0035   0.0069  -0.0037  21.00    1.0 8525770

[TCP数据流] 2025/11/16 18:03:52 - 浮点解 (29颗卫星)
  ECEF: X=-1567067.2134 Y=5439617.5222 Z=2931123.0559
  LLH:  Lat=27.532050160° Lon=106.070848931° H=1088.1203m
  原始数据:
2025/11/16 10:04:10.000   27.532050160  106.070848931  1088.1203   2  29   0.0133   0.0227   0.0192  -0.0035   0.0069  -0.0037  22.00    1.0 8525770

[TCP数据流] 2025/11/16 18:03:53 - 浮点解 (29颗卫星)
  ECEF: X=-1567067.2134 Y=5439617.5203 Z=2931123.0529
  LLH:  Lat=27.532050144° Lon=106.070848936° H=1088.1173m
  原始数据:
2025/11/16 10:04:11.000   27.532050144  106.070848936  1088.1173   2  29   0.0133   0.0226   0.0192  -0.0035   0.0069  -0.0037  23.00    1.0 8525770

[TCP数据流] 2025/11/16 18:03:54 - 浮点解 (22颗卫星)
  ECEF: X=-1567067.2135 Y=5439617.5197 Z=2931123.0519
  LLH:  Lat=27.532050138° Lon=106.070848939° H=1088.1164m
  原始数据:
2025/11/16 10:04:12.000   27.532050138  106.070848939  1088.1164   2  22   0.0133   0.0226   0.0192  -0.0035   0.0069  -0.0037  24.00    1.0 8525770

[TCP数据流] 2025/11/16 18:03:55 - 浮点解 (29颗卫星)
  ECEF: X=-1567067.2132 Y=5439617.5178 Z=2931123.0489
  LLH:  Lat=27.532050122° Lon=106.070848941° H=1088.1133m
  原始数据:
2025/11/16 10:04:13.000   27.532050122  106.070848941  1088.1133   2  29   0.0133   0.0226   0.0191  -0.0035   0.0069  -0.0037  25.00    1.0 8525770

[TCP数据流] 2025/11/16 18:03:56 - 浮点解 (29颗卫星)
  ECEF: X=-1567067.2126 Y=5439617.5161 Z=2931123.0461
  LLH:  Lat=27.532050107° Lon=106.070848940° H=1088.1104m
  原始数据:
2025/11/16 10:04:14.000   27.532050107  106.070848940  1088.1104   2  29   0.0133   0.0226   0.0191  -0.0035   0.0069  -0.0037  26.00    1.0 8525770

[TCP数据流] 2025/11/16 18:03:57 - 浮点解 (29颗卫星)
  ECEF: X=-1567067.2116 Y=5439617.5144 Z=2931123.0432
  LLH:  Lat=27.532050092° Lon=106.070848935° H=1088.1074m
  原始数据:
2025/11/16 10:04:15.000   27.532050092  106.070848935  1088.1074   2  29   0.0133   0.0226   0.0191  -0.0035   0.0069  -0.0037  27.00    1.0 8525770

[TCP数据流] 2025/11/16 18:03:58 - 浮点解 (29颗卫星)
  ECEF: X=-1567067.2108 Y=5439617.5128 Z=2931123.0403
  LLH:  Lat=27.532050076° Lon=106.070848932° H=1088.1045m
  原始数据:
2025/11/16 10:04:16.000   27.532050076  106.070848932  1088.1045   2  29   0.0132   0.0226   0.0191  -0.0035   0.0069  -0.0037  28.00    1.0 8525770

[TCP数据流] 2025/11/16 18:03:59 - 浮点解 (29颗卫星)
  ECEF: X=-1567067.2101 Y=5439617.5113 Z=2931123.0376
  LLH:  Lat=27.532050061° Lon=106.070848929° H=1088.1018m
  原始数据:
2025/11/16 10:04:17.000   27.532050061  106.070848929  1088.1018   2  29   0.0132   0.0225   0.0191  -0.0035   0.0069  -0.0037  29.00    1.0 8525770

[TCP数据流] 2025/11/16 18:04:00 - 浮点解 (29颗卫星)
  ECEF: X=-1567067.2090 Y=5439617.5097 Z=2931123.0346
  LLH:  Lat=27.532050045° Lon=106.070848923° H=1088.0988m
  原始数据:
2025/11/16 10:04:18.000   27.532050045  106.070848923  1088.0988   2  29   0.0132   0.0225   0.0191  -0.0035   0.0069  -0.0037  30.00    1.0 8525770

[TCP数据流] 2025/11/16 18:04:21 - 浮点解 (29颗卫星)
  ECEF: X=-1567067.2114 Y=5439617.5230 Z=2931123.0543
  LLH:  Lat=27.532050146° Lon=106.070848909° H=1088.1198m
  原始数据:
2025/11/16 10:04:39.000   27.532050146  106.070848909  1088.1198   2  29   0.0128   0.0221   0.0186  -0.0034   0.0070  -0.0033   0.00    1.2 8525770

[TCP数据流] 2025/11/16 18:04:22 - 浮点解 (23颗卫星)
  ECEF: X=-1567067.2149 Y=5439617.5267 Z=2931123.0604
  LLH:  Lat=27.532050176° Lon=106.070848933° H=1088.1266m
  原始数据:
2025/11/16 10:04:40.000   27.532050176  106.070848933  1088.1266   2  23   0.0128   0.0219   0.0185  -0.0035   0.0070  -0.0035   1.00    1.2 8525770

[TCP数据流] 2025/11/16 18:04:23 - 浮点解 (29颗卫星)
  ECEF: X=-1567067.2172 Y=5439617.5292 Z=2931123.0642
  LLH:  Lat=27.532050194° Lon=106.070848948° H=1088.1311m
  原始数据:
2025/11/16 10:04:41.000   27.532050194  106.070848948  1088.1311   2  29   0.0126   0.0218   0.0183  -0.0034   0.0071  -0.0033   2.00    2.0 8525770

[TCP数据流] 2025/11/16 18:04:24 - 浮点解 (29颗卫星)
  ECEF: X=-1567067.2186 Y=5439617.5298 Z=2931123.0657
  LLH:  Lat=27.532050202° Lon=106.070848960° H=1088.1326m
  原始数据:
2025/11/16 10:04:42.000   27.532050202  106.070848960  1088.1326   2  29   0.0125   0.0216   0.0182  -0.0034   0.0071  -0.0032   3.00    2.5 8525770

[TCP数据流] 2025/11/16 18:04:25 - 浮点解 (29颗卫星)
  ECEF: X=-1567067.2200 Y=5439617.5288 Z=2931123.0655
  LLH:  Lat=27.532050203° Lon=106.070848976° H=1088.1320m
  原始数据:
2025/11/16 10:04:43.000   27.532050203  106.070848976  1088.1320   2  29   0.0124   0.0215   0.0180  -0.0034   0.0071  -0.0032   4.00    1.1 8525770

[TCP数据流] 2025/11/16 18:04:26 - 浮点解 (29颗卫星)
  ECEF: X=-1567067.2214 Y=5439617.5278 Z=2931123.0651
  LLH:  Lat=27.532050202° Lon=106.070848993° H=1088.1313m
  原始数据:
2025/11/16 10:04:44.000   27.532050202  106.070848993  1088.1313   2  29   0.0123   0.0214   0.0179  -0.0034   0.0071  -0.0031   5.00    1.0 8525770

[TCP数据流] 2025/11/16 18:04:27 - 浮点解 (22颗卫星)
  ECEF: X=-1567067.2209 Y=5439617.5268 Z=2931123.0640
  LLH:  Lat=27.532050198° Lon=106.070848991° H=1088.1298m
  原始数据:
2025/11/16 10:04:45.000   27.532050198  106.070848991  1088.1298   2  22   0.0123   0.0214   0.0179  -0.0033   0.0072  -0.0030   6.00    1.6 8525770

[TCP数据流] 2025/11/16 18:04:28 - 浮点解 (29颗卫星)
  ECEF: X=-1567067.2212 Y=5439617.5251 Z=2931123.0617
  LLH:  Lat=27.532050186° Lon=106.070848998° H=1088.1274m
  原始数据:
2025/11/16 10:04:46.000   27.532050186  106.070848998  1088.1274   2  29   0.0122   0.0213   0.0178  -0.0033   0.0072  -0.0030   7.00    1.1 8525770

[TCP数据流] 2025/11/16 18:04:29 - 浮点解 (29颗卫星)
  ECEF: X=-1567067.2201 Y=5439617.5236 Z=2931123.0593
  LLH:  Lat=27.532050174° Lon=106.070848992° H=1088.1247m
  原始数据:
2025/11/16 10:04:47.000   27.532050174  106.070848992  1088.1247   2  29   0.0122   0.0213   0.0177  -0.0033   0.0072  -0.0029   8.00    1.1 8525770

[TCP数据流] 2025/11/16 18:04:30 - 浮点解 (29颗卫星)
  ECEF: X=-1567067.2198 Y=5439617.5221 Z=2931123.0569
  LLH:  Lat=27.532050161° Lon=106.070848993° H=1088.1223m
  原始数据:
2025/11/16 10:04:48.000   27.532050161  106.070848993  1088.1223   2  29   0.0122   0.0212   0.0177  -0.0033   0.0072  -0.0029   9.00    1.1 8525770

[TCP数据流] 2025/11/16 18:04:31 - 浮点解 (23颗卫星)
  ECEF: X=-1567067.2196 Y=5439617.5212 Z=2931123.0553
  LLH:  Lat=27.532050152° Lon=106.070848994° H=1088.1207m
  原始数据:
2025/11/16 10:04:49.000   27.532050152  106.070848994  1088.1207   2  23   0.0121   0.0212   0.0177  -0.0033   0.0072  -0.0030  10.00    1.0 8525770

[TCP数据流] 2025/11/16 18:04:32 - 浮点解 (23颗卫星)
  ECEF: X=-1567067.2192 Y=5439617.5202 Z=2931123.0535
  LLH:  Lat=27.532050142° Lon=106.070848993° H=1088.1189m
  原始数据:
2025/11/16 10:04:50.000   27.532050142  106.070848993  1088.1189   2  23   0.0121   0.0212   0.0177  -0.0033   0.0072  -0.0030  11.00    1.1 8525770

[TCP数据流] 2025/11/16 18:04:34 - 浮点解 (29颗卫星)
  ECEF: X=-1567067.2210 Y=5439617.5249 Z=2931123.0598
  LLH:  Lat=27.532050172° Lon=106.070848997° H=1088.1263m
  原始数据:
2025/11/16 10:04:52.000   27.532050172  106.070848997  1088.1263   2  29   0.0120   0.0210   0.0175  -0.0033   0.0072  -0.0029   1.00    1.0 8525770

[TCP数据流] 2025/11/16 18:04:35 - 浮点解 (22颗卫星)
  ECEF: X=-1567067.2208 Y=5439617.5259 Z=2931123.0602
  LLH:  Lat=27.532050171° Lon=106.070848992° H=1088.1273m
  原始数据:
2025/11/16 10:04:53.000   27.532050171  106.070848992  1088.1273   2  22   0.0119   0.0210   0.0174  -0.0032   0.0072  -0.0026   2.00    1.1 8525770

[TCP数据流] 2025/11/16 18:04:37 - 浮点解 (29颗卫星)
  ECEF: X=-1567067.2219 Y=5439617.5270 Z=2931123.0613
  LLH:  Lat=27.532050174° Lon=106.070849000° H=1088.1290m
  原始数据:
2025/11/16 10:04:55.000   27.532050174  106.070849000  1088.1290   2  29   0.0119   0.0209   0.0173  -0.0032   0.0072  -0.0026   4.00    1.1 8525770

[TCP数据流] 2025/11/16 18:04:38 - 浮点解 (29颗卫星)
  ECEF: X=-1567067.2228 Y=5439617.5268 Z=2931123.0613
  LLH:  Lat=27.532050174° Lon=106.070849009° H=1088.1290m
  原始数据:
2025/11/16 10:04:56.000   27.532050174  106.070849009  1088.1290   2  29   0.0118   0.0208   0.0172  -0.0032   0.0072  -0.0025   5.00    1.0 8525770

[TCP数据流] 2025/11/16 18:04:39 - 浮点解 (29颗卫星)
  ECEF: X=-1567067.2236 Y=5439617.5256 Z=2931123.0599
  LLH:  Lat=27.532050167° Lon=106.070849020° H=1088.1276m
  原始数据:
2025/11/16 10:04:57.000   27.532050167  106.070849020  1088.1276   2  29   0.0117   0.0207   0.0171  -0.0032   0.0072  -0.0025   6.00    1.0 8525770

[TCP数据流] 2025/11/16 18:04:40 - 浮点解 (29颗卫星)
  ECEF: X=-1567067.2242 Y=5439617.5242 Z=2931123.0583
  LLH:  Lat=27.532050159° Lon=106.070849030° H=1088.1258m
  原始数据:
2025/11/16 10:04:58.000   27.532050159  106.070849030  1088.1258   2  29   0.0117   0.0207   0.0171  -0.0032   0.0072  -0.0025   7.00    1.1 8525770

[TCP数据流] 2025/11/16 18:04:42 - 浮点解 (22颗卫星)
  ECEF: X=-1567067.2246 Y=5439617.5228 Z=2931123.0566
  LLH:  Lat=27.532050150° Lon=106.070849038° H=1088.1239m
  原始数据:
2025/11/16 10:05:00.000   27.532050150  106.070849038  1088.1239   2  22   0.0117   0.0206   0.0170  -0.0032   0.0072  -0.0025   9.00    1.1 8525770

[TCP数据流] 2025/11/16 18:04:43 - 浮点解 (16颗卫星)
  ECEF: X=-1567067.2240 Y=5439617.5228 Z=2931123.0561
  LLH:  Lat=27.532050147° Lon=106.070849032° H=1088.1235m
  原始数据:
2025/11/16 10:05:01.000   27.532050147  106.070849032  1088.1235   2  16   0.0117   0.0206   0.0170  -0.0032   0.0072  -0.0025  10.00    1.0 8525770

[TCP数据流] 2025/11/16 18:04:45 - 浮点解 (29颗卫星)
  ECEF: X=-1567067.2243 Y=5439617.5210 Z=2931123.0538
  LLH:  Lat=27.532050136° Lon=106.070849040° H=1088.1210m
  原始数据:
2025/11/16 10:05:03.000   27.532050136  106.070849040  1088.1210   2  29   0.0116   0.0206   0.0170  -0.0032   0.0072  -0.0025  12.00    1.0 8525770

[TCP数据流] 2025/11/16 18:04:47 - 浮点解 (29颗卫星)
  ECEF: X=-1567067.2241 Y=5439617.5192 Z=2931123.0514
  LLH:  Lat=27.532050124° Lon=106.070849043° H=1088.1183m
  原始数据:
2025/11/16 10:05:05.000   27.532050124  106.070849043  1088.1183   2  29   0.0116   0.0206   0.0170  -0.0032   0.0072  -0.0025  14.00    1.1 8525770

[TCP数据流] 2025/11/16 18:04:48 - 浮点解 (29颗卫星)
  ECEF: X=-1567067.2242 Y=5439617.5173 Z=2931123.0490
  LLH:  Lat=27.532050112° Lon=106.070849049° H=1088.1156m
  原始数据:
2025/11/16 10:05:06.000   27.532050112  106.070849049  1088.1156   2  29   0.0116   0.0206   0.0170  -0.0032   0.0072  -0.0025  15.00    1.0 8525770

[TCP数据流] 2025/11/16 18:04:49 - 浮点解 (22颗卫星)
  ECEF: X=-1567067.2240 Y=5439617.5166 Z=2931123.0482
  LLH:  Lat=27.532050109° Lon=106.070849050° H=1088.1146m
  原始数据:
2025/11/16 10:05:07.000   27.532050109  106.070849050  1088.1146   2  22   0.0116   0.0205   0.0170  -0.0031   0.0072  -0.0024  16.00    1.2 8525770

[TCP数据流] 2025/11/16 18:04:50 - 浮点解 (16颗卫星)
  ECEF: X=-1567067.2236 Y=5439617.5164 Z=2931123.0477
  LLH:  Lat=27.532050106° Lon=106.070849046° H=1088.1141m
  原始数据:
2025/11/16 10:05:08.000   27.532050106  106.070849046  1088.1141   2  16   0.0116   0.0205   0.0170  -0.0031   0.0072  -0.0024  17.00    1.0 8525770

[TCP数据流] 2025/11/16 18:04:51 - 浮点解 (29颗卫星)
  ECEF: X=-1567067.2240 Y=5439617.5147 Z=2931123.0454
  LLH:  Lat=27.532050094° Lon=106.070849055° H=1088.1117m
  原始数据:
2025/11/16 10:05:09.000   27.532050094  106.070849055  1088.1117   2  29   0.0116   0.0205   0.0169  -0.0031   0.0072  -0.0024  18.00    1.0 8525770

[TCP数据流] 2025/11/16 18:04:52 - 浮点解 (29颗卫星)
  ECEF: X=-1567067.2244 Y=5439617.5129 Z=2931123.0432
  LLH:  Lat=27.532050083° Lon=106.070849064° H=1088.1092m
  原始数据:
2025/11/16 10:05:10.000   27.532050083  106.070849064  1088.1092   2  29   0.0116   0.0205   0.0169  -0.0031   0.0072  -0.0024  19.00    1.0 8525770

[TCP数据流] 2025/11/16 18:04:53 - 浮点解 (23颗卫星)
  ECEF: X=-1567067.2248 Y=5439617.5116 Z=2931123.0416
  LLH:  Lat=27.532050075° Lon=106.070849071° H=1088.1075m
  原始数据:
2025/11/16 10:05:11.000   27.532050075  106.070849071  1088.1075   2  23   0.0116   0.0205   0.0169  -0.0031   0.0072  -0.0025  20.00    1.1 8525770

[TCP数据流] 2025/11/16 18:04:54 - 浮点解 (29颗卫星)
  ECEF: X=-1567067.2250 Y=5439617.5099 Z=2931123.0393
  LLH:  Lat=27.532050063° Lon=106.070849078° H=1088.1050m
  原始数据:
2025/11/16 10:05:12.000   27.532050063  106.070849078  1088.1050   2  29   0.0116   0.0205   0.0169  -0.0031   0.0072  -0.0024  21.00    1.0 8525770

[TCP数据流] 2025/11/16 18:04:55 - 浮点解 (29颗卫星)
  ECEF: X=-1567067.2253 Y=5439617.5083 Z=2931123.0374
  LLH:  Lat=27.532050054° Lon=106.070849085° H=1088.1028m
  原始数据:
2025/11/16 10:05:13.000   27.532050054  106.070849085  1088.1028   2  29   0.0116   0.0205   0.0169  -0.0031   0.0072  -0.0024  22.00    1.0 8525770

[TCP数据流] 2025/11/16 18:04:56 - 浮点解 (29颗卫星)
  ECEF: X=-1567067.2252 Y=5439617.5068 Z=2931123.0353
  LLH:  Lat=27.532050043° Lon=106.070849089° H=1088.1006m
  原始数据:
2025/11/16 10:05:14.000   27.532050043  106.070849089  1088.1006   2  29   0.0116   0.0204   0.0169  -0.0031   0.0072  -0.0024  23.00    1.0 8525770

[TCP数据流] 2025/11/16 18:04:59 - 浮点解 (22颗卫星)
  ECEF: X=-1567067.2268 Y=5439617.5128 Z=2931123.0431
  LLH:  Lat=27.532050080° Lon=106.070849087° H=1088.1097m
  原始数据:
2025/11/16 10:05:17.000   27.532050080  106.070849087  1088.1097   2  22   0.0114   0.0203   0.0167  -0.0031   0.0072  -0.0023   0.00    1.1 8525770

[TCP数据流] 2025/11/16 18:05:01 - 浮点解 (29颗卫星)
  ECEF: X=-1567067.2281 Y=5439617.5188 Z=2931123.0511
  LLH:  Lat=27.532050118° Lon=106.070849083° H=1088.1188m
  原始数据:
2025/11/16 10:05:19.000   27.532050118  106.070849083  1088.1188   2  29   0.0113   0.0202   0.0166  -0.0031   0.0072  -0.0022   0.00    1.1 8525770

[TCP数据流] 2025/11/16 18:05:02 - 浮点解 (29颗卫星)
  ECEF: X=-1567067.2288 Y=5439617.5238 Z=2931123.0583
  LLH:  Lat=27.532050155° Lon=106.070849076° H=1088.1266m
  原始数据:
2025/11/16 10:05:20.000   27.532050155  106.070849076  1088.1266   2  29   0.0112   0.0200   0.0164  -0.0030   0.0072  -0.0021   0.00    1.0 8525770

[TCP数据流] 2025/11/16 18:05:03 - 浮点解 (23颗卫星)
  ECEF: X=-1567067.2311 Y=5439617.5265 Z=2931123.0632
  LLH:  Lat=27.532050181° Lon=106.070849091° H=1088.1317m
  原始数据:
2025/11/16 10:05:21.000   27.532050181  106.070849091  1088.1317   2  23   0.0112   0.0199   0.0164  -0.0031   0.0072  -0.0022   1.00    1.1 8525770

[TCP数据流] 2025/11/16 18:05:04 - 浮点解 (22颗卫星)
  ECEF: X=-1567067.2311 Y=5439617.5287 Z=2931123.0669
  LLH:  Lat=27.532050202° Lon=106.070849085° H=1088.1353m
  原始数据:
2025/11/16 10:05:22.000   27.532050202  106.070849085  1088.1353   2  22   0.0111   0.0198   0.0163  -0.0031   0.0072  -0.0022   2.00    1.7 8525770

[TCP数据流] 2025/11/16 18:05:05 - 浮点解 (29颗卫星)
  ECEF: X=-1567067.2320 Y=5439617.5298 Z=2931123.0684
  LLH:  Lat=27.532050208° Lon=106.070849090° H=1088.1371m
  原始数据:
2025/11/16 10:05:23.000   27.532050208  106.070849090  1088.1371   2  29   0.0110   0.0197   0.0162  -0.0030   0.0072  -0.0021   3.00    1.2 8525770

[TCP数据流] 2025/11/16 18:05:07 - 浮点解 (29颗卫星)
  ECEF: X=-1567067.2324 Y=5439617.5291 Z=2931123.0683
  LLH:  Lat=27.532050210° Lon=106.070849096° H=1088.1366m
  原始数据:
2025/11/16 10:05:25.000   27.532050210  106.070849096  1088.1366   2  29   0.0110   0.0197   0.0161  -0.0030   0.0072  -0.0021   5.00    1.1 8525770

[TCP数据流] 2025/11/16 18:05:08 - 浮点解 (22颗卫星)
  ECEF: X=-1567067.2321 Y=5439617.5282 Z=2931123.0673
  LLH:  Lat=27.532050206° Lon=106.070849096° H=1088.1353m
  原始数据:
2025/11/16 10:05:26.000   27.532050206  106.070849096  1088.1353   2  22   0.0109   0.0196   0.0161  -0.0030   0.0072  -0.0020   6.00    1.1 8525770

[TCP数据流] 2025/11/16 18:05:09 - 浮点解 (22颗卫星)
  ECEF: X=-1567067.2315 Y=5439617.5273 Z=2931123.0660
  LLH:  Lat=27.532050200° Lon=106.070849092° H=1088.1338m
  原始数据:
2025/11/16 10:05:27.000   27.532050200  106.070849092  1088.1338   2  22   0.0109   0.0196   0.0160  -0.0030   0.0072  -0.0020   7.00    1.0 8525770

[TCP数据流] 2025/11/16 18:05:11 - 浮点解 (29颗卫星)
  ECEF: X=-1567067.2307 Y=5439617.5259 Z=2931123.0641
  LLH:  Lat=27.532050191° Lon=106.070849089° H=1088.1315m
  原始数据:
2025/11/16 10:05:29.000   27.532050191  106.070849089  1088.1315   2  29   0.0109   0.0195   0.0160  -0.0030   0.0072  -0.0020   9.00    1.1 8525770

[TCP数据流] 2025/11/16 18:05:12 - 浮点解 (29颗卫星)
  ECEF: X=-1567067.2303 Y=5439617.5242 Z=2931123.0620
  LLH:  Lat=27.532050181° Lon=106.070849089° H=1088.1290m
  原始数据:
2025/11/16 10:05:30.000   27.532050181  106.070849089  1088.1290   2  29   0.0108   0.0195   0.0160  -0.0030   0.0072  -0.0020  10.00    1.2 8525770

[TCP数据流] 2025/11/16 18:05:14 - 浮点解 (29颗卫星)
  ECEF: X=-1567067.2319 Y=5439617.5286 Z=2931123.0668
  LLH:  Lat=27.532050200° Lon=106.070849093° H=1088.1354m
  原始数据:
2025/11/16 10:05:32.000   27.532050200  106.070849093  1088.1354   2  29   0.0107   0.0194   0.0158  -0.0030   0.0072  -0.0019   1.00    1.2 8525770

[TCP数据流] 2025/11/16 18:05:15 - 浮点解 (22颗卫星)
  ECEF: X=-1567067.2329 Y=5439617.5320 Z=2931123.0711
  LLH:  Lat=27.532050220° Lon=106.070849093° H=1088.1405m
  原始数据:
2025/11/16 10:05:33.000   27.532050220  106.070849093  1088.1405   2  22   0.0107   0.0193   0.0157  -0.0030   0.0072  -0.0018   1.00    1.1 8525770

[TCP数据流] 2025/11/16 18:05:16 - 浮点解 (29颗卫星)
  ECEF: X=-1567067.2341 Y=5439617.5341 Z=2931123.0741
  LLH:  Lat=27.532050234° Lon=106.070849099° H=1088.1440m
  原始数据:
2025/11/16 10:05:34.000   27.532050234  106.070849099  1088.1440   2  29   0.0106   0.0192   0.0156  -0.0029   0.0072  -0.0018   2.00    1.2 8525770

[TCP数据流] 2025/11/16 18:05:17 - 浮点解 (16颗卫星)
  ECEF: X=-1567067.2340 Y=5439617.5343 Z=2931123.0741
  LLH:  Lat=27.532050233° Lon=106.070849097° H=1088.1441m
  原始数据:
2025/11/16 10:05:35.000   27.532050233  106.070849097  1088.1441   2  16   0.0106   0.0192   0.0156  -0.0029   0.0072  -0.0018   3.00    1.4 8525770

[TCP数据流] 2025/11/16 18:05:18 - 浮点解 (22颗卫星)
  ECEF: X=-1567067.2345 Y=5439617.5350 Z=2931123.0750
  LLH:  Lat=27.532050237° Lon=106.070849100° H=1088.1452m
  原始数据:
2025/11/16 10:05:36.000   27.532050237  106.070849100  1088.1452   2  22   0.0105   0.0191   0.0156  -0.0029   0.0072  -0.0017   4.00    1.1 8525770

[TCP数据流] 2025/11/16 18:05:19 - 浮点解 (29颗卫星)
  ECEF: X=-1567067.2350 Y=5439617.5350 Z=2931123.0750
  LLH:  Lat=27.532050237° Lon=106.070849105° H=1088.1454m
  原始数据:
2025/11/16 10:05:37.000   27.532050237  106.070849105  1088.1454   2  29   0.0105   0.0191   0.0155  -0.0029   0.0072  -0.0017   5.00    1.3 8525770

[TCP数据流] 2025/11/16 18:05:20 - 浮点解 (22颗卫星)
  ECEF: X=-1567067.2353 Y=5439617.5348 Z=2931123.0745
  LLH:  Lat=27.532050233° Lon=106.070849108° H=1088.1450m
  原始数据:
2025/11/16 10:05:38.000   27.532050233  106.070849108  1088.1450   2  22   0.0105   0.0190   0.0155  -0.0029   0.0072  -0.0017   6.00    1.3 8525770

[TCP数据流] 2025/11/16 18:05:21 - 浮点解 (22颗卫星)
  ECEF: X=-1567067.2356 Y=5439617.5343 Z=2931123.0737
  LLH:  Lat=27.532050228° Lon=106.070849113° H=1088.1443m
  原始数据:
2025/11/16 10:05:39.000   27.532050228  106.070849113  1088.1443   2  22   0.0104   0.0190   0.0154  -0.0029   0.0072  -0.0017   7.00    1.3 8525770

[TCP数据流] 2025/11/16 18:05:23 - 浮点解 (16颗卫星)
  ECEF: X=-1567067.2353 Y=5439617.5340 Z=2931123.0733
  LLH:  Lat=27.532050227° Lon=106.070849111° H=1088.1438m
  原始数据:
2025/11/16 10:05:41.000   27.532050227  106.070849111  1088.1438   2  16   0.0104   0.0190   0.0154  -0.0029   0.0072  -0.0017   9.00    1.1 8525770

[TCP数据流] 2025/11/16 18:05:26 - 浮点解 (29颗卫星)
  ECEF: X=-1567067.2348 Y=5439617.5329 Z=2931123.0718
  LLH:  Lat=27.532050220° Lon=106.070849109° H=1088.1421m
  原始数据:
2025/11/16 10:05:44.000   27.532050220  106.070849109  1088.1421   2  29   0.0104   0.0190   0.0154  -0.0029   0.0072  -0.0017  12.00    1.2 8525770

[TCP数据流] 2025/11/16 18:05:27 - 浮点解 (22颗卫星)
  ECEF: X=-1567067.2346 Y=5439617.5324 Z=2931123.0712
  LLH:  Lat=27.532050217° Lon=106.070849108° H=1088.1413m
  原始数据:
2025/11/16 10:05:45.000   27.532050217  106.070849108  1088.1413   2  22   0.0104   0.0190   0.0154  -0.0029   0.0072  -0.0016  13.00    1.3 8525770

[TCP数据流] 2025/11/16 18:05:28 - 浮点解 (23颗卫星)
  ECEF: X=-1567067.2337 Y=5439617.5315 Z=2931123.0699
  LLH:  Lat=27.532050211° Lon=106.070849102° H=1088.1397m
  原始数据:
2025/11/16 10:05:46.000   27.532050211  106.070849102  1088.1397   2  23   0.0104   0.0189   0.0154  -0.0029   0.0072  -0.0017  14.00    1.4 8525770

[TCP数据流] 2025/11/16 18:05:31 - 浮点解 (22颗卫星)
  ECEF: X=-1567067.2332 Y=5439617.5307 Z=2931123.0686
  LLH:  Lat=27.532050205° Lon=106.070849099° H=1088.1383m
  原始数据:
2025/11/16 10:05:49.000   27.532050205  106.070849099  1088.1383   2  22   0.0104   0.0189   0.0154  -0.0029   0.0072  -0.0017  17.00    1.5 8525770

[TCP数据流] 2025/11/16 18:05:32 - 浮点解 (22颗卫星)
  ECEF: X=-1567067.2329 Y=5439617.5298 Z=2931123.0672
  LLH:  Lat=27.532050198° Lon=106.070849099° H=1088.1368m
  原始数据:
2025/11/16 10:05:50.000   27.532050198  106.070849099  1088.1368   2  22   0.0104   0.0189   0.0154  -0.0029   0.0072  -0.0017  18.00    1.4 8525770

[TCP数据流] 2025/11/16 18:05:33 - 浮点解 (29颗卫星)
  ECEF: X=-1567067.2325 Y=5439617.5287 Z=2931123.0657
  LLH:  Lat=27.532050190° Lon=106.070849098° H=1088.1351m
  原始数据:
2025/11/16 10:05:51.000   27.532050190  106.070849098  1088.1351   2  29   0.0104   0.0189   0.0154  -0.0029   0.0072  -0.0017  19.00    1.2 8525770

[TCP数据流] 2025/11/16 18:05:34 - 浮点解 (16颗卫星)
  ECEF: X=-1567067.2322 Y=5439617.5282 Z=2931123.0647
  LLH:  Lat=27.532050185° Lon=106.070849097° H=1088.1341m
  原始数据:
2025/11/16 10:05:52.000   27.532050185  106.070849097  1088.1341   2  16   0.0104   0.0189   0.0154  -0.0029   0.0072  -0.0017  20.00    1.5 8525770

[TCP数据流] 2025/11/16 18:05:35 - 浮点解 (29颗卫星)
  ECEF: X=-1567067.2317 Y=5439617.5271 Z=2931123.0633
  LLH:  Lat=27.532050179° Lon=106.070849095° H=1088.1324m
  原始数据:
2025/11/16 10:05:53.000   27.532050179  106.070849095  1088.1324   2  29   0.0104   0.0189   0.0154  -0.0029   0.0072  -0.0017  21.00    1.0 8525770

[TCP数据流] 2025/11/16 18:05:36 - 浮点解 (29颗卫星)
  ECEF: X=-1567067.2314 Y=5439617.5260 Z=2931123.0619
  LLH:  Lat=27.532050172° Lon=106.070849095° H=1088.1307m
  原始数据:
2025/11/16 10:05:54.000   27.532050172  106.070849095  1088.1307   2  29   0.0104   0.0189   0.0153  -0.0029   0.0072  -0.0017  22.00    1.3 8525770

[TCP数据流] 2025/11/16 18:05:37 - 浮点解 (29颗卫星)
  ECEF: X=-1567067.2312 Y=5439617.5248 Z=2931123.0604
  LLH:  Lat=27.532050165° Lon=106.070849096° H=1088.1290m
  原始数据:
2025/11/16 10:05:55.000   27.532050165  106.070849096  1088.1290   2  29   0.0104   0.0188   0.0153  -0.0029   0.0072  -0.0017  23.00    1.1 8525770

[TCP数据流] 2025/11/16 18:05:38 - 浮点解 (29颗卫星)
  ECEF: X=-1567067.2306 Y=5439617.5238 Z=2931123.0591
  LLH:  Lat=27.532050159° Lon=106.070849093° H=1088.1274m
  原始数据:
2025/11/16 10:05:56.000   27.532050159  106.070849093  1088.1274   2  29   0.0104   0.0188   0.0153  -0.0029   0.0072  -0.0017  24.00    1.0 8525770

[TCP数据流] 2025/11/16 18:05:39 - 浮点解 (29颗卫星)
  ECEF: X=-1567067.2300 Y=5439617.5229 Z=2931123.0577
  LLH:  Lat=27.532050153° Lon=106.070849090° H=1088.1258m
  原始数据:
2025/11/16 10:05:57.000   27.532050153  106.070849090  1088.1258   2  29   0.0104   0.0188   0.0153  -0.0029   0.0072  -0.0017  25.00    1.0 8525770

[TCP数据流] 2025/11/16 18:05:40 - 浮点解 (29颗卫星)
  ECEF: X=-1567067.2295 Y=5439617.5219 Z=2931123.0564
  LLH:  Lat=27.532050147° Lon=106.070849088° H=1088.1243m
  原始数据:
2025/11/16 10:05:58.000   27.532050147  106.070849088  1088.1243   2  29   0.0104   0.0188   0.0153  -0.0029   0.0072  -0.0017  26.00    1.0 8525770

[TCP数据流] 2025/11/16 18:05:41 - 浮点解 (29颗卫星)
  ECEF: X=-1567067.2289 Y=5439617.5211 Z=2931123.0551
  LLH:  Lat=27.532050140° Lon=106.070849085° H=1088.1228m
  原始数据:
2025/11/16 10:05:59.000   27.532050140  106.070849085  1088.1228   2  29   0.0104   0.0188   0.0153  -0.0029   0.0072  -0.0017  27.00    1.0 8525770

[TCP数据流] 2025/11/16 18:05:42 - 浮点解 (29颗卫星)
  ECEF: X=-1567067.2284 Y=5439617.5203 Z=2931123.0538
  LLH:  Lat=27.532050134° Lon=106.070849082° H=1088.1214m
  原始数据:
2025/11/16 10:06:00.000   27.532050134  106.070849082  1088.1214   2  29   0.0104   0.0188   0.0153  -0.0029   0.0072  -0.0017  28.00    1.0 8525770

[TCP数据流] 2025/11/16 18:05:43 - 浮点解 (29颗卫星)
  ECEF: X=-1567067.2277 Y=5439617.5194 Z=2931123.0525
  LLH:  Lat=27.532050128° Lon=106.070849078° H=1088.1199m
  原始数据:
2025/11/16 10:06:01.000   27.532050128  106.070849078  1088.1199   2  29   0.0104   0.0188   0.0153  -0.0029   0.0072  -0.0017  29.00    1.0 8525770

[TCP数据流] 2025/11/16 18:05:44 - 浮点解 (29颗卫星)
  ECEF: X=-1567067.2272 Y=5439617.5185 Z=2931123.0514
  LLH:  Lat=27.532050123° Lon=106.070849075° H=1088.1185m
  原始数据:
2025/11/16 10:06:02.000   27.532050123  106.070849075  1088.1185   2  29   0.0103   0.0188   0.0153  -0.0029   0.0071  -0.0017  30.00    1.0 8525770

[TCP数据流] 2025/11/16 18:06:26 - 浮点解 (16颗卫星)
  ECEF: X=-1567067.2274 Y=5439617.5192 Z=2931123.0519
  LLH:  Lat=27.532050124° Lon=106.070849075° H=1088.1194m
  原始数据:
2025/11/16 10:06:44.000   27.532050124  106.070849075  1088.1194   2  16   0.0103   0.0188   0.0153  -0.0029   0.0071  -0.0017   2.00    1.1 8525770

[TCP数据流] 2025/11/16 18:06:27 - 浮点解 (23颗卫星)
  ECEF: X=-1567067.2291 Y=5439617.5209 Z=2931123.0547
  LLH:  Lat=27.532050138° Lon=106.070849087° H=1088.1225m
  原始数据:
2025/11/16 10:06:45.000   27.532050138  106.070849087  1088.1225   2  23   0.0103   0.0187   0.0153  -0.0029   0.0071  -0.0018   3.00    1.0 8525770

[TCP数据流] 2025/11/16 18:06:28 - 浮点解 (15颗卫星)
  ECEF: X=-1567067.2287 Y=5439617.5208 Z=2931123.0544
  LLH:  Lat=27.532050136° Lon=106.070849083° H=1088.1222m
  原始数据:
2025/11/16 10:06:46.000   27.532050136  106.070849083  1088.1222   2  15   0.0103   0.0187   0.0152  -0.0029   0.0071  -0.0017   4.00    1.1 8525770

[TCP数据流] 2025/11/16 18:06:29 - 浮点解 (15颗卫星)
  ECEF: X=-1567067.2283 Y=5439617.5203 Z=2931123.0541
  LLH:  Lat=27.532050136° Lon=106.070849081° H=1088.1215m
  原始数据:
2025/11/16 10:06:47.000   27.532050136  106.070849081  1088.1215   2  15   0.0102   0.0187   0.0152  -0.0028   0.0071  -0.0015   5.00    1.3 8525770

[TCP数据流] 2025/11/16 18:06:30 - 浮点解 (15颗卫星)
  ECEF: X=-1567067.2278 Y=5439617.5198 Z=2931123.0537
  LLH:  Lat=27.532050135° Lon=106.070849077° H=1088.1208m
  原始数据:
2025/11/16 10:06:48.000   27.532050135  106.070849077  1088.1208   2  15   0.0102   0.0186   0.0151  -0.0028   0.0071  -0.0014   6.00    1.3 8525770

[TCP数据流] 2025/11/16 18:06:32 - 浮点解 (15颗卫星)
  ECEF: X=-1567067.2275 Y=5439617.5193 Z=2931123.0533
  LLH:  Lat=27.532050135° Lon=106.070849076° H=1088.1201m
  原始数据:
2025/11/16 10:06:50.000   27.532050135  106.070849076  1088.1201   2  15   0.0102   0.0186   0.0151  -0.0028   0.0072  -0.0013   8.00    1.7 8525770

[TCP数据流] 2025/11/16 18:06:36 - 浮点解 (15颗卫星)
  ECEF: X=-1567067.2269 Y=5439617.5189 Z=2931123.0530
  LLH:  Lat=27.532050134° Lon=106.070849071° H=1088.1195m
  原始数据:
2025/11/16 10:06:54.000   27.532050134  106.070849071  1088.1195   2  15   0.0102   0.0186   0.0151  -0.0028   0.0072  -0.0012  12.00    1.2 8525770

[TCP数据流] 2025/11/16 18:06:37 - 浮点解 (15颗卫星)
  ECEF: X=-1567067.2267 Y=5439617.5184 Z=2931123.0524
  LLH:  Lat=27.532050132° Lon=106.070849071° H=1088.1187m
  原始数据:
2025/11/16 10:06:55.000   27.532050132  106.070849071  1088.1187   2  15   0.0102   0.0186   0.0151  -0.0028   0.0072  -0.0012  13.00    1.7 8525770

[TCP数据流] 2025/11/16 18:06:39 - 浮点解 (16颗卫星)
  ECEF: X=-1567067.2262 Y=5439617.5181 Z=2931123.0520
  LLH:  Lat=27.532050130° Lon=106.070849067° H=1088.1182m
  原始数据:
2025/11/16 10:06:57.000   27.532050130  106.070849067  1088.1182   2  16   0.0102   0.0186   0.0151  -0.0028   0.0072  -0.0012  15.00    1.1 8525770

[TCP数据流] 2025/11/16 18:06:43 - 浮点解 (15颗卫星)
  ECEF: X=-1567067.2258 Y=5439617.5178 Z=2931123.0515
  LLH:  Lat=27.532050128° Lon=106.070849064° H=1088.1176m
  原始数据:
2025/11/16 10:07:01.000   27.532050128  106.070849064  1088.1176   2  15   0.0102   0.0186   0.0151  -0.0027   0.0071  -0.0012  19.00    2.7 8525770

[TCP数据流] 2025/11/16 18:06:44 - 浮点解 (23颗卫星)
  ECEF: X=-1567067.2253 Y=5439617.5170 Z=2931123.0501
  LLH:  Lat=27.532050121° Lon=106.070849061° H=1088.1162m
  原始数据:
2025/11/16 10:07:02.000   27.532050121  106.070849061  1088.1162   2  23   0.0102   0.0186   0.0151  -0.0028   0.0071  -0.0012  20.00    1.1 8525770

[TCP数据流] 2025/11/16 18:06:47 - 浮点解 (16颗卫星)
  ECEF: X=-1567067.2249 Y=5439617.5168 Z=2931123.0497
  LLH:  Lat=27.532050119° Lon=106.070849058° H=1088.1157m
  原始数据:
2025/11/16 10:07:05.000   27.532050119  106.070849058  1088.1157   2  16   0.0102   0.0186   0.0151  -0.0028   0.0071  -0.0012  23.00    1.0 8525770

[TCP数据流] 2025/11/16 18:06:48 - 浮点解 (16颗卫星)
  ECEF: X=-1567067.2244 Y=5439617.5166 Z=2931123.0493
  LLH:  Lat=27.532050117° Lon=106.070849053° H=1088.1152m
  原始数据:
2025/11/16 10:07:06.000   27.532050117  106.070849053  1088.1152   2  16   0.0102   0.0186   0.0151  -0.0028   0.0071  -0.0012  24.00    1.1 8525770

[TCP数据流] 2025/11/16 18:06:49 - 浮点解 (15颗卫星)
  ECEF: X=-1567067.2242 Y=5439617.5162 Z=2931123.0488
  LLH:  Lat=27.532050115° Lon=106.070849052° H=1088.1146m
  原始数据:
2025/11/16 10:07:07.000   27.532050115  106.070849052  1088.1146   2  15   0.0102   0.0186   0.0150  -0.0027   0.0071  -0.0012  25.00    1.3 8525770

[TCP数据流] 2025/11/16 18:06:52 - 浮点解 (23颗卫星)
  ECEF: X=-1567067.2238 Y=5439617.5154 Z=2931123.0476
  LLH:  Lat=27.532050109° Lon=106.070849051° H=1088.1133m
  原始数据:
2025/11/16 10:07:10.000   27.532050109  106.070849051  1088.1133   2  23   0.0102   0.0186   0.0150  -0.0027   0.0071  -0.0012  28.00    1.1 8525770

[TCP数据流] 2025/11/16 18:06:54 - 浮点解 (22颗卫星)
  ECEF: X=-1567067.2238 Y=5439617.5146 Z=2931123.0464
  LLH:  Lat=27.532050103° Lon=106.070849053° H=1088.1120m
  原始数据:
2025/11/16 10:07:12.000   27.532050103  106.070849053  1088.1120   2  22   0.0102   0.0186   0.0150  -0.0027   0.0071  -0.0012  30.00    1.0 8525770

[TCP数据流] 2025/11/16 18:11:37 - 浮点解 (22颗卫星)
  ECEF: X=-1567067.2308 Y=5439617.5212 Z=2931123.0509
  LLH:  Lat=27.532050104° Lon=106.070849103° H=1088.1215m
  原始数据:
2025/11/16 10:11:55.000   27.532050104  106.070849103  1088.1215   2  22   0.0099   0.0185   0.0147  -0.0024   0.0071   0.0008   2.00    1.1 8525770

[TCP数据流] 2025/11/16 18:11:38 - 浮点解 (16颗卫星)
  ECEF: X=-1567067.2307 Y=5439617.5212 Z=2931123.0505
  LLH:  Lat=27.532050101° Lon=106.070849102° H=1088.1212m
  原始数据:
2025/11/16 10:11:56.000   27.532050101  106.070849102  1088.1212   2  16   0.0099   0.0185   0.0147  -0.0024   0.0071   0.0008   3.00    0.0 8525770

[TCP数据流] 2025/11/16 18:11:39 - 浮点解 (16颗卫星)
  ECEF: X=-1567067.2320 Y=5439617.5224 Z=2931123.0513
  LLH:  Lat=27.532050101° Lon=106.070849111° H=1088.1229m
  原始数据:
2025/11/16 10:11:57.000   27.532050101  106.070849111  1088.1229   2  16   0.0099   0.0184   0.0146  -0.0024   0.0071   0.0007   4.00    1.0 8525770

[TCP数据流] 2025/11/16 18:11:41 - 浮点解 (22颗卫星)
  ECEF: X=-1567067.2328 Y=5439617.5205 Z=2931123.0492
  LLH:  Lat=27.532050091° Lon=106.070849124° H=1088.1206m
  原始数据:
2025/11/16 10:11:59.000   27.532050091  106.070849124  1088.1206   2  22   0.0098   0.0184   0.0145  -0.0023   0.0071   0.0013   6.00    2.0 8525770

[TCP数据流] 2025/11/16 18:11:42 - 浮点解 (29颗卫星)
  ECEF: X=-1567067.2336 Y=5439617.5197 Z=2931123.0474
  LLH:  Lat=27.532050079° Lon=106.070849134° H=1088.1192m
  原始数据:
2025/11/16 10:12:00.000   27.532050079  106.070849134  1088.1192   2  29   0.0098   0.0184   0.0144  -0.0022   0.0071   0.0016   7.00    1.1 8525770

[TCP数据流] 2025/11/16 18:11:44 - 浮点解 (22颗卫星)
  ECEF: X=-1567067.2341 Y=5439617.5179 Z=2931123.0456
  LLH:  Lat=27.532050071° Lon=106.070849144° H=1088.1170m
  原始数据:
2025/11/16 10:12:02.000   27.532050071  106.070849144  1088.1170   2  22   0.0097   0.0184   0.0143  -0.0022   0.0071   0.0017   9.00    1.0 8525770

[TCP数据流] 2025/11/16 18:11:45 - 浮点解 (23颗卫星)
  ECEF: X=-1567067.2340 Y=5439617.5176 Z=2931123.0449
  LLH:  Lat=27.532050067° Lon=106.070849144° H=1088.1164m
  原始数据:
2025/11/16 10:12:03.000   27.532050067  106.070849144  1088.1164   2  23   0.0097   0.0184   0.0143  -0.0022   0.0071   0.0017  10.00    1.3 8525770

[TCP数据流] 2025/11/16 18:11:47 - 浮点解 (23颗卫星)
  ECEF: X=-1567067.2338 Y=5439617.5172 Z=2931123.0442
  LLH:  Lat=27.532050063° Lon=106.070849143° H=1088.1157m
  原始数据:
2025/11/16 10:12:05.000   27.532050063  106.070849143  1088.1157   2  23   0.0097   0.0184   0.0143  -0.0022   0.0071   0.0017  12.00    1.1 8525770

[TCP数据流] 2025/11/16 18:11:50 - 浮点解 (29颗卫星)
  ECEF: X=-1567067.2339 Y=5439617.5160 Z=2931123.0427
  LLH:  Lat=27.532050056° Lon=106.070849147° H=1088.1140m
  原始数据:
2025/11/16 10:12:08.000   27.532050056  106.070849147  1088.1140   2  29   0.0097   0.0184   0.0143  -0.0022   0.0071   0.0018  15.00    1.1 8525770

[TCP数据流] 2025/11/16 18:11:51 - 浮点解 (29颗卫星)
  ECEF: X=-1567067.2338 Y=5439617.5149 Z=2931123.0413
  LLH:  Lat=27.532050049° Lon=106.070849149° H=1088.1124m
  原始数据:
2025/11/16 10:12:09.000   27.532050049  106.070849149  1088.1124   2  29   0.0097   0.0184   0.0143  -0.0021   0.0071   0.0018  16.00    1.0 8525770

[TCP数据流] 2025/11/16 18:11:52 - 浮点解 (29颗卫星)
  ECEF: X=-1567067.2336 Y=5439617.5139 Z=2931123.0399
  LLH:  Lat=27.532050042° Lon=106.070849150° H=1088.1108m
  原始数据:
2025/11/16 10:12:10.000   27.532050042  106.070849150  1088.1108   2  29   0.0097   0.0183   0.0142  -0.0021   0.0071   0.0019  17.00    1.1 8525770

[TCP数据流] 2025/11/16 18:11:53 - 浮点解 (16颗卫星)
  ECEF: X=-1567067.2338 Y=5439617.5137 Z=2931123.0396
  LLH:  Lat=27.532050040° Lon=106.070849153° H=1088.1106m
  原始数据:
2025/11/16 10:12:11.000   27.532050040  106.070849153  1088.1106   2  16   0.0097   0.0183   0.0142  -0.0021   0.0071   0.0019  18.00    1.2 8525770

[TCP数据流] 2025/11/16 18:11:54 - 浮点解 (22颗卫星)
  ECEF: X=-1567067.2333 Y=5439617.5128 Z=2931123.0383
  LLH:  Lat=27.532050034° Lon=106.070849151° H=1088.1091m
  原始数据:
2025/11/16 10:12:12.000   27.532050034  106.070849151  1088.1091   2  22   0.0097   0.0183   0.0142  -0.0021   0.0071   0.0019  19.00    1.0 8525770

[TCP数据流] 2025/11/16 18:11:55 - 浮点解 (23颗卫星)
  ECEF: X=-1567067.2331 Y=5439617.5126 Z=2931123.0376
  LLH:  Lat=27.532050030° Lon=106.070849149° H=1088.1085m
  原始数据:
2025/11/16 10:12:13.000   27.532050030  106.070849149  1088.1085   2  23   0.0097   0.0183   0.0142  -0.0021   0.0071   0.0019  20.00    1.0 8525770

[TCP数据流] 2025/11/16 18:11:56 - 浮点解 (22颗卫星)
  ECEF: X=-1567067.2326 Y=5439617.5117 Z=2931123.0366
  LLH:  Lat=27.532050025° Lon=106.070849147° H=1088.1072m
  原始数据:
2025/11/16 10:12:14.000   27.532050025  106.070849147  1088.1072   2  22   0.0097   0.0183   0.0142  -0.0021   0.0071   0.0019  21.00    1.0 8525770

[TCP数据流] 2025/11/16 18:11:57 - 浮点解 (29颗卫星)
  ECEF: X=-1567067.2324 Y=5439617.5109 Z=2931123.0352
  LLH:  Lat=27.532050018° Lon=106.070849147° H=1088.1058m
  原始数据:
2025/11/16 10:12:15.000   27.532050018  106.070849147  1088.1058   2  29   0.0097   0.0183   0.0142  -0.0021   0.0071   0.0019  22.00    1.0 8525770

[TCP数据流] 2025/11/16 18:11:58 - 浮点解 (23颗卫星)
  ECEF: X=-1567067.2317 Y=5439617.5107 Z=2931123.0345
  LLH:  Lat=27.532050014° Lon=106.070849141° H=1088.1051m
  原始数据:
2025/11/16 10:12:16.000   27.532050014  106.070849141  1088.1051   2  23   0.0097   0.0183   0.0142  -0.0021   0.0071   0.0019  23.00    1.0 8525770

[TCP数据流] 2025/11/16 18:12:00 - 浮点解 (22颗卫星)
  ECEF: X=-1567067.2319 Y=5439617.5101 Z=2931123.0339
  LLH:  Lat=27.532050011° Lon=106.070849144° H=1088.1044m
  原始数据:
2025/11/16 10:12:18.000   27.532050011  106.070849144  1088.1044   2  22   0.0097   0.0183   0.0142  -0.0021   0.0071   0.0020  25.00    1.1 8525770

[TCP数据流] 2025/11/16 18:12:03 - 浮点解 (29颗卫星)
  ECEF: X=-1567067.2317 Y=5439617.5093 Z=2931123.0328
  LLH:  Lat=27.532050006° Lon=106.070849145° H=1088.1032m
  原始数据:
2025/11/16 10:12:21.000   27.532050006  106.070849145  1088.1032   2  29   0.0096   0.0183   0.0142  -0.0021   0.0071   0.0020  28.00    1.1 8525770

[TCP数据流] 2025/11/16 18:12:04 - 浮点解 (22颗卫星)
  ECEF: X=-1567067.2317 Y=5439617.5088 Z=2931123.0322
  LLH:  Lat=27.532050003° Lon=106.070849146° H=1088.1025m
  原始数据:
2025/11/16 10:12:22.000   27.532050003  106.070849146  1088.1025   2  22   0.0096   0.0183   0.0141  -0.0020   0.0071   0.0020  29.00    1.1 8525770

[TCP数据流] 2025/11/16 18:12:05 - 浮点解 (29颗卫星)
  ECEF: X=-1567067.2316 Y=5439617.5080 Z=2931123.0312
  LLH:  Lat=27.532049998° Lon=106.070849147° H=1088.1013m
  原始数据:
2025/11/16 10:12:23.000   27.532049998  106.070849147  1088.1013   2  29   0.0096   0.0183   0.0141  -0.0020   0.0071   0.0020  30.00    1.0 8525770

[TCP数据流] 2025/11/16 18:12:47 - 浮点解 (28颗卫星)
  ECEF: X=-1567067.2389 Y=5439617.5137 Z=2931123.0358
  LLH:  Lat=27.532050004° Lon=106.070849202° H=1088.1101m
  原始数据:
2025/11/16 10:13:05.000   27.532050004  106.070849202  1088.1101   2  28   0.0091   0.0181   0.0133  -0.0007   0.0073   0.0031   1.00    1.0 8525770

[TCP数据流] 2025/11/16 18:12:48 - 浮点解 (28颗卫星)
  ECEF: X=-1567067.2408 Y=5439617.5137 Z=2931123.0364
  LLH:  Lat=27.532050007° Lon=106.070849221° H=1088.1108m
  原始数据:
2025/11/16 10:13:06.000   27.532050007  106.070849221  1088.1108   2  28   0.0090   0.0181   0.0131   0.0006   0.0073   0.0033   2.00    1.1 8525770

[TCP数据流] 2025/11/16 18:12:49 - 浮点解 (28颗卫星)
  ECEF: X=-1567067.2421 Y=5439617.5131 Z=2931123.0362
  LLH:  Lat=27.532050006° Lon=106.070849235° H=1088.1105m
  原始数据:
2025/11/16 10:13:07.000   27.532050006  106.070849235  1088.1105   2  28   0.0089   0.0180   0.0129   0.0010   0.0073   0.0034   3.00    1.1 8525770

[TCP数据流] 2025/11/16 18:12:50 - 浮点解 (28颗卫星)
  ECEF: X=-1567067.2429 Y=5439617.5118 Z=2931123.0358
  LLH:  Lat=27.532050007° Lon=106.070849247° H=1088.1094m
  原始数据:
2025/11/16 10:13:08.000   27.532050007  106.070849247  1088.1094   2  28   0.0088   0.0180   0.0128   0.0012   0.0073   0.0035   4.00    1.1 8525770

[TCP数据流] 2025/11/16 18:12:51 - 浮点解 (28颗卫星)
  ECEF: X=-1567067.2433 Y=5439617.5104 Z=2931123.0353
  LLH:  Lat=27.532050008° Lon=106.070849254° H=1088.1081m
  原始数据:
2025/11/16 10:13:09.000   27.532050008  106.070849254  1088.1081   2  28   0.0087   0.0180   0.0127   0.0014   0.0074   0.0036   5.00    1.1 8525770

[TCP数据流] 2025/11/16 18:12:52 - 浮点解 (28颗卫星)
  ECEF: X=-1567067.2438 Y=5439617.5088 Z=2931123.0346
  LLH:  Lat=27.532050008° Lon=106.070849264° H=1088.1065m
  原始数据:
2025/11/16 10:13:10.000   27.532050008  106.070849264  1088.1065   2  28   0.0087   0.0180   0.0126   0.0015   0.0074   0.0036   6.00    1.1 8525770

[TCP数据流] 2025/11/16 18:12:53 - 浮点解 (28颗卫星)
  ECEF: X=-1567067.2442 Y=5439617.5072 Z=2931123.0336
  LLH:  Lat=27.532050006° Lon=106.070849272° H=1088.1048m
  原始数据:
2025/11/16 10:13:11.000   27.532050006  106.070849272  1088.1048   2  28   0.0086   0.0179   0.0125   0.0016   0.0074   0.0037   7.00    1.1 8525770

[TCP数据流] 2025/11/16 18:12:55 - 浮点解 (28颗卫星)
  ECEF: X=-1567067.2442 Y=5439617.5060 Z=2931123.0326
  LLH:  Lat=27.532050003° Lon=106.070849276° H=1088.1033m
  原始数据:
2025/11/16 10:13:13.000   27.532050003  106.070849276  1088.1033   2  28   0.0086   0.0179   0.0125   0.0016   0.0074   0.0037   9.00    1.1 8525770

[TCP数据流] 2025/11/16 18:12:56 - 浮点解 (28颗卫星)
  ECEF: X=-1567067.2441 Y=5439617.5047 Z=2931123.0317
  LLH:  Lat=27.532050001° Lon=106.070849278° H=1088.1017m
  原始数据:
2025/11/16 10:13:14.000   27.532050001  106.070849278  1088.1017   2  28   0.0086   0.0179   0.0125   0.0016   0.0074   0.0037  10.00    1.1 8525770

[TCP数据流] 2025/11/16 18:12:57 - 浮点解 (28颗卫星)
  ECEF: X=-1567067.2440 Y=5439617.5033 Z=2931123.0306
  LLH:  Lat=27.532049998° Lon=106.070849281° H=1088.1000m
  原始数据:
2025/11/16 10:13:15.000   27.532049998  106.070849281  1088.1000   2  28   0.0086   0.0179   0.0124   0.0017   0.0074   0.0037  11.00    1.1 8525770

[TCP数据流] 2025/11/16 18:12:58 - 浮点解 (22颗卫星)
  ECEF: X=-1567067.2436 Y=5439617.5021 Z=2931123.0297
  LLH:  Lat=27.532049996° Lon=106.070849281° H=1088.0985m
  原始数据:
2025/11/16 10:13:16.000   27.532049996  106.070849281  1088.0985   2  22   0.0086   0.0179   0.0124   0.0017   0.0074   0.0038  12.00    1.1 8525770

[TCP数据流] 2025/11/16 18:12:59 - 浮点解 (29颗卫星)
  ECEF: X=-1567067.2454 Y=5439617.5034 Z=2931123.0313
  LLH:  Lat=27.532050002° Lon=106.070849295° H=1088.1008m
  原始数据:
2025/11/16 10:13:17.000   27.532050002  106.070849295  1088.1008   2  29   0.0085   0.0178   0.0122   0.0019   0.0074   0.0038   0.00    1.0 8525770

[TCP数据流] 2025/11/16 18:13:00 - 浮点解 (29颗卫星)
  ECEF: X=-1567067.2466 Y=5439617.5042 Z=2931123.0322
  LLH:  Lat=27.532050004° Lon=106.070849304° H=1088.1022m
  原始数据:
2025/11/16 10:13:18.000   27.532050004  106.070849304  1088.1022   2  29   0.0083   0.0178   0.0121   0.0021   0.0075   0.0039   1.00    1.1 8525770

[TCP数据流] 2025/11/16 18:13:01 - 浮点解 (29颗卫星)
  ECEF: X=-1567067.2472 Y=5439617.5050 Z=2931123.0329
  LLH:  Lat=27.532050006° Lon=106.070849308° H=1088.1033m
  原始数据:
2025/11/16 10:13:19.000   27.532050006  106.070849308  1088.1033   2  29   0.0083   0.0178   0.0120   0.0022   0.0075   0.0040   2.00    1.0 8525770

[TCP数据流] 2025/11/16 18:13:03 - 浮点解 (29颗卫星)
  ECEF: X=-1567067.2473 Y=5439617.5042 Z=2931123.0329
  LLH:  Lat=27.532050009° Lon=106.070849311° H=1088.1027m
  原始数据:
2025/11/16 10:13:21.000   27.532050009  106.070849311  1088.1027   2  29   0.0082   0.0178   0.0119   0.0023   0.0075   0.0040   4.00    1.0 8525770

[TCP数据流] 2025/11/16 18:13:04 - 浮点解 (28颗卫星)
  ECEF: X=-1567067.2471 Y=5439617.5034 Z=2931123.0328
  LLH:  Lat=27.532050012° Lon=106.070849311° H=1088.1019m
  原始数据:
2025/11/16 10:13:22.000   27.532050012  106.070849311  1088.1019   2  28   0.0082   0.0177   0.0118   0.0023   0.0075   0.0040   5.00    1.0 8525770

[TCP数据流] 2025/11/16 18:13:05 - 浮点解 (28颗卫星)
  ECEF: X=-1567067.2469 Y=5439617.5024 Z=2931123.0323
  LLH:  Lat=27.532050012° Lon=106.070849312° H=1088.1008m
  原始数据:
2025/11/16 10:13:23.000   27.532050012  106.070849312  1088.1008   2  28   0.0081   0.0177   0.0118   0.0024   0.0075   0.0041   6.00    1.1 8525770

[TCP数据流] 2025/11/16 18:13:06 - 浮点解 (28颗卫星)
  ECEF: X=-1567067.2464 Y=5439617.5015 Z=2931123.0317
  LLH:  Lat=27.532050011° Lon=106.070849310° H=1088.0996m
  原始数据:
2025/11/16 10:13:24.000   27.532050011  106.070849310  1088.0996   2  28   0.0081   0.0177   0.0117   0.0024   0.0075   0.0041   7.00    1.1 8525770

[TCP数据流] 2025/11/16 18:13:07 - 浮点解 (28颗卫星)
  ECEF: X=-1567067.2468 Y=5439617.5009 Z=2931123.0311
  LLH:  Lat=27.532050009° Lon=106.070849315° H=1088.0989m
  原始数据:
2025/11/16 10:13:25.000   27.532050009  106.070849315  1088.0989   2  28   0.0081   0.0177   0.0117   0.0024   0.0075   0.0041   8.00    1.1 8525770

[TCP数据流] 2025/11/16 18:13:08 - 浮点解 (28颗卫星)
  ECEF: X=-1567067.2465 Y=5439617.4999 Z=2931123.0304
  LLH:  Lat=27.532050007° Lon=106.070849315° H=1088.0977m
  原始数据:
2025/11/16 10:13:26.000   27.532050007  106.070849315  1088.0977   2  28   0.0081   0.0177   0.0117   0.0025   0.0075   0.0041   9.00    1.1 8525770

[TCP数据流] 2025/11/16 18:13:09 - 浮点解 (28颗卫星)
  ECEF: X=-1567067.2462 Y=5439617.4991 Z=2931123.0298
  LLH:  Lat=27.532050006° Lon=106.070849314° H=1088.0966m
  原始数据:
2025/11/16 10:13:27.000   27.532050006  106.070849314  1088.0966   2  28   0.0081   0.0177   0.0116   0.0025   0.0075   0.0041  10.00    1.1 8525770

[TCP数据流] 2025/11/16 18:13:10 - 浮点解 (28颗卫星)
  ECEF: X=-1567067.2456 Y=5439617.4981 Z=2931123.0291
  LLH:  Lat=27.532050005° Lon=106.070849311° H=1088.0953m
  原始数据:
2025/11/16 10:13:28.000   27.532050005  106.070849311  1088.0953   2  28   0.0080   0.0177   0.0116   0.0025   0.0075   0.0041  11.00    1.1 8525770

[TCP数据流] 2025/11/16 18:13:11 - 浮点解 (28颗卫星)
  ECEF: X=-1567067.2453 Y=5439617.4974 Z=2931123.0284
  LLH:  Lat=27.532050003° Lon=106.070849310° H=1088.0943m
  原始数据:
2025/11/16 10:13:29.000   27.532050003  106.070849310  1088.0943   2  28   0.0080   0.0176   0.0116   0.0025   0.0075   0.0041  12.00    1.1 8525770

[TCP数据流] 2025/11/16 18:13:12 - 浮点解 (28颗卫星)
  ECEF: X=-1567067.2450 Y=5439617.4965 Z=2931123.0277
  LLH:  Lat=27.532050001° Lon=106.070849310° H=1088.0931m
  原始数据:
2025/11/16 10:13:30.000   27.532050001  106.070849310  1088.0931   2  28   0.0080   0.0176   0.0116   0.0025   0.0075   0.0041  13.00    1.1 8525770

[TCP数据流] 2025/11/16 18:13:13 - 浮点解 (28颗卫星)
  ECEF: X=-1567067.2444 Y=5439617.4957 Z=2931123.0270
  LLH:  Lat=27.532049999° Lon=106.070849306° H=1088.0920m
  原始数据:
2025/11/16 10:13:31.000   27.532049999  106.070849306  1088.0920   2  28   0.0080   0.0176   0.0116   0.0025   0.0075   0.0041  14.00    1.1 8525770

[TCP数据流] 2025/11/16 18:13:14 - 浮点解 (28颗卫星)
  ECEF: X=-1567067.2440 Y=5439617.4950 Z=2931123.0263
  LLH:  Lat=27.532049997° Lon=106.070849304° H=1088.0910m
  原始数据:
2025/11/16 10:13:32.000   27.532049997  106.070849304  1088.0910   2  28   0.0080   0.0176   0.0115   0.0025   0.0075   0.0041  15.00    1.1 8525770

[TCP数据流] 2025/11/16 18:13:15 - 浮点解 (28颗卫星)
  ECEF: X=-1567067.2433 Y=5439617.4942 Z=2931123.0257
  LLH:  Lat=27.532049996° Lon=106.070849300° H=1088.0899m
  原始数据:
2025/11/16 10:13:33.000   27.532049996  106.070849300  1088.0899   2  28   0.0080   0.0176   0.0115   0.0025   0.0075   0.0041  16.00    1.1 8525770

[TCP数据流] 2025/11/16 18:13:16 - 浮点解 (28颗卫星)
  ECEF: X=-1567067.2429 Y=5439617.4935 Z=2931123.0250
  LLH:  Lat=27.532049994° Lon=106.070849298° H=1088.0889m
  原始数据:
2025/11/16 10:13:34.000   27.532049994  106.070849298  1088.0889   2  28   0.0080   0.0176   0.0115   0.0025   0.0075   0.0041  17.00    1.1 8525770

[TCP数据流] 2025/11/16 18:13:17 - 浮点解 (28颗卫星)
  ECEF: X=-1567067.2424 Y=5439617.4929 Z=2931123.0245
  LLH:  Lat=27.532049993° Lon=106.070849295° H=1088.0880m
  原始数据:
2025/11/16 10:13:35.000   27.532049993  106.070849295  1088.0880   2  28   0.0080   0.0176   0.0115   0.0026   0.0075   0.0041  18.00    1.1 8525770

[TCP数据流] 2025/11/16 18:13:18 - 浮点解 (28颗卫星)
  ECEF: X=-1567067.2419 Y=5439617.4922 Z=2931123.0239
  LLH:  Lat=27.532049991° Lon=106.070849292° H=1088.0870m
  原始数据:
2025/11/16 10:13:36.000   27.532049991  106.070849292  1088.0870   2  28   0.0080   0.0176   0.0115   0.0026   0.0075   0.0041  19.00    1.1 8525770

[TCP数据流] 2025/11/16 18:13:19 - 浮点解 (22颗卫星)
  ECEF: X=-1567067.2415 Y=5439617.4915 Z=2931123.0232
  LLH:  Lat=27.532049989° Lon=106.070849290° H=1088.0860m
  原始数据:
2025/11/16 10:13:37.000   27.532049989  106.070849290  1088.0860   2  22   0.0080   0.0176   0.0115   0.0026   0.0075   0.0041  20.00    1.1 8525770

[TCP数据流] 2025/11/16 18:13:20 - 浮点解 (28颗卫星)
  ECEF: X=-1567067.2410 Y=5439617.4910 Z=2931123.0226
  LLH:  Lat=27.532049987° Lon=106.070849287° H=1088.0851m
  原始数据:
2025/11/16 10:13:38.000   27.532049987  106.070849287  1088.0851   2  28   0.0080   0.0176   0.0115   0.0026   0.0075   0.0041  21.00    1.1 8525770

[TCP数据流] 2025/11/16 18:13:21 - 浮点解 (28颗卫星)
  ECEF: X=-1567067.2405 Y=5439617.4903 Z=2931123.0219
  LLH:  Lat=27.532049985° Lon=106.070849284° H=1088.0841m
  原始数据:
2025/11/16 10:13:39.000   27.532049985  106.070849284  1088.0841   2  28   0.0080   0.0176   0.0115   0.0026   0.0075   0.0041  22.00    1.1 8525770

[TCP数据流] 2025/11/16 18:13:22 - 浮点解 (28颗卫星)
  ECEF: X=-1567067.2398 Y=5439617.4897 Z=2931123.0213
  LLH:  Lat=27.532049983° Lon=106.070849279° H=1088.0831m
  原始数据:
2025/11/16 10:13:40.000   27.532049983  106.070849279  1088.0831   2  28   0.0080   0.0176   0.0115   0.0026   0.0075   0.0041  23.00    1.1 8525770

[TCP数据流] 2025/11/16 18:13:23 - 浮点解 (28颗卫星)
  ECEF: X=-1567067.2393 Y=5439617.4891 Z=2931123.0207
  LLH:  Lat=27.532049981° Lon=106.070849275° H=1088.0822m
  原始数据:
2025/11/16 10:13:41.000   27.532049981  106.070849275  1088.0822   2  28   0.0080   0.0176   0.0115   0.0026   0.0075   0.0041  24.00    1.1 8525770

[TCP数据流] 2025/11/16 18:13:24 - 浮点解 (28颗卫星)
  ECEF: X=-1567067.2389 Y=5439617.4885 Z=2931123.0200
  LLH:  Lat=27.532049978° Lon=106.070849273° H=1088.0813m
  原始数据:
2025/11/16 10:13:42.000   27.532049978  106.070849273  1088.0813   2  28   0.0080   0.0176   0.0115   0.0026   0.0075   0.0041  25.00    1.1 8525770

[TCP数据流] 2025/11/16 18:13:25 - 浮点解 (28颗卫星)
  ECEF: X=-1567067.2386 Y=5439617.4879 Z=2931123.0195
  LLH:  Lat=27.532049977° Lon=106.070849272° H=1088.0805m
  原始数据:
2025/11/16 10:13:43.000   27.532049977  106.070849272  1088.0805   2  28   0.0080   0.0175   0.0115   0.0026   0.0075   0.0041  26.00    1.0 8525770

[TCP数据流] 2025/11/16 18:13:26 - 浮点解 (28颗卫星)
  ECEF: X=-1567067.2385 Y=5439617.4874 Z=2931123.0189
  LLH:  Lat=27.532049975° Lon=106.070849272° H=1088.0797m
  原始数据:
2025/11/16 10:13:44.000   27.532049975  106.070849272  1088.0797   2  28   0.0079   0.0175   0.0115   0.0026   0.0075   0.0041  27.00    1.0 8525770

[TCP数据流] 2025/11/16 18:13:27 - 浮点解 (28颗卫星)
  ECEF: X=-1567067.2382 Y=5439617.4868 Z=2931123.0184
  LLH:  Lat=27.532049973° Lon=106.070849271° H=1088.0789m
  原始数据:
2025/11/16 10:13:45.000   27.532049973  106.070849271  1088.0789   2  28   0.0079   0.0175   0.0115   0.0026   0.0075   0.0041  28.00    1.0 8525770

[TCP数据流] 2025/11/16 18:13:28 - 浮点解 (28颗卫星)
  ECEF: X=-1567067.2378 Y=5439617.4862 Z=2931123.0177
  LLH:  Lat=27.532049971° Lon=106.070849269° H=1088.0780m
  原始数据:
2025/11/16 10:13:46.000   27.532049971  106.070849269  1088.0780   2  28   0.0079   0.0175   0.0115   0.0026   0.0075   0.0041  29.00    1.0 8525770

[TCP数据流] 2025/11/16 18:13:29 - 浮点解 (28颗卫星)
  ECEF: X=-1567067.2373 Y=5439617.4856 Z=2931123.0170
  LLH:  Lat=27.532049968° Lon=106.070849266° H=1088.0771m
  原始数据:
2025/11/16 10:13:47.000   27.532049968  106.070849266  1088.0771   2  28   0.0079   0.0175   0.0115   0.0026   0.0075   0.0041  30.00    1.0 8525770

[TCP数据流] 2025/11/16 18:13:51 - 浮点解 (28颗卫星)
  ECEF: X=-1567067.2377 Y=5439617.4856 Z=2931123.0208
  LLH:  Lat=27.532049998° Lon=106.070849270° H=1088.0789m
  原始数据:
2025/11/16 10:14:09.000   27.532049998  106.070849270  1088.0789   2  28   0.0076   0.0174   0.0110   0.0030   0.0076   0.0043   7.00    1.2 8525770

[TCP数据流] 2025/11/16 18:13:52 - 浮点解 (28颗卫星)
  ECEF: X=-1567067.2379 Y=5439617.4849 Z=2931123.0201
  LLH:  Lat=27.532049995° Lon=106.070849273° H=1088.0780m
  原始数据:
2025/11/16 10:14:10.000   27.532049995  106.070849273  1088.0780   2  28   0.0076   0.0173   0.0109   0.0030   0.0076   0.0043   8.00    1.2 8525770

[TCP数据流] 2025/11/16 18:13:53 - 浮点解 (22颗卫星)
  ECEF: X=-1567067.2378 Y=5439617.4841 Z=2931123.0193
  LLH:  Lat=27.532049992° Lon=106.070849275° H=1088.0770m
  原始数据:
2025/11/16 10:14:11.000   27.532049992  106.070849275  1088.0770   2  22   0.0076   0.0173   0.0109   0.0030   0.0076   0.0043   9.00    1.1 8525770

[TCP数据流] 2025/11/16 18:13:54 - 浮点解 (29颗卫星)
  ECEF: X=-1567067.2375 Y=5439617.4833 Z=2931123.0184
  LLH:  Lat=27.532049988° Lon=106.070849274° H=1088.0758m
  原始数据:
2025/11/16 10:14:12.000   27.532049988  106.070849274  1088.0758   2  29   0.0075   0.0173   0.0109   0.0030   0.0076   0.0043  10.00    1.2 8525770

[TCP数据流] 2025/11/16 18:13:55 - 浮点解 (29颗卫星)
  ECEF: X=-1567067.2375 Y=5439617.4827 Z=2931123.0176
  LLH:  Lat=27.532049984° Lon=106.070849276° H=1088.0749m
  原始数据:
2025/11/16 10:14:13.000   27.532049984  106.070849276  1088.0749   2  29   0.0075   0.0173   0.0109   0.0030   0.0076   0.0043  11.00    1.2 8525770

[TCP数据流] 2025/11/16 18:13:56 - 浮点解 (29颗卫星)
  ECEF: X=-1567067.2371 Y=5439617.4820 Z=2931123.0167
  LLH:  Lat=27.532049980° Lon=106.070849274° H=1088.0738m
  原始数据:
2025/11/16 10:14:14.000   27.532049980  106.070849274  1088.0738   2  29   0.0075   0.0173   0.0109   0.0030   0.0076   0.0043  12.00    1.0 8525770

[TCP数据流] 2025/11/16 18:13:57 - 浮点解 (29颗卫星)
  ECEF: X=-1567067.2368 Y=5439617.4814 Z=2931123.0158
  LLH:  Lat=27.532049976° Lon=106.070849273° H=1088.0728m
  原始数据:
2025/11/16 10:14:15.000   27.532049976  106.070849273  1088.0728   2  29   0.0075   0.0173   0.0108   0.0030   0.0076   0.0043  13.00    1.0 8525770

[TCP数据流] 2025/11/16 18:13:58 - 浮点解 (29颗卫星)
  ECEF: X=-1567067.2368 Y=5439617.4807 Z=2931123.0150
  LLH:  Lat=27.532049972° Lon=106.070849274° H=1088.0718m
  原始数据:
2025/11/16 10:14:16.000   27.532049972  106.070849274  1088.0718   2  29   0.0075   0.0173   0.0108   0.0030   0.0076   0.0043  14.00    1.0 8525770

[TCP数据流] 2025/11/16 18:13:59 - 浮点解 (28颗卫星)
  ECEF: X=-1567067.2369 Y=5439617.4818 Z=2931123.0169
  LLH:  Lat=27.532049983° Lon=106.070849272° H=1088.0737m
  原始数据:
2025/11/16 10:14:17.000   27.532049983  106.070849272  1088.0737   2  28   0.0074   0.0173   0.0108   0.0031   0.0076   0.0043   0.00    1.2 8525770

[TCP数据流] 2025/11/16 18:14:00 - 浮点解 (29颗卫星)
  ECEF: X=-1567067.2370 Y=5439617.4825 Z=2931123.0187
  LLH:  Lat=27.532049994° Lon=106.070849271° H=1088.0751m
  原始数据:
2025/11/16 10:14:18.000   27.532049994  106.070849271  1088.0751   2  29   0.0074   0.0172   0.0107   0.0031   0.0077   0.0043   1.00    1.1 8525770

[TCP数据流] 2025/11/16 18:14:01 - 浮点解 (22颗卫星)
  ECEF: X=-1567067.2363 Y=5439617.4817 Z=2931123.0183
  LLH:  Lat=27.532049995° Lon=106.070849267° H=1088.0741m
  原始数据:
2025/11/16 10:14:19.000   27.532049995  106.070849267  1088.0741   2  22   0.0073   0.0172   0.0106   0.0032   0.0077   0.0043   2.00    1.1 8525770

[TCP数据流] 2025/11/16 18:14:02 - 浮点解 (29颗卫星)
  ECEF: X=-1567067.2359 Y=5439617.4817 Z=2931123.0186
  LLH:  Lat=27.532049998° Lon=106.070849263° H=1088.0741m
  原始数据:
2025/11/16 10:14:20.000   27.532049998  106.070849263  1088.0741   2  29   0.0073   0.0172   0.0106   0.0032   0.0077   0.0043   3.00    1.0 8525770

[TCP数据流] 2025/11/16 18:14:03 - 浮点解 (29颗卫星)
  ECEF: X=-1567067.2359 Y=5439617.4816 Z=2931123.0186
  LLH:  Lat=27.532049998° Lon=106.070849263° H=1088.0740m
  原始数据:
2025/11/16 10:14:21.000   27.532049998  106.070849263  1088.0740   2  29   0.0073   0.0172   0.0105   0.0032   0.0077   0.0043   4.00    1.0 8525770

[TCP数据流] 2025/11/16 18:14:04 - 浮点解 (29颗卫星)
  ECEF: X=-1567067.2359 Y=5439617.4810 Z=2931123.0181
  LLH:  Lat=27.532049997° Lon=106.070849265° H=1088.0733m
  原始数据:
2025/11/16 10:14:22.000   27.532049997  106.070849265  1088.0733   2  29   0.0072   0.0171   0.0105   0.0033   0.0077   0.0043   5.00    1.0 8525770

[TCP数据流] 2025/11/16 18:14:05 - 浮点解 (29颗卫星)
  ECEF: X=-1567067.2355 Y=5439617.4806 Z=2931123.0175
  LLH:  Lat=27.532049994° Lon=106.070849262° H=1088.0725m
  原始数据:
2025/11/16 10:14:23.000   27.532049994  106.070849262  1088.0725   2  29   0.0072   0.0171   0.0104   0.0033   0.0077   0.0043   6.00    1.0 8525770

[TCP数据流] 2025/11/16 18:14:06 - 浮点解 (29颗卫星)
  ECEF: X=-1567067.2353 Y=5439617.4801 Z=2931123.0167
  LLH:  Lat=27.532049990° Lon=106.070849262° H=1088.0717m
  原始数据:
2025/11/16 10:14:24.000   27.532049990  106.070849262  1088.0717   2  29   0.0072   0.0171   0.0104   0.0033   0.0077   0.0043   7.00    1.0 8525770

[TCP数据流] 2025/11/16 18:14:07 - 浮点解 (29颗卫星)
  ECEF: X=-1567067.2350 Y=5439617.4794 Z=2931123.0158
  LLH:  Lat=27.532049986° Lon=106.070849261° H=1088.0707m
  原始数据:
2025/11/16 10:14:25.000   27.532049986  106.070849261  1088.0707   2  29   0.0072   0.0171   0.0104   0.0033   0.0077   0.0043   8.00    1.3 8525770

[TCP数据流] 2025/11/16 18:14:08 - 浮点解 (29颗卫星)
  ECEF: X=-1567067.2344 Y=5439617.4788 Z=2931123.0150
  LLH:  Lat=27.532049983° Lon=106.070849257° H=1088.0696m
  原始数据:
2025/11/16 10:14:26.000   27.532049983  106.070849257  1088.0696   2  29   0.0072   0.0171   0.0104   0.0033   0.0077   0.0043   9.00    1.0 8525770

[TCP数据流] 2025/11/16 18:14:09 - 浮点解 (29颗卫星)
  ECEF: X=-1567067.2341 Y=5439617.4782 Z=2931123.0142
  LLH:  Lat=27.532049979° Lon=106.070849255° H=1088.0686m
  原始数据:
2025/11/16 10:14:27.000   27.532049979  106.070849255  1088.0686   2  29   0.0072   0.0171   0.0104   0.0033   0.0077   0.0043  10.00    1.0 8525770

[TCP数据流] 2025/11/16 18:14:10 - 浮点解 (29颗卫星)
  ECEF: X=-1567067.2337 Y=5439617.4775 Z=2931123.0134
  LLH:  Lat=27.532049976° Lon=106.070849253° H=1088.0676m
  原始数据:
2025/11/16 10:14:28.000   27.532049976  106.070849253  1088.0676   2  29   0.0072   0.0171   0.0104   0.0033   0.0077   0.0043  11.00    1.0 8525770

[TCP数据流] 2025/11/16 18:14:11 - 浮点解 (29颗卫星)
  ECEF: X=-1567067.2334 Y=5439617.4770 Z=2931123.0126
  LLH:  Lat=27.532049972° Lon=106.070849252° H=1088.0667m
  原始数据:
2025/11/16 10:14:29.000   27.532049972  106.070849252  1088.0667   2  29   0.0072   0.0171   0.0104   0.0033   0.0077   0.0043  12.00    1.1 8525770

[TCP数据流] 2025/11/16 18:14:12 - 浮点解 (29颗卫星)
  ECEF: X=-1567067.2331 Y=5439617.4765 Z=2931123.0120
  LLH:  Lat=27.532049969° Lon=106.070849250° H=1088.0659m
  原始数据:
2025/11/16 10:14:30.000   27.532049969  106.070849250  1088.0659   2  29   0.0071   0.0171   0.0103   0.0033   0.0077   0.0043  13.00    1.1 8525770

[TCP数据流] 2025/11/16 18:14:13 - 浮点解 (29颗卫星)
  ECEF: X=-1567067.2331 Y=5439617.4762 Z=2931123.0114
  LLH:  Lat=27.532049966° Lon=106.070849251° H=1088.0654m
  原始数据:
2025/11/16 10:14:31.000   27.532049966  106.070849251  1088.0654   2  29   0.0071   0.0171   0.0103   0.0033   0.0077   0.0043  14.00    1.0 8525770

[TCP数据流] 2025/11/16 18:14:15 - 浮点解 (29颗卫星)
  ECEF: X=-1567067.2331 Y=5439617.4757 Z=2931123.0110
  LLH:  Lat=27.532049964° Lon=106.070849252° H=1088.0648m
  原始数据:
2025/11/16 10:14:33.000   27.532049964  106.070849252  1088.0648   2  29   0.0071   0.0171   0.0103   0.0033   0.0077   0.0043  16.00    1.0 8525770

[TCP数据流] 2025/11/16 18:14:16 - 浮点解 (22颗卫星)
  ECEF: X=-1567067.2332 Y=5439617.4753 Z=2931123.0105
  LLH:  Lat=27.532049962° Lon=106.070849255° H=1088.0643m
  原始数据:
2025/11/16 10:14:34.000   27.532049962  106.070849255  1088.0643   2  22   0.0071   0.0170   0.0103   0.0033   0.0077   0.0043  17.00    1.1 8525770

[TCP数据流] 2025/11/16 18:14:18 - 浮点解 (29颗卫星)
  ECEF: X=-1567067.2332 Y=5439617.4751 Z=2931123.0101
  LLH:  Lat=27.532049960° Lon=106.070849255° H=1088.0639m
  原始数据:
2025/11/16 10:14:36.000   27.532049960  106.070849255  1088.0639   2  29   0.0071   0.0170   0.0103   0.0033   0.0077   0.0043  19.00    1.0 8525770

[TCP数据流] 2025/11/16 18:14:19 - 浮点解 (29颗卫星)
  ECEF: X=-1567067.2326 Y=5439617.4749 Z=2931123.0096
  LLH:  Lat=27.532049957° Lon=106.070849250° H=1088.0633m
  原始数据:
2025/11/16 10:14:37.000   27.532049957  106.070849250  1088.0633   2  29   0.0071   0.0170   0.0103   0.0033   0.0077   0.0043  20.00    1.0 8525770

[TCP数据流] 2025/11/16 18:14:20 - 浮点解 (29颗卫星)
  ECEF: X=-1567067.2321 Y=5439617.4746 Z=2931123.0091
  LLH:  Lat=27.532049955° Lon=106.070849246° H=1088.0627m
  原始数据:
2025/11/16 10:14:38.000   27.532049955  106.070849246  1088.0627   2  29   0.0071   0.0170   0.0103   0.0033   0.0077   0.0043  21.00    1.0 8525770

[TCP数据流] 2025/11/16 18:14:21 - 浮点解 (29颗卫星)
  ECEF: X=-1567067.2317 Y=5439617.4744 Z=2931123.0086
  LLH:  Lat=27.532049952° Lon=106.070849243° H=1088.0622m
  原始数据:
2025/11/16 10:14:39.000   27.532049952  106.070849243  1088.0622   2  29   0.0071   0.0170   0.0103   0.0033   0.0077   0.0043  22.00    1.0 8525770

[TCP数据流] 2025/11/16 18:14:22 - 浮点解 (29颗卫星)
  ECEF: X=-1567067.2313 Y=5439617.4741 Z=2931123.0081
  LLH:  Lat=27.532049950° Lon=106.070849239° H=1088.0617m
  原始数据:
2025/11/16 10:14:40.000   27.532049950  106.070849239  1088.0617   2  29   0.0071   0.0170   0.0103   0.0033   0.0077   0.0043  23.00    1.0 8525770

[TCP数据流] 2025/11/16 18:14:23 - 浮点解 (29颗卫星)
  ECEF: X=-1567067.2308 Y=5439617.4739 Z=2931123.0077
  LLH:  Lat=27.532049948° Lon=106.070849235° H=1088.0612m
  原始数据:
2025/11/16 10:14:41.000   27.532049948  106.070849235  1088.0612   2  29   0.0071   0.0170   0.0103   0.0033   0.0077   0.0043  24.00    1.0 8525770

[TCP数据流] 2025/11/16 18:14:24 - 浮点解 (29颗卫星)
  ECEF: X=-1567067.2307 Y=5439617.4737 Z=2931123.0073
  LLH:  Lat=27.532049946° Lon=106.070849235° H=1088.0608m
  原始数据:
2025/11/16 10:14:42.000   27.532049946  106.070849235  1088.0608   2  29   0.0071   0.0170   0.0103   0.0033   0.0077   0.0043  25.00    1.0 8525770

[TCP数据流] 2025/11/16 18:14:25 - 浮点解 (22颗卫星)
  ECEF: X=-1567067.2305 Y=5439617.4736 Z=2931123.0069
  LLH:  Lat=27.532049943° Lon=106.070849233° H=1088.0604m
  原始数据:
2025/11/16 10:14:43.000   27.532049943  106.070849233  1088.0604   2  22   0.0071   0.0170   0.0103   0.0033   0.0077   0.0043  26.00    1.1 8525770

[TCP数据流] 2025/11/16 18:14:26 - 浮点解 (29颗卫星)
  ECEF: X=-1567067.2304 Y=5439617.4733 Z=2931123.0066
  LLH:  Lat=27.532049942° Lon=106.070849233° H=1088.0600m
  原始数据:
2025/11/16 10:14:44.000   27.532049942  106.070849233  1088.0600   2  29   0.0071   0.0170   0.0103   0.0033   0.0077   0.0043  27.00    1.0 8525770

[TCP数据流] 2025/11/16 18:14:27 - 浮点解 (29颗卫星)
  ECEF: X=-1567067.2305 Y=5439617.4731 Z=2931123.0061
  LLH:  Lat=27.532049939° Lon=106.070849235° H=1088.0597m
  原始数据:
2025/11/16 10:14:45.000   27.532049939  106.070849235  1088.0597   2  29   0.0071   0.0170   0.0103   0.0033   0.0077   0.0043  28.00    1.1 8525770

[TCP数据流] 2025/11/16 18:14:28 - 浮点解 (29颗卫星)
  ECEF: X=-1567067.2306 Y=5439617.4728 Z=2931123.0058
  LLH:  Lat=27.532049937° Lon=106.070849236° H=1088.0593m
  原始数据:
2025/11/16 10:14:46.000   27.532049937  106.070849236  1088.0593   2  29   0.0071   0.0170   0.0103   0.0033   0.0077   0.0043  29.00    1.0 8525770

[TCP数据流] 2025/11/16 18:14:29 - 浮点解 (29颗卫星)
  ECEF: X=-1567067.2304 Y=5439617.4726 Z=2931123.0054
  LLH:  Lat=27.532049935° Lon=106.070849235° H=1088.0589m
  原始数据:
2025/11/16 10:14:47.000   27.532049935  106.070849235  1088.0589   2  29   0.0071   0.0170   0.0103   0.0033   0.0077   0.0043  30.00    1.0 8525770

[TCP数据流] 2025/11/16 18:15:20 - 浮点解 (23颗卫星)
  ECEF: X=-1567067.2292 Y=5439617.4728 Z=2931123.0059
  LLH:  Lat=27.532049940° Lon=106.070849223° H=1088.0590m
  原始数据:
2025/11/16 10:15:38.000   27.532049940  106.070849223  1088.0590   2  23   0.0071   0.0169   0.0102   0.0034   0.0077   0.0044   1.00    1.1 8525770

[TCP数据流] 2025/11/16 18:15:21 - 浮点解 (24颗卫星)
  ECEF: X=-1567067.2289 Y=5439617.4731 Z=2931123.0066
  LLH:  Lat=27.532049945° Lon=106.070849219° H=1088.0595m
  原始数据:
2025/11/16 10:15:39.000   27.532049945  106.070849219  1088.0595   2  24   0.0071   0.0169   0.0102   0.0034   0.0077   0.0044   2.00    1.0 8525770

[TCP数据流] 2025/11/16 18:15:23 - 浮点解 (23颗卫星)
  ECEF: X=-1567067.2285 Y=5439617.4729 Z=2931123.0064
  LLH:  Lat=27.532049944° Lon=106.070849216° H=1088.0592m
  原始数据:
2025/11/16 10:15:41.000   27.532049944  106.070849216  1088.0592   2  23   0.0070   0.0169   0.0102   0.0034   0.0077   0.0044   4.00    1.1 8525770

[TCP数据流] 2025/11/16 18:15:24 - 浮点解 (23颗卫星)
  ECEF: X=-1567067.2281 Y=5439617.4726 Z=2931123.0060
  LLH:  Lat=27.532049943° Lon=106.070849213° H=1088.0586m
  原始数据:
2025/11/16 10:15:42.000   27.532049943  106.070849213  1088.0586   2  23   0.0070   0.0169   0.0101   0.0034   0.0077   0.0044   5.00    1.1 8525770

[TCP数据流] 2025/11/16 18:15:26 - 浮点解 (23颗卫星)
  ECEF: X=-1567067.2278 Y=5439617.4720 Z=2931123.0055
  LLH:  Lat=27.532049941° Lon=106.070849211° H=1088.0578m
  原始数据:
2025/11/16 10:15:44.000   27.532049941  106.070849211  1088.0578   2  23   0.0070   0.0169   0.0101   0.0034   0.0077   0.0044   7.00    1.0 8525770

[TCP数据流] 2025/11/16 18:15:28 - 浮点解 (24颗卫星)
  ECEF: X=-1567067.2277 Y=5439617.4720 Z=2931123.0053
  LLH:  Lat=27.532049940° Lon=106.070849210° H=1088.0577m
  原始数据:
2025/11/16 10:15:46.000   27.532049940  106.070849210  1088.0577   2  24   0.0070   0.0169   0.0101   0.0034   0.0077   0.0044   9.00    1.0 8525770

[TCP数据流] 2025/11/16 18:15:29 - 浮点解 (30颗卫星)
  ECEF: X=-1567067.2278 Y=5439617.4718 Z=2931123.0048
  LLH:  Lat=27.532049937° Lon=106.070849212° H=1088.0573m
  原始数据:
2025/11/16 10:15:47.000   27.532049937  106.070849212  1088.0573   2  30   0.0070   0.0168   0.0101   0.0034   0.0077   0.0044  10.00    1.2 8525770

[TCP数据流] 2025/11/16 18:15:32 - 浮点解 (16颗卫星)
  ECEF: X=-1567067.2278 Y=5439617.4718 Z=2931123.0047
  LLH:  Lat=27.532049936° Lon=106.070849212° H=1088.0573m
  原始数据:
2025/11/16 10:15:50.000   27.532049936  106.070849212  1088.0573   2  16   0.0070   0.0168   0.0101   0.0034   0.0077   0.0044  13.00    3.0 8525770

[TCP数据流] 2025/11/16 18:15:33 - 浮点解 (17颗卫星)
  ECEF: X=-1567067.2275 Y=5439617.4717 Z=2931123.0045
  LLH:  Lat=27.532049935° Lon=106.070849209° H=1088.0570m
  原始数据:
2025/11/16 10:15:51.000   27.532049935  106.070849209  1088.0570   2  17   0.0070   0.0168   0.0101   0.0034   0.0077   0.0044  14.00    1.5 8525770

[TCP数据流] 2025/11/16 18:15:35 - 浮点解 (9颗卫星)
  ECEF: X=-1567067.2272 Y=5439617.4716 Z=2931123.0043
  LLH:  Lat=27.532049934° Lon=106.070849207° H=1088.0568m
  原始数据:
2025/11/16 10:15:53.000   27.532049934  106.070849207  1088.0568   2   9   0.0070   0.0168   0.0101   0.0034   0.0077   0.0044  16.00    2.3 8525770

[TCP数据流] 2025/11/16 18:15:36 - 浮点解 (23颗卫星)
  ECEF: X=-1567067.2274 Y=5439617.4713 Z=2931123.0038
  LLH:  Lat=27.532049931° Lon=106.070849209° H=1088.0563m
  原始数据:
2025/11/16 10:15:54.000   27.532049931  106.070849209  1088.0563   2  23   0.0070   0.0168   0.0101   0.0034   0.0077   0.0044  17.00    1.1 8525770

[TCP数据流] 2025/11/16 18:15:37 - 浮点解 (24颗卫星)
  ECEF: X=-1567067.2274 Y=5439617.4712 Z=2931123.0035
  LLH:  Lat=27.532049929° Lon=106.070849210° H=1088.0561m
  原始数据:
2025/11/16 10:15:55.000   27.532049929  106.070849210  1088.0561   2  24   0.0070   0.0168   0.0101   0.0034   0.0077   0.0044  18.00    1.1 8525770

[TCP数据流] 2025/11/16 18:15:39 - 浮点解 (23颗卫星)
  ECEF: X=-1567067.2276 Y=5439617.4708 Z=2931123.0031
  LLH:  Lat=27.532049927° Lon=106.070849213° H=1088.0556m
  原始数据:
2025/11/16 10:15:57.000   27.532049927  106.070849213  1088.0556   2  23   0.0070   0.0168   0.0101   0.0034   0.0077   0.0044  20.00    1.0 8525770

[TCP数据流] 2025/11/16 18:15:42 - 浮点解 (24颗卫星)
  ECEF: X=-1567067.2274 Y=5439617.4708 Z=2931123.0028
  LLH:  Lat=27.532049925° Lon=106.070849211° H=1088.0554m
  原始数据:
2025/11/16 10:16:00.000   27.532049925  106.070849211  1088.0554   2  24   0.0070   0.0168   0.0101   0.0034   0.0077   0.0044  23.00    1.4 8525770

[TCP数据流] 2025/11/16 18:15:44 - 浮点解 (30颗卫星)
  ECEF: X=-1567067.2274 Y=5439617.4704 Z=2931123.0024
  LLH:  Lat=27.532049923° Lon=106.070849212° H=1088.0549m
  原始数据:
2025/11/16 10:16:02.000   27.532049923  106.070849212  1088.0549   2  30   0.0070   0.0168   0.0101   0.0034   0.0077   0.0044  25.00    1.0 8525770

[TCP数据流] 2025/11/16 18:15:45 - 浮点解 (23颗卫星)
  ECEF: X=-1567067.2273 Y=5439617.4701 Z=2931123.0019
  LLH:  Lat=27.532049921° Lon=106.070849212° H=1088.0544m
  原始数据:
2025/11/16 10:16:03.000   27.532049921  106.070849212  1088.0544   2  23   0.0070   0.0168   0.0101   0.0034   0.0077   0.0044  26.00    1.0 8525770

[TCP数据流] 2025/11/16 18:15:47 - 浮点解 (24颗卫星)
  ECEF: X=-1567067.2270 Y=5439617.4700 Z=2931123.0016
  LLH:  Lat=27.532049919° Lon=106.070849209° H=1088.0541m
  原始数据:
2025/11/16 10:16:05.000   27.532049919  106.070849209  1088.0541   2  24   0.0070   0.0168   0.0101   0.0034   0.0077   0.0044  28.00    1.0 8525770

[TCP数据流] 2025/11/16 18:15:48 - 浮点解 (22颗卫星)
  ECEF: X=-1567067.2271 Y=5439617.4698 Z=2931123.0014
  LLH:  Lat=27.532049918° Lon=106.070849211° H=1088.0538m
  原始数据:
2025/11/16 10:16:06.000   27.532049918  106.070849211  1088.0538   2  22   0.0070   0.0168   0.0101   0.0034   0.0077   0.0044  29.00    1.0 8525770

[TCP数据流] 2025/11/16 18:15:49 - 浮点解 (16颗卫星)
  ECEF: X=-1567067.2271 Y=5439617.4698 Z=2931123.0013
  LLH:  Lat=27.532049917° Lon=106.070849211° H=1088.0538m
  原始数据:
2025/11/16 10:16:07.000   27.532049917  106.070849211  1088.0538   2  16   0.0070   0.0168   0.0101   0.0034   0.0077   0.0044  30.00    1.4 8525770

[TCP数据流] 2025/11/16 18:16:19 - 浮点解 (28颗卫星)
  ECEF: X=-1567067.2268 Y=5439617.4711 Z=2931123.0032
  LLH:  Lat=27.532049928° Lon=106.070849204° H=1088.0557m
  原始数据:
2025/11/16 10:16:37.000   27.532049928  106.070849204  1088.0557   2  28   0.0069   0.0167   0.0100   0.0035   0.0077   0.0044   0.00    1.1 8525770

[TCP数据流] 2025/11/16 18:16:21 - 浮点解 (23颗卫星)
  ECEF: X=-1567067.2273 Y=5439617.4717 Z=2931123.0045
  LLH:  Lat=27.532049935° Lon=106.070849207° H=1088.0569m
  原始数据:
2025/11/16 10:16:39.000   27.532049935  106.070849207  1088.0569   2  23   0.0069   0.0167   0.0100   0.0035   0.0076   0.0044   1.00    2.6 8525770

[TCP数据流] 2025/11/16 18:16:22 - 浮点解 (14颗卫星)
  ECEF: X=-1567067.2265 Y=5439617.4720 Z=2931123.0048
  LLH:  Lat=27.532049937° Lon=106.070849199° H=1088.0572m
  原始数据:
2025/11/16 10:16:40.000   27.532049937  106.070849199  1088.0572   2  14   0.0068   0.0167   0.0099   0.0035   0.0077   0.0044   1.00    1.2 8525770

[TCP数据流] 2025/11/16 18:16:23 - 浮点解 (9颗卫星)
  ECEF: X=-1567067.2267 Y=5439617.4721 Z=2931123.0048
  LLH:  Lat=27.532049937° Lon=106.070849200° H=1088.0573m
  原始数据:
2025/11/16 10:16:41.000   27.532049937  106.070849200  1088.0573   2   9   0.0068   0.0167   0.0099   0.0035   0.0077   0.0044   0.00    0.0 8525770

[TCP数据流] 2025/11/16 18:16:24 - 固定解 (23颗卫星)
  ECEF: X=-1567067.2359 Y=5439617.5676 Z=2931123.0350
  LLH:  Lat=27.532049785° Lon=106.070849022° H=1088.1549m
  原始数据:
2025/11/16 10:16:42.000   27.532049785  106.070849022  1088.1549   1  23   0.0011   0.0006   0.0034  -0.0004   0.0009  -0.0006   0.00    3.1 8525770

[TCP数据流] 2025/11/16 18:16:27 - 浮点解 (16颗卫星)
  ECEF: X=-1567067.2255 Y=5439617.4731 Z=2931123.0069
  LLH:  Lat=27.532049951° Lon=106.070849186° H=1088.0588m
  原始数据:
2025/11/16 10:16:45.000   27.532049951  106.070849186  1088.0588   2  16   0.0068   0.0166   0.0099   0.0035   0.0076   0.0044   2.00    2.3 8525770

[TCP数据流] 2025/11/16 18:16:34 - 浮点解 (23颗卫星)
  ECEF: X=-1567067.2254 Y=5439617.4732 Z=2931123.0068
  LLH:  Lat=27.532049950° Lon=106.070849185° H=1088.0588m
  原始数据:
2025/11/16 10:16:52.000   27.532049950  106.070849185  1088.0588   2  23   0.0068   0.0166   0.0099   0.0035   0.0076   0.0044   9.00    2.9 8525770

[TCP数据流] 2025/11/16 18:16:35 - 浮点解 (23颗卫星)
  ECEF: X=-1567067.2251 Y=5439617.4732 Z=2931123.0067
  LLH:  Lat=27.532049949° Lon=106.070849182° H=1088.0587m
  原始数据:
2025/11/16 10:16:53.000   27.532049949  106.070849182  1088.0587   2  23   0.0068   0.0166   0.0099   0.0035   0.0076   0.0044  10.00    1.6 8525770

[TCP数据流] 2025/11/16 18:16:36 - 固定解 (16颗卫星)
  ECEF: X=-1567067.2115 Y=5439617.5464 Z=2931123.1042
  LLH:  Lat=27.532050452° Lon=106.070848844° H=1088.1628m
  原始数据:
2025/11/16 10:16:54.000   27.532050452  106.070848844  1088.1628   1  16   0.0022   0.0008   0.0051  -0.0010   0.0012  -0.0006  11.00    3.7 8525770

[TCP数据流] 2025/11/16 18:16:40 - 浮点解 (9颗卫星)
  ECEF: X=-1567067.2245 Y=5439617.4732 Z=2931123.0064
  LLH:  Lat=27.532049948° Lon=106.070849176° H=1088.0584m
  原始数据:
2025/11/16 10:16:58.000   27.532049948  106.070849176  1088.0584   2   9   0.0068   0.0166   0.0099   0.0035   0.0076   0.0044  15.00    1.7 8525770

[TCP数据流] 2025/11/16 18:16:42 - 浮点解 (14颗卫星)
  ECEF: X=-1567067.2244 Y=5439617.4729 Z=2931123.0060
  LLH:  Lat=27.532049946° Lon=106.070849176° H=1088.0580m
  原始数据:
2025/11/16 10:17:00.000   27.532049946  106.070849176  1088.0580   2  14   0.0068   0.0166   0.0099   0.0035   0.0076   0.0044  17.00    1.3 8525770

[TCP数据流] 2025/11/16 18:16:43 - 固定解 (16颗卫星)
  ECEF: X=-1567067.1862 Y=5439617.5129 Z=2931123.0083
  LLH:  Lat=27.532049848° Lon=106.070848692° H=1088.0837m
  原始数据:
2025/11/16 10:17:01.000   27.532049848  106.070848692  1088.0837   1  16   0.0011   0.0017   0.0058  -0.0007   0.0026  -0.0010  18.00    4.1 8525770

[TCP数据流] 2025/11/16 18:16:48 - 固定解 (16颗卫星)
  ECEF: X=-1567067.1833 Y=5439617.5162 Z=2931123.0162
  LLH:  Lat=27.532049901° Lon=106.070848655° H=1088.0895m
  原始数据:
2025/11/16 10:17:06.000   27.532049901  106.070848655  1088.0895   1  16   0.0019   0.0017   0.0071  -0.0007   0.0027   0.0022  23.00    4.4 8525770

[TCP数据流] 2025/11/16 18:16:52 - 浮点解 (23颗卫星)
  ECEF: X=-1567067.2240 Y=5439617.4730 Z=2931123.0058
  LLH:  Lat=27.532049944° Lon=106.070849172° H=1088.0578m
  原始数据:
2025/11/16 10:17:10.000   27.532049944  106.070849172  1088.0578   2  23   0.0068   0.0166   0.0099   0.0035   0.0076   0.0044  27.00    2.3 8525770

[TCP数据流] 2025/11/16 18:16:53 - 固定解 (16颗卫星)
  ECEF: X=-1567067.1821 Y=5439617.5139 Z=2931123.0142
  LLH:  Lat=27.532049896° Lon=106.070848649° H=1088.0863m
  原始数据:
2025/11/16 10:17:11.000   27.532049896  106.070848649  1088.0863   1  16   0.0018   0.0017   0.0071  -0.0007   0.0027   0.0022  28.00    4.7 8525770

[TCP数据流] 2025/11/16 18:16:54 - 固定解 (16颗卫星)
  ECEF: X=-1567067.1822 Y=5439617.5142 Z=2931123.0144
  LLH:  Lat=27.532049896° Lon=106.070848650° H=1088.0867m
  原始数据:
2025/11/16 10:17:12.000   27.532049896  106.070848650  1088.0867   1  16   0.0018   0.0017   0.0071  -0.0007   0.0027   0.0022  29.00    4.6 8525770

[TCP数据流] 2025/11/16 18:16:55 - 浮点解 (28颗卫星)
  ECEF: X=-1567067.2236 Y=5439617.4727 Z=2931123.0051
  LLH:  Lat=27.532049940° Lon=106.070849168° H=1088.0572m
  原始数据:
2025/11/16 10:17:13.000   27.532049940  106.070849168  1088.0572   2  28   0.0068   0.0165   0.0099   0.0035   0.0076   0.0044  30.00    1.7 8525770

[TCP数据流] 2025/11/16 18:21:38 - 固定解 (26颗卫星)
  ECEF: X=-1567067.2257 Y=5439617.5374 Z=2931123.0309
  LLH:  Lat=27.532049885° Lon=106.070849008° H=1088.1248m
  原始数据:
2025/11/16 10:21:56.000   27.532049885  106.070849008  1088.1248   1  26   0.0028   0.0010   0.0043  -0.0013   0.0009  -0.0014   6.00    6.0 8525770

[TCP数据流] 2025/11/16 18:21:39 - 固定解 (21颗卫星)
  ECEF: X=-1567067.2258 Y=5439617.5372 Z=2931123.0302
  LLH:  Lat=27.532049880° Lon=106.070849009° H=1088.1243m
  原始数据:
2025/11/16 10:21:57.000   27.532049880  106.070849009  1088.1243   1  21   0.0028   0.0010   0.0042  -0.0013   0.0009  -0.0013   7.00    6.0 8525770

[TCP数据流] 2025/11/16 18:21:41 - 固定解 (21颗卫星)
  ECEF: X=-1567067.2264 Y=5439617.5371 Z=2931123.0273
  LLH:  Lat=27.532049857° Lon=106.070849015° H=1088.1230m
  原始数据:
2025/11/16 10:21:59.000   27.532049857  106.070849015  1088.1230   1  21   0.0026   0.0009   0.0040  -0.0013   0.0009  -0.0014   9.00    7.7 8525770

[TCP数据流] 2025/11/16 18:21:42 - 固定解 (15颗卫星)
  ECEF: X=-1567067.2379 Y=5439617.5521 Z=2931123.0176
  LLH:  Lat=27.532049706° Lon=106.070849085° H=1088.1341m
  原始数据:
2025/11/16 10:22:00.000   27.532049706  106.070849085  1088.1341   1  15   0.0027   0.0007   0.0042  -0.0010   0.0006  -0.0007  10.00    6.4 8525770

[TCP数据流] 2025/11/16 18:21:44 - 固定解 (26颗卫星)
  ECEF: X=-1567067.2365 Y=5439617.5484 Z=2931123.0171
  LLH:  Lat=27.532049718° Lon=106.070849082° H=1088.1304m
  原始数据:
2025/11/16 10:22:02.000   27.532049718  106.070849082  1088.1304   1  26   0.0022   0.0007   0.0039  -0.0008   0.0005  -0.0009  12.00    6.9 8525770

[TCP数据流] 2025/11/16 18:21:45 - 固定解 (26颗卫星)
  ECEF: X=-1567067.2364 Y=5439617.5481 Z=2931123.0170
  LLH:  Lat=27.532049718° Lon=106.070849082° H=1088.1301m
  原始数据:
2025/11/16 10:22:03.000   27.532049718  106.070849082  1088.1301   1  26   0.0022   0.0007   0.0039  -0.0008   0.0005  -0.0009  13.00    7.1 8525770

[TCP数据流] 2025/11/16 18:21:46 - 固定解 (26颗卫星)
  ECEF: X=-1567067.2363 Y=5439617.5481 Z=2931123.0168
  LLH:  Lat=27.532049717° Lon=106.070849081° H=1088.1299m
  原始数据:
2025/11/16 10:22:04.000   27.532049717  106.070849081  1088.1299   1  26   0.0022   0.0007   0.0039  -0.0008   0.0005  -0.0009  14.00    7.2 8525770

[TCP数据流] 2025/11/16 18:21:47 - 固定解 (26颗卫星)
  ECEF: X=-1567067.2368 Y=5439617.5726 Z=2931123.0387
  LLH:  Lat=27.532049793° Lon=106.070849017° H=1088.1611m
  原始数据:
2025/11/16 10:22:05.000   27.532049793  106.070849017  1088.1611   1  26   0.0021   0.0006   0.0037  -0.0007   0.0008  -0.0012  15.00    3.5 8525770

[TCP数据流] 2025/11/16 18:21:49 - 固定解 (20颗卫星)
  ECEF: X=-1567067.2369 Y=5439617.5739 Z=2931123.0422
  LLH:  Lat=27.532049816° Lon=106.070849014° H=1088.1638m
  原始数据:
2025/11/16 10:22:07.000   27.532049816  106.070849014  1088.1638   1  20   0.0026   0.0006   0.0039  -0.0009   0.0009  -0.0012  17.00    3.3 8525770

[TCP数据流] 2025/11/16 18:21:50 - 固定解 (26颗卫星)
  ECEF: X=-1567067.2367 Y=5439617.5724 Z=2931123.0385
  LLH:  Lat=27.532049793° Lon=106.070849017° H=1088.1608m
  原始数据:
2025/11/16 10:22:08.000   27.532049793  106.070849017  1088.1608   1  26   0.0021   0.0006   0.0037  -0.0007   0.0008  -0.0012  18.00    3.5 8525770

[TCP数据流] 2025/11/16 18:21:51 - 固定解 (26颗卫星)
  ECEF: X=-1567067.2367 Y=5439617.5724 Z=2931123.0384
  LLH:  Lat=27.532049792° Lon=106.070849017° H=1088.1607m
  原始数据:
2025/11/16 10:22:09.000   27.532049792  106.070849017  1088.1607   1  26   0.0021   0.0006   0.0037  -0.0007   0.0008  -0.0012  19.00    3.5 8525770

[TCP数据流] 2025/11/16 18:21:54 - 固定解 (26颗卫星)
  ECEF: X=-1567067.2367 Y=5439617.5723 Z=2931123.0383
  LLH:  Lat=27.532049792° Lon=106.070849017° H=1088.1606m
  原始数据:
2025/11/16 10:22:12.000   27.532049792  106.070849017  1088.1606   1  26   0.0021   0.0006   0.0037  -0.0007   0.0008  -0.0012  22.00    3.6 8525770

[TCP数据流] 2025/11/16 18:21:55 - 固定解 (26颗卫星)
  ECEF: X=-1567067.2367 Y=5439617.5722 Z=2931123.0382
  LLH:  Lat=27.532049791° Lon=106.070849017° H=1088.1605m
  原始数据:
2025/11/16 10:22:13.000   27.532049791  106.070849017  1088.1605   1  26   0.0021   0.0006   0.0037  -0.0007   0.0008  -0.0012  23.00    3.6 8525770

[TCP数据流] 2025/11/16 18:21:56 - 固定解 (26颗卫星)
  ECEF: X=-1567067.2367 Y=5439617.5722 Z=2931123.0381
  LLH:  Lat=27.532049791° Lon=106.070849017° H=1088.1604m
  原始数据:
2025/11/16 10:22:14.000   27.532049791  106.070849017  1088.1604   1  26   0.0021   0.0006   0.0037  -0.0007   0.0008  -0.0012  24.00    3.6 8525770

[TCP数据流] 2025/11/16 18:21:57 - 固定解 (21颗卫星)
  ECEF: X=-1567067.2370 Y=5439617.5728 Z=2931123.0374
  LLH:  Lat=27.532049782° Lon=106.070849018° H=1088.1607m
  原始数据:
2025/11/16 10:22:15.000   27.532049782  106.070849018  1088.1607   1  21   0.0020   0.0006   0.0037  -0.0007   0.0008  -0.0011  25.00    3.6 8525770

[TCP数据流] 2025/11/16 18:21:58 - 固定解 (26颗卫星)
  ECEF: X=-1567067.2365 Y=5439617.5699 Z=2931123.0367
  LLH:  Lat=27.532049788° Lon=106.070849022° H=1088.1578m
  原始数据:
2025/11/16 10:22:16.000   27.532049788  106.070849022  1088.1578   1  26   0.0020   0.0006   0.0037  -0.0007   0.0008  -0.0011  26.00    3.5 8525770

[TCP数据流] 2025/11/16 18:21:59 - 固定解 (26颗卫星)
  ECEF: X=-1567067.2368 Y=5439617.5704 Z=2931123.0358
  LLH:  Lat=27.532049779° Lon=106.070849023° H=1088.1579m
  原始数据:
2025/11/16 10:22:17.000   27.532049779  106.070849023  1088.1579   1  26   0.0023   0.0006   0.0037  -0.0008   0.0008  -0.0013  27.00    3.4 8525770

[TCP数据流] 2025/11/16 18:22:01 - 固定解 (26颗卫星)
  ECEF: X=-1567067.2363 Y=5439617.5694 Z=2931123.0359
  LLH:  Lat=27.532049785° Lon=106.070849021° H=1088.1569m
  原始数据:
2025/11/16 10:22:19.000   27.532049785  106.070849021  1088.1569   1  26   0.0023   0.0006   0.0037  -0.0008   0.0009  -0.0013  29.00    3.5 8525770

[TCP数据流] 2025/11/16 18:22:02 - 固定解 (26颗卫星)
  ECEF: X=-1567067.2362 Y=5439617.5693 Z=2931123.0359
  LLH:  Lat=27.532049785° Lon=106.070849021° H=1088.1568m
  原始数据:
2025/11/16 10:22:20.000   27.532049785  106.070849021  1088.1568   1  26   0.0023   0.0006   0.0037  -0.0008   0.0009  -0.0013  30.00    3.5 8525770

[TCP数据流] 2025/11/16 18:22:30 - 固定解 (26颗卫星)
  ECEF: X=-1567067.2355 Y=5439617.5679 Z=2931123.0390
  LLH:  Lat=27.532049816° Lon=106.070849018° H=1088.1569m
  原始数据:
2025/11/16 10:22:48.000   27.532049816  106.070849018  1088.1569   1  26   0.0025   0.0006   0.0039  -0.0009   0.0009  -0.0013   0.00    3.3 8525770

[TCP数据流] 2025/11/16 18:22:31 - 固定解 (26颗卫星)
  ECEF: X=-1567067.2349 Y=5439617.5673 Z=2931123.0359
  LLH:  Lat=27.532049794° Lon=106.070849013° H=1088.1548m
  原始数据:
2025/11/16 10:22:49.000   27.532049794  106.070849013  1088.1548   1  26   0.0025   0.0006   0.0038  -0.0009   0.0009  -0.0013   1.00    3.5 8525770

[TCP数据流] 2025/11/16 18:22:32 - 固定解 (26颗卫星)
  ECEF: X=-1567067.2344 Y=5439617.5659 Z=2931123.0351
  LLH:  Lat=27.532049794° Lon=106.070849012° H=1088.1531m
  原始数据:
2025/11/16 10:22:50.000   27.532049794  106.070849012  1088.1531   1  26   0.0024   0.0006   0.0037  -0.0009   0.0009  -0.0013   1.00    3.7 8525770

[TCP数据流] 2025/11/16 18:22:34 - 固定解 (26颗卫星)
  ECEF: X=-1567067.2343 Y=5439617.5657 Z=2931123.0348
  LLH:  Lat=27.532049793° Lon=106.070849012° H=1088.1528m
  原始数据:
2025/11/16 10:22:52.000   27.532049793  106.070849012  1088.1528   1  26   0.0023   0.0006   0.0036  -0.0009   0.0008  -0.0014   0.00    4.1 8525770

[TCP数据流] 2025/11/16 18:22:35 - 固定解 (26颗卫星)
  ECEF: X=-1567067.2339 Y=5439617.5647 Z=2931123.0341
  LLH:  Lat=27.532049792° Lon=106.070849011° H=1088.1515m
  原始数据:
2025/11/16 10:22:53.000   27.532049792  106.070849011  1088.1515   1  26   0.0023   0.0006   0.0035  -0.0008   0.0008  -0.0014   1.00    4.7 8525770

[TCP数据流] 2025/11/16 18:22:36 - 固定解 (26颗卫星)
  ECEF: X=-1567067.2337 Y=5439617.5639 Z=2931123.0335
  LLH:  Lat=27.532049790° Lon=106.070849011° H=1088.1505m
  原始数据:
2025/11/16 10:22:54.000   27.532049790  106.070849011  1088.1505   1  26   0.0023   0.0006   0.0034  -0.0008   0.0008  -0.0014   2.00    5.0 8525770

[TCP数据流] 2025/11/16 18:22:37 - 固定解 (26颗卫星)
  ECEF: X=-1567067.2352 Y=5439617.5667 Z=2931123.0318
  LLH:  Lat=27.532049764° Lon=106.070849018° H=1088.1525m
  原始数据:
2025/11/16 10:22:55.000   27.532049764  106.070849018  1088.1525   1  26   0.0022   0.0006   0.0034  -0.0008   0.0008  -0.0013   3.00    3.8 8525770

[TCP数据流] 2025/11/16 18:22:38 - 固定解 (26颗卫星)
  ECEF: X=-1567067.2351 Y=5439617.5663 Z=2931123.0315
  LLH:  Lat=27.532049763° Lon=106.070849018° H=1088.1519m
  原始数据:
2025/11/16 10:22:56.000   27.532049763  106.070849018  1088.1519   1  26   0.0022   0.0006   0.0033  -0.0008   0.0008  -0.0013   4.00    4.1 8525770

[TCP数据流] 2025/11/16 18:22:39 - 固定解 (26颗卫星)
  ECEF: X=-1567067.2350 Y=5439617.5660 Z=2931123.0313
  LLH:  Lat=27.532049763° Lon=106.070849018° H=1088.1516m
  原始数据:
2025/11/16 10:22:57.000   27.532049763  106.070849018  1088.1516   1  26   0.0022   0.0006   0.0033  -0.0008   0.0008  -0.0013   5.00    4.4 8525770

========== RTKRCV 退出 ==========
时间: 2025-11-16T10:22:40.196Z
退出码: 0
信号: null
================================

