
========== RTKRCV 启动 ==========
时间: 2025-11-16T09:52:28.646Z
配置文件: 8525734.conf
进程 PID: 3560498
================================


[TCP数据流] 2025/11/16 17:54:29 - 浮点解 (29颗卫星)
  ECEF: X=-1456674.3639 Y=5531459.7263 Z=2815653.8550
  LLH:  Lat=26.361162859° Lon=104.753511893° H=1539.3761m
  原始数据:
2025/11/16 09:54:47.000   26.361162859  104.753511893  1539.3761   2  29   0.2549   0.2614   0.7420  -0.0596  -0.1463  -0.1868   6.00    0.0 8525734

[TCP数据流] 2025/11/16 17:54:30 - 浮点解 (29颗卫星)
  ECEF: X=-1456674.3435 Y=5531459.6418 Z=2815653.8084
  LLH:  Lat=26.361162830° Lon=104.753511911° H=1539.2775m
  原始数据:
2025/11/16 09:54:48.000   26.361162830  104.753511911  1539.2775   2  29   0.2386   0.2448   0.6935  -0.0561  -0.1363  -0.1748   7.00    0.0 8525734

[TCP数据流] 2025/11/16 17:54:31 - 浮点解 (29颗卫星)
  ECEF: X=-1456674.3090 Y=5531459.5169 Z=2815653.7091
  LLH:  Lat=26.361162546° Lon=104.753511896° H=1539.1173m
  原始数据:
2025/11/16 09:54:49.000   26.361162546  104.753511896  1539.1173   2  29   0.2251   0.2310   0.6531  -0.0531  -0.1281  -0.1648   8.00    0.0 8525734

[TCP数据流] 2025/11/16 17:54:32 - 浮点解 (29颗卫星)
  ECEF: X=-1456674.2842 Y=5531459.3319 Z=2815653.5907
  LLH:  Lat=26.361162331° Lon=104.753512127° H=1538.8988m
  原始数据:
2025/11/16 09:54:50.000   26.361162331  104.753512127  1538.8988   2  29   0.2136   0.2193   0.6188  -0.0506  -0.1211  -0.1563   9.00    0.0 8525734

[TCP数据流] 2025/11/16 17:54:33 - 浮点解 (16颗卫星)
  ECEF: X=-1456674.2727 Y=5531459.3864 Z=2815653.6098
  LLH:  Lat=26.361162286° Lon=104.753511877° H=1538.9519m
  原始数据:
2025/11/16 09:54:51.000   26.361162286  104.753511877  1538.9519   2  16   0.2093   0.2139   0.5992  -0.0517  -0.1175  -0.1505  10.00    0.0 8525734

[TCP数据流] 2025/11/16 17:54:34 - 浮点解 (29颗卫星)
  ECEF: X=-1456674.2229 Y=5531459.2034 Z=2815653.4893
  LLH:  Lat=26.361162072° Lon=104.753511862° H=1538.7284m
  原始数据:
2025/11/16 09:54:52.000   26.361162072  104.753511862  1538.7284   2  29   0.2000   0.2045   0.5719  -0.0494  -0.1120  -0.1440  11.00    0.0 8525734

[TCP数据流] 2025/11/16 17:54:35 - 浮点解 (29颗卫星)
  ECEF: X=-1456674.1719 Y=5531459.0386 Z=2815653.3852
  LLH:  Lat=26.361161921° Lon=104.753511788° H=1538.5278m
  原始数据:
2025/11/16 09:54:53.000   26.361161921  104.753511788  1538.5278   2  29   0.1917   0.1962   0.5479  -0.0473  -0.1072  -0.1383  12.00    0.0 8525734

[TCP数据流] 2025/11/16 17:54:36 - 浮点解 (22颗卫星)
  ECEF: X=-1456674.1612 Y=5531458.9841 Z=2815653.3600
  LLH:  Lat=26.361161939° Lon=104.753511823° H=1538.4669m
  原始数据:
2025/11/16 09:54:54.000   26.361161939  104.753511823  1538.4669   2  22   0.1867   0.1902   0.5321  -0.0461  -0.1038  -0.1331  13.00    0.0 8525734

[TCP数据流] 2025/11/16 17:54:37 - 浮点解 (29颗卫星)
  ECEF: X=-1456674.1478 Y=5531458.8525 Z=2815653.2706
  LLH:  Lat=26.361161740° Lon=104.753512029° H=1538.3102m
  原始数据:
2025/11/16 09:54:55.000   26.361161740  104.753512029  1538.3102   2  29   0.1800   0.1835   0.5124  -0.0444  -0.0999  -0.1285  14.00    0.0 8525734

[TCP数据流] 2025/11/16 17:54:39 - 浮点解 (29颗卫星)
  ECEF: X=-1456674.2800 Y=5531459.4505 Z=2815653.6278
  LLH:  Lat=26.361162176° Lon=104.753511784° H=1539.0171m
  原始数据:
2025/11/16 09:54:57.000   26.361162176  104.753511784  1539.0171   2  29   0.1729   0.1770   0.4842  -0.0428  -0.0944  -0.1226   0.00    1.0 8525734

[TCP数据流] 2025/11/16 17:54:40 - 浮点解 (29颗卫星)
  ECEF: X=-1456674.3737 Y=5531459.8292 Z=2815653.8699
  LLH:  Lat=26.361162570° Lon=104.753511726° H=1539.4741m
  原始数据:
2025/11/16 09:54:58.000   26.361162570  104.753511726  1539.4741   2  29   0.1668   0.1714   0.4610  -0.0416  -0.0901  -0.1175   0.00    1.1 8525734

[TCP数据流] 2025/11/16 17:54:41 - 浮点解 (23颗卫星)
  ECEF: X=-1456674.4347 Y=5531460.0388 Z=2815653.9971
  LLH:  Lat=26.361162725° Lon=104.753511782° H=1539.7261m
  原始数据:
2025/11/16 09:54:59.000   26.361162725  104.753511782  1539.7261   2  23   0.1626   0.1677   0.4436  -0.0415  -0.0871  -0.1137   0.00    1.1 8525734

[TCP数据流] 2025/11/16 17:54:42 - 浮点解 (29颗卫星)
  ECEF: X=-1456674.4722 Y=5531460.1831 Z=2815654.0827
  LLH:  Lat=26.361162819° Lon=104.753511777° H=1539.8977m
  原始数据:
2025/11/16 09:55:00.000   26.361162819  104.753511777  1539.8977   2  29   0.1576   0.1629   0.4260  -0.0404  -0.0836  -0.1098   1.00    1.2 8525734

[TCP数据流] 2025/11/16 17:54:43 - 浮点解 (29颗卫星)
  ECEF: X=-1456674.4988 Y=5531460.3921 Z=2815654.2145
  LLH:  Lat=26.361163048° Lon=104.753511502° H=1540.1434m
  原始数据:
2025/11/16 09:55:01.000   26.361163048  104.753511502  1540.1434   2  29   0.1529   0.1585   0.4098  -0.0393  -0.0804  -0.1063   0.00    1.0 8525734

[TCP数据流] 2025/11/16 17:54:44 - 浮点解 (29颗卫星)
  ECEF: X=-1456674.5217 Y=5531460.5087 Z=2815654.2955
  LLH:  Lat=26.361163228° Lon=104.753511426° H=1540.2856m
  原始数据:
2025/11/16 09:55:02.000   26.361163228  104.753511426  1540.2856   2  29   0.1486   0.1544   0.3957  -0.0383  -0.0775  -0.1030   1.00    1.0 8525734

[TCP数据流] 2025/11/16 17:54:45 - 浮点解 (22颗卫星)
  ECEF: X=-1456674.5440 Y=5531460.4905 Z=2815654.2993
  LLH:  Lat=26.361163306° Lon=104.753511688° H=1540.2766m
  原始数据:
2025/11/16 09:55:03.000   26.361163306  104.753511688  1540.2766   2  22   0.1460   0.1514   0.3881  -0.0376  -0.0761  -0.1009   2.00    1.1 8525734

[TCP数据流] 2025/11/16 17:54:46 - 浮点解 (29颗卫星)
  ECEF: X=-1456674.5546 Y=5531460.4434 Z=2815654.2769
  LLH:  Lat=26.361163297° Lon=104.753511911° H=1540.2283m
  原始数据:
2025/11/16 09:55:04.000   26.361163297  104.753511911  1540.2283   2  29   0.1424   0.1479   0.3762  -0.0367  -0.0737  -0.0982   3.00    1.0 8525734

[TCP数据流] 2025/11/16 17:54:47 - 浮点解 (29颗卫星)
  ECEF: X=-1456674.5412 Y=5531460.3265 Z=2815654.2122
  LLH:  Lat=26.361163240° Lon=104.753512080° H=1540.0952m
  原始数据:
2025/11/16 09:55:05.000   26.361163240  104.753512080  1540.0952   2  29   0.1390   0.1446   0.3656  -0.0359  -0.0715  -0.0957   4.00    1.0 8525734

[TCP数据流] 2025/11/16 17:54:48 - 浮点解 (22颗卫星)
  ECEF: X=-1456674.5313 Y=5531460.2464 Z=2815654.1707
  LLH:  Lat=26.361163225° Lon=104.753512188° H=1540.0051m
  原始数据:
2025/11/16 09:55:06.000   26.361163225  104.753512188  1540.0051   2  22   0.1369   0.1421   0.3598  -0.0354  -0.0704  -0.0940   5.00    1.6 8525734

[TCP数据流] 2025/11/16 17:54:49 - 浮点解 (23颗卫星)
  ECEF: X=-1456674.5180 Y=5531460.1837 Z=2815654.1281
  LLH:  Lat=26.361163137° Lon=104.753512219° H=1539.9288m
  原始数据:
2025/11/16 09:55:07.000   26.361163137  104.753512219  1539.9288   2  23   0.1348   0.1400   0.3519  -0.0353  -0.0690  -0.0923   6.00    1.1 8525734
[ERROR] ../../../../src/lambda.c : search loop count overflow

[TCP数据流] 2025/11/16 17:54:50 - 浮点解 (29颗卫星)
  ECEF: X=-1456674.4895 Y=5531460.0277 Z=2815654.0315
  LLH:  Lat=26.361162990° Lon=104.753512341° H=1539.7442m
  原始数据:
2025/11/16 09:55:08.000   26.361162990  104.753512341  1539.7442   2  29   0.1320   0.1372   0.3437  -0.0345  -0.0673  -0.0904   7.00    0.0 8525734

[TCP数据流] 2025/11/16 17:54:51 - 浮点解 (22颗卫星)
  ECEF: X=-1456674.4781 Y=5531459.9212 Z=2815653.9776
  LLH:  Lat=26.361162978° Lon=104.753512502° H=1539.6254m
  原始数据:
2025/11/16 09:55:09.000   26.361162978  104.753512502  1539.6254   2  22   0.1302   0.1351   0.3391  -0.0340  -0.0663  -0.0889   8.00    1.5 8525734

[TCP数据流] 2025/11/16 17:54:52 - 浮点解 (29颗卫星)
  ECEF: X=-1456674.4338 Y=5531459.7538 Z=2815653.8756
  LLH:  Lat=26.361162847° Lon=104.753512500° H=1539.4250m
  原始数据:
2025/11/16 09:55:10.000   26.361162847  104.753512500  1539.4250   2  29   0.1277   0.1326   0.3319  -0.0334  -0.0649  -0.0873   9.00    1.0 8525734
[ERROR] ../../../../src/lambda.c : search loop count overflow

[TCP数据流] 2025/11/16 17:54:53 - 浮点解 (29颗卫星)
  ECEF: X=-1456674.4064 Y=5531459.6226 Z=2815653.7839
  LLH:  Lat=26.361162642° Lon=104.753512570° H=1539.2643m
  原始数据:
2025/11/16 09:55:11.000   26.361162642  104.753512570  1539.2643   2  29   0.1254   0.1302   0.3253  -0.0327  -0.0636  -0.0858  10.00    0.0 8525734

[TCP数据流] 2025/11/16 17:54:54 - 浮点解 (29颗卫星)
  ECEF: X=-1456674.3768 Y=5531459.4871 Z=2815653.6990
  LLH:  Lat=26.361162511° Lon=104.753512628° H=1539.1025m
  原始数据:
2025/11/16 09:55:12.000   26.361162511  104.753512628  1539.1025   2  29   0.1233   0.1282   0.3192  -0.0315  -0.0625  -0.0844  11.00    1.0 8525734

[TCP数据流] 2025/11/16 17:54:56 - 浮点解 (29颗卫星)
  ECEF: X=-1456674.3552 Y=5531459.3525 Z=2815653.6147
  LLH:  Lat=26.361162373° Lon=104.753512763° H=1538.9435m
  原始数据:
2025/11/16 09:55:14.000   26.361162373  104.753512763  1538.9435   2  29   0.1213   0.1263   0.3136  -0.0303  -0.0614  -0.0831  13.00    1.0 8525734

[TCP数据流] 2025/11/16 17:54:58 - 浮点解 (29颗卫星)
  ECEF: X=-1456674.3209 Y=5531459.2271 Z=2815653.5354
  LLH:  Lat=26.361162253° Lon=104.753512750° H=1538.7918m
  原始数据:
2025/11/16 09:55:16.000   26.361162253  104.753512750  1538.7918   2  29   0.1195   0.1244   0.3083  -0.0291  -0.0604  -0.0818  15.00    1.0 8525734

[TCP数据流] 2025/11/16 17:55:00 - 浮点解 (22颗卫星)
  ECEF: X=-1456674.2876 Y=5531459.1040 Z=2815653.4608
  LLH:  Lat=26.361162161° Lon=104.753512742° H=1538.6444m
  原始数据:
2025/11/16 09:55:18.000   26.361162161  104.753512742  1538.6444   2  22   0.1182   0.1230   0.3048  -0.0278  -0.0599  -0.0818  17.00    1.1 8525734

[TCP数据流] 2025/11/16 17:55:01 - 浮点解 (22颗卫星)
  ECEF: X=-1456674.2709 Y=5531459.0481 Z=2815653.4273
  LLH:  Lat=26.361162123° Lon=104.753512722° H=1538.5773m
  原始数据:
2025/11/16 09:55:19.000   26.361162123  104.753512722  1538.5773   2  22   0.1171   0.1217   0.3017  -0.0269  -0.0593  -0.0808  18.00    1.0 8525734

[TCP数据流] 2025/11/16 17:55:02 - 浮点解 (22颗卫星)
  ECEF: X=-1456674.2371 Y=5531458.9046 Z=2815653.3522
  LLH:  Lat=26.361162107° Lon=104.753512761° H=1538.4119m
  原始数据:
2025/11/16 09:55:20.000   26.361162107  104.753512761  1538.4119   2  22   0.1159   0.1204   0.2984  -0.0256  -0.0588  -0.0807  19.00    1.0 8525734

[TCP数据流] 2025/11/16 17:55:03 - 浮点解 (29颗卫星)
  ECEF: X=-1456674.2054 Y=5531458.7930 Z=2815653.2805
  LLH:  Lat=26.361161992° Lon=104.753512739° H=1538.2761m
  原始数据:
2025/11/16 09:55:21.000   26.361161992  104.753512739  1538.2761   2  29   0.1143   0.1188   0.2940  -0.0247  -0.0579  -0.0796  20.00    1.0 8525734

[TCP数据流] 2025/11/16 17:55:04 - 浮点解 (22颗卫星)
  ECEF: X=-1456674.1726 Y=5531458.6621 Z=2815653.2076
  LLH:  Lat=26.361161943° Lon=104.753512755° H=1538.1229m
  原始数据:
2025/11/16 09:55:22.000   26.361161943  104.753512755  1538.1229   2  22   0.1132   0.1176   0.2910  -0.0235  -0.0575  -0.0795  21.00    1.2 8525734

[TCP数据流] 2025/11/16 17:55:05 - 浮点解 (29颗卫星)
  ECEF: X=-1456674.1592 Y=5531458.5541 Z=2815653.1464
  LLH:  Lat=26.361161880° Lon=104.753512901° H=1537.9990m
  原始数据:
2025/11/16 09:55:23.000   26.361161880  104.753512901  1537.9990   2  29   0.1117   0.1161   0.2869  -0.0226  -0.0567  -0.0784  22.00    1.2 8525734

[TCP数据流] 2025/11/16 17:55:07 - 浮点解 (29颗卫星)
  ECEF: X=-1456674.1343 Y=5531458.4759 Z=2815653.0942
  LLH:  Lat=26.361161787° Lon=104.753512859° H=1537.9024m
  原始数据:
2025/11/16 09:55:25.000   26.361161787  104.753512859  1537.9024   2  29   0.1103   0.1147   0.2831  -0.0218  -0.0560  -0.0774  24.00    1.0 8525734

[TCP数据流] 2025/11/16 17:55:08 - 浮点解 (22颗卫星)
  ECEF: X=-1456674.1052 Y=5531458.3748 Z=2815653.0332
  LLH:  Lat=26.361161715° Lon=104.753512835° H=1537.7811m
  原始数据:
2025/11/16 09:55:26.000   26.361161715  104.753512835  1537.7811   2  22   0.1093   0.1136   0.2805  -0.0207  -0.0556  -0.0773  25.00    1.1 8525734

[TCP数据流] 2025/11/16 17:55:09 - 浮点解 (29颗卫星)
  ECEF: X=-1456674.0848 Y=5531458.3064 Z=2815652.9832
  LLH:  Lat=26.361161596° Lon=104.753512812° H=1537.6950m
  原始数据:
2025/11/16 09:55:27.000   26.361161596  104.753512812  1537.6950   2  29   0.1080   0.1122   0.2769  -0.0200  -0.0549  -0.0763  26.00    1.0 8525734

[TCP数据流] 2025/11/16 17:55:10 - 浮点解 (29颗卫星)
  ECEF: X=-1456674.0671 Y=5531458.2386 Z=2815652.9344
  LLH:  Lat=26.361161483° Lon=104.753512813° H=1537.6105m
  原始数据:
2025/11/16 09:55:28.000   26.361161483  104.753512813  1537.6105   2  29   0.1068   0.1110   0.2734  -0.0193  -0.0541  -0.0755  27.00    1.0 8525734
[ERROR] ../../../../src/lambda.c : search loop count overflow

[TCP数据流] 2025/11/16 17:55:11 - 浮点解 (29颗卫星)
  ECEF: X=-1456674.0506 Y=5531458.1757 Z=2815652.8916
  LLH:  Lat=26.361161397° Lon=104.753512814° H=1537.5333m
  原始数据:
2025/11/16 09:55:29.000   26.361161397  104.753512814  1537.5333   2  29   0.1055   0.1096   0.2703  -0.0194  -0.0532  -0.0747  28.00    0.0 8525734

[TCP数据流] 2025/11/16 17:55:12 - 浮点解 (22颗卫星)
  ECEF: X=-1456674.0346 Y=5531458.1549 Z=2815652.8708
  LLH:  Lat=26.361161326° Lon=104.753512712° H=1537.5023m
  原始数据:
2025/11/16 09:55:30.000   26.361161326  104.753512712  1537.5023   2  22   0.1046   0.1085   0.2682  -0.0195  -0.0526  -0.0739  29.00    1.0 8525734

[TCP数据流] 2025/11/16 17:55:13 - 浮点解 (29颗卫星)
  ECEF: X=-1456674.0193 Y=5531458.1006 Z=2815652.8247
  LLH:  Lat=26.361161179° Lon=104.753512702° H=1537.4313m
  原始数据:
2025/11/16 09:55:31.000   26.361161179  104.753512702  1537.4313   2  29   0.1033   0.1073   0.2652  -0.0195  -0.0518  -0.0731  30.00    1.0 8525734

[TCP数据流] 2025/11/16 17:55:39 - 浮点解 (16颗卫星)
  ECEF: X=-1456674.1674 Y=5531458.8663 Z=2815653.1763
  LLH:  Lat=26.361160904° Lon=104.753512184° H=1538.2847m
  原始数据:
2025/11/16 09:55:57.000   26.361160904  104.753512184  1538.2847   2  16   0.1005   0.1064   0.2419  -0.0206  -0.0457  -0.0623   0.00    1.0 8525734

[TCP数据流] 2025/11/16 17:55:40 - 浮点解 (29颗卫星)
  ECEF: X=-1456674.3371 Y=5531459.7232 Z=2815653.6847
  LLH:  Lat=26.361161521° Lon=104.753511642° H=1539.2917m
  原始数据:
2025/11/16 09:55:58.000   26.361161521  104.753511642  1539.2917   2  29   0.0954   0.1043   0.2170  -0.0211  -0.0409  -0.0551   0.00    1.1 8525734

[TCP数据流] 2025/11/16 17:55:42 - 浮点解 (23颗卫星)
  ECEF: X=-1456674.4056 Y=5531460.1189 Z=2815653.9246
  LLH:  Lat=26.361161858° Lon=104.753511296° H=1539.7567m
  原始数据:
2025/11/16 09:56:00.000   26.361161858  104.753511296  1539.7567   2  23   0.0921   0.1030   0.2018  -0.0202  -0.0384  -0.0489   0.00    1.1 8525734

[TCP数据流] 2025/11/16 17:55:43 - 浮点解 (22颗卫星)
  ECEF: X=-1456674.4411 Y=5531460.2984 Z=2815654.0630
  LLH:  Lat=26.361162245° Lon=104.753511182° H=1539.9818m
  原始数据:
2025/11/16 09:56:01.000   26.361162245  104.753511182  1539.9818   2  22   0.0898   0.1015   0.1961  -0.0204  -0.0384  -0.0498   0.00    1.0 8525734

[TCP数据流] 2025/11/16 17:55:45 - 浮点解 (29颗卫星)
  ECEF: X=-1456674.4978 Y=5531460.5893 Z=2815654.2662
  LLH:  Lat=26.361162703° Lon=104.753510989° H=1540.3370m
  原始数据:
2025/11/16 09:56:03.000   26.361162703  104.753510989  1540.3370   2  29   0.0864   0.0998   0.1827  -0.0206  -0.0357  -0.0458   0.00    1.5 8525734

[TCP数据流] 2025/11/16 17:55:46 - 浮点解 (22颗卫星)
  ECEF: X=-1456674.5178 Y=5531460.7342 Z=2815654.3629
  LLH:  Lat=26.361162903° Lon=104.753510813° H=1540.5100m
  原始数据:
2025/11/16 09:56:04.000   26.361162903  104.753510813  1540.5100   2  22   0.0845   0.0987   0.1743  -0.0215  -0.0330  -0.0432   1.00    1.6 8525734

[TCP数据流] 2025/11/16 17:55:47 - 浮点解 (30颗卫星)
  ECEF: X=-1456674.5317 Y=5531460.8367 Z=2815654.4332
  LLH:  Lat=26.361163060° Lon=104.753510686° H=1540.6332m
  原始数据:
2025/11/16 09:56:05.000   26.361163060  104.753510686  1540.6332   2  30   0.0821   0.0972   0.1664  -0.0214  -0.0317  -0.0410   2.00    1.4 8525734

[TCP数据流] 2025/11/16 17:55:48 - 浮点解 (9颗卫星)
  ECEF: X=-1456674.5262 Y=5531460.8399 Z=2815654.4313
  LLH:  Lat=26.361163038° Lon=104.753510625° H=1540.6339m
  原始数据:
2025/11/16 09:56:06.000   26.361163038  104.753510625  1540.6339   2   9   0.0820   0.0969   0.1662  -0.0214  -0.0317  -0.0412   3.00    0.0 8525734

[TCP数据流] 2025/11/16 17:55:49 - 浮点解 (29颗卫星)
  ECEF: X=-1456674.5311 Y=5531460.8724 Z=2815654.4404
  LLH:  Lat=26.361162981° Lon=104.753510589° H=1540.6672m
  原始数据:
2025/11/16 09:56:07.000   26.361162981  104.753510589  1540.6672   2  29   0.0803   0.0957   0.1608  -0.0214  -0.0306  -0.0398   4.00    1.0 8525734

[TCP数据流] 2025/11/16 17:55:51 - 浮点解 (22颗卫星)
  ECEF: X=-1456674.5206 Y=5531460.8571 Z=2815654.4244
  LLH:  Lat=26.361162921° Lon=104.753510527° H=1540.6444m
  原始数据:
2025/11/16 09:56:09.000   26.361162921  104.753510527  1540.6444   2  22   0.0794   0.0949   0.1577  -0.0215  -0.0297  -0.0392   6.00    1.0 8525734

[TCP数据流] 2025/11/16 17:55:52 - 浮点解 (29颗卫星)
  ECEF: X=-1456674.5153 Y=5531460.8433 Z=2815654.4041
  LLH:  Lat=26.361162816° Lon=104.753510511° H=1540.6223m
  原始数据:
2025/11/16 09:56:10.000   26.361162816  104.753510511  1540.6223   2  29   0.0783   0.0939   0.1545  -0.0214  -0.0291  -0.0384   7.00    1.1 8525734

[TCP数据流] 2025/11/16 17:55:53 - 浮点解 (29颗卫星)
  ECEF: X=-1456674.5123 Y=5531460.8119 Z=2815654.3791
  LLH:  Lat=26.361162738° Lon=104.753510562° H=1540.5833m
  原始数据:
2025/11/16 09:56:11.000   26.361162738  104.753510562  1540.5833   2  29   0.0773   0.0929   0.1519  -0.0213  -0.0287  -0.0378   8.00    1.0 8525734

[TCP数据流] 2025/11/16 17:55:54 - 浮点解 (29颗卫星)
  ECEF: X=-1456674.4992 Y=5531460.7782 Z=2815654.3519
  LLH:  Lat=26.361162663° Lon=104.753510521° H=1540.5390m
  原始数据:
2025/11/16 09:56:12.000   26.361162663  104.753510521  1540.5390   2  29   0.0764   0.0920   0.1498  -0.0213  -0.0281  -0.0375   9.00    1.0 8525734

[TCP数据流] 2025/11/16 17:55:55 - 浮点解 (22颗卫星)
  ECEF: X=-1456674.4828 Y=5531460.7449 Z=2815654.3254
  LLH:  Lat=26.361162594° Lon=104.753510447° H=1540.4947m
  原始数据:
2025/11/16 09:56:13.000   26.361162594  104.753510447  1540.4947   2  22   0.0758   0.0913   0.1483  -0.0212  -0.0277  -0.0373  10.00    1.3 8525734

[TCP数据流] 2025/11/16 17:55:56 - 浮点解 (29颗卫星)
  ECEF: X=-1456674.4722 Y=5531460.7044 Z=2815654.2935
  LLH:  Lat=26.361162504° Lon=104.753510447° H=1540.4430m
  原始数据:
2025/11/16 09:56:14.000   26.361162504  104.753510447  1540.4430   2  29   0.0751   0.0905   0.1467  -0.0212  -0.0272  -0.0371  11.00    1.1 8525734

[TCP数据流] 2025/11/16 17:55:57 - 浮点解 (29颗卫星)
  ECEF: X=-1456674.4545 Y=5531460.6634 Z=2815654.2609
  LLH:  Lat=26.361162417° Lon=104.753510381° H=1540.3889m
  原始数据:
2025/11/16 09:56:15.000   26.361162417  104.753510381  1540.3889   2  29   0.0744   0.0897   0.1453  -0.0211  -0.0269  -0.0369  12.00    1.0 8525734

[TCP数据流] 2025/11/16 17:55:58 - 浮点解 (29颗卫星)
  ECEF: X=-1456674.4412 Y=5531460.6274 Z=2815654.2307
  LLH:  Lat=26.361162326° Lon=104.753510344° H=1540.3413m
  原始数据:
2025/11/16 09:56:16.000   26.361162326  104.753510344  1540.3413   2  29   0.0737   0.0889   0.1440  -0.0210  -0.0266  -0.0367  13.00    1.0 8525734

[TCP数据流] 2025/11/16 17:55:59 - 浮点解 (22颗卫星)
  ECEF: X=-1456674.4267 Y=5531460.6146 Z=2815654.2116
  LLH:  Lat=26.361162236° Lon=104.753510236° H=1540.3184m
  原始数据:
2025/11/16 09:56:17.000   26.361162236  104.753510236  1540.3184   2  22   0.0733   0.0883   0.1436  -0.0209  -0.0265  -0.0367  14.00    1.1 8525734

[TCP数据流] 2025/11/16 17:56:00 - 浮点解 (9颗卫星)
  ECEF: X=-1456674.4215 Y=5531460.6154 Z=2815654.2101
  LLH:  Lat=26.361162226° Lon=104.753510183° H=1540.3172m
  原始数据:
2025/11/16 09:56:18.000   26.361162226  104.753510183  1540.3172   2   9   0.0733   0.0881   0.1435  -0.0209  -0.0265  -0.0368  15.00    1.5 8525734

[TCP数据流] 2025/11/16 17:56:01 - 浮点解 (22颗卫星)
  ECEF: X=-1456674.4104 Y=5531460.5757 Z=2815654.1834
  LLH:  Lat=26.361162175° Lon=104.753510177° H=1540.2685m
  原始数据:
2025/11/16 09:56:19.000   26.361162175  104.753510177  1540.2685   2  22   0.0729   0.0875   0.1426  -0.0208  -0.0262  -0.0368  16.00    1.1 8525734

[TCP数据流] 2025/11/16 17:56:03 - 浮点解 (29颗卫星)
  ECEF: X=-1456674.3973 Y=5531460.5356 Z=2815654.1514
  LLH:  Lat=26.361162085° Lon=104.753510153° H=1540.2165m
  原始数据:
2025/11/16 09:56:21.000   26.361162085  104.753510153  1540.2165   2  29   0.0724   0.0869   0.1417  -0.0205  -0.0261  -0.0366  18.00    1.1 8525734

[TCP数据流] 2025/11/16 17:56:04 - 浮点解 (29颗卫星)
  ECEF: X=-1456674.3849 Y=5531460.4956 Z=2815654.1204
  LLH:  Lat=26.361162002° Lon=104.753510134° H=1540.1653m
  原始数据:
2025/11/16 09:56:22.000   26.361162002  104.753510134  1540.1653   2  29   0.0719   0.0862   0.1408  -0.0202  -0.0259  -0.0365  19.00    1.0 8525734

[TCP数据流] 2025/11/16 17:56:05 - 浮点解 (29颗卫星)
  ECEF: X=-1456674.3714 Y=5531460.4574 Z=2815654.0912
  LLH:  Lat=26.361161928° Lon=104.753510101° H=1540.1161m
  原始数据:
2025/11/16 09:56:23.000   26.361161928  104.753510101  1540.1161   2  29   0.0714   0.0856   0.1400  -0.0199  -0.0258  -0.0363  20.00    1.0 8525734

[TCP数据流] 2025/11/16 17:56:06 - 浮点解 (22颗卫星)
  ECEF: X=-1456674.3579 Y=5531460.4244 Z=2815654.0661
  LLH:  Lat=26.361161867° Lon=104.753510055° H=1540.0733m
  原始数据:
2025/11/16 09:56:24.000   26.361161867  104.753510055  1540.0733   2  22   0.0711   0.0852   0.1394  -0.0196  -0.0257  -0.0363  21.00    1.2 8525734

[TCP数据流] 2025/11/16 17:56:07 - 浮点解 (23颗卫星)
  ECEF: X=-1456674.3529 Y=5531460.4053 Z=2815654.0550
  LLH:  Lat=26.361161856° Lon=104.753510055° H=1540.0507m
  原始数据:
2025/11/16 09:56:25.000   26.361161856  104.753510055  1540.0507   2  23   0.0707   0.0847   0.1387  -0.0196  -0.0256  -0.0362  22.00    1.0 8525734

[TCP数据流] 2025/11/16 17:56:08 - 浮点解 (22颗卫星)
  ECEF: X=-1456674.3377 Y=5531460.3698 Z=2815654.0287
  LLH:  Lat=26.361161796° Lon=104.753509998° H=1540.0048m
  原始数据:
2025/11/16 09:56:26.000   26.361161796  104.753509998  1540.0048   2  22   0.0704   0.0843   0.1381  -0.0193  -0.0255  -0.0361  23.00    1.1 8525734

[TCP数据流] 2025/11/16 17:56:11 - 浮点解 (23颗卫星)
  ECEF: X=-1456674.3316 Y=5531460.3464 Z=2815654.0140
  LLH:  Lat=26.361161775° Lon=104.753509999° H=1539.9766m
  原始数据:
2025/11/16 09:56:29.000   26.361161775  104.753509999  1539.9766   2  23   0.0701   0.0838   0.1375  -0.0193  -0.0254  -0.0360  26.00    1.0 8525734

[TCP数据流] 2025/11/16 17:56:14 - 浮点解 (22颗卫星)
  ECEF: X=-1456674.3210 Y=5531460.3134 Z=2815653.9874
  LLH:  Lat=26.361161698° Lon=104.753509980° H=1539.9337m
  原始数据:
2025/11/16 09:56:32.000   26.361161698  104.753509980  1539.9337   2  22   0.0698   0.0834   0.1370  -0.0190  -0.0254  -0.0360  29.00    1.0 8525734

[TCP数据流] 2025/11/16 17:56:15 - 浮点解 (29颗卫星)
  ECEF: X=-1456674.3131 Y=5531460.2743 Z=2815653.9563
  LLH:  Lat=26.361161606° Lon=104.753510003° H=1539.8843m
  原始数据:
2025/11/16 09:56:33.000   26.361161606  104.753510003  1539.8843   2  29   0.0694   0.0829   0.1364  -0.0187  -0.0252  -0.0359  30.00    1.0 8525734

[TCP数据流] 2025/11/16 18:01:18 - 浮点解 (23颗卫星)
  ECEF: X=-1456674.3119 Y=5531460.2759 Z=2815653.9605
  LLH:  Lat=26.361161635° Lon=104.753509988° H=1539.8873m
  原始数据:
2025/11/16 10:01:36.000   26.361161635  104.753509988  1539.8873   2  23   0.0692   0.0823   0.1362  -0.0186  -0.0251  -0.0358  23.00    0.0 8525734

[TCP数据流] 2025/11/16 18:01:19 - 浮点解 (22颗卫星)
  ECEF: X=-1456674.3105 Y=5531460.2705 Z=2815653.9625
  LLH:  Lat=26.361161674° Lon=104.753509988° H=1539.8832m
  原始数据:
2025/11/16 10:01:37.000   26.361161674  104.753509988  1539.8832   2  22   0.0689   0.0818   0.1360  -0.0184  -0.0251  -0.0359  24.00    0.0 8525734

[TCP数据流] 2025/11/16 18:01:20 - 浮点解 (16颗卫星)
  ECEF: X=-1456674.3083 Y=5531460.2671 Z=2815653.9619
  LLH:  Lat=26.361161684° Lon=104.753509975° H=1539.8794m
  原始数据:
2025/11/16 10:01:38.000   26.361161684  104.753509975  1539.8794   2  16   0.0687   0.0815   0.1359  -0.0182  -0.0250  -0.0360  25.00    0.0 8525734

[TCP数据流] 2025/11/16 18:01:22 - 浮点解 (9颗卫星)
  ECEF: X=-1456674.3041 Y=5531460.2666 Z=2815653.9617
  LLH:  Lat=26.361161689° Lon=104.753509936° H=1539.8780m
  原始数据:
2025/11/16 10:01:40.000   26.361161689  104.753509936  1539.8780   2   9   0.0687   0.0813   0.1358  -0.0182  -0.0250  -0.0361  27.00    0.0 8525734

[TCP数据流] 2025/11/16 18:01:24 - 浮点解 (22颗卫星)
  ECEF: X=-1456674.2988 Y=5531460.2567 Z=2815653.9611
  LLH:  Lat=26.361161728° Lon=104.753509910° H=1539.8679m
  原始数据:
2025/11/16 10:01:42.000   26.361161728  104.753509910  1539.8679   2  22   0.0684   0.0809   0.1356  -0.0180  -0.0250  -0.0361  29.00    0.0 8525734

[TCP数据流] 2025/11/16 18:01:25 - 浮点解 (29颗卫星)
  ECEF: X=-1456674.3022 Y=5531460.2546 Z=2815653.9652
  LLH:  Lat=26.361161766° Lon=104.753509948° H=1539.8687m
  原始数据:
2025/11/16 10:01:43.000   26.361161766  104.753509948  1539.8687   2  29   0.0681   0.0803   0.1353  -0.0180  -0.0248  -0.0360  30.00    0.0 8525734

[TCP数据流] 2025/11/16 18:01:47 - 浮点解 (22颗卫星)
  ECEF: X=-1456674.2941 Y=5531460.2792 Z=2815653.9906
  LLH:  Lat=26.361161884° Lon=104.753509807° H=1539.8994m
  原始数据:
2025/11/16 10:02:05.000   26.361161884  104.753509807  1539.8994   2  22   0.0677   0.0796   0.1348  -0.0179  -0.0246  -0.0360   1.00    0.0 8525734

[TCP数据流] 2025/11/16 18:01:48 - 浮点解 (22颗卫星)
  ECEF: X=-1456674.2926 Y=5531460.2835 Z=2815653.9918
  LLH:  Lat=26.361161879° Lon=104.753509781° H=1539.9033m
  原始数据:
2025/11/16 10:02:06.000   26.361161879  104.753509781  1539.9033   2  22   0.0675   0.0792   0.1346  -0.0178  -0.0244  -0.0360   2.00    1.0 8525734

[TCP数据流] 2025/11/16 18:01:49 - 浮点解 (22颗卫星)
  ECEF: X=-1456674.2886 Y=5531460.2837 Z=2815653.9940
  LLH:  Lat=26.361161900° Lon=104.753509742° H=1539.9036m
  原始数据:
2025/11/16 10:02:07.000   26.361161900  104.753509742  1539.9036   2  22   0.0673   0.0788   0.1344  -0.0176  -0.0242  -0.0359   3.00    1.0 8525734

[TCP数据流] 2025/11/16 18:01:50 - 浮点解 (22颗卫星)
  ECEF: X=-1456674.2834 Y=5531460.2847 Z=2815653.9951
  LLH:  Lat=26.361161910° Lon=104.753509689° H=1539.9037m
  原始数据:
2025/11/16 10:02:08.000   26.361161910  104.753509689  1539.9037   2  22   0.0671   0.0784   0.1342  -0.0176  -0.0240  -0.0359   4.00    1.0 8525734

[TCP数据流] 2025/11/16 18:01:52 - 浮点解 (15颗卫星)
  ECEF: X=-1456674.2805 Y=5531460.2722 Z=2815653.9931
  LLH:  Lat=26.361161945° Lon=104.753509693° H=1539.8914m
  原始数据:
2025/11/16 10:02:10.000   26.361161945  104.753509693  1539.8914   2  15   0.0670   0.0782   0.1340  -0.0176  -0.0241  -0.0359   6.00    0.0 8525734

[TCP数据流] 2025/11/16 18:01:53 - 浮点解 (22颗卫星)
  ECEF: X=-1456674.2704 Y=5531460.2664 Z=2815653.9896
  LLH:  Lat=26.361161950° Lon=104.753509610° H=1539.8825m
  原始数据:
2025/11/16 10:02:11.000   26.361161950  104.753509610  1539.8825   2  22   0.0668   0.0778   0.1338  -0.0175  -0.0239  -0.0358   7.00    2.6 8525734

[TCP数据流] 2025/11/16 18:01:54 - 浮点解 (22颗卫星)
  ECEF: X=-1456674.2635 Y=5531460.2580 Z=2815653.9888
  LLH:  Lat=26.361161983° Lon=104.753509564° H=1539.8733m
  原始数据:
2025/11/16 10:02:12.000   26.361161983  104.753509564  1539.8733   2  22   0.0665   0.0774   0.1336  -0.0174  -0.0237  -0.0358   8.00    2.0 8525734

[TCP数据流] 2025/11/16 18:01:55 - 浮点解 (9颗卫星)
  ECEF: X=-1456674.2596 Y=5531460.2567 Z=2815653.9878
  LLH:  Lat=26.361161984° Lon=104.753509530° H=1539.8708m
  原始数据:
2025/11/16 10:02:13.000   26.361161984  104.753509530  1539.8708   2   9   0.0665   0.0773   0.1335  -0.0174  -0.0237  -0.0359   9.00    1.4 8525734

[TCP数据流] 2025/11/16 18:01:56 - 浮点解 (9颗卫星)
  ECEF: X=-1456674.2560 Y=5531460.2565 Z=2815653.9863
  LLH:  Lat=26.361161976° Lon=104.753509496° H=1539.8692m
  原始数据:
2025/11/16 10:02:14.000   26.361161976  104.753509496  1539.8692   2   9   0.0665   0.0771   0.1334  -0.0174  -0.0237  -0.0359  10.00    1.0 8525734

[TCP数据流] 2025/11/16 18:01:59 - 浮点解 (22颗卫星)
  ECEF: X=-1456674.2517 Y=5531460.2811 Z=2815654.0044
  LLH:  Lat=26.361162032° Lon=104.753509391° H=1539.8975m
  原始数据:
2025/11/16 10:02:17.000   26.361162032  104.753509391  1539.8975   2  22   0.0662   0.0767   0.1331  -0.0172  -0.0235  -0.0359   0.00    1.0 8525734

[TCP数据流] 2025/11/16 18:02:01 - 浮点解 (22颗卫星)
  ECEF: X=-1456674.2476 Y=5531460.2912 Z=2815654.0116
  LLH:  Lat=26.361162055° Lon=104.753509326° H=1539.9085m
  原始数据:
2025/11/16 10:02:19.000   26.361162055  104.753509326  1539.9085   2  22   0.0660   0.0764   0.1329  -0.0171  -0.0233  -0.0359   2.00    1.1 8525734

[TCP数据流] 2025/11/16 18:02:02 - 浮点解 (22颗卫星)
  ECEF: X=-1456674.2447 Y=5531460.2958 Z=2815654.0163
  LLH:  Lat=26.361162078° Lon=104.753509286° H=1539.9140m
  原始数据:
2025/11/16 10:02:20.000   26.361162078  104.753509286  1539.9140   2  22   0.0658   0.0760   0.1326  -0.0171  -0.0231  -0.0358   3.00    1.0 8525734

[TCP数据流] 2025/11/16 18:02:03 - 浮点解 (16颗卫星)
  ECEF: X=-1456674.2363 Y=5531460.2944 Z=2815654.0170
  LLH:  Lat=26.361162098° Lon=104.753509208° H=1539.9111m
  原始数据:
2025/11/16 10:02:21.000   26.361162098  104.753509208  1539.9111   2  16   0.0657   0.0757   0.1325  -0.0169  -0.0231  -0.0359   4.00    1.0 8525734

[TCP数据流] 2025/11/16 18:02:04 - 浮点解 (22颗卫星)
  ECEF: X=-1456674.2334 Y=5531460.2923 Z=2815654.0160
  LLH:  Lat=26.361162101° Lon=104.753509186° H=1539.9082m
  原始数据:
2025/11/16 10:02:22.000   26.361162101  104.753509186  1539.9082   2  22   0.0655   0.0754   0.1322  -0.0168  -0.0229  -0.0359   5.00    1.1 8525734

[TCP数据流] 2025/11/16 18:02:05 - 浮点解 (28颗卫星)
  ECEF: X=-1456674.2295 Y=5531460.2837 Z=2815654.0160
  LLH:  Lat=26.361162138° Lon=104.753509170° H=1539.8999m
  原始数据:
2025/11/16 10:02:23.000   26.361162138  104.753509170  1539.8999   2  28   0.0652   0.0749   0.1318  -0.0168  -0.0227  -0.0357   6.00    1.6 8525734

[TCP数据流] 2025/11/16 18:02:10 - 浮点解 (28颗卫星)
  ECEF: X=-1456674.2216 Y=5531460.2679 Z=2815654.0078
  LLH:  Lat=26.361162141° Lon=104.753509134° H=1539.8807m
  原始数据:
2025/11/16 10:02:28.000   26.361162141  104.753509134  1539.8807   2  28   0.0649   0.0745   0.1314  -0.0167  -0.0225  -0.0357  11.00    1.1 8525734

[TCP数据流] 2025/11/16 18:02:11 - 浮点解 (22颗卫星)
  ECEF: X=-1456674.2132 Y=5531460.2558 Z=2815653.9986
  LLH:  Lat=26.361162122° Lon=104.753509083° H=1539.8642m
  原始数据:
2025/11/16 10:02:29.000   26.361162122  104.753509083  1539.8642   2  22   0.0647   0.0742   0.1312  -0.0166  -0.0224  -0.0356  12.00    1.9 8525734

[TCP数据流] 2025/11/16 18:02:12 - 浮点解 (9颗卫星)
  ECEF: X=-1456674.2099 Y=5531460.2577 Z=2815653.9988
  LLH:  Lat=26.361162120° Lon=104.753509046° H=1539.8652m
  原始数据:
2025/11/16 10:02:30.000   26.361162120  104.753509046  1539.8652   2   9   0.0646   0.0740   0.1311  -0.0166  -0.0224  -0.0357  13.00    1.1 8525734

[TCP数据流] 2025/11/16 18:02:15 - 浮点解 (15颗卫星)
  ECEF: X=-1456674.2064 Y=5531460.2553 Z=2815653.9953
  LLH:  Lat=26.361162104° Lon=104.753509018° H=1539.8608m
  原始数据:
2025/11/16 10:02:33.000   26.361162104  104.753509018  1539.8608   2  15   0.0645   0.0738   0.1309  -0.0166  -0.0223  -0.0356  16.00    1.8 8525734

[TCP数据流] 2025/11/16 18:02:18 - 浮点解 (22颗卫星)
  ECEF: X=-1456674.1978 Y=5531460.2384 Z=2815653.9838
  LLH:  Lat=26.361162085° Lon=104.753508978° H=1539.8391m
  原始数据:
2025/11/16 10:02:36.000   26.361162085  104.753508978  1539.8391   2  22   0.0643   0.0735   0.1307  -0.0166  -0.0221  -0.0356  19.00    1.6 8525734

[TCP数据流] 2025/11/16 18:02:20 - 浮点解 (22颗卫星)
  ECEF: X=-1456674.1867 Y=5531460.2250 Z=2815653.9734
  LLH:  Lat=26.361162065° Lon=104.753508905° H=1539.8203m
  原始数据:
2025/11/16 10:02:38.000   26.361162065  104.753508905  1539.8203   2  22   0.0641   0.0732   0.1305  -0.0165  -0.0219  -0.0355  21.00    1.9 8525734

[TCP数据流] 2025/11/16 18:02:21 - 浮点解 (28颗卫星)
  ECEF: X=-1456674.1775 Y=5531460.1997 Z=2815653.9592
  LLH:  Lat=26.361162057° Lon=104.753508880° H=1539.7900m
  原始数据:
2025/11/16 10:02:39.000   26.361162057  104.753508880  1539.7900   2  28   0.0639   0.0728   0.1301  -0.0164  -0.0218  -0.0355  22.00    1.0 8525734

[TCP数据流] 2025/11/16 18:02:25 - 浮点解 (28颗卫星)
  ECEF: X=-1456674.1702 Y=5531460.1735 Z=2815653.9454
  LLH:  Lat=26.361162054° Lon=104.753508876° H=1539.7595m
  原始数据:
2025/11/16 10:02:43.000   26.361162054  104.753508876  1539.7595   2  28   0.0636   0.0724   0.1298  -0.0164  -0.0216  -0.0354  26.00    1.0 8525734

[TCP数据流] 2025/11/16 18:02:27 - 浮点解 (21颗卫星)
  ECEF: X=-1456674.1632 Y=5531460.1636 Z=2815653.9409
  LLH:  Lat=26.361162064° Lon=104.753508834° H=1539.7473m
  原始数据:
2025/11/16 10:02:45.000   26.361162064  104.753508834  1539.7473   2  21   0.0634   0.0721   0.1295  -0.0164  -0.0216  -0.0353  28.00    1.0 8525734

[TCP数据流] 2025/11/16 18:02:28 - 浮点解 (16颗卫星)
  ECEF: X=-1456674.1544 Y=5531460.1456 Z=2815653.9278
  LLH:  Lat=26.361162036° Lon=104.753508794° H=1539.7239m
  原始数据:
2025/11/16 10:02:46.000   26.361162036  104.753508794  1539.7239   2  16   0.0633   0.0719   0.1294  -0.0163  -0.0215  -0.0353  29.00    1.1 8525734

[TCP数据流] 2025/11/16 18:02:29 - 浮点解 (28颗卫星)
  ECEF: X=-1456674.1463 Y=5531460.1233 Z=2815653.9139
  LLH:  Lat=26.361162019° Lon=104.753508773° H=1539.6966m
  原始数据:
2025/11/16 10:02:47.000   26.361162019  104.753508773  1539.6966   2  28   0.0630   0.0715   0.1291  -0.0162  -0.0214  -0.0353  30.00    1.0 8525734

[TCP数据流] 2025/11/16 18:02:51 - 浮点解 (28颗卫星)
  ECEF: X=-1456674.1805 Y=5531460.4182 Z=2815654.1232
  LLH:  Lat=26.361162534° Lon=104.753508352° H=1540.0528m
  原始数据:
2025/11/16 10:03:09.000   26.361162534  104.753508352  1540.0528   2  28   0.0603   0.0692   0.1224  -0.0161  -0.0187  -0.0341   1.00    1.0 8525734

[TCP数据流] 2025/11/16 18:02:52 - 浮点解 (22颗卫星)
  ECEF: X=-1456674.1784 Y=5531460.4249 Z=2815654.1308
  LLH:  Lat=26.361162571° Lon=104.753508315° H=1540.0615m
  原始数据:
2025/11/16 10:03:10.000   26.361162571  104.753508315  1540.0615   2  22   0.0600   0.0688   0.1219  -0.0160  -0.0184  -0.0342   2.00    1.3 8525734

[TCP数据流] 2025/11/16 18:02:53 - 浮点解 (28颗卫星)
  ECEF: X=-1456674.1757 Y=5531460.4352 Z=2815654.1344
  LLH:  Lat=26.361162563° Lon=104.753508262° H=1540.0714m
  原始数据:
2025/11/16 10:03:11.000   26.361162563  104.753508262  1540.0714   2  28   0.0596   0.0685   0.1211  -0.0160  -0.0180  -0.0340   3.00    1.1 8525734

[TCP数据流] 2025/11/16 18:02:54 - 浮点解 (16颗卫星)
  ECEF: X=-1456674.1708 Y=5531460.4284 Z=2815654.1277
  LLH:  Lat=26.361162540° Lon=104.753508232° H=1540.0614m
  原始数据:
2025/11/16 10:03:12.000   26.361162540  104.753508232  1540.0614   2  16   0.0595   0.0682   0.1209  -0.0160  -0.0179  -0.0341   4.00    1.1 8525734

[TCP数据流] 2025/11/16 18:02:55 - 浮点解 (28颗卫星)
  ECEF: X=-1456674.1693 Y=5531460.4204 Z=2815654.1207
  LLH:  Lat=26.361162516° Lon=104.753508238° H=1540.0511m
  原始数据:
2025/11/16 10:03:13.000   26.361162516  104.753508238  1540.0511   2  28   0.0592   0.0679   0.1202  -0.0159  -0.0177  -0.0339   5.00    1.3 8525734

[TCP数据流] 2025/11/16 18:02:56 - 浮点解 (28颗卫星)
  ECEF: X=-1456674.1645 Y=5531460.4089 Z=2815654.1106
  LLH:  Lat=26.361162484° Lon=104.753508221° H=1540.0355m
  原始数据:
2025/11/16 10:03:14.000   26.361162484  104.753508221  1540.0355   2  28   0.0589   0.0676   0.1197  -0.0159  -0.0174  -0.0338   6.00    1.3 8525734

[TCP数据流] 2025/11/16 18:02:57 - 浮点解 (28颗卫星)
  ECEF: X=-1456674.1595 Y=5531460.3948 Z=2815654.0983
  LLH:  Lat=26.361162444° Lon=104.753508208° H=1540.0167m
  原始数据:
2025/11/16 10:03:15.000   26.361162444  104.753508208  1540.0167   2  28   0.0586   0.0672   0.1192  -0.0159  -0.0172  -0.0337   7.00    1.2 8525734

[TCP数据流] 2025/11/16 18:02:58 - 浮点解 (28颗卫星)
  ECEF: X=-1456674.1530 Y=5531460.3760 Z=2815654.0842
  LLH:  Lat=26.361162410° Lon=104.753508193° H=1539.9927m
  原始数据:
2025/11/16 10:03:16.000   26.361162410  104.753508193  1539.9927   2  28   0.0583   0.0669   0.1187  -0.0158  -0.0171  -0.0336   8.00    1.2 8525734

[TCP数据流] 2025/11/16 18:02:59 - 浮点解 (28颗卫星)
  ECEF: X=-1456674.1463 Y=5531460.3540 Z=2815654.0692
  LLH:  Lat=26.361162381° Lon=104.753508184° H=1539.9654m
  原始数据:
2025/11/16 10:03:17.000   26.361162381  104.753508184  1539.9654   2  28   0.0581   0.0666   0.1183  -0.0158  -0.0169  -0.0335   9.00    1.3 8525734

[TCP数据流] 2025/11/16 18:03:00 - 浮点解 (28颗卫星)
  ECEF: X=-1456674.1426 Y=5531460.3328 Z=2815654.0559
  LLH:  Lat=26.361162359° Lon=104.753508203° H=1539.9403m
  原始数据:
2025/11/16 10:03:18.000   26.361162359  104.753508203  1539.9403   2  28   0.0579   0.0663   0.1179  -0.0157  -0.0168  -0.0335  10.00    1.4 8525734

[TCP数据流] 2025/11/16 18:03:01 - 浮点解 (28颗卫星)
  ECEF: X=-1456674.1350 Y=5531460.3089 Z=2815654.0407
  LLH:  Lat=26.361162336° Lon=104.753508190° H=1539.9111m
  原始数据:
2025/11/16 10:03:19.000   26.361162336  104.753508190  1539.9111   2  28   0.0576   0.0660   0.1176  -0.0157  -0.0167  -0.0334  11.00    1.2 8525734

[TCP数据流] 2025/11/16 18:03:02 - 浮点解 (28颗卫星)
  ECEF: X=-1456674.1291 Y=5531460.2876 Z=2815654.0274
  LLH:  Lat=26.361162317° Lon=104.753508187° H=1539.8854m
  原始数据:
2025/11/16 10:03:20.000   26.361162317  104.753508187  1539.8854   2  28   0.0574   0.0657   0.1173  -0.0156  -0.0165  -0.0333  12.00    1.2 8525734

[TCP数据流] 2025/11/16 18:03:03 - 浮点解 (27颗卫星)
  ECEF: X=-1456674.1218 Y=5531460.2639 Z=2815654.0128
  LLH:  Lat=26.361162299° Lon=104.753508177° H=1539.8567m
  原始数据:
2025/11/16 10:03:21.000   26.361162299  104.753508177  1539.8567   2  27   0.0572   0.0654   0.1169  -0.0156  -0.0164  -0.0332  13.00    1.2 8525734

[TCP数据流] 2025/11/16 18:03:04 - 浮点解 (27颗卫星)
  ECEF: X=-1456674.1174 Y=5531460.2397 Z=2815653.9992
  LLH:  Lat=26.361162287° Lon=104.753508196° H=1539.8287m
  原始数据:
2025/11/16 10:03:22.000   26.361162287  104.753508196  1539.8287   2  27   0.0570   0.0651   0.1166  -0.0155  -0.0163  -0.0332  14.00    1.2 8525734

[TCP数据流] 2025/11/16 18:03:05 - 浮点解 (27颗卫星)
  ECEF: X=-1456674.1135 Y=5531460.2162 Z=2815653.9847
  LLH:  Lat=26.361162265° Lon=104.753508218° H=1539.8010m
  原始数据:
2025/11/16 10:03:23.000   26.361162265  104.753508218  1539.8010   2  27   0.0568   0.0648   0.1163  -0.0155  -0.0162  -0.0331  15.00    1.2 8525734

[TCP数据流] 2025/11/16 18:03:06 - 浮点解 (27颗卫星)
  ECEF: X=-1456674.1068 Y=5531460.1918 Z=2815653.9702
  LLH:  Lat=26.361162249° Lon=104.753508216° H=1539.7719m
  原始数据:
2025/11/16 10:03:24.000   26.361162249  104.753508216  1539.7719   2  27   0.0566   0.0645   0.1161  -0.0154  -0.0161  -0.0330  16.00    1.2 8525734

[TCP数据流] 2025/11/16 18:03:07 - 浮点解 (27颗卫星)
  ECEF: X=-1456674.0980 Y=5531460.1681 Z=2815653.9565
  LLH:  Lat=26.361162239° Lon=104.753508191° H=1539.7433m
  原始数据:
2025/11/16 10:03:25.000   26.361162239  104.753508191  1539.7433   2  27   0.0564   0.0642   0.1158  -0.0153  -0.0160  -0.0329  17.00    1.2 8525734

[TCP数据流] 2025/11/16 18:03:08 - 浮点解 (27颗卫星)
  ECEF: X=-1456674.0910 Y=5531460.1435 Z=2815653.9430
  LLH:  Lat=26.361162232° Lon=104.753508186° H=1539.7143m
  原始数据:
2025/11/16 10:03:26.000   26.361162232  104.753508186  1539.7143   2  27   0.0562   0.0639   0.1155  -0.0153  -0.0160  -0.0329  18.00    1.2 8525734

[TCP数据流] 2025/11/16 18:03:09 - 浮点解 (27颗卫星)
  ECEF: X=-1456674.0833 Y=5531460.1188 Z=2815653.9281
  LLH:  Lat=26.361162215° Lon=104.753508174° H=1539.6846m
  原始数据:
2025/11/16 10:03:27.000   26.361162215  104.753508174  1539.6846   2  27   0.0560   0.0637   0.1152  -0.0152  -0.0159  -0.0328  19.00    1.2 8525734

[TCP数据流] 2025/11/16 18:03:10 - 浮点解 (27颗卫星)
  ECEF: X=-1456674.0754 Y=5531460.0936 Z=2815653.9131
  LLH:  Lat=26.361162200° Lon=104.753508162° H=1539.6543m
  原始数据:
2025/11/16 10:03:28.000   26.361162200  104.753508162  1539.6543   2  27   0.0558   0.0634   0.1150  -0.0152  -0.0158  -0.0327  20.00    1.2 8525734

[TCP数据流] 2025/11/16 18:03:11 - 浮点解 (27颗卫星)
  ECEF: X=-1456674.0672 Y=5531460.0691 Z=2815653.8991
  LLH:  Lat=26.361162190° Lon=104.753508145° H=1539.6250m
  原始数据:
2025/11/16 10:03:29.000   26.361162190  104.753508145  1539.6250   2  27   0.0556   0.0631   0.1147  -0.0151  -0.0157  -0.0327  21.00    1.1 8525734

[TCP数据流] 2025/11/16 18:03:12 - 浮点解 (27颗卫星)
  ECEF: X=-1456674.0600 Y=5531460.0419 Z=2815653.8857
  LLH:  Lat=26.361162194° Lon=104.753508145° H=1539.5938m
  原始数据:
2025/11/16 10:03:30.000   26.361162194  104.753508145  1539.5938   2  27   0.0554   0.0629   0.1145  -0.0151  -0.0156  -0.0326  22.00    1.1 8525734

[TCP数据流] 2025/11/16 18:03:13 - 浮点解 (27颗卫星)
  ECEF: X=-1456674.0546 Y=5531460.0124 Z=2815653.8722
  LLH:  Lat=26.361162205° Lon=104.753508168° H=1539.5610m
  原始数据:
2025/11/16 10:03:31.000   26.361162205  104.753508168  1539.5610   2  27   0.0552   0.0626   0.1142  -0.0150  -0.0156  -0.0325  23.00    1.1 8525734

[TCP数据流] 2025/11/16 18:03:14 - 浮点解 (27颗卫星)
  ECEF: X=-1456674.0464 Y=5531459.9818 Z=2815653.8586
  LLH:  Lat=26.361162222° Lon=104.753508166° H=1539.5266m
  原始数据:
2025/11/16 10:03:32.000   26.361162222  104.753508166  1539.5266   2  27   0.0551   0.0624   0.1140  -0.0150  -0.0155  -0.0325  24.00    1.1 8525734

[TCP数据流] 2025/11/16 18:03:15 - 浮点解 (22颗卫星)
  ECEF: X=-1456674.0411 Y=5531459.9649 Z=2815653.8470
  LLH:  Lat=26.361162199° Lon=104.753508158° H=1539.5056m
  原始数据:
2025/11/16 10:03:33.000   26.361162199  104.753508158  1539.5056   2  22   0.0549   0.0622   0.1138  -0.0149  -0.0155  -0.0325  25.00    1.1 8525734

[TCP数据流] 2025/11/16 18:03:16 - 浮点解 (27颗卫星)
  ECEF: X=-1456674.0345 Y=5531459.9349 Z=2815653.8324
  LLH:  Lat=26.361162204° Lon=104.753508171° H=1539.4716m
  原始数据:
2025/11/16 10:03:34.000   26.361162204  104.753508171  1539.4716   2  27   0.0548   0.0619   0.1136  -0.0149  -0.0154  -0.0324  26.00    1.2 8525734

[TCP数据流] 2025/11/16 18:03:17 - 浮点解 (27颗卫星)
  ECEF: X=-1456674.0301 Y=5531459.9044 Z=2815653.8167
  LLH:  Lat=26.361162200° Lon=104.753508206° H=1539.4372m
  原始数据:
2025/11/16 10:03:35.000   26.361162200  104.753508206  1539.4372   2  27   0.0546   0.0617   0.1134  -0.0148  -0.0154  -0.0323  27.00    1.1 8525734

[TCP数据流] 2025/11/16 18:03:18 - 浮点解 (27颗卫星)
  ECEF: X=-1456674.0256 Y=5531459.8756 Z=2815653.8036
  LLH:  Lat=26.361162210° Lon=104.753508236° H=1539.4054m
  原始数据:
2025/11/16 10:03:36.000   26.361162210  104.753508236  1539.4054   2  27   0.0544   0.0614   0.1131  -0.0148  -0.0153  -0.0323  28.00    1.5 8525734

[TCP数据流] 2025/11/16 18:03:19 - 浮点解 (22颗卫星)
  ECEF: X=-1456674.0206 Y=5531459.8561 Z=2815653.7913
  LLH:  Lat=26.361162191° Lon=104.753508237° H=1539.3819m
  原始数据:
2025/11/16 10:03:37.000   26.361162191  104.753508237  1539.3819   2  22   0.0543   0.0613   0.1130  -0.0147  -0.0153  -0.0323  29.00    1.3 8525734

[TCP数据流] 2025/11/16 18:03:20 - 浮点解 (22颗卫星)
  ECEF: X=-1456674.0143 Y=5531459.8384 Z=2815653.7798
  LLH:  Lat=26.361162173° Lon=104.753508221° H=1539.3600m
  原始数据:
2025/11/16 10:03:38.000   26.361162173  104.753508221  1539.3600   2  22   0.0542   0.0611   0.1128  -0.0146  -0.0153  -0.0323  30.00    1.3 8525734

[TCP数据流] 2025/11/16 18:03:44 - 浮点解 (22颗卫星)
  ECEF: X=-1456674.0336 Y=5531459.9692 Z=2815653.8447
  LLH:  Lat=26.361162171° Lon=104.753508074° H=1539.5066m
  原始数据:
2025/11/16 10:04:02.000   26.361162171  104.753508074  1539.5066   2  22   0.0535   0.0607   0.1106  -0.0149  -0.0141  -0.0311   0.00    1.3 8525734

[TCP数据流] 2025/11/16 18:03:45 - 浮点解 (27颗卫星)
  ECEF: X=-1456674.0589 Y=5531460.1134 Z=2815653.9407
  LLH:  Lat=26.361162363° Lon=104.753507952° H=1539.6799m
  原始数据:
2025/11/16 10:04:03.000   26.361162363  104.753507952  1539.6799   2  27   0.0526   0.0603   0.1082  -0.0149  -0.0127  -0.0305   0.00    1.2 8525734

[TCP数据流] 2025/11/16 18:03:46 - 浮点解 (27颗卫星)
  ECEF: X=-1456674.0818 Y=5531460.2314 Z=2815654.0277
  LLH:  Lat=26.361162586° Lon=104.753507872° H=1539.8260m
  原始数据:
2025/11/16 10:04:04.000   26.361162586  104.753507872  1539.8260   2  27   0.0518   0.0599   0.1062  -0.0148  -0.0115  -0.0301   0.00    1.7 8525734

[TCP数据流] 2025/11/16 18:03:47 - 浮点解 (27颗卫星)
  ECEF: X=-1456674.1001 Y=5531460.3281 Z=2815654.0942
  LLH:  Lat=26.361162730° Lon=104.753507803° H=1539.9435m
  原始数据:
2025/11/16 10:04:05.000   26.361162730  104.753507803  1539.9435   2  27   0.0511   0.0595   0.1045  -0.0148  -0.0103  -0.0297   0.00    1.1 8525734

[TCP数据流] 2025/11/16 18:03:48 - 浮点解 (27颗卫星)
  ECEF: X=-1456674.1184 Y=5531460.4153 Z=2815654.1599
  LLH:  Lat=26.361162905° Lon=104.753507758° H=1540.0524m
  原始数据:
2025/11/16 10:04:06.000   26.361162905  104.753507758  1540.0524   2  27   0.0504   0.0591   0.1030  -0.0148  -0.0091  -0.0294   0.00    1.1 8525734

[TCP数据流] 2025/11/16 18:03:49 - 浮点解 (27颗卫星)
  ECEF: X=-1456674.1310 Y=5531460.4943 Z=2815654.2123
  LLH:  Lat=26.361163010° Lon=104.753507678° H=1540.1470m
  原始数据:
2025/11/16 10:04:07.000   26.361163010  104.753507678  1540.1470   2  27   0.0498   0.0587   0.1017  -0.0148  -0.0080  -0.0292   0.00    1.3 8525734

[TCP数据流] 2025/11/16 18:03:50 - 浮点解 (27颗卫星)
  ECEF: X=-1456674.1432 Y=5531460.5630 Z=2815654.2598
  LLH:  Lat=26.361163115° Lon=104.753507621° H=1540.2304m
  原始数据:
2025/11/16 10:04:08.000   26.361163115  104.753507621  1540.2304   2  27   0.0493   0.0584   0.1004  -0.0148  -0.0068  -0.0290   0.00    1.3 8525734

[TCP数据流] 2025/11/16 18:03:51 - 浮点解 (27颗卫星)
  ECEF: X=-1456674.1545 Y=5531460.6278 Z=2815654.3022
  LLH:  Lat=26.361163195° Lon=104.753507565° H=1540.3080m
  原始数据:
2025/11/16 10:04:09.000   26.361163195  104.753507565  1540.3080   2  27   0.0488   0.0581   0.0993  -0.0148  -0.0056  -0.0288   0.00    1.4 8525734

[TCP数据流] 2025/11/16 18:03:52 - 浮点解 (27颗卫星)
  ECEF: X=-1456674.1623 Y=5531460.6678 Z=2815654.3296
  LLH:  Lat=26.361163254° Lon=104.753507539° H=1540.3566m
  原始数据:
2025/11/16 10:04:10.000   26.361163254  104.753507539  1540.3566   2  27   0.0483   0.0578   0.0983  -0.0148  -0.0043  -0.0286   1.00    1.3 8525734

[TCP数据流] 2025/11/16 18:03:53 - 浮点解 (27颗卫星)
  ECEF: X=-1456674.1676 Y=5531460.6984 Z=2815654.3481
  LLH:  Lat=26.361163279° Lon=104.753507512° H=1540.3925m
  原始数据:
2025/11/16 10:04:11.000   26.361163279  104.753507512  1540.3925   2  27   0.0479   0.0575   0.0975  -0.0148  -0.0028  -0.0285   2.00    1.4 8525734

[TCP数据流] 2025/11/16 18:03:54 - 浮点解 (27颗卫星)
  ECEF: X=-1456674.1709 Y=5531460.7187 Z=2815654.3572
  LLH:  Lat=26.361163271° Lon=104.753507492° H=1540.4149m
  原始数据:
2025/11/16 10:04:12.000   26.361163271  104.753507492  1540.4149   2  27   0.0476   0.0572   0.0967  -0.0147   0.0005  -0.0284   3.00    1.5 8525734

[TCP数据流] 2025/11/16 18:03:55 - 浮点解 (27颗卫星)
  ECEF: X=-1456674.1708 Y=5531460.7276 Z=2815654.3599
  LLH:  Lat=26.361163258° Lon=104.753507469° H=1540.4238m
  原始数据:
2025/11/16 10:04:13.000   26.361163258  104.753507469  1540.4238   2  27   0.0473   0.0570   0.0961  -0.0147   0.0027  -0.0283   4.00    1.4 8525734

[TCP数据流] 2025/11/16 18:03:56 - 浮点解 (27颗卫星)
  ECEF: X=-1456674.1720 Y=5531460.7307 Z=2815654.3583
  LLH:  Lat=26.361163232° Lon=104.753507473° H=1540.4260m
  原始数据:
2025/11/16 10:04:14.000   26.361163232  104.753507473  1540.4260   2  27   0.0471   0.0567   0.0956  -0.0147   0.0036  -0.0282   5.00    1.4 8525734

[TCP数据流] 2025/11/16 18:03:57 - 浮点解 (27颗卫星)
  ECEF: X=-1456674.1714 Y=5531460.7282 Z=2815654.3530
  LLH:  Lat=26.361163200° Lon=104.753507473° H=1540.4214m
  原始数据:
2025/11/16 10:04:15.000   26.361163200  104.753507473  1540.4214   2  27   0.0469   0.0565   0.0951  -0.0147   0.0041  -0.0281   6.00    1.4 8525734

[TCP数据流] 2025/11/16 18:03:58 - 浮点解 (27颗卫星)
  ECEF: X=-1456674.1672 Y=5531460.7238 Z=2815654.3461
  LLH:  Lat=26.361163165° Lon=104.753507444° H=1540.4135m
  原始数据:
2025/11/16 10:04:16.000   26.361163165  104.753507444  1540.4135   2  27   0.0467   0.0563   0.0947  -0.0146   0.0045  -0.0280   7.00    1.4 8525734

[TCP数据流] 2025/11/16 18:03:59 - 浮点解 (27颗卫星)
  ECEF: X=-1456674.1656 Y=5531460.7190 Z=2815654.3375
  LLH:  Lat=26.361163116° Lon=104.753507440° H=1540.4052m
  原始数据:
2025/11/16 10:04:17.000   26.361163116  104.753507440  1540.4052   2  27   0.0465   0.0561   0.0944  -0.0146   0.0048  -0.0280   8.00    1.4 8525734

[TCP数据流] 2025/11/16 18:04:00 - 浮点解 (27颗卫星)
  ECEF: X=-1456674.1628 Y=5531460.7131 Z=2815654.3288
  LLH:  Lat=26.361163071° Lon=104.753507428° H=1540.3956m
  原始数据:
2025/11/16 10:04:18.000   26.361163071  104.753507428  1540.3956   2  27   0.0463   0.0559   0.0941  -0.0146   0.0050  -0.0279   9.00    1.4 8525734

[TCP数据流] 2025/11/16 18:04:01 - 浮点解 (27颗卫星)
  ECEF: X=-1456674.1615 Y=5531460.7069 Z=2815654.3181
  LLH:  Lat=26.361163010° Lon=104.753507431° H=1540.3852m
  原始数据:
2025/11/16 10:04:19.000   26.361163010  104.753507431  1540.3852   2  27   0.0462   0.0557   0.0938  -0.0145   0.0052  -0.0279  10.00    1.4 8525734

[TCP数据流] 2025/11/16 18:04:02 - 浮点解 (27颗卫星)
  ECEF: X=-1456674.1593 Y=5531460.6968 Z=2815654.3072
  LLH:  Lat=26.361162963° Lon=104.753507436° H=1540.3711m
  原始数据:
2025/11/16 10:04:20.000   26.361162963  104.753507436  1540.3711   2  27   0.0460   0.0555   0.0935  -0.0145   0.0053  -0.0278  11.00    1.4 8525734

[TCP数据流] 2025/11/16 18:04:03 - 浮点解 (27颗卫星)
  ECEF: X=-1456674.1556 Y=5531460.6878 Z=2815654.2961
  LLH:  Lat=26.361162912° Lon=104.753507423° H=1540.3575m
  原始数据:
2025/11/16 10:04:21.000   26.361162912  104.753507423  1540.3575   2  27   0.0459   0.0553   0.0933  -0.0145   0.0054  -0.0277  12.00    1.4 8525734

[TCP数据流] 2025/11/16 18:04:04 - 浮点解 (27颗卫星)
  ECEF: X=-1456674.1525 Y=5531460.6768 Z=2815654.2838
  LLH:  Lat=26.361162859° Lon=104.753507421° H=1540.3418m
  原始数据:
2025/11/16 10:04:22.000   26.361162859  104.753507421  1540.3418   2  27   0.0457   0.0551   0.0930  -0.0144   0.0055  -0.0277  13.00    1.4 8525734

[TCP数据流] 2025/11/16 18:04:05 - 浮点解 (27颗卫星)
  ECEF: X=-1456674.1493 Y=5531460.6635 Z=2815654.2718
  LLH:  Lat=26.361162816° Lon=104.753507424° H=1540.3242m
  原始数据:
2025/11/16 10:04:23.000   26.361162816  104.753507424  1540.3242   2  27   0.0456   0.0549   0.0928  -0.0144   0.0055  -0.0276  14.00    1.4 8525734

[TCP数据流] 2025/11/16 18:04:06 - 浮点解 (27颗卫星)
  ECEF: X=-1456674.1473 Y=5531460.6510 Z=2815654.2601
  LLH:  Lat=26.361162772° Lon=104.753507437° H=1540.3077m
  原始数据:
2025/11/16 10:04:24.000   26.361162772  104.753507437  1540.3077   2  27   0.0455   0.0547   0.0926  -0.0144   0.0056  -0.0276  15.00    1.4 8525734

[TCP数据流] 2025/11/16 18:04:07 - 浮点解 (27颗卫星)
  ECEF: X=-1456674.1431 Y=5531460.6365 Z=2815654.2474
  LLH:  Lat=26.361162730° Lon=104.753507433° H=1540.2886m
  原始数据:
2025/11/16 10:04:25.000   26.361162730  104.753507433  1540.2886   2  27   0.0454   0.0546   0.0924  -0.0143   0.0056  -0.0275  16.00    1.4 8525734

[TCP数据流] 2025/11/16 18:04:08 - 浮点解 (27颗卫星)
  ECEF: X=-1456674.1394 Y=5531460.6226 Z=2815654.2342
  LLH:  Lat=26.361162681° Lon=104.753507433° H=1540.2698m
  原始数据:
2025/11/16 10:04:26.000   26.361162681  104.753507433  1540.2698   2  27   0.0452   0.0544   0.0922  -0.0143   0.0056  -0.0275  17.00    1.4 8525734

[TCP数据流] 2025/11/16 18:04:09 - 浮点解 (27颗卫星)
  ECEF: X=-1456674.1351 Y=5531460.6095 Z=2815654.2210
  LLH:  Lat=26.361162629° Lon=104.753507424° H=1540.2516m
  原始数据:
2025/11/16 10:04:27.000   26.361162629  104.753507424  1540.2516   2  27   0.0451   0.0542   0.0920  -0.0142   0.0056  -0.0274  18.00    1.4 8525734

[TCP数据流] 2025/11/16 18:04:10 - 浮点解 (27颗卫星)
  ECEF: X=-1456674.1317 Y=5531460.5953 Z=2815654.2085
  LLH:  Lat=26.361162587° Lon=104.753507428° H=1540.2330m
  原始数据:
2025/11/16 10:04:28.000   26.361162587  104.753507428  1540.2330   2  27   0.0450   0.0540   0.0918  -0.0142   0.0056  -0.0274  19.00    1.5 8525734

[TCP数据流] 2025/11/16 18:04:11 - 浮点解 (27颗卫星)
  ECEF: X=-1456674.1278 Y=5531460.5795 Z=2815654.1952
  LLH:  Lat=26.361162544° Lon=104.753507430° H=1540.2125m
  原始数据:
2025/11/16 10:04:29.000   26.361162544  104.753507430  1540.2125   2  27   0.0449   0.0539   0.0917  -0.0142   0.0056  -0.0273  20.00    1.4 8525734

[TCP数据流] 2025/11/16 18:04:12 - 浮点解 (27颗卫星)
  ECEF: X=-1456674.1253 Y=5531460.5639 Z=2815654.1833
  LLH:  Lat=26.361162511° Lon=104.753507446° H=1540.1931m
  原始数据:
2025/11/16 10:04:30.000   26.361162511  104.753507446  1540.1931   2  27   0.0448   0.0537   0.0915  -0.0141   0.0056  -0.0273  21.00    1.8 8525734

[TCP数据流] 2025/11/16 18:04:13 - 浮点解 (27颗卫星)
  ECEF: X=-1456674.1228 Y=5531460.5465 Z=2815654.1705
  LLH:  Lat=26.361162478° Lon=104.753507466° H=1540.1718m
  原始数据:
2025/11/16 10:04:31.000   26.361162478  104.753507466  1540.1718   2  27   0.0447   0.0535   0.0913  -0.0141   0.0056  -0.0273  22.00    1.3 8525734

[TCP数据流] 2025/11/16 18:04:14 - 浮点解 (27颗卫星)
  ECEF: X=-1456674.1182 Y=5531460.5296 Z=2815654.1569
  LLH:  Lat=26.361162438° Lon=104.753507464° H=1540.1501m
  原始数据:
2025/11/16 10:04:32.000   26.361162438  104.753507464  1540.1501   2  27   0.0446   0.0534   0.0912  -0.0140   0.0056  -0.0272  23.00    1.3 8525734

[TCP数据流] 2025/11/16 18:04:15 - 浮点解 (27颗卫星)
  ECEF: X=-1456674.1153 Y=5531460.5131 Z=2815654.1444
  LLH:  Lat=26.361162404° Lon=104.753507478° H=1540.1296m
  原始数据:
2025/11/16 10:04:33.000   26.361162404  104.753507478  1540.1296   2  27   0.0445   0.0532   0.0910  -0.0140   0.0056  -0.0272  24.00    1.4 8525734

[TCP数据流] 2025/11/16 18:04:16 - 浮点解 (27颗卫星)
  ECEF: X=-1456674.1117 Y=5531460.4956 Z=2815654.1311
  LLH:  Lat=26.361162368° Lon=104.753507488° H=1540.1077m
  原始数据:
2025/11/16 10:04:34.000   26.361162368  104.753507488  1540.1077   2  27   0.0444   0.0531   0.0909  -0.0140   0.0056  -0.0271  25.00    1.3 8525734

[TCP数据流] 2025/11/16 18:04:17 - 浮点解 (27颗卫星)
  ECEF: X=-1456674.1073 Y=5531460.4790 Z=2815654.1177
  LLH:  Lat=26.361162328° Lon=104.753507488° H=1540.0864m
  原始数据:
2025/11/16 10:04:35.000   26.361162328  104.753507488  1540.0864   2  27   0.0443   0.0529   0.0907  -0.0139   0.0055  -0.0271  26.00    1.3 8525734

[TCP数据流] 2025/11/16 18:04:18 - 浮点解 (27颗卫星)
  ECEF: X=-1456674.1039 Y=5531460.4607 Z=2815654.1044
  LLH:  Lat=26.361162295° Lon=104.753507502° H=1540.0638m
  原始数据:
2025/11/16 10:04:36.000   26.361162295  104.753507502  1540.0638   2  27   0.0442   0.0528   0.0906  -0.0139   0.0055  -0.0270  27.00    1.4 8525734

[TCP数据流] 2025/11/16 18:04:19 - 浮点解 (27颗卫星)
  ECEF: X=-1456674.0994 Y=5531460.4450 Z=2815654.0921
  LLH:  Lat=26.361162261° Lon=104.753507498° H=1540.0437m
  原始数据:
2025/11/16 10:04:37.000   26.361162261  104.753507498  1540.0437   2  27   0.0441   0.0526   0.0904  -0.0138   0.0055  -0.0270  28.00    1.5 8525734

[TCP数据流] 2025/11/16 18:04:20 - 浮点解 (27颗卫星)
  ECEF: X=-1456674.0951 Y=5531460.4280 Z=2815654.0794
  LLH:  Lat=26.361162228° Lon=104.753507500° H=1540.0224m
  原始数据:
2025/11/16 10:04:38.000   26.361162228  104.753507500  1540.0224   2  27   0.0440   0.0524   0.0903  -0.0138   0.0055  -0.0270  29.00    1.3 8525734

[TCP数据流] 2025/11/16 18:04:21 - 浮点解 (27颗卫星)
  ECEF: X=-1456674.0921 Y=5531460.4102 Z=2815654.0673
  LLH:  Lat=26.361162203° Lon=104.753507516° H=1540.0009m
  原始数据:
2025/11/16 10:04:39.000   26.361162203  104.753507516  1540.0009   2  27   0.0439   0.0523   0.0902  -0.0138   0.0054  -0.0269  30.00    1.3 8525734

[TCP数据流] 2025/11/16 18:04:51 - 浮点解 (9颗卫星)
  ECEF: X=-1456674.0906 Y=5531460.4081 Z=2815654.0657
  LLH:  Lat=26.361162199° Lon=104.753507507° H=1539.9980m
  原始数据:
2025/11/16 10:05:09.000   26.361162199  104.753507507  1539.9980   2   9   0.0439   0.0523   0.0901  -0.0138   0.0054  -0.0269   0.00    0.0 8525734

[TCP数据流] 2025/11/16 18:04:52 - 浮点解 (16颗卫星)
  ECEF: X=-1456674.1072 Y=5531460.4963 Z=2815654.0890
  LLH:  Lat=26.361162029° Lon=104.753507443° H=1540.0886m
  原始数据:
2025/11/16 10:05:10.000   26.361162029  104.753507443  1540.0886   2  16   0.0435   0.0522   0.0884  -0.0136   0.0063  -0.0255   0.00    1.8 8525734

[TCP数据流] 2025/11/16 18:04:53 - 浮点解 (15颗卫星)
  ECEF: X=-1456674.1146 Y=5531460.5324 Z=2815654.1290
  LLH:  Lat=26.361162205° Lon=104.753507422° H=1540.1393m
  原始数据:
2025/11/16 10:05:11.000   26.361162205  104.753507422  1540.1393   2  15   0.0431   0.0520   0.0878  -0.0134   0.0064  -0.0258   1.00    1.0 8525734

[TCP数据流] 2025/11/16 18:04:54 - 浮点解 (23颗卫星)
  ECEF: X=-1456674.1236 Y=5531460.5696 Z=2815654.1691
  LLH:  Lat=26.361162376° Lon=104.753507415° H=1540.1914m
  原始数据:
2025/11/16 10:05:12.000   26.361162376  104.753507415  1540.1914   2  23   0.0426   0.0516   0.0870  -0.0134   0.0071  -0.0262   2.00    1.2 8525734

[TCP数据流] 2025/11/16 18:04:55 - 浮点解 (9颗卫星)
  ECEF: X=-1456674.1215 Y=5531460.5695 Z=2815654.1682
  LLH:  Lat=26.361162371° Lon=104.753507395° H=1540.1904m
  原始数据:
2025/11/16 10:05:13.000   26.361162371  104.753507395  1540.1904   2   9   0.0425   0.0516   0.0870  -0.0134   0.0070  -0.0262   3.00    0.0 8525734

[TCP数据流] 2025/11/16 18:04:56 - 浮点解 (16颗卫星)
  ECEF: X=-1456674.1287 Y=5531460.6029 Z=2815654.1728
  LLH:  Lat=26.361162272° Lon=104.753507379° H=1540.2231m
  原始数据:
2025/11/16 10:05:14.000   26.361162272  104.753507379  1540.2231   2  16   0.0423   0.0515   0.0860  -0.0133   0.0074  -0.0254   4.00    1.0 8525734

[TCP数据流] 2025/11/16 18:04:57 - 浮点解 (16颗卫星)
  ECEF: X=-1456674.1335 Y=5531460.6273 Z=2815654.1742
  LLH:  Lat=26.361162184° Lon=104.753507363° H=1540.2459m
  原始数据:
2025/11/16 10:05:15.000   26.361162184  104.753507363  1540.2459   2  16   0.0421   0.0514   0.0852  -0.0133   0.0077  -0.0247   5.00    1.1 8525734

[TCP数据流] 2025/11/16 18:04:59 - 浮点解 (16颗卫星)
  ECEF: X=-1456674.1362 Y=5531460.6411 Z=2815654.1720
  LLH:  Lat=26.361162110° Lon=104.753507354° H=1540.2575m
  原始数据:
2025/11/16 10:05:17.000   26.361162110  104.753507354  1540.2575   2  16   0.0420   0.0513   0.0846  -0.0132   0.0078  -0.0243   7.00    1.0 8525734

[TCP数据流] 2025/11/16 18:05:00 - 浮点解 (16颗卫星)
  ECEF: X=-1456674.1371 Y=5531460.6509 Z=2815654.1693
  LLH:  Lat=26.361162049° Lon=104.753507338° H=1540.2650m
  原始数据:
2025/11/16 10:05:18.000   26.361162049  104.753507338  1540.2650   2  16   0.0418   0.0513   0.0841  -0.0132   0.0079  -0.0239   8.00    1.0 8525734

[TCP数据流] 2025/11/16 18:05:01 - 浮点解 (15颗卫星)
  ECEF: X=-1456674.1350 Y=5531460.6479 Z=2815654.1669
  LLH:  Lat=26.361162043° Lon=104.753507325° H=1540.2609m
  原始数据:
2025/11/16 10:05:19.000   26.361162043  104.753507325  1540.2609   2  15   0.0417   0.0512   0.0840  -0.0131   0.0079  -0.0240   9.00    1.6 8525734

[TCP数据流] 2025/11/16 18:05:02 - 浮点解 (15颗卫星)
  ECEF: X=-1456674.1339 Y=5531460.6437 Z=2815654.1638
  LLH:  Lat=26.361162036° Lon=104.753507325° H=1540.2556m
  原始数据:
2025/11/16 10:05:20.000   26.361162036  104.753507325  1540.2556   2  15   0.0416   0.0511   0.0838  -0.0131   0.0080  -0.0241  10.00    1.1 8525734

[TCP数据流] 2025/11/16 18:05:04 - 浮点解 (16颗卫星)
  ECEF: X=-1456674.1464 Y=5531460.7056 Z=2815654.1814
  LLH:  Lat=26.361161925° Lon=104.753507288° H=1540.3199m
  原始数据:
2025/11/16 10:05:22.000   26.361161925  104.753507288  1540.3199   2  16   0.0413   0.0510   0.0823  -0.0130   0.0085  -0.0228   0.00    1.3 8525734

[TCP数据流] 2025/11/16 18:05:11 - 浮点解 (15颗卫星)
  ECEF: X=-1456674.1475 Y=5531460.7045 Z=2815654.1822
  LLH:  Lat=26.361161935° Lon=104.753507302° H=1540.3196m
  原始数据:
2025/11/16 10:05:29.000   26.361161935  104.753507302  1540.3196   2  15   0.0411   0.0509   0.0821  -0.0129   0.0085  -0.0229   7.00    1.3 8525734

[TCP数据流] 2025/11/16 18:05:15 - 浮点解 (17颗卫星)
  ECEF: X=-1456674.1439 Y=5531460.6937 Z=2815654.1766
  LLH:  Lat=26.361161935° Lon=104.753507295° H=1540.3069m
  原始数据:
2025/11/16 10:05:33.000   26.361161935  104.753507295  1540.3069   2  17   0.0411   0.0508   0.0819  -0.0129   0.0086  -0.0230  11.00    1.4 8525734

[TCP数据流] 2025/11/16 18:05:16 - 浮点解 (15颗卫星)
  ECEF: X=-1456674.1420 Y=5531460.6896 Z=2815654.1726
  LLH:  Lat=26.361161921° Lon=104.753507287° H=1540.3011m
  原始数据:
2025/11/16 10:05:34.000   26.361161921  104.753507287  1540.3011   2  15   0.0410   0.0507   0.0818  -0.0129   0.0086  -0.0231  12.00    1.2 8525734

[TCP数据流] 2025/11/16 18:05:18 - 浮点解 (9颗卫星)
  ECEF: X=-1456674.1391 Y=5531460.6878 Z=2815654.1709
  LLH:  Lat=26.361161917° Lon=104.753507263° H=1540.2981m
  原始数据:
2025/11/16 10:05:36.000   26.361161917  104.753507263  1540.2981   2   9   0.0410   0.0506   0.0818  -0.0129   0.0085  -0.0231  14.00    0.0 8525734

[TCP数据流] 2025/11/16 18:05:19 - 浮点解 (15颗卫星)
  ECEF: X=-1456674.1370 Y=5531460.6824 Z=2815654.1656
  LLH:  Lat=26.361161897° Lon=104.753507257° H=1540.2907m
  原始数据:
2025/11/16 10:05:37.000   26.361161897  104.753507257  1540.2907   2  15   0.0409   0.0506   0.0817  -0.0128   0.0085  -0.0231  15.00    1.0 8525734

[TCP数据流] 2025/11/16 18:05:21 - 浮点解 (24颗卫星)
  ECEF: X=-1456674.1345 Y=5531460.6700 Z=2815654.1554
  LLH:  Lat=26.361161865° Lon=104.753507264° H=1540.2748m
  原始数据:
2025/11/16 10:05:39.000   26.361161865  104.753507264  1540.2748   2  24   0.0408   0.0504   0.0814  -0.0128   0.0086  -0.0230  17.00    1.0 8525734

[TCP数据流] 2025/11/16 18:05:24 - 浮点解 (23颗卫星)
  ECEF: X=-1456674.1311 Y=5531460.6557 Z=2815654.1450
  LLH:  Lat=26.361161840° Lon=104.753507268° H=1540.2570m
  原始数据:
2025/11/16 10:05:42.000   26.361161840  104.753507268  1540.2570   2  23   0.0407   0.0503   0.0813  -0.0128   0.0086  -0.0230  20.00    1.6 8525734

[TCP数据流] 2025/11/16 18:05:30 - 浮点解 (15颗卫星)
  ECEF: X=-1456674.1281 Y=5531460.6514 Z=2815654.1405
  LLH:  Lat=26.361161823° Lon=104.753507249° H=1540.2506m
  原始数据:
2025/11/16 10:05:48.000   26.361161823  104.753507249  1540.2506   2  15   0.0407   0.0502   0.0812  -0.0128   0.0086  -0.0230  26.00    1.0 8525734

[TCP数据流] 2025/11/16 18:05:32 - 浮点解 (24颗卫星)
  ECEF: X=-1456674.1237 Y=5531460.6375 Z=2815654.1308
  LLH:  Lat=26.361161803° Lon=104.753507242° H=1540.2332m
  原始数据:
2025/11/16 10:05:50.000   26.361161803  104.753507242  1540.2332   2  24   0.0406   0.0501   0.0811  -0.0127   0.0085  -0.0230  28.00    1.0 8525734

[TCP数据流] 2025/11/16 18:05:59 - 浮点解 (27颗卫星)
  ECEF: X=-1456674.1707 Y=5531460.8221 Z=2815654.2559
  LLH:  Lat=26.361162051° Lon=104.753507227° H=1540.4595m
  原始数据:
2025/11/16 10:06:17.000   26.361162051  104.753507227  1540.4595   2  27   0.0387   0.0493   0.0762  -0.0126   0.0100  -0.0212   0.00    1.2 8525734

[TCP数据流] 2025/11/16 18:06:00 - 浮点解 (27颗卫星)
  ECEF: X=-1456674.2112 Y=5531460.9743 Z=2815654.3600
  LLH:  Lat=26.361162262° Lon=104.753507231° H=1540.6468m
  原始数据:
2025/11/16 10:06:18.000   26.361162262  104.753507231  1540.6468   2  27   0.0372   0.0486   0.0724  -0.0125   0.0110  -0.0199   0.00    1.2 8525734

[TCP数据流] 2025/11/16 18:06:01 - 浮点解 (28颗卫星)
  ECEF: X=-1456674.2362 Y=5531461.0834 Z=2815654.4408
  LLH:  Lat=26.361162467° Lon=104.753507195° H=1540.7829m
  原始数据:
2025/11/16 10:06:19.000   26.361162467  104.753507195  1540.7829   2  28   0.0359   0.0480   0.0693  -0.0124   0.0116  -0.0188   0.00    1.3 8525734

[TCP数据流] 2025/11/16 18:06:02 - 浮点解 (28颗卫星)
  ECEF: X=-1456674.2589 Y=5531461.1713 Z=2815654.5057
  LLH:  Lat=26.361162628° Lon=104.753507190° H=1540.8931m
  原始数据:
2025/11/16 10:06:20.000   26.361162628  104.753507190  1540.8931   2  28   0.0348   0.0474   0.0667  -0.0123   0.0121  -0.0179   0.00    1.3 8525734

[TCP数据流] 2025/11/16 18:06:04 - 浮点解 (22颗卫星)
  ECEF: X=-1456674.2707 Y=5531461.2217 Z=2815654.5329
  LLH:  Lat=26.361162641° Lon=104.753507176° H=1540.9515m
  原始数据:
2025/11/16 10:06:22.000   26.361162641  104.753507176  1540.9515   2  22   0.0342   0.0471   0.0648  -0.0126   0.0126  -0.0168   0.00    1.0 8525734

[TCP数据流] 2025/11/16 18:06:05 - 浮点解 (28颗卫星)
  ECEF: X=-1456674.2839 Y=5531461.2790 Z=2815654.5780
  LLH:  Lat=26.361162770° Lon=104.753507158° H=1541.0242m
  原始数据:
2025/11/16 10:06:23.000   26.361162770  104.753507158  1541.0242   2  28   0.0333   0.0465   0.0629  -0.0124   0.0128  -0.0162   1.00    1.1 8525734

[TCP数据流] 2025/11/16 18:06:06 - 浮点解 (28颗卫星)
  ECEF: X=-1456674.2935 Y=5531461.3148 Z=2815654.6074
  LLH:  Lat=26.361162859° Lon=104.753507159° H=1541.0705m
  原始数据:
2025/11/16 10:06:24.000   26.361162859  104.753507159  1541.0705   2  28   0.0326   0.0461   0.0613  -0.0124   0.0130  -0.0158   2.00    1.2 8525734

[TCP数据流] 2025/11/16 18:06:07 - 浮点解 (28颗卫星)
  ECEF: X=-1456674.2996 Y=5531461.3372 Z=2815654.6244
  LLH:  Lat=26.361162904° Lon=104.753507161° H=1541.0988m
  原始数据:
2025/11/16 10:06:25.000   26.361162904  104.753507161  1541.0988   2  28   0.0320   0.0457   0.0601  -0.0123   0.0131  -0.0155   3.00    1.2 8525734

[TCP数据流] 2025/11/16 18:06:08 - 浮点解 (28颗卫星)
  ECEF: X=-1456674.3041 Y=5531461.3498 Z=2815654.6344
  LLH:  Lat=26.361162931° Lon=104.753507173° H=1541.1152m
  原始数据:
2025/11/16 10:06:26.000   26.361162931  104.753507173  1541.1152   2  28   0.0316   0.0454   0.0591  -0.0122   0.0132  -0.0153   4.00    1.2 8525734

[TCP数据流] 2025/11/16 18:06:09 - 浮点解 (28颗卫星)
  ECEF: X=-1456674.3066 Y=5531461.3545 Z=2815654.6388
  LLH:  Lat=26.361162946° Lon=104.753507185° H=1541.1218m
  原始数据:
2025/11/16 10:06:27.000   26.361162946  104.753507185  1541.1218   2  28   0.0313   0.0451   0.0584  -0.0122   0.0133  -0.0151   5.00    1.2 8525734

[TCP数据流] 2025/11/16 18:06:11 - 浮点解 (28颗卫星)
  ECEF: X=-1456674.3064 Y=5531461.3487 Z=2815654.6358
  LLH:  Lat=26.361162944° Lon=104.753507198° H=1541.1154m
  原始数据:
2025/11/16 10:06:29.000   26.361162944  104.753507198  1541.1154   2  28   0.0310   0.0449   0.0578  -0.0122   0.0133  -0.0150   7.00    1.2 8525734

[TCP数据流] 2025/11/16 18:06:12 - 浮点解 (22颗卫星)
  ECEF: X=-1456674.3054 Y=5531461.3458 Z=2815654.6332
  LLH:  Lat=26.361162935° Lon=104.753507196° H=1541.1115m
  原始数据:
2025/11/16 10:06:30.000   26.361162935  104.753507196  1541.1115   2  22   0.0309   0.0448   0.0575  -0.0122   0.0133  -0.0148   8.00    1.2 8525734

[TCP数据流] 2025/11/16 18:06:15 - 浮点解 (28颗卫星)
  ECEF: X=-1456674.3031 Y=5531461.3344 Z=2815654.6253
  LLH:  Lat=26.361162918° Lon=104.753507202° H=1541.0976m
  原始数据:
2025/11/16 10:06:33.000   26.361162918  104.753507202  1541.0976   2  28   0.0308   0.0446   0.0572  -0.0122   0.0133  -0.0147  11.00    1.2 8525734

[TCP数据流] 2025/11/16 18:06:17 - 浮点解 (9颗卫星)
  ECEF: X=-1456674.3004 Y=5531461.3336 Z=2815654.6243
  LLH:  Lat=26.361162916° Lon=104.753507178° H=1541.0958m
  原始数据:
2025/11/16 10:06:35.000   26.361162916  104.753507178  1541.0958   2   9   0.0308   0.0446   0.0572  -0.0122   0.0133  -0.0147  13.00    2.4 8525734

[TCP数据流] 2025/11/16 18:06:23 - 浮点解 (15颗卫星)
  ECEF: X=-1456674.2980 Y=5531461.3278 Z=2815654.6221
  LLH:  Lat=26.361162923° Lon=104.753507170° H=1541.0893m
  原始数据:
2025/11/16 10:06:41.000   26.361162923  104.753507170  1541.0893   2  15   0.0307   0.0446   0.0571  -0.0121   0.0132  -0.0147  19.00    1.1 8525734

[TCP数据流] 2025/11/16 18:06:28 - 浮点解 (9颗卫星)
  ECEF: X=-1456674.2960 Y=5531461.3271 Z=2815654.6213
  LLH:  Lat=26.361162921° Lon=104.753507152° H=1541.0879m
  原始数据:
2025/11/16 10:06:46.000   26.361162921  104.753507152  1541.0879   2   9   0.0307   0.0445   0.0571  -0.0121   0.0132  -0.0147  24.00    2.0 8525734

[TCP数据流] 2025/11/16 18:06:32 - 固定解 (15颗卫星)
  ECEF: X=-1456674.7100 Y=5531461.6236 Z=2815654.9659
  LLH:  Lat=26.361164136° Lon=104.753510406° H=1541.5923m
  原始数据:
2025/11/16 10:06:50.000   26.361164136  104.753510406  1541.5923   1  15   0.0013   0.0014   0.0038  -0.0004  -0.0014  -0.0011  28.00    6.0 8525734

[TCP数据流] 2025/11/16 18:06:33 - 固定解 (22颗卫星)
  ECEF: X=-1456674.7100 Y=5531461.6238 Z=2815654.9661
  LLH:  Lat=26.361164137° Lon=104.753510406° H=1541.5925m
  原始数据:
2025/11/16 10:06:51.000   26.361164137  104.753510406  1541.5925   1  22   0.0013   0.0014   0.0038  -0.0004  -0.0014  -0.0011  29.00    5.9 8525734

[TCP数据流] 2025/11/16 18:11:56 - 固定解 (30颗卫星)
  ECEF: X=-1456671.3514 Y=5531458.6239 Z=2815665.9612
  LLH:  Lat=26.361268086° Lon=104.753485525° H=1543.1090m
  原始数据:
2025/11/16 10:12:14.000   26.361268086  104.753485525  1543.1090   1  30   0.0075   0.0055   0.0227   0.0062   0.0107   0.0128   0.00    3.3 8525734

[TCP数据流] 2025/11/16 18:11:57 - 浮点解 (23颗卫星)
  ECEF: X=-1456671.2974 Y=5531458.9055 Z=2815666.0518
  LLH:  Lat=26.361267782° Lon=104.753484284° H=1543.3809m
  原始数据:
2025/11/16 10:12:15.000   26.361267782  104.753484284  1543.3809   2  23   0.0249   0.0400   0.0531  -0.0056  -0.0070  -0.0163   1.00    0.0 8525734

[TCP数据流] 2025/11/16 18:11:58 - 浮点解 (30颗卫星)
  ECEF: X=-1456670.9631 Y=5531458.4551 Z=2815667.6678
  LLH:  Lat=26.361282934° Lon=104.753482194° H=1543.6319m
  原始数据:
2025/11/16 10:12:16.000   26.361282934  104.753482194  1543.6319   2  30   0.0239   0.0391   0.0523  -0.0039  -0.0092  -0.0164   2.00    2.4 8525734

[TCP数据流] 2025/11/16 18:11:59 - 浮点解 (30颗卫星)
  ECEF: X=-1456670.7590 Y=5531458.1271 Z=2815668.7469
  LLH:  Lat=26.361293138° Lon=104.753481054° H=1543.7803m
  原始数据:
2025/11/16 10:12:17.000   26.361293138  104.753481054  1543.7803   2  30   0.0232   0.0385   0.0517  -0.0021  -0.0105  -0.0165   3.00    1.0 8525734

[TCP数据流] 2025/11/16 18:12:00 - 浮点解 (30颗卫星)
  ECEF: X=-1456670.6311 Y=5531457.8871 Z=2815669.4821
  LLH:  Lat=26.361300143° Lon=104.753480427° H=1543.8696m
  原始数据:
2025/11/16 10:12:18.000   26.361300143  104.753480427  1543.8696   2  30   0.0227   0.0380   0.0512   0.0017  -0.0114  -0.0166   4.00    1.0 8525734

[TCP数据流] 2025/11/16 18:12:01 - 浮点解 (30颗卫星)
  ECEF: X=-1456670.5482 Y=5531457.7086 Z=2815669.9983
  LLH:  Lat=26.361305093° Lon=104.753480080° H=1543.9252m
  原始数据:
2025/11/16 10:12:19.000   26.361305093  104.753480080  1543.9252   2  30   0.0224   0.0376   0.0509   0.0029  -0.0119  -0.0166   5.00    1.0 8525734

[TCP数据流] 2025/11/16 18:12:02 - 浮点解 (30颗卫星)
  ECEF: X=-1456670.4915 Y=5531457.5728 Z=2815670.3721
  LLH:  Lat=26.361308699° Lon=104.753479877° H=1543.9606m
  原始数据:
2025/11/16 10:12:20.000   26.361308699  104.753479877  1543.9606   2  30   0.0221   0.0373   0.0506   0.0035  -0.0123  -0.0167   6.00    1.1 8525734

[TCP数据流] 2025/11/16 18:12:03 - 浮点解 (30颗卫星)
  ECEF: X=-1456670.4532 Y=5531457.4670 Z=2815670.6507
  LLH:  Lat=26.361311401° Lon=104.753479776° H=1543.9839m
  原始数据:
2025/11/16 10:12:21.000   26.361311401  104.753479776  1543.9839   2  30   0.0219   0.0371   0.0504   0.0039  -0.0126  -0.0167   7.00    1.0 8525734

[TCP数据流] 2025/11/16 18:12:04 - 浮点解 (30颗卫星)
  ECEF: X=-1456670.4268 Y=5531457.3830 Z=2815670.8640
  LLH:  Lat=26.361313478° Lon=104.753479734° H=1543.9998m
  原始数据:
2025/11/16 10:12:22.000   26.361313478  104.753479734  1543.9998   2  30   0.0217   0.0369   0.0502   0.0042  -0.0128  -0.0167   8.00    1.0 8525734

[TCP数据流] 2025/11/16 18:12:05 - 浮点解 (30颗卫星)
  ECEF: X=-1456670.4077 Y=5531457.3158 Z=2815671.0308
  LLH:  Lat=26.361315106° Lon=104.753479721° H=1544.0113m
  原始数据:
2025/11/16 10:12:23.000   26.361315106  104.753479721  1544.0113   2  30   0.0216   0.0367   0.0500   0.0044  -0.0130  -0.0167   9.00    1.0 8525734

[TCP数据流] 2025/11/16 18:12:06 - 浮点解 (30颗卫星)
  ECEF: X=-1456670.3941 Y=5531457.2611 Z=2815671.1633
  LLH:  Lat=26.361316403° Lon=104.753479729° H=1544.0196m
  原始数据:
2025/11/16 10:12:24.000   26.361316403  104.753479729  1544.0196   2  30   0.0215   0.0366   0.0499   0.0045  -0.0131  -0.0167  10.00    1.0 8525734

[TCP数据流] 2025/11/16 18:12:07 - 浮点解 (30颗卫星)
  ECEF: X=-1456670.3850 Y=5531457.2160 Z=2815671.2699
  LLH:  Lat=26.361317449° Lon=104.753479755° H=1544.0258m
  原始数据:
2025/11/16 10:12:25.000   26.361317449  104.753479755  1544.0258   2  30   0.0214   0.0364   0.0498   0.0046  -0.0132  -0.0167  11.00    1.0 8525734

[TCP数据流] 2025/11/16 18:12:08 - 浮点解 (30颗卫星)
  ECEF: X=-1456670.3779 Y=5531457.1784 Z=2815671.3564
  LLH:  Lat=26.361318301° Lon=104.753479783° H=1544.0300m
  原始数据:
2025/11/16 10:12:26.000   26.361318301  104.753479783  1544.0300   2  30   0.0213   0.0363   0.0497   0.0048  -0.0133  -0.0167  12.00    1.0 8525734

[TCP数据流] 2025/11/16 18:12:09 - 浮点解 (30颗卫星)
  ECEF: X=-1456670.3727 Y=5531457.1462 Z=2815671.4276
  LLH:  Lat=26.361319007° Lon=104.753479814° H=1544.0325m
  原始数据:
2025/11/16 10:12:27.000   26.361319007  104.753479814  1544.0325   2  30   0.0212   0.0362   0.0496   0.0048  -0.0134  -0.0167  13.00    1.0 8525734

[TCP数据流] 2025/11/16 18:12:10 - 浮点解 (30颗卫星)
  ECEF: X=-1456670.3700 Y=5531457.1182 Z=2815671.4868
  LLH:  Lat=26.361319597° Lon=104.753479860° H=1544.0339m
  原始数据:
2025/11/16 10:12:28.000   26.361319597  104.753479860  1544.0339   2  30   0.0212   0.0361   0.0496   0.0049  -0.0134  -0.0167  14.00    1.0 8525734

[TCP数据流] 2025/11/16 18:12:12 - 浮点解 (30颗卫星)
  ECEF: X=-1456670.3700 Y=5531457.0969 Z=2815671.5285
  LLH:  Lat=26.361320017° Lon=104.753479914° H=1544.0340m
  原始数据:
2025/11/16 10:12:30.000   26.361320017  104.753479914  1544.0340   2  30   0.0211   0.0360   0.0495   0.0050  -0.0135  -0.0167  16.00    1.0 8525734

[TCP数据流] 2025/11/16 18:12:13 - 浮点解 (30颗卫星)
  ECEF: X=-1456670.3706 Y=5531457.0786 Z=2815671.5639
  LLH:  Lat=26.361320373° Lon=104.753479966° H=1544.0340m
  原始数据:
2025/11/16 10:12:31.000   26.361320373  104.753479966  1544.0340   2  30   0.0211   0.0359   0.0494   0.0050  -0.0135  -0.0167  17.00    1.0 8525734

[TCP数据流] 2025/11/16 18:12:14 - 浮点解 (17颗卫星)
  ECEF: X=-1456670.3776 Y=5531457.0745 Z=2815671.5549
  LLH:  Lat=26.361320309° Lon=104.753480045° H=1544.0280m
  原始数据:
2025/11/16 10:12:32.000   26.361320309  104.753480045  1544.0280   2  17   0.0211   0.0359   0.0494   0.0050  -0.0135  -0.0167  18.00    1.0 8525734

[TCP数据流] 2025/11/16 18:12:15 - 浮点解 (30颗卫星)
  ECEF: X=-1456670.3794 Y=5531457.0602 Z=2815671.5803
  LLH:  Lat=26.361320568° Lon=104.753480099° H=1544.0273m
  原始数据:
2025/11/16 10:12:33.000   26.361320568  104.753480099  1544.0273   2  30   0.0210   0.0358   0.0494   0.0050  -0.0135  -0.0167  19.00    1.0 8525734

[TCP数据流] 2025/11/16 18:12:16 - 浮点解 (30颗卫星)
  ECEF: X=-1456670.3830 Y=5531457.0469 Z=2815671.6014
  LLH:  Lat=26.361320787° Lon=104.753480168° H=1544.0260m
  原始数据:
2025/11/16 10:12:34.000   26.361320787  104.753480168  1544.0260   2  30   0.0210   0.0357   0.0493   0.0051  -0.0135  -0.0167  20.00    1.0 8525734

[TCP数据流] 2025/11/16 18:12:17 - 浮点解 (30颗卫星)
  ECEF: X=-1456670.3864 Y=5531457.0357 Z=2815671.6194
  LLH:  Lat=26.361320972° Lon=104.753480229° H=1544.0251m
  原始数据:
2025/11/16 10:12:35.000   26.361320972  104.753480229  1544.0251   2  30   0.0210   0.0357   0.0493   0.0051  -0.0136  -0.0167  21.00    1.0 8525734

[TCP数据流] 2025/11/16 18:12:18 - 浮点解 (30颗卫星)
  ECEF: X=-1456670.3901 Y=5531457.0252 Z=2815671.6342
  LLH:  Lat=26.361321129° Lon=104.753480292° H=1544.0234m
  原始数据:
2025/11/16 10:12:36.000   26.361321129  104.753480292  1544.0234   2  30   0.0209   0.0356   0.0493   0.0051  -0.0136  -0.0167  22.00    1.0 8525734

[TCP数据流] 2025/11/16 18:12:19 - 浮点解 (28颗卫星)
  ECEF: X=-1456670.3135 Y=5531456.6509 Z=2815672.3835
  LLH:  Lat=26.361328715° Lon=104.753480504° H=1544.0143m
  原始数据:
2025/11/16 10:12:37.000   26.361328715  104.753480504  1544.0143   2  28   0.0203   0.0350   0.0487   0.0057  -0.0142  -0.0167   0.00    1.2 8525734

[TCP数据流] 2025/11/16 18:12:20 - 浮点解 (15颗卫星)
  ECEF: X=-1456670.2567 Y=5531456.3163 Z=2815672.9813
  LLH:  Lat=26.361334903° Lon=104.753480808° H=1543.9769m
  原始数据:
2025/11/16 10:12:38.000   26.361334903  104.753480808  1543.9769   2  15   0.0198   0.0345   0.0482   0.0062  -0.0148  -0.0167   1.00    1.1 8525734

[TCP数据流] 2025/11/16 18:12:21 - 浮点解 (28颗卫星)
  ECEF: X=-1456670.2292 Y=5531456.0593 Z=2815673.4152
  LLH:  Lat=26.361339435° Lon=104.753481197° H=1543.9406m
  原始数据:
2025/11/16 10:12:39.000   26.361339435  104.753481197  1543.9406   2  28   0.0195   0.0341   0.0477   0.0065  -0.0151  -0.0166   2.00    1.0 8525734

[TCP数据流] 2025/11/16 18:12:22 - 浮点解 (28颗卫星)
  ECEF: X=-1456670.2170 Y=5531455.8646 Z=2815673.7239
  LLH:  Lat=26.361342698° Lon=104.753481575° H=1543.9061m
  原始数据:
2025/11/16 10:12:40.000   26.361342698  104.753481575  1543.9061   2  28   0.0192   0.0338   0.0474   0.0067  -0.0154  -0.0166   3.00    1.0 8525734

[TCP数据流] 2025/11/16 18:12:23 - 浮点解 (28颗卫星)
  ECEF: X=-1456670.2110 Y=5531455.7175 Z=2815673.9426
  LLH:  Lat=26.361345042° Lon=104.753481892° H=1543.8744m
  原始数据:
2025/11/16 10:12:41.000   26.361345042  104.753481892  1543.8744   2  28   0.0189   0.0335   0.0471   0.0068  -0.0155  -0.0166   4.00    1.0 8525734

[TCP数据流] 2025/11/16 18:12:24 - 浮点解 (28颗卫星)
  ECEF: X=-1456670.2099 Y=5531455.6077 Z=2815674.0999
  LLH:  Lat=26.361346741° Lon=104.753482162° H=1543.8489m
  原始数据:
2025/11/16 10:12:42.000   26.361346741  104.753482162  1543.8489   2  28   0.0188   0.0333   0.0469   0.0069  -0.0156  -0.0166   5.00    1.0 8525734

[TCP数据流] 2025/11/16 18:12:25 - 浮点解 (28颗卫星)
  ECEF: X=-1456670.2114 Y=5531455.5239 Z=2815674.2151
  LLH:  Lat=26.361347995° Lon=104.753482390° H=1543.8278m
  原始数据:
2025/11/16 10:12:43.000   26.361347995  104.753482390  1543.8278   2  28   0.0187   0.0332   0.0468   0.0070  -0.0157  -0.0166   6.00    1.0 8525734

[TCP数据流] 2025/11/16 18:12:26 - 浮点解 (28颗卫星)
  ECEF: X=-1456670.2141 Y=5531455.4578 Z=2815674.3002
  LLH:  Lat=26.361348937° Lon=104.753482585° H=1543.8089m
  原始数据:
2025/11/16 10:12:44.000   26.361348937  104.753482585  1543.8089   2  28   0.0186   0.0330   0.0466   0.0070  -0.0158  -0.0166   7.00    1.0 8525734

[TCP数据流] 2025/11/16 18:12:27 - 浮点解 (28颗卫星)
  ECEF: X=-1456670.2175 Y=5531455.4058 Z=2815674.3646
  LLH:  Lat=26.361349655° Lon=104.753482751° H=1543.7932m
  原始数据:
2025/11/16 10:12:45.000   26.361349655  104.753482751  1543.7932   2  28   0.0185   0.0329   0.0465   0.0071  -0.0158  -0.0166   8.00    1.1 8525734

[TCP数据流] 2025/11/16 18:12:28 - 浮点解 (28颗卫星)
  ECEF: X=-1456670.2209 Y=5531455.3646 Z=2815674.4140
  LLH:  Lat=26.361350211° Lon=104.753482889° H=1543.7802m
  原始数据:
2025/11/16 10:12:46.000   26.361350211  104.753482889  1543.7802   2  28   0.0184   0.0328   0.0464   0.0071  -0.0159  -0.0165   9.00    1.0 8525734

[TCP数据流] 2025/11/16 18:12:29 - 浮点解 (28颗卫星)
  ECEF: X=-1456670.2251 Y=5531455.3310 Z=2815674.4525
  LLH:  Lat=26.361350648° Lon=104.753483015° H=1543.7692m
  原始数据:
2025/11/16 10:12:47.000   26.361350648  104.753483015  1543.7692   2  28   0.0183   0.0327   0.0463   0.0071  -0.0159  -0.0165  10.00    1.1 8525734

[TCP数据流] 2025/11/16 18:12:30 - 浮点解 (28颗卫星)
  ECEF: X=-1456670.2297 Y=5531455.3033 Z=2815674.4822
  LLH:  Lat=26.361350991° Lon=104.753483130° H=1543.7594m
  原始数据:
2025/11/16 10:12:48.000   26.361350991  104.753483130  1543.7594   2  28   0.0183   0.0326   0.0463   0.0071  -0.0159  -0.0165  11.00    1.0 8525734

[TCP数据流] 2025/11/16 18:12:31 - 浮点解 (22颗卫星)
  ECEF: X=-1456670.2343 Y=5531455.3041 Z=2815674.4729
  LLH:  Lat=26.361350908° Lon=104.753483173° H=1543.7570m
  原始数据:
2025/11/16 10:12:49.000   26.361350908  104.753483173  1543.7570   2  22   0.0183   0.0326   0.0462   0.0071  -0.0159  -0.0165  12.00    1.3 8525734

[TCP数据流] 2025/11/16 18:12:32 - 浮点解 (28颗卫星)
  ECEF: X=-1456670.2382 Y=5531455.2848 Z=2815674.4915
  LLH:  Lat=26.361351129° Lon=104.753483260° H=1543.7494m
  原始数据:
2025/11/16 10:12:50.000   26.361351129  104.753483260  1543.7494   2  28   0.0183   0.0325   0.0462   0.0072  -0.0159  -0.0165  13.00    1.0 8525734

[TCP数据流] 2025/11/16 18:12:33 - 浮点解 (28颗卫星)
  ECEF: X=-1456670.2431 Y=5531455.2684 Z=2815674.5059
  LLH:  Lat=26.361351304° Lon=104.753483349° H=1543.7427m
  原始数据:
2025/11/16 10:12:51.000   26.361351304  104.753483349  1543.7427   2  28   0.0182   0.0325   0.0461   0.0072  -0.0159  -0.0165  14.00    1.0 8525734

[TCP数据流] 2025/11/16 18:12:34 - 浮点解 (28颗卫星)
  ECEF: X=-1456670.2475 Y=5531455.2544 Z=2815674.5167
  LLH:  Lat=26.361351441° Lon=104.753483427° H=1543.7364m
  原始数据:
2025/11/16 10:12:52.000   26.361351441  104.753483427  1543.7364   2  28   0.0182   0.0324   0.0461   0.0072  -0.0159  -0.0165  15.00    1.0 8525734

[TCP数据流] 2025/11/16 18:12:35 - 浮点解 (28颗卫星)
  ECEF: X=-1456670.2516 Y=5531455.2429 Z=2815674.5247
  LLH:  Lat=26.361351546° Lon=104.753483496° H=1543.7309m
  原始数据:
2025/11/16 10:12:53.000   26.361351546  104.753483496  1543.7309   2  28   0.0182   0.0324   0.0461   0.0072  -0.0159  -0.0165  16.00    1.1 8525734

[TCP数据流] 2025/11/16 18:12:36 - 浮点解 (28颗卫星)
  ECEF: X=-1456670.2562 Y=5531455.2323 Z=2815674.5302
  LLH:  Lat=26.361351627° Lon=104.753483568° H=1543.7252m
  原始数据:
2025/11/16 10:12:54.000   26.361351627  104.753483568  1543.7252   2  28   0.0181   0.0323   0.0460   0.0072  -0.0159  -0.0165  17.00    1.0 8525734

[TCP数据流] 2025/11/16 18:12:38 - 浮点解 (23颗卫星)
  ECEF: X=-1456670.2598 Y=5531455.2226 Z=2815674.5343
  LLH:  Lat=26.361351694° Lon=104.753483628° H=1543.7195m
  原始数据:
2025/11/16 10:12:56.000   26.361351694  104.753483628  1543.7195   2  23   0.0181   0.0323   0.0460   0.0072  -0.0159  -0.0165  19.00    1.0 8525734

[TCP数据流] 2025/11/16 18:12:39 - 浮点解 (28颗卫星)
  ECEF: X=-1456670.2638 Y=5531455.2162 Z=2815674.5349
  LLH:  Lat=26.361351720° Lon=104.753483683° H=1543.7151m
  原始数据:
2025/11/16 10:12:57.000   26.361351720  104.753483683  1543.7151   2  28   0.0181   0.0322   0.0459   0.0072  -0.0159  -0.0165  20.00    1.0 8525734

[TCP数据流] 2025/11/16 18:12:40 - 浮点解 (28颗卫星)
  ECEF: X=-1456670.2678 Y=5531455.2105 Z=2815674.5346
  LLH:  Lat=26.361351735° Lon=104.753483736° H=1543.7110m
  原始数据:
2025/11/16 10:12:58.000   26.361351735  104.753483736  1543.7110   2  28   0.0181   0.0322   0.0459   0.0072  -0.0159  -0.0164  21.00    1.0 8525734

[TCP数据流] 2025/11/16 18:12:41 - 浮点解 (28颗卫星)
  ECEF: X=-1456670.2713 Y=5531455.2059 Z=2815674.5332
  LLH:  Lat=26.361351738° Lon=104.753483782° H=1543.7071m
  原始数据:
2025/11/16 10:12:59.000   26.361351738  104.753483782  1543.7071   2  28   0.0181   0.0321   0.0459   0.0072  -0.0159  -0.0164  22.00    1.0 8525734

[TCP数据流] 2025/11/16 18:12:42 - 浮点解 (28颗卫星)
  ECEF: X=-1456670.2748 Y=5531455.2007 Z=2815674.5308
  LLH:  Lat=26.361351735° Lon=104.753483829° H=1543.7024m
  原始数据:
2025/11/16 10:13:00.000   26.361351735  104.753483829  1543.7024   2  28   0.0180   0.0321   0.0459   0.0072  -0.0158  -0.0164  23.00    1.1 8525734

[TCP数据流] 2025/11/16 18:12:44 - 浮点解 (28颗卫星)
  ECEF: X=-1456670.2786 Y=5531455.1973 Z=2815674.5270
  LLH:  Lat=26.361351714° Lon=104.753483874° H=1543.6986m
  原始数据:
2025/11/16 10:13:02.000   26.361351714  104.753483874  1543.6986   2  28   0.0180   0.0320   0.0458   0.0072  -0.0158  -0.0164  25.00    1.0 8525734

[TCP数据流] 2025/11/16 18:12:45 - 浮点解 (28颗卫星)
  ECEF: X=-1456670.2821 Y=5531455.1945 Z=2815674.5225
  LLH:  Lat=26.361351685° Lon=104.753483915° H=1543.6950m
  原始数据:
2025/11/16 10:13:03.000   26.361351685  104.753483915  1543.6950   2  28   0.0180   0.0320   0.0458   0.0072  -0.0158  -0.0164  26.00    1.0 8525734

[TCP数据流] 2025/11/16 18:12:46 - 浮点解 (28颗卫星)
  ECEF: X=-1456670.2849 Y=5531455.1924 Z=2815674.5175
  LLH:  Lat=26.361351650° Lon=104.753483948° H=1543.6916m
  原始数据:
2025/11/16 10:13:04.000   26.361351650  104.753483948  1543.6916   2  28   0.0180   0.0319   0.0458   0.0071  -0.0158  -0.0164  27.00    1.0 8525734

[TCP数据流] 2025/11/16 18:12:47 - 浮点解 (28颗卫星)
  ECEF: X=-1456670.2882 Y=5531455.1907 Z=2815674.5123
  LLH:  Lat=26.361351611° Lon=104.753483984° H=1543.6886m
  原始数据:
2025/11/16 10:13:05.000   26.361351611  104.753483984  1543.6886   2  28   0.0180   0.0319   0.0458   0.0071  -0.0158  -0.0164  28.00    1.0 8525734

[TCP数据流] 2025/11/16 18:12:48 - 浮点解 (28颗卫星)
  ECEF: X=-1456670.2917 Y=5531455.1894 Z=2815674.5067
  LLH:  Lat=26.361351567° Lon=104.753484021° H=1543.6857m
  原始数据:
2025/11/16 10:13:06.000   26.361351567  104.753484021  1543.6857   2  28   0.0180   0.0318   0.0457   0.0071  -0.0158  -0.0164  29.00    1.0 8525734

[TCP数据流] 2025/11/16 18:12:49 - 浮点解 (28颗卫星)
  ECEF: X=-1456670.2949 Y=5531455.1884 Z=2815674.5006
  LLH:  Lat=26.361351518° Lon=104.753484055° H=1543.6829m
  原始数据:
2025/11/16 10:13:07.000   26.361351518  104.753484055  1543.6829   2  28   0.0180   0.0318   0.0457   0.0071  -0.0158  -0.0164  30.00    1.0 8525734

[TCP数据流] 2025/11/16 18:13:11 - 浮点解 (30颗卫星)
  ECEF: X=-1456670.5010 Y=5531454.1821 Z=2815675.5130
  LLH:  Lat=26.361363393° Lon=104.753488618° H=1543.3075m
  原始数据:
2025/11/16 10:13:29.000   26.361363393  104.753488618  1543.3075   2  30   0.0161   0.0298   0.0430   0.0076  -0.0165  -0.0157   4.00    1.0 8525734

[TCP数据流] 2025/11/16 18:13:12 - 浮点解 (30颗卫星)
  ECEF: X=-1456670.5169 Y=5531454.1326 Z=2815675.5457
  LLH:  Lat=26.361363833° Lon=104.753488898° H=1543.2828m
  原始数据:
2025/11/16 10:13:30.000   26.361363833  104.753488898  1543.2828   2  30   0.0160   0.0296   0.0428   0.0077  -0.0165  -0.0157   5.00    1.0 8525734

[TCP数据流] 2025/11/16 18:13:13 - 浮点解 (30颗卫星)
  ECEF: X=-1456670.5295 Y=5531454.0964 Z=2815675.5681
  LLH:  Lat=26.361364141° Lon=104.753489113° H=1543.2642m
  原始数据:
2025/11/16 10:13:31.000   26.361364141  104.753489113  1543.2642   2  30   0.0160   0.0295   0.0427   0.0077  -0.0165  -0.0157   6.00    1.0 8525734

[TCP数据流] 2025/11/16 18:13:14 - 浮点解 (30颗卫星)
  ECEF: X=-1456670.5390 Y=5531454.0684 Z=2815675.5831
  LLH:  Lat=26.361364361° Lon=104.753489276° H=1543.2488m
  原始数据:
2025/11/16 10:13:32.000   26.361364361  104.753489276  1543.2488   2  30   0.0159   0.0294   0.0426   0.0077  -0.0165  -0.0156   7.00    1.0 8525734

[TCP数据流] 2025/11/16 18:13:15 - 浮点解 (30颗卫星)
  ECEF: X=-1456670.5473 Y=5531454.0468 Z=2815675.5927
  LLH:  Lat=26.361364514° Lon=104.753489412° H=1543.2362m
  原始数据:
2025/11/16 10:13:33.000   26.361364514  104.753489412  1543.2362   2  30   0.0159   0.0293   0.0425   0.0077  -0.0165  -0.0156   8.00    1.0 8525734

[TCP数据流] 2025/11/16 18:13:16 - 浮点解 (30颗卫星)
  ECEF: X=-1456670.5547 Y=5531454.0301 Z=2815675.5985
  LLH:  Lat=26.361364618° Lon=104.753489526° H=1543.2260m
  原始数据:
2025/11/16 10:13:34.000   26.361364618  104.753489526  1543.2260   2  30   0.0158   0.0293   0.0424   0.0077  -0.0165  -0.0156   9.00    1.0 8525734

[TCP数据流] 2025/11/16 18:13:17 - 浮点解 (30颗卫星)
  ECEF: X=-1456670.5617 Y=5531454.0173 Z=2815675.6015
  LLH:  Lat=26.361364685° Lon=104.753489626° H=1543.2179m
  原始数据:
2025/11/16 10:13:35.000   26.361364685  104.753489626  1543.2179   2  30   0.0158   0.0292   0.0423   0.0077  -0.0165  -0.0156  10.00    1.0 8525734

[TCP数据流] 2025/11/16 18:13:18 - 浮点解 (30颗卫星)
  ECEF: X=-1456670.5677 Y=5531454.0076 Z=2815675.6025
  LLH:  Lat=26.361364724° Lon=104.753489709° H=1543.2113m
  原始数据:
2025/11/16 10:13:36.000   26.361364724  104.753489709  1543.2113   2  30   0.0157   0.0292   0.0423   0.0077  -0.0165  -0.0156  11.00    1.0 8525734

[TCP数据流] 2025/11/16 18:13:19 - 浮点解 (22颗卫星)
  ECEF: X=-1456670.5671 Y=5531454.0537 Z=2815675.5951
  LLH:  Lat=26.361364487° Lon=104.753489586° H=1543.2478m
  原始数据:
2025/11/16 10:13:37.000   26.361364487  104.753489586  1543.2478   2  22   0.0157   0.0291   0.0422   0.0076  -0.0164  -0.0155   0.00    1.1 8525734

[TCP数据流] 2025/11/16 18:13:20 - 浮点解 (26颗卫星)
  ECEF: X=-1456670.6009 Y=5531453.9487 Z=2815675.6689
  LLH:  Lat=26.361365456° Lon=104.753490181° H=1543.1973m
  原始数据:
2025/11/16 10:13:38.000   26.361365456  104.753490181  1543.1973   2  26   0.0155   0.0289   0.0419   0.0077  -0.0164  -0.0154   0.00    1.2 8525734

[TCP数据流] 2025/11/16 18:13:21 - 浮点解 (28颗卫星)
  ECEF: X=-1456670.6308 Y=5531453.8539 Z=2815675.7293
  LLH:  Lat=26.361366281° Lon=104.753490713° H=1543.1488m
  原始数据:
2025/11/16 10:13:39.000   26.361366281  104.753490713  1543.1488   2  28   0.0154   0.0287   0.0416   0.0077  -0.0165  -0.0154   1.00    1.3 8525734

[TCP数据流] 2025/11/16 18:13:22 - 浮点解 (28颗卫星)
  ECEF: X=-1456670.6562 Y=5531453.7768 Z=2815675.7733
  LLH:  Lat=26.361366909° Lon=104.753491155° H=1543.1073m
  原始数据:
2025/11/16 10:13:40.000   26.361366909  104.753491155  1543.1073   2  28   0.0152   0.0285   0.0414   0.0077  -0.0165  -0.0153   2.00    1.2 8525734

[TCP数据流] 2025/11/16 18:13:23 - 浮点解 (28颗卫星)
  ECEF: X=-1456670.6766 Y=5531453.7165 Z=2815675.8020
  LLH:  Lat=26.361367354° Lon=104.753491507° H=1543.0725m
  原始数据:
2025/11/16 10:13:41.000   26.361367354  104.753491507  1543.0725   2  28   0.0151   0.0284   0.0412   0.0077  -0.0165  -0.0152   3.00    1.0 8525734

[TCP数据流] 2025/11/16 18:13:24 - 浮点解 (28颗卫星)
  ECEF: X=-1456670.6926 Y=5531453.6708 Z=2815675.8198
  LLH:  Lat=26.361367659° Lon=104.753491778° H=1543.0444m
  原始数据:
2025/11/16 10:13:42.000   26.361367659  104.753491778  1543.0444   2  28   0.0150   0.0282   0.0410   0.0077  -0.0165  -0.0152   4.00    1.1 8525734

[TCP数据流] 2025/11/16 18:13:25 - 浮点解 (28颗卫星)
  ECEF: X=-1456670.7057 Y=5531453.6363 Z=2815675.8302
  LLH:  Lat=26.361367863° Lon=104.753491993° H=1543.0221m
  原始数据:
2025/11/16 10:13:43.000   26.361367863  104.753491993  1543.0221   2  28   0.0150   0.0281   0.0409   0.0077  -0.0165  -0.0152   5.00    1.0 8525734

[TCP数据流] 2025/11/16 18:13:26 - 浮点解 (22颗卫星)
  ECEF: X=-1456670.7050 Y=5531453.6496 Z=2815675.8225
  LLH:  Lat=26.361367750° Lon=104.753491952° H=1543.0301m
  原始数据:
2025/11/16 10:13:44.000   26.361367750  104.753491952  1543.0301   2  22   0.0149   0.0281   0.0408   0.0077  -0.0164  -0.0151   6.00    1.0 8525734

[TCP数据流] 2025/11/16 18:13:28 - 浮点解 (23颗卫星)
  ECEF: X=-1456670.7108 Y=5531453.6223 Z=2815675.8223
  LLH:  Lat=26.361367848° Lon=104.753492078° H=1543.0077m
  原始数据:
2025/11/16 10:13:46.000   26.361367848  104.753492078  1543.0077   2  23   0.0149   0.0281   0.0408   0.0077  -0.0164  -0.0151   8.00    1.1 8525734

[TCP数据流] 2025/11/16 18:13:29 - 浮点解 (28颗卫星)
  ECEF: X=-1456670.7166 Y=5531453.6088 Z=2815675.8196
  LLH:  Lat=26.361367873° Lon=104.753492169° H=1542.9961m
  原始数据:
2025/11/16 10:13:47.000   26.361367873  104.753492169  1542.9961   2  28   0.0149   0.0280   0.0407   0.0077  -0.0164  -0.0151   9.00    1.0 8525734

[TCP数据流] 2025/11/16 18:13:30 - 浮点解 (28颗卫星)
  ECEF: X=-1456670.7212 Y=5531453.5986 Z=2815675.8159
  LLH:  Lat=26.361367878° Lon=104.753492240° H=1542.9867m
  原始数据:
2025/11/16 10:13:48.000   26.361367878  104.753492240  1542.9867   2  28   0.0149   0.0279   0.0406   0.0077  -0.0164  -0.0151  10.00    1.0 8525734

[TCP数据流] 2025/11/16 18:13:31 - 浮点解 (28颗卫星)
  ECEF: X=-1456670.7252 Y=5531453.5905 Z=2815675.8109
  LLH:  Lat=26.361367865° Lon=104.753492299° H=1542.9784m
  原始数据:
2025/11/16 10:13:49.000   26.361367865  104.753492299  1542.9784   2  28   0.0148   0.0279   0.0406   0.0077  -0.0164  -0.0151  11.00    1.0 8525734

[TCP数据流] 2025/11/16 18:13:32 - 浮点解 (28颗卫星)
  ECEF: X=-1456670.7290 Y=5531453.5838 Z=2815675.8054
  LLH:  Lat=26.361367842° Lon=104.753492353° H=1542.9710m
  原始数据:
2025/11/16 10:13:50.000   26.361367842  104.753492353  1542.9710   2  28   0.0148   0.0279   0.0406   0.0077  -0.0164  -0.0151  12.00    1.0 8525734

[TCP数据流] 2025/11/16 18:13:33 - 浮点解 (28颗卫星)
  ECEF: X=-1456670.7323 Y=5531453.5787 Z=2815675.7995
  LLH:  Lat=26.361367811° Lon=104.753492398° H=1542.9647m
  原始数据:
2025/11/16 10:13:51.000   26.361367811  104.753492398  1542.9647   2  28   0.0148   0.0278   0.0405   0.0077  -0.0164  -0.0151  13.00    1.0 8525734

[TCP数据流] 2025/11/16 18:13:34 - 浮点解 (28颗卫星)
  ECEF: X=-1456670.7355 Y=5531453.5745 Z=2815675.7930
  LLH:  Lat=26.361367771° Lon=104.753492439° H=1542.9589m
  原始数据:
2025/11/16 10:13:52.000   26.361367771  104.753492439  1542.9589   2  28   0.0148   0.0278   0.0405   0.0077  -0.0163  -0.0150  14.00    1.0 8525734

[TCP数据流] 2025/11/16 18:13:35 - 浮点解 (28颗卫星)
  ECEF: X=-1456670.7380 Y=5531453.5707 Z=2815675.7859
  LLH:  Lat=26.361367726° Lon=104.753492473° H=1542.9530m
  原始数据:
2025/11/16 10:13:53.000   26.361367726  104.753492473  1542.9530   2  28   0.0148   0.0277   0.0404   0.0077  -0.0163  -0.0150  15.00    1.0 8525734

[TCP数据流] 2025/11/16 18:13:36 - 浮点解 (28颗卫星)
  ECEF: X=-1456670.7404 Y=5531453.5677 Z=2815675.7787
  LLH:  Lat=26.361367677° Lon=104.753492504° H=1542.9478m
  原始数据:
2025/11/16 10:13:54.000   26.361367677  104.753492504  1542.9478   2  28   0.0148   0.0277   0.0404   0.0076  -0.0163  -0.0150  16.00    1.0 8525734

[TCP数据流] 2025/11/16 18:13:37 - 浮点解 (28颗卫星)
  ECEF: X=-1456670.7427 Y=5531453.5654 Z=2815675.7713
  LLH:  Lat=26.361367624° Lon=104.753492533° H=1542.9430m
  原始数据:
2025/11/16 10:13:55.000   26.361367624  104.753492533  1542.9430   2  28   0.0147   0.0277   0.0404   0.0076  -0.0163  -0.0150  17.00    1.0 8525734

[TCP数据流] 2025/11/16 18:13:38 - 浮点解 (28颗卫星)
  ECEF: X=-1456670.7452 Y=5531453.5632 Z=2815675.7636
  LLH:  Lat=26.361367568° Lon=104.753492562° H=1542.9383m
  原始数据:
2025/11/16 10:13:56.000   26.361367568  104.753492562  1542.9383   2  28   0.0147   0.0276   0.0403   0.0076  -0.0163  -0.0150  18.00    1.0 8525734

[TCP数据流] 2025/11/16 18:13:39 - 浮点解 (28颗卫星)
  ECEF: X=-1456670.7471 Y=5531453.5615 Z=2815675.7558
  LLH:  Lat=26.361367509° Lon=104.753492585° H=1542.9338m
  原始数据:
2025/11/16 10:13:57.000   26.361367509  104.753492585  1542.9338   2  28   0.0147   0.0276   0.0403   0.0076  -0.0163  -0.0150  19.00    1.0 8525734

[TCP数据流] 2025/11/16 18:13:40 - 浮点解 (28颗卫星)
  ECEF: X=-1456670.7495 Y=5531453.5601 Z=2815675.7480
  LLH:  Lat=26.361367449° Lon=104.753492612° H=1542.9296m
  原始数据:
2025/11/16 10:13:58.000   26.361367449  104.753492612  1542.9296   2  28   0.0147   0.0276   0.0403   0.0076  -0.0163  -0.0150  20.00    1.0 8525734

[TCP数据流] 2025/11/16 18:13:41 - 浮点解 (28颗卫星)
  ECEF: X=-1456670.7479 Y=5531453.5624 Z=2815675.7407
  LLH:  Lat=26.361367383° Lon=104.753492591° H=1542.9280m
  原始数据:
2025/11/16 10:13:59.000   26.361367383  104.753492591  1542.9280   2  28   0.0147   0.0276   0.0403   0.0076  -0.0162  -0.0150  21.00    1.0 8525734

[TCP数据流] 2025/11/16 18:13:43 - 浮点解 (28颗卫星)
  ECEF: X=-1456670.7470 Y=5531453.5650 Z=2815675.7334
  LLH:  Lat=26.361367315° Lon=104.753492575° H=1542.9268m
  原始数据:
2025/11/16 10:14:01.000   26.361367315  104.753492575  1542.9268   2  28   0.0147   0.0275   0.0403   0.0076  -0.0162  -0.0150  23.00    1.0 8525734

[TCP数据流] 2025/11/16 18:13:44 - 浮点解 (28颗卫星)
  ECEF: X=-1456670.7490 Y=5531453.5648 Z=2815675.7252
  LLH:  Lat=26.361367247° Lon=104.753492595° H=1542.9235m
  原始数据:
2025/11/16 10:14:02.000   26.361367247  104.753492595  1542.9235   2  28   0.0147   0.0275   0.0402   0.0076  -0.0162  -0.0150  24.00    1.0 8525734

[TCP数据流] 2025/11/16 18:13:45 - 浮点解 (28颗卫星)
  ECEF: X=-1456670.7509 Y=5531453.5646 Z=2815675.7169
  LLH:  Lat=26.361367179° Lon=104.753492614° H=1542.9201m
  原始数据:
2025/11/16 10:14:03.000   26.361367179  104.753492614  1542.9201   2  28   0.0147   0.0275   0.0402   0.0076  -0.0162  -0.0149  25.00    1.0 8525734

[TCP数据流] 2025/11/16 18:13:46 - 浮点解 (28颗卫星)
  ECEF: X=-1456670.7530 Y=5531453.5644 Z=2815675.7086
  LLH:  Lat=26.361367110° Lon=104.753492635° H=1542.9167m
  原始数据:
2025/11/16 10:14:04.000   26.361367110  104.753492635  1542.9167   2  28   0.0147   0.0274   0.0402   0.0076  -0.0162  -0.0149  26.00    1.0 8525734

[TCP数据流] 2025/11/16 18:13:47 - 浮点解 (28颗卫星)
  ECEF: X=-1456670.7551 Y=5531453.5647 Z=2815675.7003
  LLH:  Lat=26.361367040° Lon=104.753492654° H=1542.9137m
  原始数据:
2025/11/16 10:14:05.000   26.361367040  104.753492654  1542.9137   2  28   0.0147   0.0274   0.0402   0.0076  -0.0162  -0.0149  27.00    1.0 8525734

[TCP数据流] 2025/11/16 18:13:48 - 浮点解 (28颗卫星)
  ECEF: X=-1456670.7564 Y=5531453.5654 Z=2815675.6920
  LLH:  Lat=26.361366969° Lon=104.753492665° H=1542.9110m
  原始数据:
2025/11/16 10:14:06.000   26.361366969  104.753492665  1542.9110   2  28   0.0147   0.0274   0.0402   0.0076  -0.0161  -0.0149  28.00    1.0 8525734

[TCP数据流] 2025/11/16 18:13:49 - 浮点解 (28颗卫星)
  ECEF: X=-1456670.7583 Y=5531453.5657 Z=2815675.6839
  LLH:  Lat=26.361366900° Lon=104.753492683° H=1542.9080m
  原始数据:
2025/11/16 10:14:07.000   26.361366900  104.753492683  1542.9080   2  28   0.0146   0.0274   0.0401   0.0076  -0.0161  -0.0149  29.00    1.1 8525734

[TCP数据流] 2025/11/16 18:13:50 - 浮点解 (28颗卫星)
  ECEF: X=-1456670.7598 Y=5531453.5668 Z=2815675.6757
  LLH:  Lat=26.361366828° Lon=104.753492694° H=1542.9057m
  原始数据:
2025/11/16 10:14:08.000   26.361366828  104.753492694  1542.9057   2  28   0.0146   0.0273   0.0401   0.0075  -0.0161  -0.0149  30.00    1.0 8525734

[TCP数据流] 2025/11/16 18:14:19 - 浮点解 (29颗卫星)
  ECEF: X=-1456670.8081 Y=5531453.6161 Z=2815675.6485
  LLH:  Lat=26.361366368° Lon=104.753493037° H=1542.9474m
  原始数据:
2025/11/16 10:14:37.000   26.361366368  104.753493037  1542.9474   2  29   0.0144   0.0271   0.0397   0.0075  -0.0160  -0.0147   0.00    1.3 8525734

[TCP数据流] 2025/11/16 18:14:20 - 浮点解 (29颗卫星)
  ECEF: X=-1456670.8524 Y=5531453.6581 Z=2815675.6217
  LLH:  Lat=26.361365943° Lon=104.753493359° H=1542.9819m
  原始数据:
2025/11/16 10:14:38.000   26.361365943  104.753493359  1542.9819   2  29   0.0142   0.0269   0.0392   0.0075  -0.0159  -0.0146   0.00    1.1 8525734

[TCP数据流] 2025/11/16 18:14:21 - 浮点解 (29颗卫星)
  ECEF: X=-1456670.8924 Y=5531453.6931 Z=2815675.5946
  LLH:  Lat=26.361365548° Lon=104.753493657° H=1543.0094m
  原始数据:
2025/11/16 10:14:39.000   26.361365548  104.753493657  1543.0094   2  29   0.0141   0.0267   0.0388   0.0074  -0.0159  -0.0144   1.00    1.1 8525734

[TCP数据流] 2025/11/16 18:14:22 - 浮点解 (29颗卫星)
  ECEF: X=-1456670.9260 Y=5531453.7223 Z=2815675.5692
  LLH:  Lat=26.361365195° Lon=104.753493908° H=1543.0311m
  原始数据:
2025/11/16 10:14:40.000   26.361365195  104.753493908  1543.0311   2  29   0.0139   0.0265   0.0385   0.0074  -0.0158  -0.0143   2.00    1.1 8525734

[TCP数据流] 2025/11/16 18:14:23 - 浮点解 (22颗卫星)
  ECEF: X=-1456670.9207 Y=5531453.8171 Z=2815675.5638
  LLH:  Lat=26.361364789° Lon=104.753493614° H=1543.1096m
  原始数据:
2025/11/16 10:14:41.000   26.361364789  104.753493614  1543.1096   2  22   0.0139   0.0264   0.0384   0.0073  -0.0157  -0.0142   3.00    1.2 8525734

[TCP数据流] 2025/11/16 18:14:24 - 浮点解 (29颗卫星)
  ECEF: X=-1456670.9413 Y=5531453.8365 Z=2815675.5414
  LLH:  Lat=26.361364512° Lon=104.753493765° H=1543.1212m
  原始数据:
2025/11/16 10:14:42.000   26.361364512  104.753493765  1543.1212   2  29   0.0138   0.0263   0.0381   0.0073  -0.0156  -0.0141   4.00    1.0 8525734

[TCP数据流] 2025/11/16 18:14:25 - 浮点解 (29颗卫星)
  ECEF: X=-1456670.9580 Y=5531453.8535 Z=2815675.5217
  LLH:  Lat=26.361364270° Lon=104.753493883° H=1543.1309m
  原始数据:
2025/11/16 10:14:43.000   26.361364270  104.753493883  1543.1309   2  29   0.0137   0.0262   0.0380   0.0073  -0.0156  -0.0140   5.00    1.0 8525734

[TCP数据流] 2025/11/16 18:14:26 - 浮点解 (29颗卫星)
  ECEF: X=-1456670.9714 Y=5531453.8677 Z=2815675.5039
  LLH:  Lat=26.361364057° Lon=104.753493977° H=1543.1384m
  原始数据:
2025/11/16 10:14:44.000   26.361364057  104.753493977  1543.1384   2  29   0.0137   0.0261   0.0378   0.0073  -0.0155  -0.0140   6.00    1.0 8525734

[TCP数据流] 2025/11/16 18:14:27 - 浮点解 (29颗卫星)
  ECEF: X=-1456670.9823 Y=5531453.8804 Z=2815675.4879
  LLH:  Lat=26.361363868° Lon=104.753494050° H=1543.1448m
  原始数据:
2025/11/16 10:14:45.000   26.361363868  104.753494050  1543.1448   2  29   0.0136   0.0261   0.0377   0.0072  -0.0155  -0.0139   7.00    1.0 8525734

[TCP数据流] 2025/11/16 18:14:28 - 浮点解 (29颗卫星)
  ECEF: X=-1456670.9914 Y=5531453.8909 Z=2815675.4733
  LLH:  Lat=26.361363699° Lon=104.753494111° H=1543.1495m
  原始数据:
2025/11/16 10:14:46.000   26.361363699  104.753494111  1543.1495   2  29   0.0136   0.0260   0.0376   0.0072  -0.0154  -0.0139   8.00    1.0 8525734

[TCP数据流] 2025/11/16 18:14:29 - 浮点解 (29颗卫星)
  ECEF: X=-1456670.9991 Y=5531453.9011 Z=2815675.4598
  LLH:  Lat=26.361363543° Lon=104.753494160° H=1543.1541m
  原始数据:
2025/11/16 10:14:47.000   26.361363543  104.753494160  1543.1541   2  29   0.0136   0.0259   0.0375   0.0072  -0.0154  -0.0139   9.00    1.0 8525734

[TCP数据流] 2025/11/16 18:14:30 - 浮点解 (29颗卫星)
  ECEF: X=-1456671.0061 Y=5531453.9105 Z=2815675.4475
  LLH:  Lat=26.361363400° Lon=104.753494203° H=1543.1584m
  原始数据:
2025/11/16 10:14:48.000   26.361363400  104.753494203  1543.1584   2  29   0.0136   0.0259   0.0374   0.0072  -0.0154  -0.0138  10.00    1.0 8525734

[TCP数据流] 2025/11/16 18:14:31 - 浮点解 (29颗卫星)
  ECEF: X=-1456671.0119 Y=5531453.9189 Z=2815675.4358
  LLH:  Lat=26.361363267° Lon=104.753494238° H=1543.1618m
  原始数据:
2025/11/16 10:14:49.000   26.361363267  104.753494238  1543.1618   2  29   0.0135   0.0258   0.0374   0.0072  -0.0154  -0.0138  11.00    1.0 8525734

[TCP数据流] 2025/11/16 18:14:32 - 浮点解 (29颗卫星)
  ECEF: X=-1456671.0174 Y=5531453.9269 Z=2815675.4248
  LLH:  Lat=26.361363141° Lon=104.753494271° H=1543.1651m
  原始数据:
2025/11/16 10:14:50.000   26.361363141  104.753494271  1543.1651   2  29   0.0135   0.0258   0.0373   0.0072  -0.0153  -0.0138  12.00    1.0 8525734

[TCP数据流] 2025/11/16 18:14:33 - 浮点解 (29颗卫星)
  ECEF: X=-1456671.0218 Y=5531453.9348 Z=2815675.4144
  LLH:  Lat=26.361363022° Lon=104.753494294° H=1543.1683m
  原始数据:
2025/11/16 10:14:51.000   26.361363022  104.753494294  1543.1683   2  29   0.0135   0.0258   0.0373   0.0072  -0.0153  -0.0138  13.00    1.0 8525734

[TCP数据流] 2025/11/16 18:14:34 - 浮点解 (29颗卫星)
  ECEF: X=-1456671.0261 Y=5531453.9421 Z=2815675.4043
  LLH:  Lat=26.361362908° Lon=104.753494317° H=1543.1711m
  原始数据:
2025/11/16 10:14:52.000   26.361362908  104.753494317  1543.1711   2  29   0.0135   0.0257   0.0372   0.0072  -0.0153  -0.0138  14.00    1.0 8525734

[TCP数据流] 2025/11/16 18:14:35 - 浮点解 (29颗卫星)
  ECEF: X=-1456671.0298 Y=5531453.9492 Z=2815675.3948
  LLH:  Lat=26.361362800° Lon=104.753494334° H=1543.1739m
  原始数据:
2025/11/16 10:14:53.000   26.361362800  104.753494334  1543.1739   2  29   0.0135   0.0257   0.0372   0.0072  -0.0153  -0.0137  15.00    1.0 8525734

[TCP数据流] 2025/11/16 18:14:36 - 浮点解 (29颗卫星)
  ECEF: X=-1456671.0336 Y=5531453.9564 Z=2815675.3856
  LLH:  Lat=26.361362694° Lon=104.753494353° H=1543.1769m
  原始数据:
2025/11/16 10:14:54.000   26.361362694  104.753494353  1543.1769   2  29   0.0135   0.0257   0.0371   0.0071  -0.0153  -0.0137  16.00    1.0 8525734

[TCP数据流] 2025/11/16 18:14:37 - 浮点解 (29颗卫星)
  ECEF: X=-1456671.0374 Y=5531453.9623 Z=2815675.3766
  LLH:  Lat=26.361362594° Lon=104.753494375° H=1543.1789m
  原始数据:
2025/11/16 10:14:55.000   26.361362594  104.753494375  1543.1789   2  29   0.0134   0.0256   0.0371   0.0071  -0.0152  -0.0137  17.00    1.0 8525734

[TCP数据流] 2025/11/16 18:14:38 - 浮点解 (22颗卫星)
  ECEF: X=-1456671.0400 Y=5531453.9689 Z=2815675.3714
  LLH:  Lat=26.361362524° Lon=104.753494383° H=1543.1829m
  原始数据:
2025/11/16 10:14:56.000   26.361362524  104.753494383  1543.1829   2  22   0.0134   0.0256   0.0371   0.0071  -0.0152  -0.0137  18.00    1.4 8525734

[TCP数据流] 2025/11/16 18:14:39 - 浮点解 (29颗卫星)
  ECEF: X=-1456671.0436 Y=5531453.9746 Z=2815675.3629
  LLH:  Lat=26.361362429° Lon=104.753494403° H=1543.1849m
  原始数据:
2025/11/16 10:14:57.000   26.361362429  104.753494403  1543.1849   2  29   0.0134   0.0256   0.0371   0.0071  -0.0152  -0.0137  19.00    1.1 8525734

[TCP数据流] 2025/11/16 18:14:41 - 浮点解 (23颗卫星)
  ECEF: X=-1456671.0461 Y=5531453.9722 Z=2815675.3550
  LLH:  Lat=26.361362372° Lon=104.753494434° H=1543.1799m
  原始数据:
2025/11/16 10:14:59.000   26.361362372  104.753494434  1543.1799   2  23   0.0134   0.0256   0.0370   0.0071  -0.0152  -0.0137  21.00    1.0 8525734

[TCP数据流] 2025/11/16 18:14:42 - 浮点解 (22颗卫星)
  ECEF: X=-1456671.0476 Y=5531453.9775 Z=2815675.3497
  LLH:  Lat=26.361362307° Lon=104.753494435° H=1543.1825m
  原始数据:
2025/11/16 10:15:00.000   26.361362307  104.753494435  1543.1825   2  22   0.0134   0.0256   0.0370   0.0071  -0.0152  -0.0137  22.00    1.1 8525734

[TCP数据流] 2025/11/16 18:14:43 - 浮点解 (29颗卫星)
  ECEF: X=-1456671.0503 Y=5531453.9830 Z=2815675.3416
  LLH:  Lat=26.361362218° Lon=104.753494447° H=1543.1843m
  原始数据:
2025/11/16 10:15:01.000   26.361362218  104.753494447  1543.1843   2  29   0.0134   0.0255   0.0370   0.0071  -0.0152  -0.0137  23.00    1.0 8525734

[TCP数据流] 2025/11/16 18:14:44 - 浮点解 (29颗卫星)
  ECEF: X=-1456671.0530 Y=5531453.9887 Z=2815675.3339
  LLH:  Lat=26.361362131° Lon=104.753494458° H=1543.1864m
  原始数据:
2025/11/16 10:15:02.000   26.361362131  104.753494458  1543.1864   2  29   0.0134   0.0255   0.0370   0.0071  -0.0152  -0.0137  24.00    1.0 8525734

[TCP数据流] 2025/11/16 18:14:45 - 浮点解 (29颗卫星)
  ECEF: X=-1456671.0557 Y=5531453.9940 Z=2815675.3262
  LLH:  Lat=26.361362045° Lon=104.753494471° H=1543.1882m
  原始数据:
2025/11/16 10:15:03.000   26.361362045  104.753494471  1543.1882   2  29   0.0134   0.0255   0.0370   0.0071  -0.0151  -0.0137  25.00    1.0 8525734

[TCP数据流] 2025/11/16 18:14:46 - 浮点解 (29颗卫星)
  ECEF: X=-1456671.0586 Y=5531453.9991 Z=2815675.3187
  LLH:  Lat=26.361361962° Lon=104.753494486° H=1543.1899m
  原始数据:
2025/11/16 10:15:04.000   26.361361962  104.753494486  1543.1899   2  29   0.0134   0.0255   0.0369   0.0071  -0.0151  -0.0136  26.00    1.0 8525734

[TCP数据流] 2025/11/16 18:14:47 - 浮点解 (29颗卫星)
  ECEF: X=-1456671.0608 Y=5531454.0040 Z=2815675.3112
  LLH:  Lat=26.361361880° Lon=104.753494495° H=1543.1914m
  原始数据:
2025/11/16 10:15:05.000   26.361361880  104.753494495  1543.1914   2  29   0.0134   0.0254   0.0369   0.0071  -0.0151  -0.0136  27.00    1.0 8525734

[TCP数据流] 2025/11/16 18:14:48 - 浮点解 (29颗卫星)
  ECEF: X=-1456671.0632 Y=5531454.0089 Z=2815675.3037
  LLH:  Lat=26.361361798° Lon=104.753494506° H=1543.1928m
  原始数据:
2025/11/16 10:15:06.000   26.361361798  104.753494506  1543.1928   2  29   0.0134   0.0254   0.0369   0.0071  -0.0151  -0.0136  28.00    1.0 8525734

[TCP数据流] 2025/11/16 18:14:49 - 浮点解 (29颗卫星)
  ECEF: X=-1456671.0662 Y=5531454.0139 Z=2815675.2965
  LLH:  Lat=26.361361717° Lon=104.753494522° H=1543.1946m
  原始数据:
2025/11/16 10:15:07.000   26.361361717  104.753494522  1543.1946   2  29   0.0134   0.0254   0.0369   0.0071  -0.0151  -0.0136  29.00    1.0 8525734

[TCP数据流] 2025/11/16 18:14:50 - 浮点解 (29颗卫星)
  ECEF: X=-1456671.0687 Y=5531454.0191 Z=2815675.2893
  LLH:  Lat=26.361361636° Lon=104.753494533° H=1543.1965m
  原始数据:
2025/11/16 10:15:08.000   26.361361636  104.753494533  1543.1965   2  29   0.0134   0.0254   0.0369   0.0071  -0.0151  -0.0136  30.00    1.0 8525734

[TCP数据流] 2025/11/16 18:16:13 - 浮点解 (29颗卫星)
  ECEF: X=-1456671.3976 Y=5531455.1179 Z=2815674.6871
  LLH:  Lat=26.361352174° Lon=104.753494916° H=1543.9562m
  原始数据:
2025/11/16 10:16:31.000   26.361352174  104.753494916  1543.9562   2  29   0.0124   0.0242   0.0336   0.0065  -0.0138  -0.0121   0.00    1.3 8525734

[TCP数据流] 2025/11/16 18:16:14 - 浮点解 (21颗卫星)
  ECEF: X=-1456671.4962 Y=5531455.3349 Z=2815674.5983
  LLH:  Lat=26.361350515° Lon=104.753495317° H=1544.1273m
  原始数据:
2025/11/16 10:16:32.000   26.361350515  104.753495317  1544.1273   2  21   0.0122   0.0240   0.0330   0.0064  -0.0136  -0.0118   0.00    1.0 8525734

[TCP数据流] 2025/11/16 18:16:16 - 浮点解 (23颗卫星)
  ECEF: X=-1456671.4823 Y=5531455.2120 Z=2815674.4150
  LLH:  Lat=26.361349523° Lon=104.753495496° H=1543.9363m
  原始数据:
2025/11/16 10:16:34.000   26.361349523  104.753495496  1543.9363   2  23   0.0120   0.0238   0.0328   0.0064  -0.0136  -0.0118   1.00    1.1 8525734

[TCP数据流] 2025/11/16 18:16:17 - 浮点解 (21颗卫星)
  ECEF: X=-1456671.5578 Y=5531455.3795 Z=2815674.3480
  LLH:  Lat=26.361348255° Lon=104.753495800° H=1544.0689m
  原始数据:
2025/11/16 10:16:35.000   26.361348255  104.753495800  1544.0689   2  21   0.0119   0.0236   0.0323   0.0063  -0.0134  -0.0116   2.00    1.1 8525734

[TCP数据流] 2025/11/16 18:16:18 - 浮点解 (29颗卫星)
  ECEF: X=-1456671.5662 Y=5531455.4856 Z=2815674.2394
  LLH:  Lat=26.361346958° Lon=104.753495611° H=1544.1145m
  原始数据:
2025/11/16 10:16:36.000   26.361346958  104.753495611  1544.1145   2  29   0.0118   0.0234   0.0319   0.0062  -0.0132  -0.0114   3.00    1.0 8525734

[TCP数据流] 2025/11/16 18:16:19 - 浮点解 (21颗卫星)
  ECEF: X=-1456671.6133 Y=5531455.5854 Z=2815674.1962
  LLH:  Lat=26.361346174° Lon=104.753495813° H=1544.1926m
  原始数据:
2025/11/16 10:16:37.000   26.361346174  104.753495813  1544.1926   2  21   0.0117   0.0233   0.0316   0.0062  -0.0131  -0.0113   4.00    1.2 8525734

[TCP数据流] 2025/11/16 18:16:20 - 浮点解 (9颗卫星)
  ECEF: X=-1456671.6131 Y=5531455.5842 Z=2815674.1950
  LLH:  Lat=26.361346169° Lon=104.753495814° H=1544.1910m
  原始数据:
2025/11/16 10:16:38.000   26.361346169  104.753495814  1544.1910   2   9   0.0117   0.0233   0.0316   0.0062  -0.0131  -0.0113   5.00    0.0 8525734

[TCP数据流] 2025/11/16 18:16:21 - 浮点解 (17颗卫星)
  ECEF: X=-1456671.5832 Y=5531455.5671 Z=2815674.1602
  LLH:  Lat=26.361345984° Lon=104.753495568° H=1544.1538m
  原始数据:
2025/11/16 10:16:39.000   26.361345984  104.753495568  1544.1538   2  17   0.0117   0.0233   0.0316   0.0062  -0.0130  -0.0113   6.00    1.0 8525734

[TCP数据流] 2025/11/16 18:16:23 - 浮点解 (23颗卫星)
  ECEF: X=-1456671.5702 Y=5531455.6228 Z=2815674.1411
  LLH:  Lat=26.361345627° Lon=104.753495300° H=1544.1907m
  原始数据:
2025/11/16 10:16:41.000   26.361345627  104.753495300  1544.1907   2  23   0.0117   0.0233   0.0314   0.0061  -0.0129  -0.0112   8.00    1.0 8525734

[TCP数据流] 2025/11/16 18:16:24 - 浮点解 (23颗卫星)
  ECEF: X=-1456671.5640 Y=5531455.5925 Z=2815674.0963
  LLH:  Lat=26.361345389° Lon=104.753495317° H=1544.1431m
  原始数据:
2025/11/16 10:16:42.000   26.361345389  104.753495317  1544.1431   2  23   0.0116   0.0232   0.0314   0.0061  -0.0129  -0.0112   9.00    1.0 8525734

[TCP数据流] 2025/11/16 18:16:25 - 浮点解 (22颗卫星)
  ECEF: X=-1456671.5787 Y=5531455.6242 Z=2815674.0802
  LLH:  Lat=26.361345121° Lon=104.753495379° H=1544.1668m
  原始数据:
2025/11/16 10:16:43.000   26.361345121  104.753495379  1544.1668   2  22   0.0116   0.0232   0.0313   0.0061  -0.0129  -0.0112  10.00    1.0 8525734

[TCP数据流] 2025/11/16 18:16:27 - 浮点解 (24颗卫星)
  ECEF: X=-1456671.5748 Y=5531455.6046 Z=2815674.0498
  LLH:  Lat=26.361344955° Lon=104.753495391° H=1544.1354m
  原始数据:
2025/11/16 10:16:45.000   26.361344955  104.753495391  1544.1354   2  24   0.0116   0.0231   0.0313   0.0061  -0.0129  -0.0112  12.00    1.0 8525734

[TCP数据流] 2025/11/16 18:16:28 - 浮点解 (24颗卫星)
  ECEF: X=-1456671.5711 Y=5531455.5880 Z=2815674.0229
  LLH:  Lat=26.361344806° Lon=104.753495397° H=1544.1082m
  原始数据:
2025/11/16 10:16:46.000   26.361344806  104.753495397  1544.1082   2  24   0.0116   0.0231   0.0312   0.0061  -0.0129  -0.0111  13.00    1.1 8525734

[TCP数据流] 2025/11/16 18:16:30 - 浮点解 (21颗卫星)
  ECEF: X=-1456671.5783 Y=5531455.6045 Z=2815674.0128
  LLH:  Lat=26.361344653° Lon=104.753495425° H=1544.1197m
  原始数据:
2025/11/16 10:16:48.000   26.361344653  104.753495425  1544.1197   2  21   0.0116   0.0231   0.0312   0.0061  -0.0128  -0.0111  15.00    1.0 8525734

[TCP数据流] 2025/11/16 18:16:31 - 浮点解 (23颗卫星)
  ECEF: X=-1456671.5742 Y=5531455.6205 Z=2815674.0031
  LLH:  Lat=26.361344516° Lon=104.753495344° H=1544.1283m
  原始数据:
2025/11/16 10:16:49.000   26.361344516  104.753495344  1544.1283   2  23   0.0116   0.0231   0.0311   0.0060  -0.0128  -0.0111  16.00    1.1 8525734

[TCP数据流] 2025/11/16 18:16:34 - 浮点解 (23颗卫星)
  ECEF: X=-1456671.5710 Y=5531455.6323 Z=2815673.9947
  LLH:  Lat=26.361344406° Lon=104.753495283° H=1544.1340m
  原始数据:
2025/11/16 10:16:52.000   26.361344406  104.753495283  1544.1340   2  23   0.0116   0.0230   0.0311   0.0060  -0.0128  -0.0111  19.00    1.0 8525734

[TCP数据流] 2025/11/16 18:16:37 - 浮点解 (21颗卫星)
  ECEF: X=-1456671.5747 Y=5531455.6413 Z=2815673.9877
  LLH:  Lat=26.361344311° Lon=104.753495296° H=1544.1396m
  原始数据:
2025/11/16 10:16:55.000   26.361344311  104.753495296  1544.1396   2  21   0.0116   0.0230   0.0311   0.0060  -0.0128  -0.0111  22.00    1.0 8525734

[TCP数据流] 2025/11/16 18:16:38 - 浮点解 (23颗卫星)
  ECEF: X=-1456671.5739 Y=5531455.6347 Z=2815673.9746
  LLH:  Lat=26.361344231° Lon=104.753495305° H=1544.1279m
  原始数据:
2025/11/16 10:16:56.000   26.361344231  104.753495305  1544.1279   2  23   0.0116   0.0230   0.0311   0.0060  -0.0128  -0.0111  23.00    1.0 8525734

[TCP数据流] 2025/11/16 18:16:39 - 浮点解 (15颗卫星)
  ECEF: X=-1456671.5755 Y=5531455.6319 Z=2815673.9682
  LLH:  Lat=26.361344189° Lon=104.753495328° H=1544.1230m
  原始数据:
2025/11/16 10:16:57.000   26.361344189  104.753495328  1544.1230   2  15   0.0115   0.0230   0.0311   0.0060  -0.0128  -0.0111  24.00    1.1 8525734

[TCP数据流] 2025/11/16 18:16:40 - 浮点解 (23颗卫星)
  ECEF: X=-1456671.5738 Y=5531455.6382 Z=2815673.9611
  LLH:  Lat=26.361344109° Lon=104.753495295° H=1544.1249m
  原始数据:
2025/11/16 10:16:58.000   26.361344109  104.753495295  1544.1249   2  23   0.0115   0.0230   0.0310   0.0060  -0.0127  -0.0111  25.00    1.1 8525734

[TCP数据流] 2025/11/16 18:16:41 - 浮点解 (29颗卫星)
  ECEF: X=-1456671.5743 Y=5531455.6419 Z=2815673.9496
  LLH:  Lat=26.361344001° Lon=104.753495291° H=1544.1231m
  原始数据:
2025/11/16 10:16:59.000   26.361344001  104.753495291  1544.1231   2  29   0.0115   0.0230   0.0310   0.0060  -0.0127  -0.0110  26.00    1.0 8525734

[TCP数据流] 2025/11/16 18:16:42 - 浮点解 (29颗卫星)
  ECEF: X=-1456671.5747 Y=5531455.6456 Z=2815673.9385
  LLH:  Lat=26.361343896° Lon=104.753495285° H=1544.1215m
  原始数据:
2025/11/16 10:17:00.000   26.361343896  104.753495285  1544.1215   2  29   0.0115   0.0229   0.0310   0.0060  -0.0127  -0.0110  27.00    1.0 8525734

[TCP数据流] 2025/11/16 18:16:43 - 浮点解 (29颗卫星)
  ECEF: X=-1456671.5748 Y=5531455.6490 Z=2815673.9278
  LLH:  Lat=26.361343796° Lon=104.753495278° H=1544.1197m
  原始数据:
2025/11/16 10:17:01.000   26.361343796  104.753495278  1544.1197   2  29   0.0115   0.0229   0.0310   0.0060  -0.0127  -0.0110  28.00    1.0 8525734

[TCP数据流] 2025/11/16 18:16:44 - 浮点解 (21颗卫星)
  ECEF: X=-1456671.5769 Y=5531455.6549 Z=2815673.9223
  LLH:  Lat=26.361343727° Lon=104.753495283° H=1544.1229m
  原始数据:
2025/11/16 10:17:02.000   26.361343727  104.753495283  1544.1229   2  21   0.0115   0.0229   0.0310   0.0060  -0.0127  -0.0110  29.00    1.0 8525734

[TCP数据流] 2025/11/16 18:16:45 - 浮点解 (9颗卫星)
  ECEF: X=-1456671.5765 Y=5531455.6540 Z=2815673.9210
  LLH:  Lat=26.361343720° Lon=104.753495281° H=1544.1214m
  原始数据:
2025/11/16 10:17:03.000   26.361343720  104.753495281  1544.1214   2   9   0.0115   0.0229   0.0309   0.0060  -0.0127  -0.0110  30.00    1.1 8525734

[TCP数据流] 2025/11/16 18:16:49 - 浮点解 (23颗卫星)
  ECEF: X=-1456671.5404 Y=5531455.9689 Z=2815673.8887
  LLH:  Lat=26.361342276° Lon=104.753494128° H=1544.3717m
  原始数据:
2025/11/16 10:17:07.000   26.361342276  104.753494128  1544.3717   2  23   0.0114   0.0228   0.0305   0.0058  -0.0123  -0.0108   0.00    1.1 8525734

[TCP数据流] 2025/11/16 18:16:52 - 浮点解 (17颗卫星)
  ECEF: X=-1456671.4823 Y=5531455.9769 Z=2815673.8423
  LLH:  Lat=26.361341929° Lon=104.753493545° H=1544.3447m
  原始数据:
2025/11/16 10:17:10.000   26.361341929  104.753493545  1544.3447   2  17   0.0114   0.0227   0.0305   0.0058  -0.0123  -0.0108   3.00    1.0 8525734

[TCP数据流] 2025/11/16 18:16:53 - 浮点解 (15颗卫星)
  ECEF: X=-1456671.4821 Y=5531455.9786 Z=2815673.8407
  LLH:  Lat=26.361341910° Lon=104.753493539° H=1544.3455m
  原始数据:
2025/11/16 10:17:11.000   26.361341910  104.753493539  1544.3455   2  15   0.0114   0.0227   0.0305   0.0058  -0.0123  -0.0108   4.00    0.0 8525734

[TCP数据流] 2025/11/16 18:16:54 - 浮点解 (23颗卫星)
  ECEF: X=-1456671.4425 Y=5531455.9841 Z=2815673.8070
  LLH:  Lat=26.361341657° Lon=104.753493141° H=1544.3262m
  原始数据:
2025/11/16 10:17:12.000   26.361341657  104.753493141  1544.3262   2  23   0.0114   0.0227   0.0305   0.0057  -0.0123  -0.0108   5.00    1.6 8525734

[TCP数据流] 2025/11/16 18:16:56 - 浮点解 (21颗卫星)
  ECEF: X=-1456671.4552 Y=5531456.0818 Z=2815673.8138
  LLH:  Lat=26.361341320° Lon=104.753493015° H=1544.4168m
  原始数据:
2025/11/16 10:17:14.000   26.361341320  104.753493015  1544.4168   2  21   0.0114   0.0227   0.0303   0.0057  -0.0122  -0.0107   7.00    1.4 8525734

[TCP数据流] 2025/11/16 18:16:57 - 浮点解 (29颗卫星)
  ECEF: X=-1456671.4431 Y=5531456.1632 Z=2815673.7988
  LLH:  Lat=26.361340896° Lon=104.753492690° H=1544.4779m
  原始数据:
2025/11/16 10:17:15.000   26.361340896  104.753492690  1544.4779   2  29   0.0114   0.0226   0.0302   0.0056  -0.0121  -0.0106   8.00    1.1 8525734

[TCP数据流] 2025/11/16 18:16:59 - 浮点解 (23颗卫星)
  ECEF: X=-1456671.4272 Y=5531456.1651 Z=2815673.7822
  LLH:  Lat=26.361340770° Lon=104.753492531° H=1544.4685m
  原始数据:
2025/11/16 10:17:17.000   26.361340770  104.753492531  1544.4685   2  23   0.0114   0.0226   0.0302   0.0056  -0.0121  -0.0106  10.00    1.1 8525734

[TCP数据流] 2025/11/16 18:17:01 - 浮点解 (23颗卫星)
  ECEF: X=-1456671.4205 Y=5531456.2064 Z=2815673.7722
  LLH:  Lat=26.361340536° Lon=104.753492361° H=1544.4984m
  原始数据:
2025/11/16 10:17:19.000   26.361340536  104.753492361  1544.4984   2  23   0.0114   0.0226   0.0301   0.0056  -0.0120  -0.0106  12.00    1.0 8525734

[TCP数据流] 2025/11/16 18:17:02 - 浮点解 (29颗卫星)
  ECEF: X=-1456671.4149 Y=5531456.2436 Z=2815673.7623
  LLH:  Lat=26.361340318° Lon=104.753492212° H=1544.5249m
  原始数据:
2025/11/16 10:17:20.000   26.361340318  104.753492212  1544.5249   2  29   0.0114   0.0226   0.0301   0.0056  -0.0119  -0.0105  13.00    1.0 8525734

[TCP数据流] 2025/11/16 18:22:10 - 浮点解 (28颗卫星)
  ECEF: X=-1456671.4173 Y=5531456.2580 Z=2815673.7412
  LLH:  Lat=26.361340089° Lon=104.753492198° H=1544.5286m
  原始数据:
2025/11/16 10:22:28.000   26.361340089  104.753492198  1544.5286   2  28   0.0113   0.0225   0.0300   0.0055  -0.0119  -0.0105   0.00    0.0 8525734

[TCP数据流] 2025/11/16 18:22:11 - 浮点解 (28颗卫星)
  ECEF: X=-1456671.4179 Y=5531456.2601 Z=2815673.7376
  LLH:  Lat=26.361340051° Lon=104.753492199° H=1544.5289m
  原始数据:
2025/11/16 10:22:29.000   26.361340051  104.753492199  1544.5289   2  28   0.0113   0.0225   0.0300   0.0055  -0.0119  -0.0105   0.00    1.0 8525734

[TCP数据流] 2025/11/16 18:22:12 - 浮点解 (28颗卫星)
  ECEF: X=-1456671.4180 Y=5531456.2620 Z=2815673.7340
  LLH:  Lat=26.361340014° Lon=104.753492195° H=1544.5290m
  原始数据:
2025/11/16 10:22:30.000   26.361340014  104.753492195  1544.5290   2  28   0.0113   0.0225   0.0300   0.0055  -0.0119  -0.0105   0.00    1.1 8525734

[TCP数据流] 2025/11/16 18:22:13 - 浮点解 (28颗卫星)
  ECEF: X=-1456671.4186 Y=5531456.2637 Z=2815673.7301
  LLH:  Lat=26.361339976° Lon=104.753492197° H=1544.5289m
  原始数据:
2025/11/16 10:22:31.000   26.361339976  104.753492197  1544.5289   2  28   0.0113   0.0224   0.0300   0.0055  -0.0119  -0.0105   0.00    1.1 8525734

[TCP数据流] 2025/11/16 18:22:14 - 浮点解 (28颗卫星)
  ECEF: X=-1456671.4193 Y=5531456.2653 Z=2815673.7264
  LLH:  Lat=26.361339939° Lon=104.753492199° H=1544.5288m
  原始数据:
2025/11/16 10:22:32.000   26.361339939  104.753492199  1544.5288   2  28   0.0113   0.0224   0.0300   0.0055  -0.0119  -0.0105   0.00    1.1 8525734

[TCP数据流] 2025/11/16 18:22:15 - 浮点解 (28颗卫星)
  ECEF: X=-1456671.4199 Y=5531456.2668 Z=2815673.7227
  LLH:  Lat=26.361339902° Lon=104.753492201° H=1544.5286m
  原始数据:
2025/11/16 10:22:33.000   26.361339902  104.753492201  1544.5286   2  28   0.0113   0.0224   0.0300   0.0055  -0.0119  -0.0105   1.00    1.0 8525734

[TCP数据流] 2025/11/16 18:22:17 - 浮点解 (28颗卫星)
  ECEF: X=-1456671.4204 Y=5531456.2680 Z=2815673.7186
  LLH:  Lat=26.361339864° Lon=104.753492203° H=1544.5279m
  原始数据:
2025/11/16 10:22:35.000   26.361339864  104.753492203  1544.5279   2  28   0.0113   0.0224   0.0300   0.0055  -0.0119  -0.0105   3.00    1.0 8525734

[TCP数据流] 2025/11/16 18:22:18 - 浮点解 (28颗卫星)
  ECEF: X=-1456671.4211 Y=5531456.2691 Z=2815673.7145
  LLH:  Lat=26.361339826° Lon=104.753492207° H=1544.5272m
  原始数据:
2025/11/16 10:22:36.000   26.361339826  104.753492207  1544.5272   2  28   0.0113   0.0224   0.0300   0.0055  -0.0119  -0.0105   4.00    1.1 8525734

[TCP数据流] 2025/11/16 18:22:19 - 浮点解 (28颗卫星)
  ECEF: X=-1456671.4215 Y=5531456.2701 Z=2815673.7103
  LLH:  Lat=26.361339788° Lon=104.753492208° H=1544.5263m
  原始数据:
2025/11/16 10:22:37.000   26.361339788  104.753492208  1544.5263   2  28   0.0113   0.0224   0.0300   0.0055  -0.0119  -0.0105   5.00    1.0 8525734

[TCP数据流] 2025/11/16 18:22:20 - 浮点解 (28颗卫星)
  ECEF: X=-1456671.4218 Y=5531456.2712 Z=2815673.7062
  LLH:  Lat=26.361339750° Lon=104.753492208° H=1544.5255m
  原始数据:
2025/11/16 10:22:38.000   26.361339750  104.753492208  1544.5255   2  28   0.0113   0.0224   0.0300   0.0055  -0.0118  -0.0105   6.00    1.0 8525734

[TCP数据流] 2025/11/16 18:22:21 - 浮点解 (28颗卫星)
  ECEF: X=-1456671.4224 Y=5531456.2720 Z=2815673.7019
  LLH:  Lat=26.361339712° Lon=104.753492212° H=1544.5244m
  原始数据:
2025/11/16 10:22:39.000   26.361339712  104.753492212  1544.5244   2  28   0.0113   0.0224   0.0300   0.0055  -0.0118  -0.0105   7.00    1.0 8525734

[TCP数据流] 2025/11/16 18:22:22 - 浮点解 (28颗卫星)
  ECEF: X=-1456671.4230 Y=5531456.2726 Z=2815673.6976
  LLH:  Lat=26.361339674° Lon=104.753492216° H=1544.5232m
  原始数据:
2025/11/16 10:22:40.000   26.361339674  104.753492216  1544.5232   2  28   0.0113   0.0224   0.0300   0.0055  -0.0118  -0.0105   8.00    1.1 8525734

[TCP数据流] 2025/11/16 18:22:23 - 浮点解 (28颗卫星)
  ECEF: X=-1456671.4237 Y=5531456.2734 Z=2815673.6933
  LLH:  Lat=26.361339635° Lon=104.753492221° H=1544.5221m
  原始数据:
2025/11/16 10:22:41.000   26.361339635  104.753492221  1544.5221   2  28   0.0113   0.0223   0.0300   0.0055  -0.0118  -0.0105   9.00    1.0 8525734

[TCP数据流] 2025/11/16 18:22:24 - 浮点解 (28颗卫星)
  ECEF: X=-1456671.4242 Y=5531456.2740 Z=2815673.6889
  LLH:  Lat=26.361339597° Lon=104.753492224° H=1544.5208m
  原始数据:
2025/11/16 10:22:42.000   26.361339597  104.753492224  1544.5208   2  28   0.0113   0.0223   0.0300   0.0055  -0.0118  -0.0105  10.00    1.0 8525734

[TCP数据流] 2025/11/16 18:22:25 - 浮点解 (28颗卫星)
  ECEF: X=-1456671.4248 Y=5531456.2746 Z=2815673.6845
  LLH:  Lat=26.361339558° Lon=104.753492229° H=1544.5195m
  原始数据:
2025/11/16 10:22:43.000   26.361339558  104.753492229  1544.5195   2  28   0.0113   0.0223   0.0300   0.0055  -0.0118  -0.0105  11.00    1.0 8525734

[TCP数据流] 2025/11/16 18:22:26 - 浮点解 (28颗卫星)
  ECEF: X=-1456671.4253 Y=5531456.2753 Z=2815673.6802
  LLH:  Lat=26.361339520° Lon=104.753492232° H=1544.5183m
  原始数据:
2025/11/16 10:22:44.000   26.361339520  104.753492232  1544.5183   2  28   0.0113   0.0223   0.0300   0.0055  -0.0118  -0.0105  12.00    1.0 8525734

[TCP数据流] 2025/11/16 18:22:27 - 浮点解 (28颗卫星)
  ECEF: X=-1456671.4259 Y=5531456.2760 Z=2815673.6757
  LLH:  Lat=26.361339481° Lon=104.753492236° H=1544.5171m
  原始数据:
2025/11/16 10:22:45.000   26.361339481  104.753492236  1544.5171   2  28   0.0113   0.0223   0.0300   0.0055  -0.0118  -0.0105  13.00    1.0 8525734

[TCP数据流] 2025/11/16 18:22:28 - 浮点解 (28颗卫星)
  ECEF: X=-1456671.4263 Y=5531456.2767 Z=2815673.6714
  LLH:  Lat=26.361339443° Lon=104.753492238° H=1544.5158m
  原始数据:
2025/11/16 10:22:46.000   26.361339443  104.753492238  1544.5158   2  28   0.0113   0.0223   0.0300   0.0055  -0.0118  -0.0105  14.00    1.0 8525734

[TCP数据流] 2025/11/16 18:22:29 - 浮点解 (28颗卫星)
  ECEF: X=-1456671.4266 Y=5531456.2774 Z=2815673.6670
  LLH:  Lat=26.361339404° Lon=104.753492239° H=1544.5146m
  原始数据:
2025/11/16 10:22:47.000   26.361339404  104.753492239  1544.5146   2  28   0.0113   0.0223   0.0300   0.0055  -0.0118  -0.0105  15.00    1.0 8525734

[TCP数据流] 2025/11/16 18:22:30 - 浮点解 (28颗卫星)
  ECEF: X=-1456671.4268 Y=5531456.2781 Z=2815673.6626
  LLH:  Lat=26.361339366° Lon=104.753492239° H=1544.5133m
  原始数据:
2025/11/16 10:22:48.000   26.361339366  104.753492239  1544.5133   2  28   0.0113   0.0223   0.0300   0.0055  -0.0118  -0.0105  16.00    1.0 8525734

[TCP数据流] 2025/11/16 18:22:31 - 浮点解 (28颗卫星)
  ECEF: X=-1456671.4271 Y=5531456.2785 Z=2815673.6581
  LLH:  Lat=26.361339327° Lon=104.753492241° H=1544.5117m
  原始数据:
2025/11/16 10:22:49.000   26.361339327  104.753492241  1544.5117   2  28   0.0113   0.0222   0.0300   0.0055  -0.0118  -0.0105  17.00    1.1 8525734

[TCP数据流] 2025/11/16 18:22:32 - 浮点解 (20颗卫星)
  ECEF: X=-1456671.4265 Y=5531456.2789 Z=2815673.6553
  LLH:  Lat=26.361339304° Lon=104.753492234° H=1544.5107m
  原始数据:
2025/11/16 10:22:50.000   26.361339304  104.753492234  1544.5107   2  20   0.0113   0.0222   0.0300   0.0055  -0.0118  -0.0105  18.00    1.0 8525734

[TCP数据流] 2025/11/16 18:22:33 - 浮点解 (22颗卫星)
  ECEF: X=-1456671.4268 Y=5531456.2782 Z=2815673.6514
  LLH:  Lat=26.361339275° Lon=104.753492239° H=1544.5084m
  原始数据:
2025/11/16 10:22:51.000   26.361339275  104.753492239  1544.5084   2  22   0.0113   0.0222   0.0300   0.0055  -0.0118  -0.0105  19.00    1.0 8525734

[TCP数据流] 2025/11/16 18:22:34 - 浮点解 (28颗卫星)
  ECEF: X=-1456671.4268 Y=5531456.2787 Z=2815673.6469
  LLH:  Lat=26.361339237° Lon=104.753492238° H=1544.5068m
  原始数据:
2025/11/16 10:22:52.000   26.361339237  104.753492238  1544.5068   2  28   0.0113   0.0222   0.0300   0.0054  -0.0118  -0.0105  20.00    1.0 8525734

[TCP数据流] 2025/11/16 18:22:35 - 浮点解 (28颗卫星)
  ECEF: X=-1456671.4268 Y=5531456.2792 Z=2815673.6424
  LLH:  Lat=26.361339198° Lon=104.753492236° H=1544.5052m
  原始数据:
2025/11/16 10:22:53.000   26.361339198  104.753492236  1544.5052   2  28   0.0113   0.0222   0.0300   0.0054  -0.0117  -0.0105  21.00    1.0 8525734

[TCP数据流] 2025/11/16 18:22:36 - 浮点解 (28颗卫星)
  ECEF: X=-1456671.4266 Y=5531456.2799 Z=2815673.6380
  LLH:  Lat=26.361339160° Lon=104.753492233° H=1544.5039m
  原始数据:
2025/11/16 10:22:54.000   26.361339160  104.753492233  1544.5039   2  28   0.0113   0.0222   0.0300   0.0054  -0.0117  -0.0105  22.00    1.0 8525734

[TCP数据流] 2025/11/16 18:22:37 - 浮点解 (28颗卫星)
  ECEF: X=-1456671.4264 Y=5531456.2803 Z=2815673.6335
  LLH:  Lat=26.361339122° Lon=104.753492230° H=1544.5022m
  原始数据:
2025/11/16 10:22:55.000   26.361339122  104.753492230  1544.5022   2  28   0.0113   0.0222   0.0300   0.0054  -0.0117  -0.0105  23.00    1.1 8525734

[TCP数据流] 2025/11/16 18:22:38 - 浮点解 (28颗卫星)
  ECEF: X=-1456671.4264 Y=5531456.2809 Z=2815673.6290
  LLH:  Lat=26.361339084° Lon=104.753492228° H=1544.5007m
  原始数据:
2025/11/16 10:22:56.000   26.361339084  104.753492228  1544.5007   2  28   0.0113   0.0222   0.0300   0.0054  -0.0117  -0.0105  24.00    1.1 8525734

[TCP数据流] 2025/11/16 18:22:39 - 浮点解 (28颗卫星)
  ECEF: X=-1456671.4262 Y=5531456.2816 Z=2815673.6246
  LLH:  Lat=26.361339046° Lon=104.753492225° H=1544.4993m
  原始数据:
2025/11/16 10:22:57.000   26.361339046  104.753492225  1544.4993   2  28   0.0113   0.0222   0.0300   0.0054  -0.0117  -0.0105  25.00    1.0 8525734

[TCP数据流] 2025/11/16 18:22:40 - 浮点解 (28颗卫星)
  ECEF: X=-1456671.4261 Y=5531456.2823 Z=2815673.6203
  LLH:  Lat=26.361339008° Lon=104.753492222° H=1544.4980m
  原始数据:
2025/11/16 10:22:58.000   26.361339008  104.753492222  1544.4980   2  28   0.0113   0.0221   0.0299   0.0054  -0.0117  -0.0105  26.00    1.0 8525734

[TCP数据流] 2025/11/16 18:22:41 - 浮点解 (28颗卫星)
  ECEF: X=-1456671.4261 Y=5531456.2829 Z=2815673.6159
  LLH:  Lat=26.361338970° Lon=104.753492220° H=1544.4965m
  原始数据:
2025/11/16 10:22:59.000   26.361338970  104.753492220  1544.4965   2  28   0.0113   0.0221   0.0299   0.0054  -0.0117  -0.0105  27.00    1.0 8525734

[TCP数据流] 2025/11/16 18:22:42 - 浮点解 (28颗卫星)
  ECEF: X=-1456671.4261 Y=5531456.2835 Z=2815673.6115
  LLH:  Lat=26.361338932° Lon=104.753492219° H=1544.4951m
  原始数据:
2025/11/16 10:23:00.000   26.361338932  104.753492219  1544.4951   2  28   0.0113   0.0221   0.0299   0.0054  -0.0117  -0.0105  28.00    1.1 8525734

[TCP数据流] 2025/11/16 18:22:43 - 浮点解 (28颗卫星)
  ECEF: X=-1456671.4259 Y=5531456.2839 Z=2815673.6069
  LLH:  Lat=26.361338894° Lon=104.753492216° H=1544.4934m
  原始数据:
2025/11/16 10:23:01.000   26.361338894  104.753492216  1544.4934   2  28   0.0113   0.0221   0.0299   0.0054  -0.0117  -0.0105  29.00    1.0 8525734

[TCP数据流] 2025/11/16 18:22:44 - 浮点解 (28颗卫星)
  ECEF: X=-1456671.4259 Y=5531456.2843 Z=2815673.6024
  LLH:  Lat=26.361338856° Lon=104.753492215° H=1544.4917m
  原始数据:
2025/11/16 10:23:02.000   26.361338856  104.753492215  1544.4917   2  28   0.0113   0.0221   0.0299   0.0054  -0.0117  -0.0105  30.00    1.1 8525734

[TCP数据流] 2025/11/16 18:23:45 - 浮点解 (28颗卫星)
  ECEF: X=-1456671.4850 Y=5531456.4983 Z=2815673.4440
  LLH:  Lat=26.361336686° Lon=104.753492241° H=1544.6203m
  原始数据:
2025/11/16 10:24:03.000   26.361336686  104.753492241  1544.6203   2  28   0.0112   0.0219   0.0295   0.0053  -0.0114  -0.0103   9.00    1.0 8525734

[TCP数据流] 2025/11/16 18:23:46 - 浮点解 (28颗卫星)
  ECEF: X=-1456671.4874 Y=5531456.5024 Z=2815673.4365
  LLH:  Lat=26.361336607° Lon=104.753492254° H=1544.6211m
  原始数据:
2025/11/16 10:24:04.000   26.361336607  104.753492254  1544.6211   2  28   0.0112   0.0219   0.0295   0.0053  -0.0114  -0.0103  10.00    1.0 8525734

[TCP数据流] 2025/11/16 18:23:47 - 浮点解 (28颗卫星)
  ECEF: X=-1456671.4899 Y=5531456.5057 Z=2815673.4294
  LLH:  Lat=26.361336534° Lon=104.753492270° H=1544.6213m
  原始数据:
2025/11/16 10:24:05.000   26.361336534  104.753492270  1544.6213   2  28   0.0112   0.0219   0.0295   0.0053  -0.0114  -0.0103  11.00    1.1 8525734

[TCP数据流] 2025/11/16 18:23:48 - 浮点解 (28颗卫星)
  ECEF: X=-1456671.4917 Y=5531456.5090 Z=2815673.4227
  LLH:  Lat=26.361336465° Lon=104.753492279° H=1544.6216m
  原始数据:
2025/11/16 10:24:06.000   26.361336465  104.753492279  1544.6216   2  28   0.0112   0.0218   0.0295   0.0053  -0.0114  -0.0103  12.00    1.0 8525734

[TCP数据流] 2025/11/16 18:23:49 - 浮点解 (28颗卫星)
  ECEF: X=-1456671.4939 Y=5531456.5117 Z=2815673.4161
  LLH:  Lat=26.361336399° Lon=104.753492293° H=1544.6215m
  原始数据:
2025/11/16 10:24:07.000   26.361336399  104.753492293  1544.6215   2  28   0.0112   0.0218   0.0295   0.0053  -0.0114  -0.0102  13.00    1.1 8525734

[TCP数据流] 2025/11/16 18:23:50 - 浮点解 (28颗卫星)
  ECEF: X=-1456671.4957 Y=5531456.5140 Z=2815673.4095
  LLH:  Lat=26.361336335° Lon=104.753492305° H=1544.6210m
  原始数据:
2025/11/16 10:24:08.000   26.361336335  104.753492305  1544.6210   2  28   0.0112   0.0218   0.0295   0.0053  -0.0114  -0.0102  14.00    1.0 8525734

[TCP数据流] 2025/11/16 18:23:51 - 浮点解 (28颗卫星)
  ECEF: X=-1456671.4976 Y=5531456.5160 Z=2815673.4032
  LLH:  Lat=26.361336274° Lon=104.753492318° H=1544.6204m
  原始数据:
2025/11/16 10:24:09.000   26.361336274  104.753492318  1544.6204   2  28   0.0112   0.0218   0.0295   0.0053  -0.0113  -0.0102  15.00    1.0 8525734

[TCP数据流] 2025/11/16 18:23:52 - 浮点解 (28颗卫星)
  ECEF: X=-1456671.4994 Y=5531456.5179 Z=2815673.3969
  LLH:  Lat=26.361336214° Lon=104.753492331° H=1544.6196m
  原始数据:
2025/11/16 10:24:10.000   26.361336214  104.753492331  1544.6196   2  28   0.0112   0.0218   0.0295   0.0053  -0.0113  -0.0102  16.00    1.0 8525734

[TCP数据流] 2025/11/16 18:23:53 - 浮点解 (28颗卫星)
  ECEF: X=-1456671.5011 Y=5531456.5195 Z=2815673.3907
  LLH:  Lat=26.361336156° Lon=104.753492343° H=1544.6186m
  原始数据:
2025/11/16 10:24:11.000   26.361336156  104.753492343  1544.6186   2  28   0.0112   0.0218   0.0295   0.0053  -0.0113  -0.0102  17.00    1.0 8525734

[TCP数据流] 2025/11/16 18:23:54 - 浮点解 (28颗卫星)
  ECEF: X=-1456671.5028 Y=5531456.5209 Z=2815673.3846
  LLH:  Lat=26.361336100° Lon=104.753492356° H=1544.6176m
  原始数据:
2025/11/16 10:24:12.000   26.361336100  104.753492356  1544.6176   2  28   0.0112   0.0218   0.0295   0.0053  -0.0113  -0.0102  18.00    1.0 8525734

[TCP数据流] 2025/11/16 18:23:55 - 浮点解 (28颗卫星)
  ECEF: X=-1456671.5044 Y=5531456.5223 Z=2815673.3786
  LLH:  Lat=26.361336044° Lon=104.753492368° H=1544.6165m
  原始数据:
2025/11/16 10:24:13.000   26.361336044  104.753492368  1544.6165   2  28   0.0112   0.0218   0.0295   0.0053  -0.0113  -0.0102  19.00    1.0 8525734

[TCP数据流] 2025/11/16 18:23:56 - 浮点解 (23颗卫星)
  ECEF: X=-1456671.5062 Y=5531456.5227 Z=2815673.3739
  LLH:  Lat=26.361336003° Lon=104.753492384° H=1544.6151m
  原始数据:
2025/11/16 10:24:14.000   26.361336003  104.753492384  1544.6151   2  23   0.0112   0.0217   0.0295   0.0052  -0.0113  -0.0102  20.00    1.0 8525734

[TCP数据流] 2025/11/16 18:23:57 - 浮点解 (28颗卫星)
  ECEF: X=-1456671.5080 Y=5531456.5237 Z=2815673.3680
  LLH:  Lat=26.361335949° Lon=104.753492399° H=1544.6138m
  原始数据:
2025/11/16 10:24:15.000   26.361335949  104.753492399  1544.6138   2  28   0.0112   0.0217   0.0294   0.0052  -0.0113  -0.0102  21.00    1.0 8525734

[TCP数据流] 2025/11/16 18:23:58 - 浮点解 (28颗卫星)
  ECEF: X=-1456671.5095 Y=5531456.5250 Z=2815673.3622
  LLH:  Lat=26.361335896° Lon=104.753492410° H=1544.6127m
  原始数据:
2025/11/16 10:24:16.000   26.361335896  104.753492410  1544.6127   2  28   0.0112   0.0217   0.0294   0.0052  -0.0113  -0.0102  22.00    1.0 8525734

[TCP数据流] 2025/11/16 18:23:59 - 浮点解 (28颗卫星)
  ECEF: X=-1456671.5113 Y=5531456.5259 Z=2815673.3564
  LLH:  Lat=26.361335844° Lon=104.753492426° H=1544.6113m
  原始数据:
2025/11/16 10:24:17.000   26.361335844  104.753492426  1544.6113   2  28   0.0112   0.0217   0.0294   0.0052  -0.0113  -0.0102  23.00    1.0 8525734

[TCP数据流] 2025/11/16 18:24:00 - 浮点解 (28颗卫星)
  ECEF: X=-1456671.5128 Y=5531456.5265 Z=2815673.3506
  LLH:  Lat=26.361335793° Lon=104.753492439° H=1544.6096m
  原始数据:
2025/11/16 10:24:18.000   26.361335793  104.753492439  1544.6096   2  28   0.0112   0.0217   0.0294   0.0052  -0.0113  -0.0102  24.00    1.0 8525734

[TCP数据流] 2025/11/16 18:24:01 - 浮点解 (28颗卫星)
  ECEF: X=-1456671.5146 Y=5531456.5272 Z=2815673.3448
  LLH:  Lat=26.361335742° Lon=104.753492454° H=1544.6080m
  原始数据:
2025/11/16 10:24:19.000   26.361335742  104.753492454  1544.6080   2  28   0.0112   0.0217   0.0294   0.0052  -0.0113  -0.0102  25.00    1.0 8525734

[TCP数据流] 2025/11/16 18:24:02 - 浮点解 (28颗卫星)
  ECEF: X=-1456671.5163 Y=5531456.5276 Z=2815673.3391
  LLH:  Lat=26.361335692° Lon=104.753492470° H=1544.6062m
  原始数据:
2025/11/16 10:24:20.000   26.361335692  104.753492470  1544.6062   2  28   0.0112   0.0217   0.0294   0.0052  -0.0113  -0.0102  26.00    1.0 8525734

[TCP数据流] 2025/11/16 18:24:03 - 浮点解 (28颗卫星)
  ECEF: X=-1456671.5181 Y=5531456.5279 Z=2815673.3333
  LLH:  Lat=26.361335642° Lon=104.753492486° H=1544.6043m
  原始数据:
2025/11/16 10:24:21.000   26.361335642  104.753492486  1544.6043   2  28   0.0112   0.0217   0.0294   0.0052  -0.0113  -0.0102  27.00    1.0 8525734

[TCP数据流] 2025/11/16 18:24:04 - 浮点解 (28颗卫星)
  ECEF: X=-1456671.5200 Y=5531456.5280 Z=2815673.3276
  LLH:  Lat=26.361335594° Lon=104.753492505° H=1544.6023m
  原始数据:
2025/11/16 10:24:22.000   26.361335594  104.753492505  1544.6023   2  28   0.0112   0.0216   0.0294   0.0052  -0.0112  -0.0102  28.00    1.0 8525734

[TCP数据流] 2025/11/16 18:24:05 - 浮点解 (28颗卫星)
  ECEF: X=-1456671.5220 Y=5531456.5283 Z=2815673.3219
  LLH:  Lat=26.361335545° Lon=104.753492523° H=1544.6005m
  原始数据:
2025/11/16 10:24:23.000   26.361335545  104.753492523  1544.6005   2  28   0.0112   0.0216   0.0294   0.0052  -0.0112  -0.0102  29.00    1.0 8525734

[TCP数据流] 2025/11/16 18:24:06 - 浮点解 (28颗卫星)
  ECEF: X=-1456671.5238 Y=5531456.5283 Z=2815673.3162
  LLH:  Lat=26.361335497° Lon=104.753492541° H=1544.5984m
  原始数据:
2025/11/16 10:24:24.000   26.361335497  104.753492541  1544.5984   2  28   0.0112   0.0216   0.0294   0.0052  -0.0112  -0.0102  30.00    1.0 8525734

[TCP数据流] 2025/11/16 18:24:27 - 浮点解 (17颗卫星)
  ECEF: X=-1456671.5370 Y=5531456.5925 Z=2815673.2677
  LLH:  Lat=26.361334842° Lon=104.753492505° H=1544.6355m
  原始数据:
2025/11/16 10:24:45.000   26.361334842  104.753492505  1544.6355   2  17   0.0111   0.0216   0.0293   0.0052  -0.0112  -0.0101   0.00    1.2 8525734

[TCP数据流] 2025/11/16 18:24:28 - 浮点解 (29颗卫星)
  ECEF: X=-1456671.5513 Y=5531456.6503 Z=2815673.2362
  LLH:  Lat=26.361334349° Lon=104.753492496° H=1544.6749m
  原始数据:
2025/11/16 10:24:46.000   26.361334349  104.753492496  1544.6749   2  29   0.0111   0.0215   0.0292   0.0052  -0.0111  -0.0101   0.00    1.1 8525734

[TCP数据流] 2025/11/16 18:24:29 - 浮点解 (29颗卫星)
  ECEF: X=-1456671.5647 Y=5531456.6995 Z=2815673.2072
  LLH:  Lat=26.361333910° Lon=104.753492500° H=1544.7076m
  原始数据:
2025/11/16 10:24:47.000   26.361333910  104.753492500  1544.7076   2  29   0.0111   0.0215   0.0291   0.0051  -0.0111  -0.0100   1.00    1.1 8525734

[TCP数据流] 2025/11/16 18:24:30 - 浮点解 (21颗卫星)
  ECEF: X=-1456671.5766 Y=5531456.7376 Z=2815673.1920
  LLH:  Lat=26.361333628° Lon=104.753492518° H=1544.7366m
  原始数据:
2025/11/16 10:24:48.000   26.361333628  104.753492518  1544.7366   2  21   0.0111   0.0215   0.0290   0.0051  -0.0110  -0.0100   2.00    2.9 8525734

[TCP数据流] 2025/11/16 18:24:31 - 浮点解 (29颗卫星)
  ECEF: X=-1456671.5863 Y=5531456.7682 Z=2815673.1695
  LLH:  Lat=26.361333317° Lon=104.753492534° H=1544.7554m
  原始数据:
2025/11/16 10:24:49.000   26.361333317  104.753492534  1544.7554   2  29   0.0111   0.0215   0.0290   0.0051  -0.0110  -0.0100   3.00    1.2 8525734

[TCP数据流] 2025/11/16 18:24:32 - 浮点解 (29颗卫星)
  ECEF: X=-1456671.5947 Y=5531456.7912 Z=2815673.1500
  LLH:  Lat=26.361333062° Lon=104.753492557° H=1544.7686m
  原始数据:
2025/11/16 10:24:50.000   26.361333062  104.753492557  1544.7686   2  29   0.0111   0.0214   0.0289   0.0051  -0.0109  -0.0100   4.00    1.0 8525734

[TCP数据流] 2025/11/16 18:24:33 - 浮点解 (29颗卫星)
  ECEF: X=-1456671.6017 Y=5531456.8089 Z=2815673.1332
  LLH:  Lat=26.361332850° Lon=104.753492579° H=1544.7780m
  原始数据:
2025/11/16 10:24:51.000   26.361332850  104.753492579  1544.7780   2  29   0.0111   0.0214   0.0289   0.0051  -0.0109  -0.0099   5.00    1.0 8525734

[TCP数据流] 2025/11/16 18:24:34 - 浮点解 (29颗卫星)
  ECEF: X=-1456671.6081 Y=5531456.8224 Z=2815673.1186
  LLH:  Lat=26.361332673° Lon=104.753492607° H=1544.7847m
  原始数据:
2025/11/16 10:24:52.000   26.361332673  104.753492607  1544.7847   2  29   0.0111   0.0214   0.0289   0.0051  -0.0109  -0.0099   6.00    1.1 8525734

[TCP数据流] 2025/11/16 18:24:35 - 浮点解 (21颗卫星)
  ECEF: X=-1456671.6125 Y=5531456.8334 Z=2815673.1111
  LLH:  Lat=26.361332566° Lon=104.753492622° H=1544.7919m
  原始数据:
2025/11/16 10:24:53.000   26.361332566  104.753492622  1544.7919   2  21   0.0110   0.0214   0.0288   0.0051  -0.0109  -0.0099   7.00    1.0 8525734

[TCP数据流] 2025/11/16 18:24:36 - 浮点解 (29颗卫星)
  ECEF: X=-1456671.6178 Y=5531456.8423 Z=2815673.0993
  LLH:  Lat=26.361332430° Lon=104.753492650° H=1544.7956m
  原始数据:
2025/11/16 10:24:54.000   26.361332430  104.753492650  1544.7956   2  29   0.0110   0.0214   0.0288   0.0051  -0.0109  -0.0099   8.00    1.0 8525734

[TCP数据流] 2025/11/16 18:24:37 - 浮点解 (29颗卫星)
  ECEF: X=-1456671.6222 Y=5531456.8496 Z=2815673.0885
  LLH:  Lat=26.361332310° Lon=104.753492674° H=1544.7981m
  原始数据:
2025/11/16 10:24:55.000   26.361332310  104.753492674  1544.7981   2  29   0.0110   0.0214   0.0288   0.0051  -0.0108  -0.0099   9.00    1.0 8525734

[TCP数据流] 2025/11/16 18:24:38 - 浮点解 (29颗卫星)
  ECEF: X=-1456671.6264 Y=5531456.8555 Z=2815673.0784
  LLH:  Lat=26.361332202° Lon=104.753492700° H=1544.7997m
  原始数据:
2025/11/16 10:24:56.000   26.361332202  104.753492700  1544.7997   2  29   0.0110   0.0213   0.0288   0.0051  -0.0108  -0.0099  10.00    1.0 8525734

[TCP数据流] 2025/11/16 18:24:39 - 浮点解 (29颗卫星)
  ECEF: X=-1456671.6303 Y=5531456.8605 Z=2815673.0691
  LLH:  Lat=26.361332103° Lon=104.753492725° H=1544.8008m
  原始数据:
2025/11/16 10:24:57.000   26.361332103  104.753492725  1544.8008   2  29   0.0110   0.0213   0.0288   0.0051  -0.0108  -0.0099  11.00    1.1 8525734

[TCP数据流] 2025/11/16 18:24:40 - 浮点解 (29颗卫星)
  ECEF: X=-1456671.6339 Y=5531456.8648 Z=2815673.0602
  LLH:  Lat=26.361332011° Lon=104.753492749° H=1544.8014m
  原始数据:
2025/11/16 10:24:58.000   26.361332011  104.753492749  1544.8014   2  29   0.0110   0.0213   0.0288   0.0050  -0.0108  -0.0099  12.00    1.0 8525734

[TCP数据流] 2025/11/16 18:24:41 - 浮点解 (29颗卫星)
  ECEF: X=-1456671.6375 Y=5531456.8682 Z=2815673.0517
  LLH:  Lat=26.361331925° Lon=104.753492775° H=1544.8014m
  原始数据:
2025/11/16 10:24:59.000   26.361331925  104.753492775  1544.8014   2  29   0.0110   0.0213   0.0287   0.0050  -0.0108  -0.0099  13.00    1.0 8525734

[TCP数据流] 2025/11/16 18:24:42 - 浮点解 (15颗卫星)
  ECEF: X=-1456671.6384 Y=5531456.8669 Z=2815673.0481
  LLH:  Lat=26.361331900° Lon=104.753492787° H=1544.7989m
  原始数据:
2025/11/16 10:25:00.000   26.361331900  104.753492787  1544.7989   2  15   0.0110   0.0213   0.0287   0.0050  -0.0108  -0.0099  14.00    1.2 8525734

[TCP数据流] 2025/11/16 18:24:43 - 浮点解 (29颗卫星)
  ECEF: X=-1456671.6416 Y=5531456.8695 Z=2815673.0403
  LLH:  Lat=26.361331824° Lon=104.753492811° H=1544.7984m
  原始数据:
2025/11/16 10:25:01.000   26.361331824  104.753492811  1544.7984   2  29   0.0110   0.0213   0.0287   0.0050  -0.0108  -0.0099  15.00    1.0 8525734

[TCP数据流] 2025/11/16 18:24:44 - 浮点解 (23颗卫星)
  ECEF: X=-1456671.6437 Y=5531456.8717 Z=2815673.0349
  LLH:  Lat=26.361331769° Lon=104.753492826° H=1544.7984m
  原始数据:
2025/11/16 10:25:02.000   26.361331769  104.753492826  1544.7984   2  23   0.0110   0.0213   0.0287   0.0050  -0.0108  -0.0098  16.00    1.0 8525734

[TCP数据流] 2025/11/16 18:24:45 - 浮点解 (29颗卫星)
  ECEF: X=-1456671.6465 Y=5531456.8736 Z=2815673.0275
  LLH:  Lat=26.361331699° Lon=104.753492848° H=1544.7974m
  原始数据:
2025/11/16 10:25:03.000   26.361331699  104.753492848  1544.7974   2  29   0.0110   0.0213   0.0287   0.0050  -0.0108  -0.0098  17.00    1.0 8525734

[TCP数据流] 2025/11/16 18:24:46 - 浮点解 (29颗卫星)
  ECEF: X=-1456671.6495 Y=5531456.8752 Z=2815673.0203
  LLH:  Lat=26.361331632° Lon=104.753492873° H=1544.7962m
  原始数据:
2025/11/16 10:25:04.000   26.361331632  104.753492873  1544.7962   2  29   0.0110   0.0213   0.0287   0.0050  -0.0108  -0.0098  18.00    1.0 8525734

[TCP数据流] 2025/11/16 18:24:47 - 浮点解 (29颗卫星)
  ECEF: X=-1456671.6523 Y=5531456.8765 Z=2815673.0133
  LLH:  Lat=26.361331567° Lon=104.753492897° H=1544.7949m
  原始数据:
2025/11/16 10:25:05.000   26.361331567  104.753492897  1544.7949   2  29   0.0110   0.0212   0.0287   0.0050  -0.0108  -0.0098  19.00    1.0 8525734

[TCP数据流] 2025/11/16 18:24:48 - 浮点解 (17颗卫星)
  ECEF: X=-1456671.6530 Y=5531456.8754 Z=2815673.0096
  LLH:  Lat=26.361331541° Lon=104.753492907° H=1544.7925m
  原始数据:
2025/11/16 10:25:06.000   26.361331541  104.753492907  1544.7925   2  17   0.0110   0.0212   0.0287   0.0050  -0.0108  -0.0098  20.00    1.0 8525734

[TCP数据流] 2025/11/16 18:24:50 - 浮点解 (29颗卫星)
  ECEF: X=-1456671.6557 Y=5531456.8763 Z=2815673.0029
  LLH:  Lat=26.361331481° Lon=104.753492931° H=1544.7909m
  原始数据:
2025/11/16 10:25:08.000   26.361331481  104.753492931  1544.7909   2  29   0.0110   0.0212   0.0287   0.0050  -0.0107  -0.0098  22.00    1.0 8525734

[TCP数据流] 2025/11/16 18:24:51 - 浮点解 (23颗卫星)
  ECEF: X=-1456671.6574 Y=5531456.8755 Z=2815672.9978
  LLH:  Lat=26.361331441° Lon=104.753492949° H=1544.7883m
  原始数据:
2025/11/16 10:25:09.000   26.361331441  104.753492949  1544.7883   2  23   0.0110   0.0212   0.0287   0.0050  -0.0107  -0.0098  23.00    1.0 8525734

[TCP数据流] 2025/11/16 18:24:52 - 浮点解 (29颗卫星)
  ECEF: X=-1456671.6598 Y=5531456.8760 Z=2815672.9913
  LLH:  Lat=26.361331384° Lon=104.753492971° H=1544.7864m
  原始数据:
2025/11/16 10:25:10.000   26.361331384  104.753492971  1544.7864   2  29   0.0110   0.0212   0.0287   0.0050  -0.0107  -0.0098  24.00    1.0 8525734

[TCP数据流] 2025/11/16 18:24:53 - 浮点解 (29颗卫星)
  ECEF: X=-1456671.6625 Y=5531456.8763 Z=2815672.9849
  LLH:  Lat=26.361331328° Lon=104.753492996° H=1544.7844m
  原始数据:
2025/11/16 10:25:11.000   26.361331328  104.753492996  1544.7844   2  29   0.0110   0.0212   0.0287   0.0050  -0.0107  -0.0098  25.00    1.1 8525734

[TCP数据流] 2025/11/16 18:24:54 - 浮点解 (29颗卫星)
  ECEF: X=-1456671.6649 Y=5531456.8763 Z=2815672.9785
  LLH:  Lat=26.361331274° Lon=104.753493020° H=1544.7822m
  原始数据:
2025/11/16 10:25:12.000   26.361331274  104.753493020  1544.7822   2  29   0.0110   0.0212   0.0287   0.0050  -0.0107  -0.0098  26.00    1.0 8525734

[TCP数据流] 2025/11/16 18:24:55 - 浮点解 (29颗卫星)
  ECEF: X=-1456671.6673 Y=5531456.8765 Z=2815672.9722
  LLH:  Lat=26.361331220° Lon=104.753493042° H=1544.7801m
  原始数据:
2025/11/16 10:25:13.000   26.361331220  104.753493042  1544.7801   2  29   0.0110   0.0212   0.0286   0.0050  -0.0107  -0.0098  27.00    1.0 8525734

[TCP数据流] 2025/11/16 18:24:56 - 浮点解 (29颗卫星)
  ECEF: X=-1456671.6696 Y=5531456.8766 Z=2815672.9660
  LLH:  Lat=26.361331167° Lon=104.753493064° H=1544.7779m
  原始数据:
2025/11/16 10:25:14.000   26.361331167  104.753493064  1544.7779   2  29   0.0110   0.0212   0.0286   0.0050  -0.0107  -0.0098  28.00    1.0 8525734

[TCP数据流] 2025/11/16 18:24:57 - 浮点解 (29颗卫星)
  ECEF: X=-1456671.6719 Y=5531456.8769 Z=2815672.9599
  LLH:  Lat=26.361331114° Lon=104.753493086° H=1544.7760m
  原始数据:
2025/11/16 10:25:15.000   26.361331114  104.753493086  1544.7760   2  29   0.0110   0.0211   0.0286   0.0050  -0.0107  -0.0098  29.00    1.0 8525734

[TCP数据流] 2025/11/16 18:24:58 - 浮点解 (29颗卫星)
  ECEF: X=-1456671.6740 Y=5531456.8767 Z=2815672.9537
  LLH:  Lat=26.361331062° Lon=104.753493107° H=1544.7736m
  原始数据:
2025/11/16 10:25:16.000   26.361331062  104.753493107  1544.7736   2  29   0.0110   0.0211   0.0286   0.0050  -0.0107  -0.0098  30.00    1.0 8525734

[TCP数据流] 2025/11/16 18:25:39 - 浮点解 (29颗卫星)
  ECEF: X=-1456671.7933 Y=5531457.3626 Z=2815672.6603
  LLH:  Lat=26.361326686° Lon=104.753493023° H=1545.0915m
  原始数据:
2025/11/16 10:25:57.000   26.361326686  104.753493023  1545.0915   2  29   0.0108   0.0209   0.0278   0.0048  -0.0102  -0.0094   0.00    1.1 8525734

[TCP数据流] 2025/11/16 18:25:40 - 浮点解 (29颗卫星)
  ECEF: X=-1456671.8130 Y=5531457.4390 Z=2815672.6094
  LLH:  Lat=26.361325958° Lon=104.753493019° H=1545.1396m
  原始数据:
2025/11/16 10:25:58.000   26.361325958  104.753493019  1545.1396   2  29   0.0108   0.0208   0.0277   0.0048  -0.0101  -0.0093   0.00    1.0 8525734

[TCP数据流] 2025/11/16 18:25:41 - 浮点解 (23颗卫星)
  ECEF: X=-1456671.8175 Y=5531457.4331 Z=2815672.5595
  LLH:  Lat=26.361325573° Lon=104.753493077° H=1545.1134m
  原始数据:
2025/11/16 10:25:59.000   26.361325573  104.753493077  1545.1134   2  23   0.0108   0.0208   0.0276   0.0048  -0.0101  -0.0093   1.00    1.0 8525734

[TCP数据流] 2025/11/16 18:25:42 - 浮点解 (29颗卫星)
  ECEF: X=-1456671.8347 Y=5531457.4925 Z=2815672.5174
  LLH:  Lat=26.361324985° Lon=104.753493092° H=1545.1501m
  原始数据:
2025/11/16 10:26:00.000   26.361324985  104.753493092  1545.1501   2  29   0.0107   0.0208   0.0275   0.0047  -0.0101  -0.0092   2.00    1.0 8525734

[TCP数据流] 2025/11/16 18:25:44 - 浮点解 (29颗卫星)
  ECEF: X=-1456671.8474 Y=5531457.5302 Z=2815672.4856
  LLH:  Lat=26.361324569° Lon=104.753493119° H=1545.1715m
  原始数据:
2025/11/16 10:26:02.000   26.361324569  104.753493119  1545.1715   2  29   0.0107   0.0207   0.0275   0.0047  -0.0100  -0.0092   4.00    1.0 8525734

[TCP数据流] 2025/11/16 18:25:45 - 浮点解 (29颗卫星)
  ECEF: X=-1456671.8586 Y=5531457.5594 Z=2815672.4589
  LLH:  Lat=26.361324228° Lon=104.753493153° H=1545.1875m
  原始数据:
2025/11/16 10:26:03.000   26.361324228  104.753493153  1545.1875   2  29   0.0107   0.0207   0.0274   0.0047  -0.0100  -0.0092   5.00    1.0 8525734

[TCP数据流] 2025/11/16 18:25:46 - 浮点解 (23颗卫星)
  ECEF: X=-1456671.8623 Y=5531457.5547 Z=2815672.4360
  LLH:  Lat=26.361324058° Lon=104.753493201° H=1545.1741m
  原始数据:
2025/11/16 10:26:04.000   26.361324058  104.753493201  1545.1741   2  23   0.0107   0.0207   0.0274   0.0047  -0.0100  -0.0092   6.00    1.0 8525734

[TCP数据流] 2025/11/16 18:25:47 - 浮点解 (29颗卫星)
  ECEF: X=-1456671.8706 Y=5531457.5729 Z=2815672.4162
  LLH:  Lat=26.361323819° Lon=104.753493235° H=1545.1830m
  原始数据:
2025/11/16 10:26:05.000   26.361323819  104.753493235  1545.1830   2  29   0.0107   0.0207   0.0273   0.0047  -0.0099  -0.0091   7.00    1.1 8525734

[TCP数据流] 2025/11/16 18:25:48 - 浮点解 (29颗卫星)
  ECEF: X=-1456671.8777 Y=5531457.5878 Z=2815672.3988
  LLH:  Lat=26.361323613° Lon=104.753493266° H=1545.1898m
  原始数据:
2025/11/16 10:26:06.000   26.361323613  104.753493266  1545.1898   2  29   0.0107   0.0206   0.0273   0.0047  -0.0099  -0.0091   8.00    1.0 8525734

[TCP数据流] 2025/11/16 18:25:49 - 浮点解 (29颗卫星)
  ECEF: X=-1456671.8843 Y=5531457.5998 Z=2815672.3833
  LLH:  Lat=26.361323434° Lon=104.753493299° H=1545.1948m
  原始数据:
2025/11/16 10:26:07.000   26.361323434  104.753493299  1545.1948   2  29   0.0107   0.0206   0.0273   0.0047  -0.0099  -0.0091   9.00    1.0 8525734

[TCP数据流] 2025/11/16 18:25:50 - 浮点解 (29颗卫星)
  ECEF: X=-1456671.8902 Y=5531457.6097 Z=2815672.3692
  LLH:  Lat=26.361323276° Lon=104.753493331° H=1545.1985m
  原始数据:
2025/11/16 10:26:08.000   26.361323276  104.753493331  1545.1985   2  29   0.0107   0.0206   0.0272   0.0047  -0.0099  -0.0091  10.00    1.1 8525734

[TCP数据流] 2025/11/16 18:25:51 - 浮点解 (29颗卫星)
  ECEF: X=-1456671.8955 Y=5531457.6180 Z=2815672.3564
  LLH:  Lat=26.361323135° Lon=104.753493361° H=1545.2012m
  原始数据:
2025/11/16 10:26:09.000   26.361323135  104.753493361  1545.2012   2  29   0.0107   0.0206   0.0272   0.0047  -0.0099  -0.0091  11.00    1.0 8525734

[TCP数据流] 2025/11/16 18:25:52 - 浮点解 (29颗卫星)
  ECEF: X=-1456671.9003 Y=5531457.6247 Z=2815672.3447
  LLH:  Lat=26.361323009° Lon=104.753493391° H=1545.2029m
  原始数据:
2025/11/16 10:26:10.000   26.361323009  104.753493391  1545.2029   2  29   0.0107   0.0206   0.0272   0.0047  -0.0099  -0.0091  12.00    1.0 8525734

[TCP数据流] 2025/11/16 18:25:53 - 浮点解 (29颗卫星)
  ECEF: X=-1456671.9045 Y=5531457.6305 Z=2815672.3336
  LLH:  Lat=26.361322893° Lon=104.753493417° H=1545.2040m
  原始数据:
2025/11/16 10:26:11.000   26.361322893  104.753493417  1545.2040   2  29   0.0107   0.0206   0.0272   0.0047  -0.0098  -0.0091  13.00    1.0 8525734

[TCP数据流] 2025/11/16 18:25:54 - 浮点解 (29颗卫星)
  ECEF: X=-1456671.9087 Y=5531457.6355 Z=2815672.3233
  LLH:  Lat=26.361322786° Lon=104.753493445° H=1545.2047m
  原始数据:
2025/11/16 10:26:12.000   26.361322786  104.753493445  1545.2047   2  29   0.0107   0.0205   0.0272   0.0047  -0.0098  -0.0091  14.00    1.0 8525734

[TCP数据流] 2025/11/16 18:25:55 - 浮点解 (29颗卫星)
  ECEF: X=-1456671.9125 Y=5531457.6399 Z=2815672.3137
  LLH:  Lat=26.361322687° Lon=104.753493470° H=1545.2051m
  原始数据:
2025/11/16 10:26:13.000   26.361322687  104.753493470  1545.2051   2  29   0.0106   0.0205   0.0271   0.0047  -0.0098  -0.0090  15.00    1.0 8525734

[TCP数据流] 2025/11/16 18:25:56 - 浮点解 (29颗卫星)
  ECEF: X=-1456671.9161 Y=5531457.6436 Z=2815672.3045
  LLH:  Lat=26.361322595° Lon=104.753493496° H=1545.2050m
  原始数据:
2025/11/16 10:26:14.000   26.361322595  104.753493496  1545.2050   2  29   0.0106   0.0205   0.0271   0.0046  -0.0098  -0.0090  16.00    1.0 8525734

[TCP数据流] 2025/11/16 18:25:57 - 浮点解 (29颗卫星)
  ECEF: X=-1456671.9197 Y=5531457.6466 Z=2815672.2956
  LLH:  Lat=26.361322508° Lon=104.753493523° H=1545.2045m
  原始数据:
2025/11/16 10:26:15.000   26.361322508  104.753493523  1545.2045   2  29   0.0106   0.0205   0.0271   0.0046  -0.0098  -0.0090  17.00    1.0 8525734

[TCP数据流] 2025/11/16 18:25:58 - 浮点解 (29颗卫星)
  ECEF: X=-1456671.9232 Y=5531457.6492 Z=2815672.2872
  LLH:  Lat=26.361322426° Lon=104.753493550° H=1545.2038m
  原始数据:
2025/11/16 10:26:16.000   26.361322426  104.753493550  1545.2038   2  29   0.0106   0.0205   0.0271   0.0046  -0.0098  -0.0090  18.00    1.0 8525734

[TCP数据流] 2025/11/16 18:25:59 - 浮点解 (29颗卫星)
  ECEF: X=-1456671.9262 Y=5531457.6513 Z=2815672.2789
  LLH:  Lat=26.361322348° Lon=104.753493574° H=1545.2027m
  原始数据:
2025/11/16 10:26:17.000   26.361322348  104.753493574  1545.2027   2  29   0.0106   0.0205   0.0271   0.0046  -0.0098  -0.0090  19.00    1.0 8525734

[TCP数据流] 2025/11/16 18:26:00 - 浮点解 (29颗卫星)
  ECEF: X=-1456671.9292 Y=5531457.6533 Z=2815672.2710
  LLH:  Lat=26.361322273° Lon=104.753493598° H=1545.2016m
  原始数据:
2025/11/16 10:26:18.000   26.361322273  104.753493598  1545.2016   2  29   0.0106   0.0205   0.0271   0.0046  -0.0098  -0.0090  20.00    1.0 8525734

[TCP数据流] 2025/11/16 18:26:01 - 浮点解 (29颗卫星)
  ECEF: X=-1456671.9322 Y=5531457.6551 Z=2815672.2633
  LLH:  Lat=26.361322201° Lon=104.753493622° H=1545.2004m
  原始数据:
2025/11/16 10:26:19.000   26.361322201  104.753493622  1545.2004   2  29   0.0106   0.0205   0.0271   0.0046  -0.0098  -0.0090  21.00    1.0 8525734

[TCP数据流] 2025/11/16 18:26:02 - 浮点解 (23颗卫星)
  ECEF: X=-1456671.9342 Y=5531457.6569 Z=2815672.2580
  LLH:  Lat=26.361322149° Lon=104.753493637° H=1545.2000m
  原始数据:
2025/11/16 10:26:20.000   26.361322149  104.753493637  1545.2000   2  23   0.0106   0.0204   0.0271   0.0046  -0.0098  -0.0090  22.00    1.1 8525734

[TCP数据流] 2025/11/16 18:26:03 - 浮点解 (29颗卫星)
  ECEF: X=-1456671.9369 Y=5531457.6582 Z=2815672.2506
  LLH:  Lat=26.361322082° Lon=104.753493660° H=1545.1985m
  原始数据:
2025/11/16 10:26:21.000   26.361322082  104.753493660  1545.1985   2  29   0.0106   0.0204   0.0271   0.0046  -0.0097  -0.0090  23.00    1.0 8525734

[TCP数据流] 2025/11/16 18:26:04 - 浮点解 (29颗卫星)
  ECEF: X=-1456671.9397 Y=5531457.6594 Z=2815672.2435
  LLH:  Lat=26.361322017° Lon=104.753493684° H=1545.1970m
  原始数据:
2025/11/16 10:26:22.000   26.361322017  104.753493684  1545.1970   2  29   0.0106   0.0204   0.0270   0.0046  -0.0097  -0.0090  24.00    1.0 8525734

[TCP数据流] 2025/11/16 18:26:05 - 浮点解 (29颗卫星)
  ECEF: X=-1456671.9423 Y=5531457.6602 Z=2815672.2365
  LLH:  Lat=26.361321954° Lon=104.753493707° H=1545.1952m
  原始数据:
2025/11/16 10:26:23.000   26.361321954  104.753493707  1545.1952   2  29   0.0106   0.0204   0.0270   0.0046  -0.0097  -0.0090  25.00    1.0 8525734

[TCP数据流] 2025/11/16 18:26:06 - 浮点解 (29颗卫星)
  ECEF: X=-1456671.9448 Y=5531457.6610 Z=2815672.2295
  LLH:  Lat=26.361321892° Lon=104.753493729° H=1545.1934m
  原始数据:
2025/11/16 10:26:24.000   26.361321892  104.753493729  1545.1934   2  29   0.0106   0.0204   0.0270   0.0046  -0.0097  -0.0090  26.00    1.0 8525734

[TCP数据流] 2025/11/16 18:26:07 - 浮点解 (29颗卫星)
  ECEF: X=-1456671.9473 Y=5531457.6617 Z=2815672.2229
  LLH:  Lat=26.361321833° Lon=104.753493752° H=1545.1916m
  原始数据:
2025/11/16 10:26:25.000   26.361321833  104.753493752  1545.1916   2  29   0.0106   0.0204   0.0270   0.0046  -0.0097  -0.0090  27.00    1.0 8525734

[TCP数据流] 2025/11/16 18:26:08 - 浮点解 (29颗卫星)
  ECEF: X=-1456671.9497 Y=5531457.6623 Z=2815672.2162
  LLH:  Lat=26.361321774° Lon=104.753493773° H=1545.1897m
  原始数据:
2025/11/16 10:26:26.000   26.361321774  104.753493773  1545.1897   2  29   0.0106   0.0204   0.0270   0.0046  -0.0097  -0.0090  28.00    1.0 8525734

[TCP数据流] 2025/11/16 18:26:09 - 浮点解 (29颗卫星)
  ECEF: X=-1456671.9523 Y=5531457.6628 Z=2815672.2097
  LLH:  Lat=26.361321717° Lon=104.753493797° H=1545.1878m
  原始数据:
2025/11/16 10:26:27.000   26.361321717  104.753493797  1545.1878   2  29   0.0106   0.0204   0.0270   0.0046  -0.0097  -0.0090  29.00    1.0 8525734

[TCP数据流] 2025/11/16 18:26:10 - 浮点解 (29颗卫星)
  ECEF: X=-1456671.9546 Y=5531457.6632 Z=2815672.2032
  LLH:  Lat=26.361321661° Lon=104.753493819° H=1545.1858m
  原始数据:
2025/11/16 10:26:28.000   26.361321661  104.753493819  1545.1858   2  29   0.0106   0.0204   0.0270   0.0046  -0.0097  -0.0090  30.00    1.0 8525734

[TCP数据流] 2025/11/16 18:26:30 - 浮点解 (29颗卫星)
  ECEF: X=-1456672.0739 Y=5531458.0285 Z=2815671.8366
  LLH:  Lat=26.361317160° Lon=104.753494042° H=1545.3668m
  原始数据:
2025/11/16 10:26:48.000   26.361317160  104.753494042  1545.3668   2  29   0.0104   0.0200   0.0262   0.0044  -0.0092  -0.0086   9.00    1.0 8525734

[TCP数据流] 2025/11/16 18:26:31 - 浮点解 (23颗卫星)
  ECEF: X=-1456672.0762 Y=5531458.0252 Z=2815671.8210
  LLH:  Lat=26.361317044° Lon=104.753494073° H=1545.3575m
  原始数据:
2025/11/16 10:26:49.000   26.361317044  104.753494073  1545.3575   2  23   0.0104   0.0200   0.0262   0.0044  -0.0092  -0.0086  10.00    1.0 8525734

[TCP数据流] 2025/11/16 18:26:32 - 浮点解 (29颗卫星)
  ECEF: X=-1456672.0817 Y=5531458.0355 Z=2815671.8063
  LLH:  Lat=26.361316879° Lon=104.753494100° H=1545.3612m
  原始数据:
2025/11/16 10:26:50.000   26.361316879  104.753494100  1545.3612   2  29   0.0104   0.0200   0.0262   0.0044  -0.0092  -0.0086  11.00    1.0 8525734

[TCP数据流] 2025/11/16 18:26:33 - 浮点解 (29颗卫星)
  ECEF: X=-1456672.0868 Y=5531458.0442 Z=2815671.7928
  LLH:  Lat=26.361316731° Lon=104.753494127° H=1545.3639m
  原始数据:
2025/11/16 10:26:51.000   26.361316731  104.753494127  1545.3639   2  29   0.0104   0.0200   0.0262   0.0044  -0.0092  -0.0086  12.00    1.0 8525734

[TCP数据流] 2025/11/16 18:26:34 - 浮点解 (29颗卫星)
  ECEF: X=-1456672.0912 Y=5531458.0519 Z=2815671.7804
  LLH:  Lat=26.361316597° Lon=104.753494150° H=1545.3661m
  原始数据:
2025/11/16 10:26:52.000   26.361316597  104.753494150  1545.3661   2  29   0.0104   0.0200   0.0261   0.0044  -0.0092  -0.0085  13.00    1.1 8525734

[TCP数据流] 2025/11/16 18:26:35 - 浮点解 (17颗卫星)
  ECEF: X=-1456672.0918 Y=5531458.0515 Z=2815671.7746
  LLH:  Lat=26.361316551° Lon=104.753494157° H=1545.3633m
  原始数据:
2025/11/16 10:26:53.000   26.361316551  104.753494157  1545.3633   2  17   0.0104   0.0200   0.0261   0.0044  -0.0092  -0.0085  14.00    1.0 8525734

[TCP数据流] 2025/11/16 18:26:36 - 浮点解 (17颗卫星)
  ECEF: X=-1456672.0924 Y=5531458.0510 Z=2815671.7692
  LLH:  Lat=26.361316509° Lon=104.753494164° H=1545.3606m
  原始数据:
2025/11/16 10:26:54.000   26.361316509  104.753494164  1545.3606   2  17   0.0104   0.0200   0.0261   0.0044  -0.0092  -0.0085  15.00    1.0 8525734

[TCP数据流] 2025/11/16 18:26:37 - 浮点解 (29颗卫星)
  ECEF: X=-1456672.0962 Y=5531458.0560 Z=2815671.7590
  LLH:  Lat=26.361316403° Lon=104.753494188° H=1545.3612m
  原始数据:
2025/11/16 10:26:55.000   26.361316403  104.753494188  1545.3612   2  29   0.0104   0.0200   0.0261   0.0044  -0.0092  -0.0085  16.00    1.0 8525734

[TCP数据流] 2025/11/16 18:26:38 - 浮点解 (23颗卫星)
  ECEF: X=-1456672.0976 Y=5531458.0543 Z=2815671.7503
  LLH:  Lat=26.361316338° Lon=104.753494206° H=1545.3562m
  原始数据:
2025/11/16 10:26:56.000   26.361316338  104.753494206  1545.3562   2  23   0.0104   0.0199   0.0261   0.0044  -0.0092  -0.0085  17.00    1.0 8525734

[TCP数据流] 2025/11/16 18:26:40 - 浮点解 (23颗卫星)
  ECEF: X=-1456672.0999 Y=5531458.0585 Z=2815671.7446
  LLH:  Lat=26.361316273° Lon=104.753494218° H=1545.3579m
  原始数据:
2025/11/16 10:26:58.000   26.361316273  104.753494218  1545.3579   2  23   0.0104   0.0199   0.0261   0.0044  -0.0092  -0.0085  19.00    1.0 8525734

[TCP数据流] 2025/11/16 18:26:41 - 浮点解 (29颗卫星)
  ECEF: X=-1456672.1029 Y=5531458.0615 Z=2815671.7361
  LLH:  Lat=26.361316189° Lon=104.753494239° H=1545.3574m
  原始数据:
2025/11/16 10:26:59.000   26.361316189  104.753494239  1545.3574   2  29   0.0104   0.0199   0.0261   0.0044  -0.0092  -0.0085  20.00    1.0 8525734

[TCP数据流] 2025/11/16 18:26:42 - 浮点解 (23颗卫星)
  ECEF: X=-1456672.1043 Y=5531458.0602 Z=2815671.7290
  LLH:  Lat=26.361316136° Lon=104.753494256° H=1545.3534m
  原始数据:
2025/11/16 10:27:00.000   26.361316136  104.753494256  1545.3534   2  23   0.0104   0.0199   0.0261   0.0044  -0.0092  -0.0085  21.00    1.1 8525734

[TCP数据流] 2025/11/16 18:26:43 - 浮点解 (29颗卫星)
  ECEF: X=-1456672.1075 Y=5531458.0622 Z=2815671.7211
  LLH:  Lat=26.361316061° Lon=104.753494282° H=1545.3524m
  原始数据:
2025/11/16 10:27:01.000   26.361316061  104.753494282  1545.3524   2  29   0.0104   0.0199   0.0261   0.0044  -0.0091  -0.0085  22.00    1.0 8525734

[TCP数据流] 2025/11/16 18:26:45 - 浮点解 (29颗卫星)
  ECEF: X=-1456672.1101 Y=5531458.0641 Z=2815671.7136
  LLH:  Lat=26.361315990° Lon=104.753494302° H=1545.3513m
  原始数据:
2025/11/16 10:27:03.000   26.361315990  104.753494302  1545.3513   2  29   0.0104   0.0199   0.0261   0.0044  -0.0091  -0.0085  24.00    1.0 8525734

[TCP数据流] 2025/11/16 18:26:46 - 浮点解 (29颗卫星)
  ECEF: X=-1456672.1126 Y=5531458.0656 Z=2815671.7062
  LLH:  Lat=26.361315922° Lon=104.753494322° H=1545.3499m
  原始数据:
2025/11/16 10:27:04.000   26.361315922  104.753494322  1545.3499   2  29   0.0104   0.0199   0.0261   0.0044  -0.0091  -0.0085  25.00    1.0 8525734

[TCP数据流] 2025/11/16 18:26:47 - 浮点解 (17颗卫星)
  ECEF: X=-1456672.1137 Y=5531458.0644 Z=2815671.7024
  LLH:  Lat=26.361315895° Lon=104.753494336° H=1545.3474m
  原始数据:
2025/11/16 10:27:05.000   26.361315895  104.753494336  1545.3474   2  17   0.0104   0.0199   0.0261   0.0044  -0.0091  -0.0085  26.00    1.0 8525734

[TCP数据流] 2025/11/16 18:26:48 - 浮点解 (23颗卫星)
  ECEF: X=-1456672.1155 Y=5531458.0659 Z=2815671.6974
  LLH:  Lat=26.361315847° Lon=104.753494350° H=1545.3469m
  原始数据:
2025/11/16 10:27:06.000   26.361315847  104.753494350  1545.3469   2  23   0.0104   0.0199   0.0260   0.0044  -0.0091  -0.0085  27.00    1.0 8525734

[TCP数据流] 2025/11/16 18:26:49 - 浮点解 (29颗卫星)
  ECEF: X=-1456672.1186 Y=5531458.0674 Z=2815671.6909
  LLH:  Lat=26.361315785° Lon=104.753494376° H=1545.3460m
  原始数据:
2025/11/16 10:27:07.000   26.361315785  104.753494376  1545.3460   2  29   0.0104   0.0199   0.0260   0.0044  -0.0091  -0.0085  28.00    1.0 8525734

[TCP数据流] 2025/11/16 18:26:50 - 浮点解 (29颗卫星)
  ECEF: X=-1456672.1218 Y=5531458.0686 Z=2815671.6847
  LLH:  Lat=26.361315727° Lon=104.753494404° H=1545.3450m
  原始数据:
2025/11/16 10:27:08.000   26.361315727  104.753494404  1545.3450   2  29   0.0104   0.0198   0.0260   0.0044  -0.0091  -0.0085  29.00    1.0 8525734

[TCP数据流] 2025/11/16 18:31:18 - 浮点解 (22颗卫星)
  ECEF: X=-1456672.1230 Y=5531458.0701 Z=2815671.6824
  LLH:  Lat=26.361315701° Lon=104.753494412° H=1545.3456m
  原始数据:
2025/11/16 10:31:36.000   26.361315701  104.753494412  1545.3456   2  22   0.0104   0.0198   0.0260   0.0044  -0.0091  -0.0085   8.00    0.0 8525734

[TCP数据流] 2025/11/16 18:31:19 - 浮点解 (28颗卫星)
  ECEF: X=-1456672.1249 Y=5531458.0716 Z=2815671.6793
  LLH:  Lat=26.361315669° Lon=104.753494426° H=1545.3459m
  原始数据:
2025/11/16 10:31:37.000   26.361315669  104.753494426  1545.3459   2  28   0.0104   0.0198   0.0260   0.0044  -0.0091  -0.0085   9.00    0.0 8525734

[TCP数据流] 2025/11/16 18:31:20 - 浮点解 (28颗卫星)
  ECEF: X=-1456672.1263 Y=5531458.0728 Z=2815671.6764
  LLH:  Lat=26.361315639° Lon=104.753494437° H=1545.3460m
  原始数据:
2025/11/16 10:31:38.000   26.361315639  104.753494437  1545.3460   2  28   0.0104   0.0198   0.0260   0.0044  -0.0091  -0.0085  10.00    0.0 8525734

[TCP数据流] 2025/11/16 18:31:21 - 浮点解 (28颗卫星)
  ECEF: X=-1456672.1278 Y=5531458.0741 Z=2815671.6736
  LLH:  Lat=26.361315610° Lon=104.753494448° H=1545.3462m
  原始数据:
2025/11/16 10:31:39.000   26.361315610  104.753494448  1545.3462   2  28   0.0104   0.0198   0.0260   0.0044  -0.0091  -0.0085  11.00    0.0 8525734

[TCP数据流] 2025/11/16 18:31:22 - 浮点解 (28颗卫星)
  ECEF: X=-1456672.1292 Y=5531458.0753 Z=2815671.6707
  LLH:  Lat=26.361315581° Lon=104.753494459° H=1545.3463m
  原始数据:
2025/11/16 10:31:40.000   26.361315581  104.753494459  1545.3463   2  28   0.0104   0.0198   0.0260   0.0044  -0.0091  -0.0085  12.00    0.0 8525734

[TCP数据流] 2025/11/16 18:31:23 - 浮点解 (28颗卫星)
  ECEF: X=-1456672.1307 Y=5531458.0767 Z=2815671.6679
  LLH:  Lat=26.361315551° Lon=104.753494470° H=1545.3466m
  原始数据:
2025/11/16 10:31:41.000   26.361315551  104.753494470  1545.3466   2  28   0.0104   0.0198   0.0260   0.0044  -0.0091  -0.0085  13.00    2.7 8525734

[TCP数据流] 2025/11/16 18:31:24 - 浮点解 (22颗卫星)
  ECEF: X=-1456672.1319 Y=5531458.0767 Z=2815671.6655
  LLH:  Lat=26.361315530° Lon=104.753494481° H=1545.3458m
  原始数据:
2025/11/16 10:31:42.000   26.361315530  104.753494481  1545.3458   2  22   0.0104   0.0198   0.0260   0.0044  -0.0091  -0.0085  14.00    1.1 8525734

[TCP数据流] 2025/11/16 18:31:25 - 浮点解 (28颗卫星)
  ECEF: X=-1456672.1332 Y=5531458.0781 Z=2815671.6626
  LLH:  Lat=26.361315500° Lon=104.753494490° H=1545.3460m
  原始数据:
2025/11/16 10:31:43.000   26.361315500  104.753494490  1545.3460   2  28   0.0104   0.0198   0.0260   0.0044  -0.0091  -0.0085  15.00    1.2 8525734

[TCP数据流] 2025/11/16 18:31:26 - 浮点解 (28颗卫星)
  ECEF: X=-1456672.1346 Y=5531458.0794 Z=2815671.6597
  LLH:  Lat=26.361315470° Lon=104.753494500° H=1545.3462m
  原始数据:
2025/11/16 10:31:44.000   26.361315470  104.753494500  1545.3462   2  28   0.0104   0.0198   0.0260   0.0044  -0.0091  -0.0085  16.00    1.2 8525734

[TCP数据流] 2025/11/16 18:31:27 - 浮点解 (28颗卫星)
  ECEF: X=-1456672.1358 Y=5531458.0808 Z=2815671.6568
  LLH:  Lat=26.361315440° Lon=104.753494508° H=1545.3464m
  原始数据:
2025/11/16 10:31:45.000   26.361315440  104.753494508  1545.3464   2  28   0.0104   0.0198   0.0260   0.0044  -0.0091  -0.0085  17.00    1.2 8525734

[TCP数据流] 2025/11/16 18:31:28 - 浮点解 (28颗卫星)
  ECEF: X=-1456672.1370 Y=5531458.0824 Z=2815671.6538
  LLH:  Lat=26.361315409° Lon=104.753494516° H=1545.3467m
  原始数据:
2025/11/16 10:31:46.000   26.361315409  104.753494516  1545.3467   2  28   0.0104   0.0198   0.0260   0.0044  -0.0091  -0.0085  18.00    1.2 8525734

[TCP数据流] 2025/11/16 18:31:29 - 浮点解 (28颗卫星)
  ECEF: X=-1456672.1384 Y=5531458.0838 Z=2815671.6510
  LLH:  Lat=26.361315379° Lon=104.753494526° H=1545.3470m
  原始数据:
2025/11/16 10:31:47.000   26.361315379  104.753494526  1545.3470   2  28   0.0104   0.0197   0.0260   0.0044  -0.0091  -0.0085  19.00    1.2 8525734

[TCP数据流] 2025/11/16 18:31:30 - 浮点解 (28颗卫星)
  ECEF: X=-1456672.1400 Y=5531458.0853 Z=2815671.6481
  LLH:  Lat=26.361315348° Lon=104.753494538° H=1545.3474m
  原始数据:
2025/11/16 10:31:48.000   26.361315348  104.753494538  1545.3474   2  28   0.0104   0.0197   0.0260   0.0044  -0.0091  -0.0085  20.00    1.0 8525734

[TCP数据流] 2025/11/16 18:31:32 - 浮点解 (22颗卫星)
  ECEF: X=-1456672.1411 Y=5531458.0851 Z=2815671.6454
  LLH:  Lat=26.361315326° Lon=104.753494549° H=1545.3463m
  原始数据:
2025/11/16 10:31:50.000   26.361315326  104.753494549  1545.3463   2  22   0.0104   0.0197   0.0260   0.0044  -0.0091  -0.0085  22.00    1.2 8525734

[TCP数据流] 2025/11/16 18:31:33 - 浮点解 (28颗卫星)
  ECEF: X=-1456672.1425 Y=5531458.0867 Z=2815671.6424
  LLH:  Lat=26.361315294° Lon=104.753494558° H=1545.3466m
  原始数据:
2025/11/16 10:31:51.000   26.361315294  104.753494558  1545.3466   2  28   0.0104   0.0197   0.0260   0.0044  -0.0091  -0.0085  23.00    1.0 8525734

[TCP数据流] 2025/11/16 18:31:34 - 浮点解 (28颗卫星)
  ECEF: X=-1456672.1439 Y=5531458.0882 Z=2815671.6394
  LLH:  Lat=26.361315263° Lon=104.753494568° H=1545.3469m
  原始数据:
2025/11/16 10:31:52.000   26.361315263  104.753494568  1545.3469   2  28   0.0104   0.0197   0.0260   0.0044  -0.0091  -0.0085  24.00    1.0 8525734

[TCP数据流] 2025/11/16 18:31:35 - 浮点解 (28颗卫星)
  ECEF: X=-1456672.1452 Y=5531458.0897 Z=2815671.6364
  LLH:  Lat=26.361315231° Lon=104.753494577° H=1545.3472m
  原始数据:
2025/11/16 10:31:53.000   26.361315231  104.753494577  1545.3472   2  28   0.0104   0.0197   0.0260   0.0043  -0.0090  -0.0085  25.00    1.0 8525734

[TCP数据流] 2025/11/16 18:31:36 - 浮点解 (28颗卫星)
  ECEF: X=-1456672.1466 Y=5531458.0911 Z=2815671.6334
  LLH:  Lat=26.361315200° Lon=104.753494587° H=1545.3474m
  原始数据:
2025/11/16 10:31:54.000   26.361315200  104.753494587  1545.3474   2  28   0.0104   0.0197   0.0260   0.0043  -0.0090  -0.0085  26.00    1.0 8525734

[TCP数据流] 2025/11/16 18:31:37 - 浮点解 (28颗卫星)
  ECEF: X=-1456672.1479 Y=5531458.0926 Z=2815671.6303
  LLH:  Lat=26.361315168° Lon=104.753494596° H=1545.3476m
  原始数据:
2025/11/16 10:31:55.000   26.361315168  104.753494596  1545.3476   2  28   0.0104   0.0197   0.0260   0.0043  -0.0090  -0.0085  27.00    1.0 8525734

[TCP数据流] 2025/11/16 18:31:38 - 浮点解 (28颗卫星)
  ECEF: X=-1456672.1493 Y=5531458.0940 Z=2815671.6272
  LLH:  Lat=26.361315136° Lon=104.753494605° H=1545.3478m
  原始数据:
2025/11/16 10:31:56.000   26.361315136  104.753494605  1545.3478   2  28   0.0104   0.0197   0.0260   0.0043  -0.0090  -0.0085  28.00    1.0 8525734

[TCP数据流] 2025/11/16 18:31:39 - 浮点解 (28颗卫星)
  ECEF: X=-1456672.1502 Y=5531458.0955 Z=2815671.6241
  LLH:  Lat=26.361315104° Lon=104.753494610° H=1545.3479m
  原始数据:
2025/11/16 10:31:57.000   26.361315104  104.753494610  1545.3479   2  28   0.0104   0.0197   0.0260   0.0043  -0.0090  -0.0085  29.00    1.1 8525734

[TCP数据流] 2025/11/16 18:31:40 - 浮点解 (29颗卫星)
  ECEF: X=-1456672.1521 Y=5531458.0965 Z=2815671.6211
  LLH:  Lat=26.361315074° Lon=104.753494626° H=1545.3479m
  原始数据:
2025/11/16 10:31:58.000   26.361315074  104.753494626  1545.3479   2  29   0.0103   0.0197   0.0260   0.0043  -0.0090  -0.0085  30.00    1.0 8525734

[TCP数据流] 2025/11/16 18:32:26 - 浮点解 (29颗卫星)
  ECEF: X=-1456672.1564 Y=5531458.1096 Z=2815671.6116
  LLH:  Lat=26.361314942° Lon=104.753494635° H=1545.3560m
  原始数据:
2025/11/16 10:32:44.000   26.361314942  104.753494635  1545.3560   2  29   0.0103   0.0197   0.0260   0.0043  -0.0090  -0.0085   0.00    1.0 8525734

[TCP数据流] 2025/11/16 18:32:27 - 浮点解 (29颗卫星)
  ECEF: X=-1456672.1596 Y=5531458.1157 Z=2815671.6055
  LLH:  Lat=26.361314866° Lon=104.753494650° H=1545.3593m
  原始数据:
2025/11/16 10:32:45.000   26.361314866  104.753494650  1545.3593   2  29   0.0103   0.0196   0.0260   0.0043  -0.0090  -0.0085   0.00    1.5 8525734

[TCP数据流] 2025/11/16 18:32:28 - 浮点解 (29颗卫星)
  ECEF: X=-1456672.1622 Y=5531458.1194 Z=2815671.6005
  LLH:  Lat=26.361314808° Lon=104.753494666° H=1545.3609m
  原始数据:
2025/11/16 10:32:46.000   26.361314808  104.753494666  1545.3609   2  29   0.0103   0.0196   0.0259   0.0043  -0.0090  -0.0085   0.00    1.4 8525734

[TCP数据流] 2025/11/16 18:32:29 - 浮点解 (29颗卫星)
  ECEF: X=-1456672.1644 Y=5531458.1224 Z=2815671.5961
  LLH:  Lat=26.361314759° Lon=104.753494679° H=1545.3620m
  原始数据:
2025/11/16 10:32:47.000   26.361314759  104.753494679  1545.3620   2  29   0.0103   0.0196   0.0259   0.0043  -0.0090  -0.0085   0.00    1.4 8525734

[TCP数据流] 2025/11/16 18:32:30 - 浮点解 (29颗卫星)
  ECEF: X=-1456672.1662 Y=5531458.1248 Z=2815671.5920
  LLH:  Lat=26.361314715° Lon=104.753494691° H=1545.3627m
  原始数据:
2025/11/16 10:32:48.000   26.361314715  104.753494691  1545.3627   2  29   0.0103   0.0196   0.0259   0.0043  -0.0090  -0.0085   0.00    1.3 8525734

[TCP数据流] 2025/11/16 18:32:31 - 浮点解 (29颗卫星)
  ECEF: X=-1456672.1682 Y=5531458.1269 Z=2815671.5881
  LLH:  Lat=26.361314673° Lon=104.753494705° H=1545.3632m
  原始数据:
2025/11/16 10:32:49.000   26.361314673  104.753494705  1545.3632   2  29   0.0103   0.0196   0.0259   0.0043  -0.0090  -0.0084   0.00    1.1 8525734

[TCP数据流] 2025/11/16 18:32:32 - 浮点解 (28颗卫星)
  ECEF: X=-1456672.1698 Y=5531458.1285 Z=2815671.5841
  LLH:  Lat=26.361314633° Lon=104.753494716° H=1545.3632m
  原始数据:
2025/11/16 10:32:50.000   26.361314633  104.753494716  1545.3632   2  28   0.0103   0.0196   0.0259   0.0043  -0.0090  -0.0084   1.00    1.0 8525734

[TCP数据流] 2025/11/16 18:32:33 - 浮点解 (28颗卫星)
  ECEF: X=-1456672.1712 Y=5531458.1296 Z=2815671.5801
  LLH:  Lat=26.361314595° Lon=104.753494727° H=1545.3627m
  原始数据:
2025/11/16 10:32:51.000   26.361314595  104.753494727  1545.3627   2  28   0.0103   0.0196   0.0259   0.0043  -0.0090  -0.0084   2.00    1.1 8525734

[TCP数据流] 2025/11/16 18:32:34 - 浮点解 (28颗卫星)
  ECEF: X=-1456672.1725 Y=5531458.1304 Z=2815671.5762
  LLH:  Lat=26.361314559° Lon=104.753494737° H=1545.3620m
  原始数据:
2025/11/16 10:32:52.000   26.361314559  104.753494737  1545.3620   2  28   0.0103   0.0196   0.0259   0.0043  -0.0090  -0.0084   3.00    1.1 8525734

[TCP数据流] 2025/11/16 18:32:35 - 浮点解 (29颗卫星)
  ECEF: X=-1456672.1741 Y=5531458.1310 Z=2815671.5723
  LLH:  Lat=26.361314523° Lon=104.753494751° H=1545.3611m
  原始数据:
2025/11/16 10:32:53.000   26.361314523  104.753494751  1545.3611   2  29   0.0103   0.0196   0.0259   0.0043  -0.0090  -0.0084   4.00    1.0 8525734

[TCP数据流] 2025/11/16 18:32:36 - 浮点解 (28颗卫星)
  ECEF: X=-1456672.1755 Y=5531458.1314 Z=2815671.5684
  LLH:  Lat=26.361314489° Lon=104.753494764° H=1545.3600m
  原始数据:
2025/11/16 10:32:54.000   26.361314489  104.753494764  1545.3600   2  28   0.0103   0.0196   0.0259   0.0043  -0.0090  -0.0084   5.00    1.0 8525734

[TCP数据流] 2025/11/16 18:32:37 - 浮点解 (28颗卫星)
  ECEF: X=-1456672.1769 Y=5531458.1315 Z=2815671.5644
  LLH:  Lat=26.361314455° Lon=104.753494777° H=1545.3587m
  原始数据:
2025/11/16 10:32:55.000   26.361314455  104.753494777  1545.3587   2  28   0.0103   0.0196   0.0259   0.0043  -0.0090  -0.0084   6.00    1.0 8525734

[TCP数据流] 2025/11/16 18:32:38 - 浮点解 (28颗卫星)
  ECEF: X=-1456672.1782 Y=5531458.1315 Z=2815671.5605
  LLH:  Lat=26.361314422° Lon=104.753494790° H=1545.3572m
  原始数据:
2025/11/16 10:32:56.000   26.361314422  104.753494790  1545.3572   2  28   0.0103   0.0195   0.0259   0.0043  -0.0090  -0.0084   7.00    1.1 8525734

[TCP数据流] 2025/11/16 18:32:39 - 浮点解 (28颗卫星)
  ECEF: X=-1456672.1795 Y=5531458.1313 Z=2815671.5565
  LLH:  Lat=26.361314389° Lon=104.753494803° H=1545.3556m
  原始数据:
2025/11/16 10:32:57.000   26.361314389  104.753494803  1545.3556   2  28   0.0103   0.0195   0.0259   0.0043  -0.0090  -0.0084   8.00    1.0 8525734

[TCP数据流] 2025/11/16 18:32:40 - 浮点解 (28颗卫星)
  ECEF: X=-1456672.1807 Y=5531458.1310 Z=2815671.5526
  LLH:  Lat=26.361314357° Lon=104.753494815° H=1545.3539m
  原始数据:
2025/11/16 10:32:58.000   26.361314357  104.753494815  1545.3539   2  28   0.0103   0.0195   0.0259   0.0043  -0.0090  -0.0084   9.00    1.1 8525734

[TCP数据流] 2025/11/16 18:32:41 - 浮点解 (28颗卫星)
  ECEF: X=-1456672.1819 Y=5531458.1309 Z=2815671.5487
  LLH:  Lat=26.361314325° Lon=104.753494827° H=1545.3523m
  原始数据:
2025/11/16 10:32:59.000   26.361314325  104.753494827  1545.3523   2  28   0.0103   0.0195   0.0259   0.0043  -0.0090  -0.0084  10.00    1.0 8525734

[TCP数据流] 2025/11/16 18:32:42 - 浮点解 (28颗卫星)
  ECEF: X=-1456672.1831 Y=5531458.1304 Z=2815671.5448
  LLH:  Lat=26.361314294° Lon=104.753494840° H=1545.3504m
  原始数据:
2025/11/16 10:33:00.000   26.361314294  104.753494840  1545.3504   2  28   0.0103   0.0195   0.0259   0.0043  -0.0090  -0.0084  11.00    1.0 8525734

[TCP数据流] 2025/11/16 18:32:43 - 浮点解 (28颗卫星)
  ECEF: X=-1456672.1844 Y=5531458.1299 Z=2815671.5408
  LLH:  Lat=26.361314262° Lon=104.753494854° H=1545.3485m
  原始数据:
2025/11/16 10:33:01.000   26.361314262  104.753494854  1545.3485   2  28   0.0103   0.0195   0.0259   0.0043  -0.0090  -0.0084  12.00    1.0 8525734

[TCP数据流] 2025/11/16 18:32:44 - 浮点解 (28颗卫星)
  ECEF: X=-1456672.1858 Y=5531458.1293 Z=2815671.5368
  LLH:  Lat=26.361314231° Lon=104.753494869° H=1545.3465m
  原始数据:
2025/11/16 10:33:02.000   26.361314231  104.753494869  1545.3465   2  28   0.0103   0.0195   0.0259   0.0043  -0.0089  -0.0084  13.00    1.0 8525734

[TCP数据流] 2025/11/16 18:32:45 - 浮点解 (28颗卫星)
  ECEF: X=-1456672.1871 Y=5531458.1285 Z=2815671.5329
  LLH:  Lat=26.361314201° Lon=104.753494884° H=1545.3444m
  原始数据:
2025/11/16 10:33:03.000   26.361314201  104.753494884  1545.3444   2  28   0.0103   0.0195   0.0259   0.0043  -0.0089  -0.0084  14.00    1.1 8525734

[TCP数据流] 2025/11/16 18:32:46 - 浮点解 (28颗卫星)
  ECEF: X=-1456672.1885 Y=5531458.1278 Z=2815671.5288
  LLH:  Lat=26.361314169° Lon=104.753494899° H=1545.3423m
  原始数据:
2025/11/16 10:33:04.000   26.361314169  104.753494899  1545.3423   2  28   0.0103   0.0195   0.0259   0.0043  -0.0089  -0.0084  15.00    1.0 8525734

[TCP数据流] 2025/11/16 18:32:47 - 浮点解 (28颗卫星)
  ECEF: X=-1456672.1901 Y=5531458.1271 Z=2815671.5249
  LLH:  Lat=26.361314139° Lon=104.753494916° H=1545.3403m
  原始数据:
2025/11/16 10:33:05.000   26.361314139  104.753494916  1545.3403   2  28   0.0103   0.0195   0.0259   0.0043  -0.0089  -0.0084  16.00    1.0 8525734

[TCP数据流] 2025/11/16 18:32:48 - 浮点解 (28颗卫星)
  ECEF: X=-1456672.1915 Y=5531458.1263 Z=2815671.5209
  LLH:  Lat=26.361314108° Lon=104.753494932° H=1545.3382m
  原始数据:
2025/11/16 10:33:06.000   26.361314108  104.753494932  1545.3382   2  28   0.0103   0.0195   0.0259   0.0043  -0.0089  -0.0084  17.00    1.0 8525734

[TCP数据流] 2025/11/16 18:32:49 - 浮点解 (28颗卫星)
  ECEF: X=-1456672.1931 Y=5531458.1255 Z=2815671.5169
  LLH:  Lat=26.361314077° Lon=104.753494949° H=1545.3361m
  原始数据:
2025/11/16 10:33:07.000   26.361314077  104.753494949  1545.3361   2  28   0.0103   0.0195   0.0259   0.0043  -0.0089  -0.0084  18.00    1.0 8525734

[TCP数据流] 2025/11/16 18:32:50 - 浮点解 (28颗卫星)
  ECEF: X=-1456672.1944 Y=5531458.1249 Z=2815671.5129
  LLH:  Lat=26.361314046° Lon=104.753494964° H=1545.3341m
  原始数据:
2025/11/16 10:33:08.000   26.361314046  104.753494964  1545.3341   2  28   0.0103   0.0194   0.0259   0.0043  -0.0089  -0.0084  19.00    1.0 8525734

[TCP数据流] 2025/11/16 18:32:51 - 浮点解 (28颗卫星)
  ECEF: X=-1456672.1958 Y=5531458.1242 Z=2815671.5089
  LLH:  Lat=26.361314015° Lon=104.753494979° H=1545.3320m
  原始数据:
2025/11/16 10:33:09.000   26.361314015  104.753494979  1545.3320   2  28   0.0103   0.0194   0.0259   0.0043  -0.0089  -0.0084  20.00    1.0 8525734

[TCP数据流] 2025/11/16 18:32:52 - 浮点解 (28颗卫星)
  ECEF: X=-1456672.1970 Y=5531458.1235 Z=2815671.5050
  LLH:  Lat=26.361313985° Lon=104.753494992° H=1545.3300m
  原始数据:
2025/11/16 10:33:10.000   26.361313985  104.753494992  1545.3300   2  28   0.0103   0.0194   0.0259   0.0043  -0.0089  -0.0084  21.00    1.0 8525734

[TCP数据流] 2025/11/16 18:32:53 - 浮点解 (28颗卫星)
  ECEF: X=-1456672.1982 Y=5531458.1228 Z=2815671.5010
  LLH:  Lat=26.361313954° Lon=104.753495006° H=1545.3278m
  原始数据:
2025/11/16 10:33:11.000   26.361313954  104.753495006  1545.3278   2  28   0.0103   0.0194   0.0259   0.0043  -0.0089  -0.0084  22.00    1.0 8525734

[TCP数据流] 2025/11/16 18:32:54 - 浮点解 (28颗卫星)
  ECEF: X=-1456672.1996 Y=5531458.1220 Z=2815671.4971
  LLH:  Lat=26.361313924° Lon=104.753495021° H=1545.3257m
  原始数据:
2025/11/16 10:33:12.000   26.361313924  104.753495021  1545.3257   2  28   0.0103   0.0194   0.0259   0.0043  -0.0089  -0.0084  23.00    1.0 8525734

[TCP数据流] 2025/11/16 18:32:55 - 浮点解 (28颗卫星)
  ECEF: X=-1456672.2010 Y=5531458.1212 Z=2815671.4932
  LLH:  Lat=26.361313894° Lon=104.753495037° H=1545.3236m
  原始数据:
2025/11/16 10:33:13.000   26.361313894  104.753495037  1545.3236   2  28   0.0103   0.0194   0.0259   0.0043  -0.0089  -0.0084  24.00    1.0 8525734

[TCP数据流] 2025/11/16 18:32:56 - 浮点解 (28颗卫星)
  ECEF: X=-1456672.2024 Y=5531458.1205 Z=2815671.4891
  LLH:  Lat=26.361313863° Lon=104.753495052° H=1545.3215m
  原始数据:
2025/11/16 10:33:14.000   26.361313863  104.753495052  1545.3215   2  28   0.0103   0.0194   0.0259   0.0043  -0.0089  -0.0084  25.00    1.0 8525734

[TCP数据流] 2025/11/16 18:32:57 - 浮点解 (28颗卫星)
  ECEF: X=-1456672.2037 Y=5531458.1197 Z=2815671.4852
  LLH:  Lat=26.361313833° Lon=104.753495067° H=1545.3194m
  原始数据:
2025/11/16 10:33:15.000   26.361313833  104.753495067  1545.3194   2  28   0.0103   0.0194   0.0259   0.0043  -0.0089  -0.0084  26.00    1.0 8525734

[TCP数据流] 2025/11/16 18:32:58 - 浮点解 (28颗卫星)
  ECEF: X=-1456672.2050 Y=5531458.1188 Z=2815671.4813
  LLH:  Lat=26.361313803° Lon=104.753495082° H=1545.3172m
  原始数据:
2025/11/16 10:33:16.000   26.361313803  104.753495082  1545.3172   2  28   0.0103   0.0194   0.0259   0.0043  -0.0089  -0.0084  27.00    1.1 8525734

[TCP数据流] 2025/11/16 18:32:59 - 浮点解 (28颗卫星)
  ECEF: X=-1456672.2064 Y=5531458.1179 Z=2815671.4773
  LLH:  Lat=26.361313773° Lon=104.753495098° H=1545.3149m
  原始数据:
2025/11/16 10:33:17.000   26.361313773  104.753495098  1545.3149   2  28   0.0103   0.0194   0.0259   0.0043  -0.0089  -0.0084  28.00    1.1 8525734

[TCP数据流] 2025/11/16 18:33:00 - 浮点解 (28颗卫星)
  ECEF: X=-1456672.2077 Y=5531458.1170 Z=2815671.4733
  LLH:  Lat=26.361313743° Lon=104.753495113° H=1545.3127m
  原始数据:
2025/11/16 10:33:18.000   26.361313743  104.753495113  1545.3127   2  28   0.0103   0.0194   0.0259   0.0043  -0.0089  -0.0084  29.00    1.1 8525734

[TCP数据流] 2025/11/16 18:33:01 - 浮点解 (28颗卫星)
  ECEF: X=-1456672.2091 Y=5531458.1160 Z=2815671.4693
  LLH:  Lat=26.361313713° Lon=104.753495129° H=1545.3104m
  原始数据:
2025/11/16 10:33:19.000   26.361313713  104.753495129  1545.3104   2  28   0.0103   0.0194   0.0259   0.0043  -0.0089  -0.0084  30.00    1.1 8525734

[TCP数据流] 2025/11/16 18:33:23 - 浮点解 (28颗卫星)
  ECEF: X=-1456672.2300 Y=5531458.1531 Z=2815671.4106
  LLH:  Lat=26.361313073° Lon=104.753495236° H=1545.3212m
  原始数据:
2025/11/16 10:33:41.000   26.361313073  104.753495236  1545.3212   2  28   0.0103   0.0193   0.0258   0.0043  -0.0089  -0.0084   8.00    1.0 8525734

[TCP数据流] 2025/11/16 18:33:25 - 浮点解 (28颗卫星)
  ECEF: X=-1456672.2327 Y=5531458.1546 Z=2815671.4057
  LLH:  Lat=26.361313025° Lon=104.753495259° H=1545.3209m
  原始数据:
2025/11/16 10:33:43.000   26.361313025  104.753495259  1545.3209   2  28   0.0103   0.0193   0.0258   0.0043  -0.0089  -0.0084  10.00    1.0 8525734

[TCP数据流] 2025/11/16 18:33:26 - 浮点解 (28颗卫星)
  ECEF: X=-1456672.2354 Y=5531458.1557 Z=2815671.4009
  LLH:  Lat=26.361312979° Lon=104.753495282° H=1545.3204m
  原始数据:
2025/11/16 10:33:44.000   26.361312979  104.753495282  1545.3204   2  28   0.0103   0.0193   0.0258   0.0043  -0.0089  -0.0084  11.00    1.0 8525734

[TCP数据流] 2025/11/16 18:33:27 - 浮点解 (28颗卫星)
  ECEF: X=-1456672.2379 Y=5531458.1567 Z=2815671.3962
  LLH:  Lat=26.361312935° Lon=104.753495304° H=1545.3198m
  原始数据:
2025/11/16 10:33:45.000   26.361312935  104.753495304  1545.3198   2  28   0.0103   0.0193   0.0258   0.0043  -0.0089  -0.0084  12.00    1.1 8525734

[TCP数据流] 2025/11/16 18:33:28 - 浮点解 (28颗卫星)
  ECEF: X=-1456672.2402 Y=5531458.1579 Z=2815671.3918
  LLH:  Lat=26.361312892° Lon=104.753495323° H=1545.3193m
  原始数据:
2025/11/16 10:33:46.000   26.361312892  104.753495323  1545.3193   2  28   0.0103   0.0192   0.0258   0.0043  -0.0088  -0.0084  13.00    1.0 8525734

[TCP数据流] 2025/11/16 18:33:29 - 浮点解 (28颗卫星)
  ECEF: X=-1456672.2423 Y=5531458.1586 Z=2815671.3873
  LLH:  Lat=26.361312851° Lon=104.753495342° H=1545.3185m
  原始数据:
2025/11/16 10:33:47.000   26.361312851  104.753495342  1545.3185   2  28   0.0103   0.0192   0.0258   0.0043  -0.0088  -0.0084  14.00    1.0 8525734

[TCP数据流] 2025/11/16 18:33:30 - 浮点解 (28颗卫星)
  ECEF: X=-1456672.2473 Y=5531458.1695 Z=2815671.3768
  LLH:  Lat=26.361312719° Lon=104.753495362° H=1545.3244m
  原始数据:
2025/11/16 10:33:48.000   26.361312719  104.753495362  1545.3244   2  28   0.0103   0.0192   0.0257   0.0043  -0.0088  -0.0084   0.00    1.1 8525734

[TCP数据流] 2025/11/16 18:33:31 - 浮点解 (20颗卫星)
  ECEF: X=-1456672.2511 Y=5531458.1784 Z=2815671.3702
  LLH:  Lat=26.361312627° Lon=104.753495376° H=1545.3300m
  原始数据:
2025/11/16 10:33:49.000   26.361312627  104.753495376  1545.3300   2  20   0.0103   0.0192   0.0257   0.0043  -0.0088  -0.0084   0.00    1.1 8525734

[TCP数据流] 2025/11/16 18:33:32 - 浮点解 (28颗卫星)
  ECEF: X=-1456672.2558 Y=5531458.1876 Z=2815671.3601
  LLH:  Lat=26.361312505° Lon=104.753495398° H=1545.3346m
  原始数据:
2025/11/16 10:33:50.000   26.361312505  104.753495398  1545.3346   2  28   0.0103   0.0192   0.0257   0.0043  -0.0088  -0.0083   0.00    1.0 8525734

[TCP数据流] 2025/11/16 18:33:33 - 浮点解 (28颗卫星)
  ECEF: X=-1456672.2601 Y=5531458.1967 Z=2815671.3505
  LLH:  Lat=26.361312388° Lon=104.753495417° H=1545.3392m
  原始数据:
2025/11/16 10:33:51.000   26.361312388  104.753495417  1545.3392   2  28   0.0102   0.0192   0.0257   0.0043  -0.0088  -0.0083   0.00    1.1 8525734

[TCP数据流] 2025/11/16 18:33:34 - 浮点解 (28颗卫星)
  ECEF: X=-1456672.2643 Y=5531458.2052 Z=2815671.3412
  LLH:  Lat=26.361312275° Lon=104.753495436° H=1545.3434m
  原始数据:
2025/11/16 10:33:52.000   26.361312275  104.753495436  1545.3434   2  28   0.0102   0.0192   0.0257   0.0043  -0.0088  -0.0083   0.00    1.0 8525734

[TCP数据流] 2025/11/16 18:33:35 - 浮点解 (28颗卫星)
  ECEF: X=-1456672.2682 Y=5531458.2126 Z=2815671.3318
  LLH:  Lat=26.361312167° Lon=104.753495455° H=1545.3465m
  原始数据:
2025/11/16 10:33:53.000   26.361312167  104.753495455  1545.3465   2  28   0.0102   0.0192   0.0257   0.0043  -0.0088  -0.0083   1.00    1.1 8525734

[TCP数据流] 2025/11/16 18:33:36 - 浮点解 (28颗卫星)
  ECEF: X=-1456672.2720 Y=5531458.2187 Z=2815671.3231
  LLH:  Lat=26.361312069° Lon=104.753495476° H=1545.3488m
  原始数据:
2025/11/16 10:33:54.000   26.361312069  104.753495476  1545.3488   2  28   0.0102   0.0192   0.0257   0.0043  -0.0088  -0.0083   2.00    1.1 8525734

[TCP数据流] 2025/11/16 18:33:37 - 浮点解 (28颗卫星)
  ECEF: X=-1456672.2756 Y=5531458.2236 Z=2815671.3152
  LLH:  Lat=26.361311982° Lon=104.753495498° H=1545.3503m
  原始数据:
2025/11/16 10:33:55.000   26.361311982  104.753495498  1545.3503   2  28   0.0102   0.0192   0.0257   0.0043  -0.0088  -0.0083   3.00    1.0 8525734

[TCP数据流] 2025/11/16 18:33:38 - 浮点解 (28颗卫星)
  ECEF: X=-1456672.2786 Y=5531458.2273 Z=2815671.3079
  LLH:  Lat=26.361311906° Lon=104.753495518° H=1545.3510m
  原始数据:
2025/11/16 10:33:56.000   26.361311906  104.753495518  1545.3510   2  28   0.0102   0.0191   0.0257   0.0042  -0.0088  -0.0083   4.00    1.0 8525734

[TCP数据流] 2025/11/16 18:33:39 - 浮点解 (28颗卫星)
  ECEF: X=-1456672.2817 Y=5531458.2303 Z=2815671.3012
  LLH:  Lat=26.361311837° Lon=104.753495540° H=1545.3513m
  原始数据:
2025/11/16 10:33:57.000   26.361311837  104.753495540  1545.3513   2  28   0.0102   0.0191   0.0257   0.0042  -0.0088  -0.0083   5.00    1.1 8525734

[TCP数据流] 2025/11/16 18:33:40 - 浮点解 (28颗卫星)
  ECEF: X=-1456672.2843 Y=5531458.2334 Z=2815671.2956
  LLH:  Lat=26.361311777° Lon=104.753495558° H=1545.3521m
  原始数据:
2025/11/16 10:33:58.000   26.361311777  104.753495558  1545.3521   2  28   0.0102   0.0191   0.0256   0.0042  -0.0088  -0.0083   6.00    1.0 8525734

[TCP数据流] 2025/11/16 18:33:41 - 浮点解 (28颗卫星)
  ECEF: X=-1456672.2867 Y=5531458.2359 Z=2815671.2903
  LLH:  Lat=26.361311722° Lon=104.753495574° H=1545.3525m
  原始数据:
2025/11/16 10:33:59.000   26.361311722  104.753495574  1545.3525   2  28   0.0102   0.0191   0.0256   0.0042  -0.0088  -0.0083   7.00    1.0 8525734

[TCP数据流] 2025/11/16 18:33:42 - 浮点解 (28颗卫星)
  ECEF: X=-1456672.2889 Y=5531458.2380 Z=2815671.2853
  LLH:  Lat=26.361311671° Lon=104.753495590° H=1545.3526m
  原始数据:
2025/11/16 10:34:00.000   26.361311671  104.753495590  1545.3526   2  28   0.0102   0.0191   0.0256   0.0042  -0.0088  -0.0083   8.00    1.0 8525734

[TCP数据流] 2025/11/16 18:33:43 - 浮点解 (28颗卫星)
  ECEF: X=-1456672.2910 Y=5531458.2397 Z=2815671.2804
  LLH:  Lat=26.361311623° Lon=104.753495606° H=1545.3524m
  原始数据:
2025/11/16 10:34:01.000   26.361311623  104.753495606  1545.3524   2  28   0.0102   0.0191   0.0256   0.0042  -0.0088  -0.0083   9.00    1.0 8525734

[TCP数据流] 2025/11/16 18:33:44 - 浮点解 (28颗卫星)
  ECEF: X=-1456672.2930 Y=5531458.2413 Z=2815671.2757
  LLH:  Lat=26.361311577° Lon=104.753495622° H=1545.3521m
  原始数据:
2025/11/16 10:34:02.000   26.361311577  104.753495622  1545.3521   2  28   0.0102   0.0191   0.0256   0.0042  -0.0088  -0.0083  10.00    1.0 8525734

[TCP数据流] 2025/11/16 18:33:45 - 浮点解 (22颗卫星)
  ECEF: X=-1456672.2945 Y=5531458.2419 Z=2815671.2721
  LLH:  Lat=26.361311543° Lon=104.753495635° H=1545.3514m
  原始数据:
2025/11/16 10:34:03.000   26.361311543  104.753495635  1545.3514   2  22   0.0102   0.0191   0.0256   0.0042  -0.0088  -0.0083  11.00    1.0 8525734

[TCP数据流] 2025/11/16 18:33:46 - 浮点解 (28颗卫星)
  ECEF: X=-1456672.2965 Y=5531458.2430 Z=2815671.2676
  LLH:  Lat=26.361311501° Lon=104.753495651° H=1545.3508m
  原始数据:
2025/11/16 10:34:04.000   26.361311501  104.753495651  1545.3508   2  28   0.0102   0.0191   0.0256   0.0042  -0.0088  -0.0083  12.00    1.0 8525734

[TCP数据流] 2025/11/16 18:33:47 - 浮点解 (29颗卫星)
  ECEF: X=-1456672.2981 Y=5531458.2437 Z=2815671.2628
  LLH:  Lat=26.361311458° Lon=104.753495665° H=1545.3496m
  原始数据:
2025/11/16 10:34:05.000   26.361311458  104.753495665  1545.3496   2  29   0.0102   0.0191   0.0256   0.0042  -0.0088  -0.0083  13.00    1.0 8525734

[TCP数据流] 2025/11/16 18:33:48 - 浮点解 (29颗卫星)
  ECEF: X=-1456672.2998 Y=5531458.2442 Z=2815671.2582
  LLH:  Lat=26.361311417° Lon=104.753495680° H=1545.3484m
  原始数据:
2025/11/16 10:34:06.000   26.361311417  104.753495680  1545.3484   2  29   0.0102   0.0191   0.0256   0.0042  -0.0088  -0.0083  14.00    1.0 8525734

[TCP数据流] 2025/11/16 18:33:49 - 浮点解 (29颗卫星)
  ECEF: X=-1456672.3013 Y=5531458.2449 Z=2815671.2538
  LLH:  Lat=26.361311377° Lon=104.753495693° H=1545.3474m
  原始数据:
2025/11/16 10:34:07.000   26.361311377  104.753495693  1545.3474   2  29   0.0102   0.0190   0.0256   0.0042  -0.0088  -0.0083  15.00    1.0 8525734

[TCP数据流] 2025/11/16 18:33:50 - 浮点解 (29颗卫星)
  ECEF: X=-1456672.3028 Y=5531458.2452 Z=2815671.2492
  LLH:  Lat=26.361311337° Lon=104.753495707° H=1545.3460m
  原始数据:
2025/11/16 10:34:08.000   26.361311337  104.753495707  1545.3460   2  29   0.0102   0.0190   0.0256   0.0042  -0.0088  -0.0083  16.00    1.0 8525734

[TCP数据流] 2025/11/16 18:33:51 - 浮点解 (29颗卫星)
  ECEF: X=-1456672.3043 Y=5531458.2454 Z=2815671.2447
  LLH:  Lat=26.361311298° Lon=104.753495721° H=1545.3445m
  原始数据:
2025/11/16 10:34:09.000   26.361311298  104.753495721  1545.3445   2  29   0.0102   0.0190   0.0256   0.0042  -0.0088  -0.0083  17.00    1.0 8525734

[TCP数据流] 2025/11/16 18:33:52 - 浮点解 (29颗卫星)
  ECEF: X=-1456672.3055 Y=5531458.2456 Z=2815671.2402
  LLH:  Lat=26.361311260° Lon=104.753495732° H=1545.3429m
  原始数据:
2025/11/16 10:34:10.000   26.361311260  104.753495732  1545.3429   2  29   0.0102   0.0190   0.0256   0.0042  -0.0088  -0.0083  18.00    1.0 8525734

[TCP数据流] 2025/11/16 18:33:53 - 浮点解 (29颗卫星)
  ECEF: X=-1456672.3068 Y=5531458.2456 Z=2815671.2358
  LLH:  Lat=26.361311223° Lon=104.753495744° H=1545.3413m
  原始数据:
2025/11/16 10:34:11.000   26.361311223  104.753495744  1545.3413   2  29   0.0102   0.0190   0.0256   0.0042  -0.0088  -0.0083  19.00    1.0 8525734

[TCP数据流] 2025/11/16 18:33:54 - 浮点解 (29颗卫星)
  ECEF: X=-1456672.3079 Y=5531458.2458 Z=2815671.2315
  LLH:  Lat=26.361311186° Lon=104.753495755° H=1545.3398m
  原始数据:
2025/11/16 10:34:12.000   26.361311186  104.753495755  1545.3398   2  29   0.0102   0.0190   0.0256   0.0042  -0.0088  -0.0083  20.00    1.0 8525734

[TCP数据流] 2025/11/16 18:33:55 - 浮点解 (29颗卫星)
  ECEF: X=-1456672.3122 Y=5531458.2607 Z=2815671.2210
  LLH:  Lat=26.361311040° Lon=104.753495758° H=1545.3490m
  原始数据:
2025/11/16 10:34:13.000   26.361311040  104.753495758  1545.3490   2  29   0.0102   0.0190   0.0256   0.0042  -0.0087  -0.0083   0.00    1.1 8525734

[TCP数据流] 2025/11/16 18:33:56 - 浮点解 (29颗卫星)
  ECEF: X=-1456672.3160 Y=5531458.2745 Z=2815671.2112
  LLH:  Lat=26.361310903° Lon=104.753495760° H=1545.3575m
  原始数据:
2025/11/16 10:34:14.000   26.361310903  104.753495760  1545.3575   2  29   0.0102   0.0190   0.0256   0.0042  -0.0087  -0.0083   1.00    1.0 8525734

[TCP数据流] 2025/11/16 18:33:57 - 浮点解 (29颗卫星)
  ECEF: X=-1456672.3198 Y=5531458.2862 Z=2815671.2021
  LLH:  Lat=26.361310780° Lon=104.753495767° H=1545.3644m
  原始数据:
2025/11/16 10:34:15.000   26.361310780  104.753495767  1545.3644   2  29   0.0102   0.0190   0.0255   0.0042  -0.0087  -0.0083   2.00    1.1 8525734

[TCP数据流] 2025/11/16 18:33:58 - 浮点解 (29颗卫星)
  ECEF: X=-1456672.3230 Y=5531458.2956 Z=2815671.1936
  LLH:  Lat=26.361310672° Lon=104.753495774° H=1545.3696m
  原始数据:
2025/11/16 10:34:16.000   26.361310672  104.753495774  1545.3696   2  29   0.0102   0.0190   0.0255   0.0042  -0.0087  -0.0082   3.00    1.0 8525734

[TCP数据流] 2025/11/16 18:33:59 - 浮点解 (29颗卫星)
  ECEF: X=-1456672.3257 Y=5531458.3032 Z=2815671.1860
  LLH:  Lat=26.361310578° Lon=104.753495781° H=1545.3734m
  原始数据:
2025/11/16 10:34:17.000   26.361310578  104.753495781  1545.3734   2  29   0.0102   0.0190   0.0255   0.0042  -0.0087  -0.0082   4.00    1.0 8525734

[TCP数据流] 2025/11/16 18:34:00 - 浮点解 (29颗卫星)
  ECEF: X=-1456672.3284 Y=5531458.3093 Z=2815671.1791
  LLH:  Lat=26.361310496° Lon=104.753495791° H=1545.3762m
  原始数据:
2025/11/16 10:34:18.000   26.361310496  104.753495791  1545.3762   2  29   0.0102   0.0189   0.0255   0.0042  -0.0087  -0.0082   5.00    1.0 8525734

[TCP数据流] 2025/11/16 18:34:01 - 浮点解 (29颗卫星)
  ECEF: X=-1456672.3308 Y=5531458.3143 Z=2815671.1726
  LLH:  Lat=26.361310422° Lon=104.753495802° H=1545.3782m
  原始数据:
2025/11/16 10:34:19.000   26.361310422  104.753495802  1545.3782   2  29   0.0102   0.0189   0.0255   0.0042  -0.0087  -0.0082   6.00    1.0 8525734

[TCP数据流] 2025/11/16 18:34:02 - 浮点解 (29颗卫星)
  ECEF: X=-1456672.3333 Y=5531458.3182 Z=2815671.1666
  LLH:  Lat=26.361310355° Lon=104.753495816° H=1545.3795m
  原始数据:
2025/11/16 10:34:20.000   26.361310355  104.753495816  1545.3795   2  29   0.0102   0.0189   0.0255   0.0042  -0.0087  -0.0082   7.00    1.0 8525734

[TCP数据流] 2025/11/16 18:34:03 - 浮点解 (29颗卫星)
  ECEF: X=-1456672.3354 Y=5531458.3215 Z=2815671.1609
  LLH:  Lat=26.361310294° Lon=104.753495828° H=1545.3803m
  原始数据:
2025/11/16 10:34:21.000   26.361310294  104.753495828  1545.3803   2  29   0.0102   0.0189   0.0255   0.0042  -0.0087  -0.0082   8.00    1.1 8525734

[TCP数据流] 2025/11/16 18:34:04 - 浮点解 (29颗卫星)
  ECEF: X=-1456672.3375 Y=5531458.3243 Z=2815671.1554
  LLH:  Lat=26.361310237° Lon=104.753495841° H=1545.3808m
  原始数据:
2025/11/16 10:34:22.000   26.361310237  104.753495841  1545.3808   2  29   0.0102   0.0189   0.0255   0.0042  -0.0087  -0.0082   9.00    1.0 8525734

[TCP数据流] 2025/11/16 18:34:05 - 浮点解 (29颗卫星)
  ECEF: X=-1456672.3395 Y=5531458.3267 Z=2815671.1503
  LLH:  Lat=26.361310184° Lon=104.753495854° H=1545.3810m
  原始数据:
2025/11/16 10:34:23.000   26.361310184  104.753495854  1545.3810   2  29   0.0102   0.0189   0.0255   0.0042  -0.0087  -0.0082  10.00    1.0 8525734

[TCP数据流] 2025/11/16 18:34:06 - 浮点解 (29颗卫星)
  ECEF: X=-1456672.3414 Y=5531458.3286 Z=2815671.1452
  LLH:  Lat=26.361310134° Lon=104.753495868° H=1545.3809m
  原始数据:
2025/11/16 10:34:24.000   26.361310134  104.753495868  1545.3809   2  29   0.0102   0.0189   0.0255   0.0042  -0.0087  -0.0082  11.00    1.1 8525734

[TCP数据流] 2025/11/16 18:34:07 - 浮点解 (29颗卫星)
  ECEF: X=-1456672.3432 Y=5531458.3303 Z=2815671.1403
  LLH:  Lat=26.361310086° Lon=104.753495881° H=1545.3806m
  原始数据:
2025/11/16 10:34:25.000   26.361310086  104.753495881  1545.3806   2  29   0.0102   0.0189   0.0255   0.0042  -0.0087  -0.0082  12.00    1.0 8525734

[TCP数据流] 2025/11/16 18:34:08 - 浮点解 (29颗卫星)
  ECEF: X=-1456672.3450 Y=5531458.3317 Z=2815671.1357
  LLH:  Lat=26.361310041° Lon=104.753495895° H=1545.3801m
  原始数据:
2025/11/16 10:34:26.000   26.361310041  104.753495895  1545.3801   2  29   0.0102   0.0189   0.0255   0.0042  -0.0087  -0.0082  13.00    1.0 8525734

[TCP数据流] 2025/11/16 18:34:09 - 浮点解 (29颗卫星)
  ECEF: X=-1456672.3465 Y=5531458.3329 Z=2815671.1309
  LLH:  Lat=26.361309996° Lon=104.753495906° H=1545.3794m
  原始数据:
2025/11/16 10:34:27.000   26.361309996  104.753495906  1545.3794   2  29   0.0102   0.0189   0.0255   0.0042  -0.0087  -0.0082  14.00    1.0 8525734

[TCP数据流] 2025/11/16 18:34:10 - 浮点解 (29颗卫星)
  ECEF: X=-1456672.3482 Y=5531458.3339 Z=2815671.1263
  LLH:  Lat=26.361309953° Lon=104.753495920° H=1545.3786m
  原始数据:
2025/11/16 10:34:28.000   26.361309953  104.753495920  1545.3786   2  29   0.0102   0.0189   0.0255   0.0042  -0.0087  -0.0082  15.00    1.0 8525734

[TCP数据流] 2025/11/16 18:34:11 - 浮点解 (29颗卫星)
  ECEF: X=-1456672.3500 Y=5531458.3346 Z=2815671.1217
  LLH:  Lat=26.361309912° Lon=104.753495936° H=1545.3776m
  原始数据:
2025/11/16 10:34:29.000   26.361309912  104.753495936  1545.3776   2  29   0.0102   0.0188   0.0255   0.0042  -0.0087  -0.0082  16.00    1.0 8525734

[TCP数据流] 2025/11/16 18:34:12 - 浮点解 (29颗卫星)
  ECEF: X=-1456672.3516 Y=5531458.3355 Z=2815671.1173
  LLH:  Lat=26.361309871° Lon=104.753495949° H=1545.3768m
  原始数据:
2025/11/16 10:34:30.000   26.361309871  104.753495949  1545.3768   2  29   0.0102   0.0188   0.0255   0.0042  -0.0087  -0.0082  17.00    1.0 8525734

[TCP数据流] 2025/11/16 18:34:14 - 浮点解 (29颗卫星)
  ECEF: X=-1456672.3532 Y=5531458.3359 Z=2815671.1128
  LLH:  Lat=26.361309831° Lon=104.753495964° H=1545.3755m
  原始数据:
2025/11/16 10:34:32.000   26.361309831  104.753495964  1545.3755   2  29   0.0102   0.0188   0.0255   0.0042  -0.0087  -0.0082  19.00    1.0 8525734

[TCP数据流] 2025/11/16 18:34:15 - 浮点解 (29颗卫星)
  ECEF: X=-1456672.3549 Y=5531458.3364 Z=2815671.1084
  LLH:  Lat=26.361309792° Lon=104.753495979° H=1545.3743m
  原始数据:
2025/11/16 10:34:33.000   26.361309792  104.753495979  1545.3743   2  29   0.0102   0.0188   0.0255   0.0042  -0.0087  -0.0082  20.00    1.0 8525734

[TCP数据流] 2025/11/16 18:34:16 - 浮点解 (29颗卫星)
  ECEF: X=-1456672.3565 Y=5531458.3364 Z=2815671.1040
  LLH:  Lat=26.361309755° Lon=104.753495994° H=1545.3728m
  原始数据:
2025/11/16 10:34:34.000   26.361309755  104.753495994  1545.3728   2  29   0.0102   0.0188   0.0254   0.0042  -0.0087  -0.0082  21.00    1.1 8525734

[TCP数据流] 2025/11/16 18:34:17 - 浮点解 (29颗卫星)
  ECEF: X=-1456672.3581 Y=5531458.3365 Z=2815671.0995
  LLH:  Lat=26.361309717° Lon=104.753496010° H=1545.3712m
  原始数据:
2025/11/16 10:34:35.000   26.361309717  104.753496010  1545.3712   2  29   0.0102   0.0188   0.0254   0.0042  -0.0087  -0.0082  22.00    1.1 8525734

[TCP数据流] 2025/11/16 18:34:18 - 浮点解 (29颗卫星)
  ECEF: X=-1456672.3598 Y=5531458.3365 Z=2815671.0952
  LLH:  Lat=26.361309680° Lon=104.753496026° H=1545.3697m
  原始数据:
2025/11/16 10:34:36.000   26.361309680  104.753496026  1545.3697   2  29   0.0101   0.0188   0.0254   0.0042  -0.0087  -0.0082  23.00    1.0 8525734

[TCP数据流] 2025/11/16 18:34:19 - 浮点解 (29颗卫星)
  ECEF: X=-1456672.3615 Y=5531458.3365 Z=2815671.0908
  LLH:  Lat=26.361309643° Lon=104.753496043° H=1545.3681m
  原始数据:
2025/11/16 10:34:37.000   26.361309643  104.753496043  1545.3681   2  29   0.0101   0.0188   0.0254   0.0042  -0.0087  -0.0082  24.00    1.0 8525734

[TCP数据流] 2025/11/16 18:34:20 - 浮点解 (29颗卫星)
  ECEF: X=-1456672.3632 Y=5531458.3365 Z=2815671.0866
  LLH:  Lat=26.361309607° Lon=104.753496059° H=1545.3666m
  原始数据:
2025/11/16 10:34:38.000   26.361309607  104.753496059  1545.3666   2  29   0.0101   0.0188   0.0254   0.0042  -0.0087  -0.0082  25.00    1.0 8525734

[TCP数据流] 2025/11/16 18:34:21 - 浮点解 (29颗卫星)
  ECEF: X=-1456672.3649 Y=5531458.3364 Z=2815671.0823
  LLH:  Lat=26.361309571° Lon=104.753496076° H=1545.3651m
  原始数据:
2025/11/16 10:34:39.000   26.361309571  104.753496076  1545.3651   2  29   0.0101   0.0188   0.0254   0.0042  -0.0087  -0.0082  26.00    1.0 8525734

[TCP数据流] 2025/11/16 18:34:22 - 浮点解 (29颗卫星)
  ECEF: X=-1456672.3665 Y=5531458.3362 Z=2815671.0781
  LLH:  Lat=26.361309536° Lon=104.753496092° H=1545.3634m
  原始数据:
2025/11/16 10:34:40.000   26.361309536  104.753496092  1545.3634   2  29   0.0101   0.0188   0.0254   0.0042  -0.0087  -0.0082  27.00    1.0 8525734

[TCP数据流] 2025/11/16 18:34:23 - 浮点解 (29颗卫星)
  ECEF: X=-1456672.3681 Y=5531458.3359 Z=2815671.0738
  LLH:  Lat=26.361309501° Lon=104.753496108° H=1545.3616m
  原始数据:
2025/11/16 10:34:41.000   26.361309501  104.753496108  1545.3616   2  29   0.0101   0.0188   0.0254   0.0042  -0.0087  -0.0082  28.00    1.0 8525734

[TCP数据流] 2025/11/16 18:34:24 - 浮点解 (29颗卫星)
  ECEF: X=-1456672.3695 Y=5531458.3359 Z=2815671.0695
  LLH:  Lat=26.361309465° Lon=104.753496121° H=1545.3600m
  原始数据:
2025/11/16 10:34:42.000   26.361309465  104.753496121  1545.3600   2  29   0.0101   0.0188   0.0254   0.0042  -0.0087  -0.0082  29.00    1.0 8525734

[TCP数据流] 2025/11/16 18:34:25 - 浮点解 (29颗卫星)
  ECEF: X=-1456672.3709 Y=5531458.3357 Z=2815671.0654
  LLH:  Lat=26.361309431° Lon=104.753496136° H=1545.3583m
  原始数据:
2025/11/16 10:34:43.000   26.361309431  104.753496136  1545.3583   2  29   0.0101   0.0187   0.0254   0.0042  -0.0087  -0.0082  30.00    1.0 8525734

[TCP数据流] 2025/11/16 18:34:47 - 浮点解 (29颗卫星)
  ECEF: X=-1456672.4265 Y=5531458.5471 Z=2815670.9089
  LLH:  Lat=26.361307290° Lon=104.753496135° H=1545.4847m
  原始数据:
2025/11/16 10:35:05.000   26.361307290  104.753496135  1545.4847   2  29   0.0101   0.0186   0.0252   0.0041  -0.0086  -0.0080   1.00    1.0 8525734

[TCP数据流] 2025/11/16 18:34:48 - 浮点解 (23颗卫星)
  ECEF: X=-1456672.4304 Y=5531458.5657 Z=2815670.8973
  LLH:  Lat=26.361307120° Lon=104.753496125° H=1545.4965m
  原始数据:
2025/11/16 10:35:06.000   26.361307120  104.753496125  1545.4965   2  23   0.0100   0.0186   0.0251   0.0041  -0.0086  -0.0080   2.00    1.0 8525734

[TCP数据流] 2025/11/16 18:34:49 - 浮点解 (29颗卫星)
  ECEF: X=-1456672.4358 Y=5531458.5835 Z=2815670.8804
  LLH:  Lat=26.361306909° Lon=104.753496132° H=1545.5057m
  原始数据:
2025/11/16 10:35:07.000   26.361306909  104.753496132  1545.5057   2  29   0.0100   0.0186   0.0251   0.0041  -0.0086  -0.0080   3.00    1.0 8525734

[TCP数据流] 2025/11/16 18:34:50 - 浮点解 (29颗卫星)
  ECEF: X=-1456672.4405 Y=5531458.5972 Z=2815670.8658
  LLH:  Lat=26.361306733° Lon=104.753496143° H=1545.5121m
  原始数据:
2025/11/16 10:35:08.000   26.361306733  104.753496143  1545.5121   2  29   0.0100   0.0186   0.0251   0.0041  -0.0086  -0.0080   4.00    1.0 8525734

[TCP数据流] 2025/11/16 18:34:51 - 浮点解 (29颗卫星)
  ECEF: X=-1456672.4443 Y=5531458.6081 Z=2815670.8530
  LLH:  Lat=26.361306583° Lon=104.753496152° H=1545.5168m
  原始数据:
2025/11/16 10:35:09.000   26.361306583  104.753496152  1545.5168   2  29   0.0100   0.0186   0.0251   0.0041  -0.0086  -0.0080   5.00    1.0 8525734

[TCP数据流] 2025/11/16 18:34:52 - 浮点解 (29颗卫星)
  ECEF: X=-1456672.4478 Y=5531458.6171 Z=2815670.8418
  LLH:  Lat=26.361306454° Lon=104.753496163° H=1545.5204m
  原始数据:
2025/11/16 10:35:10.000   26.361306454  104.753496163  1545.5204   2  29   0.0100   0.0186   0.0251   0.0041  -0.0086  -0.0080   6.00    1.0 8525734

[TCP数据流] 2025/11/16 18:34:53 - 浮点解 (30颗卫星)
  ECEF: X=-1456672.4507 Y=5531458.6241 Z=2815670.8315
  LLH:  Lat=26.361306341° Lon=104.753496173° H=1545.5226m
  原始数据:
2025/11/16 10:35:11.000   26.361306341  104.753496173  1545.5226   2  30   0.0100   0.0185   0.0250   0.0041  -0.0086  -0.0080   7.00    1.0 8525734

[TCP数据流] 2025/11/16 18:34:54 - 浮点解 (30颗卫星)
  ECEF: X=-1456672.4533 Y=5531458.6298 Z=2815670.8223
  LLH:  Lat=26.361306242° Lon=104.753496184° H=1545.5240m
  原始数据:
2025/11/16 10:35:12.000   26.361306242  104.753496184  1545.5240   2  30   0.0100   0.0185   0.0250   0.0041  -0.0085  -0.0080   8.00    1.0 8525734

[TCP数据流] 2025/11/16 18:34:55 - 浮点解 (30颗卫星)
  ECEF: X=-1456672.4558 Y=5531458.6343 Z=2815670.8138
  LLH:  Lat=26.361306153° Lon=104.753496196° H=1545.5247m
  原始数据:
2025/11/16 10:35:13.000   26.361306153  104.753496196  1545.5247   2  30   0.0100   0.0185   0.0250   0.0041  -0.0085  -0.0080   9.00    1.0 8525734

[TCP数据流] 2025/11/16 18:34:56 - 浮点解 (30颗卫星)
  ECEF: X=-1456672.4579 Y=5531458.6381 Z=2815670.8060
  LLH:  Lat=26.361306073° Lon=104.753496207° H=1545.5250m
  原始数据:
2025/11/16 10:35:14.000   26.361306073  104.753496207  1545.5250   2  30   0.0100   0.0185   0.0250   0.0041  -0.0085  -0.0080  10.00    1.0 8525734

[TCP数据流] 2025/11/16 18:34:57 - 浮点解 (30颗卫星)
  ECEF: X=-1456672.4599 Y=5531458.6411 Z=2815670.7985
  LLH:  Lat=26.361305999° Lon=104.753496219° H=1545.5247m
  原始数据:
2025/11/16 10:35:15.000   26.361305999  104.753496219  1545.5247   2  30   0.0100   0.0185   0.0250   0.0041  -0.0085  -0.0080  11.00    1.1 8525734

[TCP数据流] 2025/11/16 18:34:58 - 浮点解 (30颗卫星)
  ECEF: X=-1456672.4620 Y=5531458.6437 Z=2815670.7915
  LLH:  Lat=26.361305930° Lon=104.753496232° H=1545.5243m
  原始数据:
2025/11/16 10:35:16.000   26.361305930  104.753496232  1545.5243   2  30   0.0100   0.0185   0.0250   0.0041  -0.0085  -0.0080  12.00    1.0 8525734

[TCP数据流] 2025/11/16 18:34:59 - 浮点解 (30颗卫星)
  ECEF: X=-1456672.4636 Y=5531458.6459 Z=2815670.7849
  LLH:  Lat=26.361305866° Lon=104.753496242° H=1545.5237m
  原始数据:
2025/11/16 10:35:17.000   26.361305866  104.753496242  1545.5237   2  30   0.0100   0.0185   0.0250   0.0041  -0.0085  -0.0080  13.00    1.0 8525734

[TCP数据流] 2025/11/16 18:35:00 - 浮点解 (24颗卫星)
  ECEF: X=-1456672.4648 Y=5531458.6473 Z=2815670.7800
  LLH:  Lat=26.361305820° Lon=104.753496250° H=1545.5230m
  原始数据:
2025/11/16 10:35:18.000   26.361305820  104.753496250  1545.5230   2  24   0.0100   0.0185   0.0250   0.0041  -0.0085  -0.0080  14.00    1.0 8525734

[TCP数据流] 2025/11/16 18:35:01 - 浮点解 (30颗卫星)
  ECEF: X=-1456672.4661 Y=5531458.6492 Z=2815670.7739
  LLH:  Lat=26.361305762° Lon=104.753496258° H=1545.5222m
  原始数据:
2025/11/16 10:35:19.000   26.361305762  104.753496258  1545.5222   2  30   0.0100   0.0185   0.0250   0.0041  -0.0085  -0.0079  15.00    1.0 8525734

[TCP数据流] 2025/11/16 18:35:02 - 浮点解 (30颗卫星)
  ECEF: X=-1456672.4676 Y=5531458.6504 Z=2815670.7680
  LLH:  Lat=26.361305708° Lon=104.753496269° H=1545.5210m
  原始数据:
2025/11/16 10:35:20.000   26.361305708  104.753496269  1545.5210   2  30   0.0100   0.0185   0.0250   0.0041  -0.0085  -0.0079  16.00    1.0 8525734

[TCP数据流] 2025/11/16 18:35:03 - 浮点解 (30颗卫星)
  ECEF: X=-1456672.4690 Y=5531458.6516 Z=2815670.7621
  LLH:  Lat=26.361305655° Lon=104.753496280° H=1545.5197m
  原始数据:
2025/11/16 10:35:21.000   26.361305655  104.753496280  1545.5197   2  30   0.0100   0.0185   0.0250   0.0041  -0.0085  -0.0079  17.00    1.0 8525734

[TCP数据流] 2025/11/16 18:35:04 - 浮点解 (30颗卫星)
  ECEF: X=-1456672.4702 Y=5531458.6526 Z=2815670.7566
  LLH:  Lat=26.361305605° Lon=104.753496289° H=1545.5184m
  原始数据:
2025/11/16 10:35:22.000   26.361305605  104.753496289  1545.5184   2  30   0.0100   0.0184   0.0250   0.0041  -0.0085  -0.0079  18.00    1.0 8525734

[TCP数据流] 2025/11/16 18:35:05 - 浮点解 (30颗卫星)
  ECEF: X=-1456672.4717 Y=5531458.6531 Z=2815670.7510
  LLH:  Lat=26.361305556° Lon=104.753496302° H=1545.5167m
  原始数据:
2025/11/16 10:35:23.000   26.361305556  104.753496302  1545.5167   2  30   0.0100   0.0184   0.0250   0.0041  -0.0085  -0.0079  19.00    1.0 8525734

[TCP数据流] 2025/11/16 18:35:06 - 浮点解 (30颗卫星)
  ECEF: X=-1456672.4730 Y=5531458.6537 Z=2815670.7455
  LLH:  Lat=26.361305508° Lon=104.753496313° H=1545.5151m
  原始数据:
2025/11/16 10:35:24.000   26.361305508  104.753496313  1545.5151   2  30   0.0100   0.0184   0.0250   0.0041  -0.0085  -0.0079  20.00    1.0 8525734

[TCP数据流] 2025/11/16 18:35:07 - 浮点解 (30颗卫星)
  ECEF: X=-1456672.4743 Y=5531458.6542 Z=2815670.7402
  LLH:  Lat=26.361305462° Lon=104.753496325° H=1545.5135m
  原始数据:
2025/11/16 10:35:25.000   26.361305462  104.753496325  1545.5135   2  30   0.0100   0.0184   0.0250   0.0041  -0.0085  -0.0079  21.00    1.0 8525734

[TCP数据流] 2025/11/16 18:35:08 - 浮点解 (30颗卫星)
  ECEF: X=-1456672.4757 Y=5531458.6545 Z=2815670.7349
  LLH:  Lat=26.361305417° Lon=104.753496337° H=1545.5117m
  原始数据:
2025/11/16 10:35:26.000   26.361305417  104.753496337  1545.5117   2  30   0.0100   0.0184   0.0250   0.0041  -0.0085  -0.0079  22.00    1.0 8525734

[TCP数据流] 2025/11/16 18:35:09 - 浮点解 (29颗卫星)
  ECEF: X=-1456672.4769 Y=5531458.6548 Z=2815670.7298
  LLH:  Lat=26.361305373° Lon=104.753496348° H=1545.5100m
  原始数据:
2025/11/16 10:35:27.000   26.361305373  104.753496348  1545.5100   2  29   0.0100   0.0184   0.0249   0.0041  -0.0085  -0.0079  23.00    1.0 8525734

[TCP数据流] 2025/11/16 18:35:10 - 浮点解 (29颗卫星)
  ECEF: X=-1456672.4782 Y=5531458.6550 Z=2815670.7247
  LLH:  Lat=26.361305330° Lon=104.753496360° H=1545.5082m
  原始数据:
2025/11/16 10:35:28.000   26.361305330  104.753496360  1545.5082   2  29   0.0100   0.0184   0.0249   0.0041  -0.0085  -0.0079  24.00    1.0 8525734

[TCP数据流] 2025/11/16 18:35:11 - 浮点解 (29颗卫星)
  ECEF: X=-1456672.4795 Y=5531458.6550 Z=2815670.7197
  LLH:  Lat=26.361305288° Lon=104.753496373° H=1545.5063m
  原始数据:
2025/11/16 10:35:29.000   26.361305288  104.753496373  1545.5063   2  29   0.0100   0.0184   0.0249   0.0041  -0.0085  -0.0079  25.00    1.0 8525734

[TCP数据流] 2025/11/16 18:35:12 - 浮点解 (29颗卫星)
  ECEF: X=-1456672.4809 Y=5531458.6549 Z=2815670.7148
  LLH:  Lat=26.361305247° Lon=104.753496387° H=1545.5043m
  原始数据:
2025/11/16 10:35:30.000   26.361305247  104.753496387  1545.5043   2  29   0.0100   0.0184   0.0249   0.0041  -0.0085  -0.0079  26.00    1.0 8525734

[TCP数据流] 2025/11/16 18:35:13 - 浮点解 (29颗卫星)
  ECEF: X=-1456672.4824 Y=5531458.6549 Z=2815670.7099
  LLH:  Lat=26.361305206° Lon=104.753496401° H=1545.5024m
  原始数据:
2025/11/16 10:35:31.000   26.361305206  104.753496401  1545.5024   2  29   0.0100   0.0184   0.0249   0.0041  -0.0085  -0.0079  27.00    1.0 8525734

[TCP数据流] 2025/11/16 18:35:14 - 浮点解 (29颗卫星)
  ECEF: X=-1456672.4838 Y=5531458.6546 Z=2815670.7050
  LLH:  Lat=26.361305166° Lon=104.753496416° H=1545.5003m
  原始数据:
2025/11/16 10:35:32.000   26.361305166  104.753496416  1545.5003   2  29   0.0100   0.0184   0.0249   0.0041  -0.0085  -0.0079  28.00    1.0 8525734

[TCP数据流] 2025/11/16 18:35:15 - 浮点解 (29颗卫星)
  ECEF: X=-1456672.4853 Y=5531458.6543 Z=2815670.7001
  LLH:  Lat=26.361305126° Lon=104.753496431° H=1545.4983m
  原始数据:
2025/11/16 10:35:33.000   26.361305126  104.753496431  1545.4983   2  29   0.0100   0.0184   0.0249   0.0041  -0.0085  -0.0079  29.00    1.0 8525734

[TCP数据流] 2025/11/16 18:35:16 - 浮点解 (29颗卫星)
  ECEF: X=-1456672.4868 Y=5531458.6540 Z=2815670.6953
  LLH:  Lat=26.361305087° Lon=104.753496446° H=1545.4962m
  原始数据:
2025/11/16 10:35:34.000   26.361305087  104.753496446  1545.4962   2  29   0.0100   0.0184   0.0249   0.0041  -0.0085  -0.0079  30.00    1.0 8525734

[TCP数据流] 2025/11/16 18:35:57 - 浮点解 (29颗卫星)
  ECEF: X=-1456672.5239 Y=5531458.7936 Z=2815670.5851
  LLH:  Lat=26.361303617° Lon=104.753496449° H=1545.5767m
  原始数据:
2025/11/16 10:36:15.000   26.361303617  104.753496449  1545.5767   2  29   0.0099   0.0183   0.0247   0.0041  -0.0084  -0.0078   1.00    1.1 8525734

[TCP数据流] 2025/11/16 18:35:58 - 浮点解 (29颗卫星)
  ECEF: X=-1456672.5391 Y=5531458.8486 Z=2815670.5384
  LLH:  Lat=26.361303011° Lon=104.753496456° H=1545.6071m
  原始数据:
2025/11/16 10:36:16.000   26.361303011  104.753496456  1545.6071   2  29   0.0099   0.0183   0.0247   0.0041  -0.0084  -0.0078   2.00    1.1 8525734

[TCP数据流] 2025/11/16 18:35:59 - 浮点解 (29颗卫星)
  ECEF: X=-1456672.5519 Y=5531458.8928 Z=2815670.4990
  LLH:  Lat=26.361302508° Lon=104.753496468° H=1545.6308m
  原始数据:
2025/11/16 10:36:17.000   26.361302508  104.753496468  1545.6308   2  29   0.0099   0.0182   0.0246   0.0040  -0.0084  -0.0077   3.00    1.3 8525734

[TCP数据流] 2025/11/16 18:36:01 - 浮点解 (29颗卫星)
  ECEF: X=-1456672.5618 Y=5531458.9209 Z=2815670.4709
  LLH:  Lat=26.361302162° Lon=104.753496492° H=1545.6449m
  原始数据:
2025/11/16 10:36:19.000   26.361302162  104.753496492  1545.6449   2  29   0.0099   0.0182   0.0246   0.0040  -0.0084  -0.0077   5.00    1.1 8525734

[TCP数据流] 2025/11/16 18:36:02 - 浮点解 (24颗卫星)
  ECEF: X=-1456672.5639 Y=5531458.9194 Z=2815670.4487
  LLH:  Lat=26.361301986° Lon=104.753496516° H=1545.6342m
  原始数据:
2025/11/16 10:36:20.000   26.361301986  104.753496516  1545.6342   2  24   0.0099   0.0182   0.0245   0.0040  -0.0084  -0.0077   6.00    1.0 8525734

[TCP数据流] 2025/11/16 18:36:03 - 浮点解 (29颗卫星)
  ECEF: X=-1456672.5713 Y=5531458.9375 Z=2815670.4285
  LLH:  Lat=26.361301745° Lon=104.753496542° H=1545.6427m
  原始数据:
2025/11/16 10:36:21.000   26.361301745  104.753496542  1545.6427   2  29   0.0098   0.0182   0.0245   0.0040  -0.0084  -0.0077   7.00    1.0 8525734

[TCP数据流] 2025/11/16 18:36:04 - 浮点解 (29颗卫星)
  ECEF: X=-1456672.5781 Y=5531458.9525 Z=2815670.4111
  LLH:  Lat=26.361301539° Lon=104.753496569° H=1545.6495m
  原始数据:
2025/11/16 10:36:22.000   26.361301539  104.753496569  1545.6495   2  29   0.0098   0.0182   0.0245   0.0040  -0.0084  -0.0077   8.00    1.0 8525734

[TCP数据流] 2025/11/16 18:36:05 - 浮点解 (29颗卫星)
  ECEF: X=-1456672.5839 Y=5531458.9649 Z=2815670.3957
  LLH:  Lat=26.361301361° Lon=104.753496594° H=1545.6547m
  原始数据:
2025/11/16 10:36:23.000   26.361301361  104.753496594  1545.6547   2  29   0.0098   0.0182   0.0245   0.0040  -0.0084  -0.0077   9.00    1.0 8525734

[TCP数据流] 2025/11/16 18:36:06 - 浮点解 (29颗卫星)
  ECEF: X=-1456672.5889 Y=5531458.9753 Z=2815670.3820
  LLH:  Lat=26.361301205° Lon=104.753496616° H=1545.6588m
  原始数据:
2025/11/16 10:36:24.000   26.361301205  104.753496616  1545.6588   2  29   0.0098   0.0181   0.0245   0.0040  -0.0084  -0.0077  10.00    1.0 8525734

[TCP数据流] 2025/11/16 18:36:07 - 浮点解 (29颗卫星)
  ECEF: X=-1456672.5935 Y=5531458.9842 Z=2815670.3698
  LLH:  Lat=26.361301067° Lon=104.753496638° H=1545.6621m
  原始数据:
2025/11/16 10:36:25.000   26.361301067  104.753496638  1545.6621   2  29   0.0098   0.0181   0.0244   0.0040  -0.0084  -0.0076  11.00    1.0 8525734

[TCP数据流] 2025/11/16 18:36:08 - 浮点解 (29颗卫星)
  ECEF: X=-1456672.5977 Y=5531458.9917 Z=2815670.3587
  LLH:  Lat=26.361300944° Lon=104.753496659° H=1545.6647m
  原始数据:
2025/11/16 10:36:26.000   26.361300944  104.753496659  1545.6647   2  29   0.0098   0.0181   0.0244   0.0040  -0.0083  -0.0076  12.00    1.0 8525734

[TCP数据流] 2025/11/16 18:36:09 - 浮点解 (29颗卫星)
  ECEF: X=-1456672.6016 Y=5531458.9983 Z=2815670.3485
  LLH:  Lat=26.361300832° Lon=104.753496680° H=1545.6667m
  原始数据:
2025/11/16 10:36:27.000   26.361300832  104.753496680  1545.6667   2  29   0.0098   0.0181   0.0244   0.0040  -0.0083  -0.0076  13.00    1.0 8525734

[TCP数据流] 2025/11/16 18:36:10 - 浮点解 (29颗卫星)
  ECEF: X=-1456672.6050 Y=5531459.0041 Z=2815670.3390
  LLH:  Lat=26.361300729° Lon=104.753496698° H=1545.6683m
  原始数据:
2025/11/16 10:36:28.000   26.361300729  104.753496698  1545.6683   2  29   0.0098   0.0181   0.0244   0.0040  -0.0083  -0.0076  14.00    1.0 8525734

[TCP数据流] 2025/11/16 18:36:11 - 浮点解 (29颗卫星)
  ECEF: X=-1456672.6084 Y=5531459.0090 Z=2815670.3303
  LLH:  Lat=26.361300636° Lon=104.753496719° H=1545.6695m
  原始数据:
2025/11/16 10:36:29.000   26.361300636  104.753496719  1545.6695   2  29   0.0098   0.0181   0.0244   0.0040  -0.0083  -0.0076  15.00    1.0 8525734

[TCP数据流] 2025/11/16 18:36:12 - 浮点解 (29颗卫星)
  ECEF: X=-1456672.6116 Y=5531459.0134 Z=2815670.3219
  LLH:  Lat=26.361300548° Lon=104.753496738° H=1545.6703m
  原始数据:
2025/11/16 10:36:30.000   26.361300548  104.753496738  1545.6703   2  29   0.0098   0.0181   0.0244   0.0040  -0.0083  -0.0076  16.00    1.0 8525734

[TCP数据流] 2025/11/16 18:36:13 - 浮点解 (29颗卫星)
  ECEF: X=-1456672.6146 Y=5531459.0174 Z=2815670.3140
  LLH:  Lat=26.361300466° Lon=104.753496757° H=1545.6709m
  原始数据:
2025/11/16 10:36:31.000   26.361300466  104.753496757  1545.6709   2  29   0.0098   0.0181   0.0244   0.0040  -0.0083  -0.0076  17.00    1.0 8525734

[TCP数据流] 2025/11/16 18:36:15 - 浮点解 (24颗卫星)
  ECEF: X=-1456672.6159 Y=5531459.0164 Z=2815670.3079
  LLH:  Lat=26.361300419° Lon=104.753496772° H=1545.6677m
  原始数据:
2025/11/16 10:36:33.000   26.361300419  104.753496772  1545.6677   2  24   0.0098   0.0181   0.0244   0.0040  -0.0083  -0.0076  19.00    1.0 8525734

[TCP数据流] 2025/11/16 18:36:16 - 浮点解 (24颗卫星)
  ECEF: X=-1456672.6172 Y=5531459.0154 Z=2815670.3020
  LLH:  Lat=26.361300374° Lon=104.753496787° H=1545.6645m
  原始数据:
2025/11/16 10:36:34.000   26.361300374  104.753496787  1545.6645   2  24   0.0098   0.0181   0.0244   0.0040  -0.0083  -0.0076  20.00    1.0 8525734

[TCP数据流] 2025/11/16 18:36:17 - 浮点解 (29颗卫星)
  ECEF: X=-1456672.6198 Y=5531459.0178 Z=2815670.2954
  LLH:  Lat=26.361300308° Lon=104.753496807° H=1545.6642m
  原始数据:
2025/11/16 10:36:35.000   26.361300308  104.753496807  1545.6642   2  29   0.0098   0.0180   0.0244   0.0040  -0.0083  -0.0076  21.00    1.0 8525734

[TCP数据流] 2025/11/16 18:36:18 - 浮点解 (29颗卫星)
  ECEF: X=-1456672.6223 Y=5531459.0198 Z=2815670.2890
  LLH:  Lat=26.361300246° Lon=104.753496826° H=1545.6637m
  原始数据:
2025/11/16 10:36:36.000   26.361300246  104.753496826  1545.6637   2  29   0.0098   0.0180   0.0243   0.0040  -0.0083  -0.0076  22.00    1.0 8525734

[TCP数据流] 2025/11/16 18:36:19 - 浮点解 (30颗卫星)
  ECEF: X=-1456672.6247 Y=5531459.0217 Z=2815670.2827
  LLH:  Lat=26.361300186° Lon=104.753496844° H=1545.6631m
  原始数据:
2025/11/16 10:36:37.000   26.361300186  104.753496844  1545.6631   2  30   0.0098   0.0180   0.0243   0.0040  -0.0083  -0.0076  23.00    1.0 8525734

[TCP数据流] 2025/11/16 18:36:20 - 浮点解 (22颗卫星)
  ECEF: X=-1456672.6262 Y=5531459.0233 Z=2815670.2789
  LLH:  Lat=26.361300147° Lon=104.753496855° H=1545.6631m
  原始数据:
2025/11/16 10:36:38.000   26.361300147  104.753496855  1545.6631   2  22   0.0098   0.0180   0.0243   0.0040  -0.0083  -0.0076  24.00    1.0 8525734

[TCP数据流] 2025/11/16 18:36:21 - 浮点解 (30颗卫星)
  ECEF: X=-1456672.6286 Y=5531459.0246 Z=2815670.2730
  LLH:  Lat=26.361300092° Lon=104.753496874° H=1545.6622m
  原始数据:
2025/11/16 10:36:39.000   26.361300092  104.753496874  1545.6622   2  30   0.0098   0.0180   0.0243   0.0040  -0.0083  -0.0076  25.00    1.0 8525734

[TCP数据流] 2025/11/16 18:36:23 - 浮点解 (30颗卫星)
  ECEF: X=-1456672.6306 Y=5531459.0261 Z=2815670.2674
  LLH:  Lat=26.361300039° Lon=104.753496890° H=1545.6614m
  原始数据:
2025/11/16 10:36:41.000   26.361300039  104.753496890  1545.6614   2  30   0.0098   0.0180   0.0243   0.0040  -0.0083  -0.0076  27.00    1.1 8525734

[TCP数据流] 2025/11/16 18:36:25 - 浮点解 (18颗卫星)
  ECEF: X=-1456672.6313 Y=5531459.0249 Z=2815670.2644
  LLH:  Lat=26.361300019° Lon=104.753496900° H=1545.6592m
  原始数据:
2025/11/16 10:36:43.000   26.361300019  104.753496900  1545.6592   2  18   0.0098   0.0180   0.0243   0.0040  -0.0083  -0.0076  29.00    1.1 8525734

[TCP数据流] 2025/11/16 18:36:26 - 浮点解 (30颗卫星)
  ECEF: X=-1456672.6333 Y=5531459.0257 Z=2815670.2590
  LLH:  Lat=26.361299970° Lon=104.753496917° H=1545.6580m
  原始数据:
2025/11/16 10:36:44.000   26.361299970  104.753496917  1545.6580   2  30   0.0098   0.0180   0.0243   0.0040  -0.0083  -0.0076  30.00    1.0 8525734

[TCP数据流] 2025/11/16 18:36:31 - 浮点解 (23颗卫星)
  ECEF: X=-1456672.6624 Y=5531459.1122 Z=2815670.2190
  LLH:  Lat=26.361299281° Lon=104.753496978° H=1545.7218m
  原始数据:
2025/11/16 10:36:49.000   26.361299281  104.753496978  1545.7218   2  23   0.0097   0.0180   0.0242   0.0040  -0.0083  -0.0075   0.00    1.0 8525734

[TCP数据流] 2025/11/16 18:36:32 - 浮点解 (24颗卫星)
  ECEF: X=-1456672.6610 Y=5531459.1136 Z=2815670.1597
  LLH:  Lat=26.361298798° Lon=104.753496961° H=1545.6964m
  原始数据:
2025/11/16 10:36:50.000   26.361298798  104.753496961  1545.6964   2  24   0.0097   0.0179   0.0242   0.0040  -0.0083  -0.0075   1.00    1.3 8525734

[TCP数据流] 2025/11/16 18:36:33 - 浮点解 (31颗卫星)
  ECEF: X=-1456672.6775 Y=5531459.1785 Z=2815670.1026
  LLH:  Lat=26.361298068° Lon=104.753496956° H=1545.7310m
  原始数据:
2025/11/16 10:36:51.000   26.361298068  104.753496956  1545.7310   2  31   0.0097   0.0179   0.0241   0.0040  -0.0083  -0.0075   2.00    1.0 8525734

[TCP数据流] 2025/11/16 18:36:35 - 浮点解 (10颗卫星)
  ECEF: X=-1456672.6773 Y=5531459.1775 Z=2815670.1016
  LLH:  Lat=26.361298064° Lon=104.753496956° H=1545.7297m
  原始数据:
2025/11/16 10:36:53.000   26.361298064  104.753496956  1545.7297   2  10   0.0097   0.0179   0.0241   0.0040  -0.0083  -0.0075   4.00    0.0 8525734

[TCP数据流] 2025/11/16 18:36:36 - 固定解 (17颗卫星)
  ECEF: X=-1456672.6050 Y=5531459.1187 Z=2815670.0456
  LLH:  Lat=26.361297913° Lon=104.753496406° H=1545.6373m
  原始数据:
2025/11/16 10:36:54.000   26.361297913  104.753496406  1545.6373   1  17   0.0031   0.0013   0.0052   0.0016   0.0013   0.0028   5.00    7.1 8525734

[TCP数据流] 2025/11/16 18:36:37 - 固定解 (31颗卫星)
  ECEF: X=-1456672.6035 Y=5531459.1237 Z=2815670.0480
  LLH:  Lat=26.361297914° Lon=104.753496378° H=1545.6424m
  原始数据:
2025/11/16 10:36:55.000   26.361297914  104.753496378  1545.6424   1  31   0.0031   0.0013   0.0052   0.0016   0.0013   0.0028   6.00    4.6 8525734

[TCP数据流] 2025/11/16 18:36:38 - 浮点解 (24颗卫星)
  ECEF: X=-1456672.6967 Y=5531459.2376 Z=2815670.0452
  LLH:  Lat=26.361297355° Lon=104.753496991° H=1545.7611m
  原始数据:
2025/11/16 10:36:56.000   26.361297355  104.753496991  1545.7611   2  24   0.0097   0.0179   0.0240   0.0040  -0.0082  -0.0074   7.00    0.0 8525734

[TCP数据流] 2025/11/16 18:36:39 - 浮点解 (31颗卫星)
  ECEF: X=-1456672.7037 Y=5531459.2555 Z=2815670.0236
  LLH:  Lat=26.361297104° Lon=104.753497013° H=1545.7686m
  原始数据:
2025/11/16 10:36:57.000   26.361297104  104.753497013  1545.7686   2  31   0.0097   0.0179   0.0240   0.0040  -0.0082  -0.0074   8.00    1.9 8525734

[TCP数据流] 2025/11/16 18:36:40 - 浮点解 (31颗卫星)
  ECEF: X=-1456672.7097 Y=5531459.2701 Z=2815670.0048
  LLH:  Lat=26.361296890° Lon=104.753497034° H=1545.7743m
  原始数据:
2025/11/16 10:36:58.000   26.361296890  104.753497034  1545.7743   2  31   0.0097   0.0178   0.0239   0.0040  -0.0082  -0.0074   9.00    1.0 8525734

[TCP数据流] 2025/11/16 18:36:41 - 浮点解 (31颗卫星)
  ECEF: X=-1456672.7153 Y=5531459.2823 Z=2815669.9884
  LLH:  Lat=26.361296704° Lon=104.753497057° H=1545.7789m
  原始数据:
2025/11/16 10:36:59.000   26.361296704  104.753497057  1545.7789   2  31   0.0096   0.0178   0.0239   0.0039  -0.0082  -0.0074  10.00    1.0 8525734

[TCP数据流] 2025/11/16 18:36:42 - 浮点解 (31颗卫星)
  ECEF: X=-1456672.7202 Y=5531459.2926 Z=2815669.9737
  LLH:  Lat=26.361296540° Lon=104.753497078° H=1545.7824m
  原始数据:
2025/11/16 10:37:00.000   26.361296540  104.753497078  1545.7824   2  31   0.0096   0.0178   0.0239   0.0039  -0.0082  -0.0074  11.00    1.1 8525734

[TCP数据流] 2025/11/16 18:36:43 - 浮点解 (31颗卫星)
  ECEF: X=-1456672.7247 Y=5531459.3016 Z=2815669.9606
  LLH:  Lat=26.361296395° Lon=104.753497099° H=1545.7854m
  原始数据:
2025/11/16 10:37:01.000   26.361296395  104.753497099  1545.7854   2  31   0.0096   0.0178   0.0239   0.0039  -0.0082  -0.0073  12.00    1.2 8525734

[TCP数据流] 2025/11/16 18:36:45 - 浮点解 (31颗卫星)
  ECEF: X=-1456672.7284 Y=5531459.3083 Z=2815669.9495
  LLH:  Lat=26.361296275° Lon=104.753497117° H=1545.7871m
  原始数据:
2025/11/16 10:37:03.000   26.361296275  104.753497117  1545.7871   2  31   0.0096   0.0178   0.0239   0.0039  -0.0082  -0.0073  14.00    1.0 8525734

[TCP数据流] 2025/11/16 18:36:46 - 浮点解 (31颗卫星)
  ECEF: X=-1456672.7319 Y=5531459.3141 Z=2815669.9392
  LLH:  Lat=26.361296166° Lon=104.753497136° H=1545.7884m
  原始数据:
2025/11/16 10:37:04.000   26.361296166  104.753497136  1545.7884   2  31   0.0096   0.0178   0.0238   0.0039  -0.0082  -0.0073  15.00    1.2 8525734

[TCP数据流] 2025/11/16 18:36:47 - 浮点解 (31颗卫星)
  ECEF: X=-1456672.7353 Y=5531459.3194 Z=2815669.9297
  LLH:  Lat=26.361296065° Lon=104.753497156° H=1545.7895m
  原始数据:
2025/11/16 10:37:05.000   26.361296065  104.753497156  1545.7895   2  31   0.0096   0.0178   0.0238   0.0039  -0.0082  -0.0073  16.00    1.1 8525734

[TCP数据流] 2025/11/16 18:36:48 - 浮点解 (31颗卫星)
  ECEF: X=-1456672.7384 Y=5531459.3239 Z=2815669.9208
  LLH:  Lat=26.361295973° Lon=104.753497175° H=1545.7902m
  原始数据:
2025/11/16 10:37:06.000   26.361295973  104.753497175  1545.7902   2  31   0.0096   0.0178   0.0238   0.0039  -0.0082  -0.0073  17.00    1.0 8525734

[TCP数据流] 2025/11/16 18:36:49 - 浮点解 (31颗卫星)
  ECEF: X=-1456672.7414 Y=5531459.3277 Z=2815669.9123
  LLH:  Lat=26.361295886° Lon=104.753497194° H=1545.7904m
  原始数据:
2025/11/16 10:37:07.000   26.361295886  104.753497194  1545.7904   2  31   0.0096   0.0178   0.0238   0.0039  -0.0082  -0.0073  18.00    1.2 8525734

[TCP数据流] 2025/11/16 18:36:50 - 固定解 (24颗卫星)
  ECEF: X=-1456672.8287 Y=5531459.3888 Z=2815669.9307
  LLH:  Lat=26.361295709° Lon=104.753497884° H=1545.8714m
  原始数据:
2025/11/16 10:37:08.000   26.361295709  104.753497884  1545.8714   1  24   0.0021   0.0023   0.0115   0.0009  -0.0035  -0.0010  19.00    3.3 8525734

[TCP数据流] 2025/11/16 18:36:51 - 浮点解 (31颗卫星)
  ECEF: X=-1456672.7453 Y=5531459.3298 Z=2815669.8978
  LLH:  Lat=26.361295757° Lon=104.753497226° H=1545.7866m
  原始数据:
2025/11/16 10:37:09.000   26.361295757  104.753497226  1545.7866   2  31   0.0096   0.0177   0.0238   0.0039  -0.0082  -0.0073  20.00    1.4 8525734

[TCP数据流] 2025/11/16 18:36:52 - 浮点解 (31颗卫星)
  ECEF: X=-1456672.7479 Y=5531459.3326 Z=2815669.8905
  LLH:  Lat=26.361295684° Lon=104.753497244° H=1545.7864m
  原始数据:
2025/11/16 10:37:10.000   26.361295684  104.753497244  1545.7864   2  31   0.0096   0.0177   0.0238   0.0039  -0.0082  -0.0073  21.00    1.4 8525734

[TCP数据流] 2025/11/16 18:36:53 - 浮点解 (31颗卫星)
  ECEF: X=-1456672.7503 Y=5531459.3351 Z=2815669.8835
  LLH:  Lat=26.361295616° Lon=104.753497261° H=1545.7860m
  原始数据:
2025/11/16 10:37:11.000   26.361295616  104.753497261  1545.7860   2  31   0.0096   0.0177   0.0238   0.0039  -0.0082  -0.0073  22.00    1.1 8525734

[TCP数据流] 2025/11/16 18:36:54 - 浮点解 (24颗卫星)
  ECEF: X=-1456672.7522 Y=5531459.3373 Z=2815669.8789
  LLH:  Lat=26.361295568° Lon=104.753497274° H=1545.7863m
  原始数据:
2025/11/16 10:37:12.000   26.361295568  104.753497274  1545.7863   2  24   0.0096   0.0177   0.0238   0.0039  -0.0082  -0.0073  23.00    1.1 8525734

[TCP数据流] 2025/11/16 18:36:55 - 浮点解 (31颗卫星)
  ECEF: X=-1456672.7546 Y=5531459.3392 Z=2815669.8725
  LLH:  Lat=26.361295506° Lon=104.753497292° H=1545.7857m
  原始数据:
2025/11/16 10:37:13.000   26.361295506  104.753497292  1545.7857   2  31   0.0096   0.0177   0.0238   0.0039  -0.0081  -0.0073  24.00    1.5 8525734

[TCP数据流] 2025/11/16 18:36:56 - 浮点解 (24颗卫星)
  ECEF: X=-1456672.7522 Y=5531459.3411 Z=2815669.8052
  LLH:  Lat=26.361294957° Lon=104.753497264° H=1545.7569m
  原始数据:
2025/11/16 10:37:14.000   26.361294957  104.753497264  1545.7569   2  24   0.0096   0.0177   0.0237   0.0039  -0.0082  -0.0073   0.00    2.1 8525734

[TCP数据流] 2025/11/16 18:36:57 - 浮点解 (30颗卫星)
  ECEF: X=-1456672.7734 Y=5531459.4285 Z=2815669.7327
  LLH:  Lat=26.361294011° Lon=104.753497247° H=1545.8053m
  原始数据:
2025/11/16 10:37:15.000   26.361294011  104.753497247  1545.8053   2  30   0.0095   0.0176   0.0236   0.0039  -0.0081  -0.0072   0.00    1.0 8525734

[TCP数据流] 2025/11/16 18:36:58 - 浮点解 (30颗卫星)
  ECEF: X=-1456672.7937 Y=5531459.5116 Z=2815669.6627
  LLH:  Lat=26.361293102° Lon=104.753497231° H=1545.8508m
  原始数据:
2025/11/16 10:37:16.000   26.361293102  104.753497231  1545.8508   2  30   0.0095   0.0176   0.0235   0.0039  -0.0081  -0.0072   0.00    1.3 8525734

[TCP数据流] 2025/11/16 18:36:59 - 浮点解 (30颗卫星)
  ECEF: X=-1456672.8125 Y=5531459.5908 Z=2815669.5949
  LLH:  Lat=26.361292228° Lon=104.753497212° H=1545.8936m
  原始数据:
2025/11/16 10:37:17.000   26.361292228  104.753497212  1545.8936   2  30   0.0095   0.0175   0.0234   0.0039  -0.0081  -0.0071   0.00    1.0 8525734

[TCP数据流] 2025/11/16 18:37:01 - 浮点解 (18颗卫星)
  ECEF: X=-1456672.8057 Y=5531459.5870 Z=2815669.5693
  LLH:  Lat=26.361292043° Lon=104.753497155° H=1545.8774m
  原始数据:
2025/11/16 10:37:19.000   26.361292043  104.753497155  1545.8774   2  18   0.0095   0.0175   0.0234   0.0039  -0.0081  -0.0071   2.00    1.1 8525734

[TCP数据流] 2025/11/16 18:37:02 - 浮点解 (30颗卫星)
  ECEF: X=-1456672.8200 Y=5531459.6395 Z=2815669.5194
  LLH:  Lat=26.361291421° Lon=104.753497160° H=1545.9040m
  原始数据:
2025/11/16 10:37:20.000   26.361291421  104.753497160  1545.9040   2  30   0.0094   0.0175   0.0233   0.0039  -0.0081  -0.0070   3.00    1.0 8525734

[TCP数据流] 2025/11/16 18:42:10 - 浮点解 (20颗卫星)
  ECEF: X=-1456672.8215 Y=5531459.6353 Z=2815669.5078
  LLH:  Lat=26.361291342° Lon=104.753497185° H=1545.8955m
  原始数据:
2025/11/16 10:42:28.000   26.361291342  104.753497185  1545.8955   2  20   0.0094   0.0175   0.0233   0.0038  -0.0080  -0.0070  14.00    1.3 8525734

[TCP数据流] 2025/11/16 18:42:12 - 浮点解 (25颗卫星)
  ECEF: X=-1456672.8222 Y=5531459.6347 Z=2815669.5057
  LLH:  Lat=26.361291327° Lon=104.753497193° H=1545.8943m
  原始数据:
2025/11/16 10:42:30.000   26.361291327  104.753497193  1545.8943   2  25   0.0094   0.0175   0.0233   0.0038  -0.0080  -0.0070  16.00    1.9 8525734

[TCP数据流] 2025/11/16 18:42:13 - 浮点解 (25颗卫星)
  ECEF: X=-1456672.8225 Y=5531459.6342 Z=2815669.5037
  LLH:  Lat=26.361291312° Lon=104.753497198° H=1545.8930m
  原始数据:
2025/11/16 10:42:31.000   26.361291312  104.753497198  1545.8930   2  25   0.0094   0.0175   0.0233   0.0038  -0.0080  -0.0070  17.00    1.1 8525734

[TCP数据流] 2025/11/16 18:42:14 - 浮点解 (15颗卫星)
  ECEF: X=-1456672.8235 Y=5531459.6334 Z=2815669.5024
  LLH:  Lat=26.361291304° Lon=104.753497209° H=1545.8920m
  原始数据:
2025/11/16 10:42:32.000   26.361291304  104.753497209  1545.8920   2  15   0.0094   0.0175   0.0233   0.0038  -0.0080  -0.0070  18.00    1.2 8525734

[TCP数据流] 2025/11/16 18:42:15 - 浮点解 (25颗卫星)
  ECEF: X=-1456672.8237 Y=5531459.6328 Z=2815669.5003
  LLH:  Lat=26.361291289° Lon=104.753497213° H=1545.8906m
  原始数据:
2025/11/16 10:42:33.000   26.361291289  104.753497213  1545.8906   2  25   0.0094   0.0175   0.0233   0.0038  -0.0080  -0.0070  19.00    1.1 8525734

[TCP数据流] 2025/11/16 18:42:16 - 浮点解 (25颗卫星)
  ECEF: X=-1456672.8244 Y=5531459.6321 Z=2815669.4982
  LLH:  Lat=26.361291274° Lon=104.753497221° H=1545.8892m
  原始数据:
2025/11/16 10:42:34.000   26.361291274  104.753497221  1545.8892   2  25   0.0094   0.0174   0.0233   0.0038  -0.0080  -0.0070  20.00    1.0 8525734

[TCP数据流] 2025/11/16 18:42:18 - 浮点解 (25颗卫星)
  ECEF: X=-1456672.8246 Y=5531459.6316 Z=2815669.4961
  LLH:  Lat=26.361291259° Lon=104.753497225° H=1545.8879m
  原始数据:
2025/11/16 10:42:36.000   26.361291259  104.753497225  1545.8879   2  25   0.0094   0.0174   0.0233   0.0038  -0.0080  -0.0070  22.00    1.1 8525734

[TCP数据流] 2025/11/16 18:42:19 - 浮点解 (25颗卫星)
  ECEF: X=-1456672.8250 Y=5531459.6312 Z=2815669.4940
  LLH:  Lat=26.361291243° Lon=104.753497230° H=1545.8867m
  原始数据:
2025/11/16 10:42:37.000   26.361291243  104.753497230  1545.8867   2  25   0.0094   0.0174   0.0233   0.0038  -0.0080  -0.0070  23.00    1.0 8525734

[TCP数据流] 2025/11/16 18:42:21 - 浮点解 (25颗卫星)
  ECEF: X=-1456672.8256 Y=5531459.6303 Z=2815669.4919
  LLH:  Lat=26.361291229° Lon=104.753497238° H=1545.8851m
  原始数据:
2025/11/16 10:42:39.000   26.361291229  104.753497238  1545.8851   2  25   0.0094   0.0174   0.0233   0.0038  -0.0080  -0.0070  25.00    1.0 8525734

[TCP数据流] 2025/11/16 18:42:22 - 浮点解 (20颗卫星)
  ECEF: X=-1456672.8264 Y=5531459.6295 Z=2815669.4901
  LLH:  Lat=26.361291216° Lon=104.753497247° H=1545.8838m
  原始数据:
2025/11/16 10:42:40.000   26.361291216  104.753497247  1545.8838   2  20   0.0094   0.0174   0.0233   0.0038  -0.0080  -0.0070  26.00    1.1 8525734

[TCP数据流] 2025/11/16 18:42:23 - 浮点解 (25颗卫星)
  ECEF: X=-1456672.8268 Y=5531459.6288 Z=2815669.4879
  LLH:  Lat=26.361291201° Lon=104.753497253° H=1545.8823m
  原始数据:
2025/11/16 10:42:41.000   26.361291201  104.753497253  1545.8823   2  25   0.0094   0.0174   0.0233   0.0038  -0.0080  -0.0070  27.00    1.2 8525734

[TCP数据流] 2025/11/16 18:42:24 - 浮点解 (25颗卫星)
  ECEF: X=-1456672.8272 Y=5531459.6281 Z=2815669.4857
  LLH:  Lat=26.361291186° Lon=104.753497259° H=1545.8808m
  原始数据:
2025/11/16 10:42:42.000   26.361291186  104.753497259  1545.8808   2  25   0.0094   0.0174   0.0233   0.0038  -0.0080  -0.0070  28.00    1.0 8525734

[TCP数据流] 2025/11/16 18:42:25 - 浮点解 (20颗卫星)
  ECEF: X=-1456672.8280 Y=5531459.6274 Z=2815669.4842
  LLH:  Lat=26.361291175° Lon=104.753497268° H=1545.8797m
  原始数据:
2025/11/16 10:42:43.000   26.361291175  104.753497268  1545.8797   2  20   0.0094   0.0174   0.0233   0.0038  -0.0080  -0.0070  29.00    1.0 8525734

[TCP数据流] 2025/11/16 18:42:26 - 浮点解 (8颗卫星)
  ECEF: X=-1456672.8280 Y=5531459.6266 Z=2815669.4835
  LLH:  Lat=26.361291173° Lon=104.753497270° H=1545.8787m
  原始数据:
2025/11/16 10:42:44.000   26.361291173  104.753497270  1545.8787   2   8   0.0094   0.0174   0.0233   0.0038  -0.0080  -0.0070  30.00    1.5 8525734

[TCP数据流] 2025/11/16 18:42:31 - 浮点解 (18颗卫星)
  ECEF: X=-1456672.8281 Y=5531459.6281 Z=2815669.4820
  LLH:  Lat=26.361291155° Lon=104.753497267° H=1545.8794m
  原始数据:
2025/11/16 10:42:49.000   26.361291155  104.753497267  1545.8794   2  18   0.0094   0.0174   0.0233   0.0038  -0.0080  -0.0070   0.00    1.3 8525734

[TCP数据流] 2025/11/16 18:42:32 - 浮点解 (20颗卫星)
  ECEF: X=-1456672.8288 Y=5531459.6291 Z=2815669.4804
  LLH:  Lat=26.361291137° Lon=104.753497272° H=1545.8797m
  原始数据:
2025/11/16 10:42:50.000   26.361291137  104.753497272  1545.8797   2  20   0.0094   0.0174   0.0233   0.0038  -0.0080  -0.0070   1.00    1.1 8525734

[TCP数据流] 2025/11/16 18:42:33 - 浮点解 (25颗卫星)
  ECEF: X=-1456672.8293 Y=5531459.6298 Z=2815669.4784
  LLH:  Lat=26.361291118° Lon=104.753497275° H=1545.8795m
  原始数据:
2025/11/16 10:42:51.000   26.361291118  104.753497275  1545.8795   2  25   0.0094   0.0174   0.0233   0.0038  -0.0080  -0.0070   2.00    1.0 8525734

[TCP数据流] 2025/11/16 18:42:34 - 浮点解 (25颗卫星)
  ECEF: X=-1456672.8297 Y=5531459.6302 Z=2815669.4765
  LLH:  Lat=26.361291100° Lon=104.753497278° H=1545.8791m
  原始数据:
2025/11/16 10:42:52.000   26.361291100  104.753497278  1545.8791   2  25   0.0094   0.0174   0.0233   0.0038  -0.0080  -0.0070   3.00    1.1 8525734

[TCP数据流] 2025/11/16 18:42:35 - 固定解 (15颗卫星)
  ECEF: X=-1456672.8700 Y=5531459.6142 Z=2815669.4593
  LLH:  Lat=26.361290982° Lon=104.753497709° H=1545.8668m
  原始数据:
2025/11/16 10:42:53.000   26.361290982  104.753497709  1545.8668   1  15   0.0053   0.0026   0.0227  -0.0025   0.0050  -0.0061   4.00   13.7 8525734

[TCP数据流] 2025/11/16 18:42:39 - 浮点解 (18颗卫星)
  ECEF: X=-1456672.8304 Y=5531459.6291 Z=2815669.4737
  LLH:  Lat=26.361291081° Lon=104.753497287° H=1545.8771m
  原始数据:
2025/11/16 10:42:57.000   26.361291081  104.753497287  1545.8771   2  18   0.0094   0.0174   0.0233   0.0038  -0.0080  -0.0070   8.00    0.0 8525734

[TCP数据流] 2025/11/16 18:42:40 - 固定解 (20颗卫星)
  ECEF: X=-1456672.8707 Y=5531459.6136 Z=2815669.4549
  LLH:  Lat=26.361290948° Lon=104.753497717° H=1545.8645m
  原始数据:
2025/11/16 10:42:58.000   26.361290948  104.753497717  1545.8645   1  20   0.0053   0.0025   0.0227  -0.0024   0.0050  -0.0061   9.00   13.5 8525734

[TCP数据流] 2025/11/16 18:42:41 - 固定解 (25颗卫星)
  ECEF: X=-1456672.8715 Y=5531459.6137 Z=2815669.4516
  LLH:  Lat=26.361290920° Lon=104.753497725° H=1545.8633m
  原始数据:
2025/11/16 10:42:59.000   26.361290920  104.753497725  1545.8633   1  25   0.0052   0.0025   0.0227  -0.0024   0.0050  -0.0061  10.00   13.1 8525734

[TCP数据流] 2025/11/16 18:42:42 - 固定解 (25颗卫星)
  ECEF: X=-1456672.8722 Y=5531459.6137 Z=2815669.4485
  LLH:  Lat=26.361290895° Lon=104.753497731° H=1545.8621m
  原始数据:
2025/11/16 10:43:00.000   26.361290895  104.753497731  1545.8621   1  25   0.0051   0.0025   0.0227  -0.0024   0.0050  -0.0061  11.00   12.8 8525734

[TCP数据流] 2025/11/16 18:42:43 - 固定解 (25颗卫星)
  ECEF: X=-1456672.8727 Y=5531459.6135 Z=2815669.4457
  LLH:  Lat=26.361290872° Lon=104.753497737° H=1545.8608m
  原始数据:
2025/11/16 10:43:01.000   26.361290872  104.753497737  1545.8608   1  25   0.0051   0.0025   0.0227  -0.0024   0.0051  -0.0061  12.00   12.7 8525734

[TCP数据流] 2025/11/16 18:42:44 - 浮点解 (18颗卫星)
  ECEF: X=-1456672.8321 Y=5531459.6263 Z=2815669.4634
  LLH:  Lat=26.361291007° Lon=104.753497311° H=1545.8705m
  原始数据:
2025/11/16 10:43:02.000   26.361291007  104.753497311  1545.8705   2  18   0.0094   0.0174   0.0233   0.0038  -0.0080  -0.0070  13.00    0.0 8525734

[TCP数据流] 2025/11/16 18:42:45 - 固定解 (25颗卫星)
  ECEF: X=-1456672.8729 Y=5531459.6121 Z=2815669.4422
  LLH:  Lat=26.361290849° Lon=104.753497742° H=1545.8580m
  原始数据:
2025/11/16 10:43:03.000   26.361290849  104.753497742  1545.8580   1  25   0.0051   0.0024   0.0227  -0.0024   0.0051  -0.0061  14.00   13.3 8525734

[TCP数据流] 2025/11/16 18:42:46 - 固定解 (25颗卫星)
  ECEF: X=-1456672.8758 Y=5531459.6150 Z=2815669.4348
  LLH:  Lat=26.361290775° Lon=104.753497763° H=1545.8580m
  原始数据:
2025/11/16 10:43:04.000   26.361290775  104.753497763  1545.8580   1  25   0.0048   0.0023   0.0226  -0.0023   0.0051  -0.0061   0.00   10.6 8525734

[TCP数据流] 2025/11/16 18:42:47 - 浮点解 (18颗卫星)
  ECEF: X=-1456672.8329 Y=5531459.6281 Z=2815669.4572
  LLH:  Lat=26.361290949° Lon=104.753497314° H=1545.8694m
  原始数据:
2025/11/16 10:43:05.000   26.361290949  104.753497314  1545.8694   2  18   0.0094   0.0173   0.0232   0.0038  -0.0080  -0.0070   0.00    0.0 8525734

[TCP数据流] 2025/11/16 18:42:48 - 固定解 (20颗卫星)
  ECEF: X=-1456672.8966 Y=5531459.6937 Z=2815669.4713
  LLH:  Lat=26.361290744° Lon=104.753497764° H=1545.9471m
  原始数据:
2025/11/16 10:43:06.000   26.361290744  104.753497764  1545.9471   1  20   0.0046   0.0022   0.0192  -0.0022   0.0053  -0.0066   0.00    6.0 8525734

[TCP数据流] 2025/11/16 18:42:49 - 固定解 (20颗卫星)
  ECEF: X=-1456672.9067 Y=5531459.7249 Z=2815669.4810
  LLH:  Lat=26.361290691° Lon=104.753497782° H=1545.9807m
  原始数据:
2025/11/16 10:43:07.000   26.361290691  104.753497782  1545.9807   1  20   0.0044   0.0021   0.0190  -0.0022   0.0053  -0.0065   1.00    3.8 8525734

[TCP数据流] 2025/11/16 18:42:50 - 浮点解 (20颗卫星)
  ECEF: X=-1456672.8346 Y=5531459.6294 Z=2815669.4517
  LLH:  Lat=26.361290898° Lon=104.753497327° H=1545.8685m
  原始数据:
2025/11/16 10:43:08.000   26.361290898  104.753497327  1545.8685   2  20   0.0094   0.0173   0.0232   0.0038  -0.0080  -0.0070   2.00    2.8 8525734

[TCP数据流] 2025/11/16 18:42:51 - 固定解 (20颗卫星)
  ECEF: X=-1456672.8970 Y=5531459.6660 Z=2815669.4321
  LLH:  Lat=26.361290534° Lon=104.753497838° H=1545.9058m
  原始数据:
2025/11/16 10:43:09.000   26.361290534  104.753497838  1545.9058   1  20   0.0040   0.0019   0.0149  -0.0019   0.0038  -0.0039   3.00    9.7 8525734

[TCP数据流] 2025/11/16 18:42:52 - 浮点解 (20颗卫星)
  ECEF: X=-1456672.8356 Y=5531459.6286 Z=2815669.4476
  LLH:  Lat=26.361290867° Lon=104.753497339° H=1545.8663m
  原始数据:
2025/11/16 10:43:10.000   26.361290867  104.753497339  1545.8663   2  20   0.0094   0.0173   0.0232   0.0038  -0.0080  -0.0070   4.00    2.6 8525734

[TCP数据流] 2025/11/16 18:42:54 - 浮点解 (25颗卫星)
  ECEF: X=-1456672.8361 Y=5531459.6283 Z=2815669.4452
  LLH:  Lat=26.361290848° Lon=104.753497344° H=1545.8650m
  原始数据:
2025/11/16 10:43:12.000   26.361290848  104.753497344  1545.8650   2  25   0.0094   0.0173   0.0232   0.0038  -0.0080  -0.0070   6.00    1.0 8525734

[TCP数据流] 2025/11/16 18:42:55 - 浮点解 (25颗卫星)
  ECEF: X=-1456672.8365 Y=5531459.6279 Z=2815669.4427
  LLH:  Lat=26.361290829° Lon=104.753497349° H=1545.8636m
  原始数据:
2025/11/16 10:43:13.000   26.361290829  104.753497349  1545.8636   2  25   0.0094   0.0173   0.0232   0.0038  -0.0080  -0.0070   7.00    1.0 8525734

[TCP数据流] 2025/11/16 18:42:56 - 浮点解 (25颗卫星)
  ECEF: X=-1456672.8369 Y=5531459.6272 Z=2815669.4401
  LLH:  Lat=26.361290810° Lon=104.753497355° H=1545.8620m
  原始数据:
2025/11/16 10:43:14.000   26.361290810  104.753497355  1545.8620   2  25   0.0094   0.0173   0.0232   0.0038  -0.0080  -0.0070   8.00    1.1 8525734

[TCP数据流] 2025/11/16 18:42:57 - 浮点解 (25颗卫星)
  ECEF: X=-1456672.8373 Y=5531459.6267 Z=2815669.4377
  LLH:  Lat=26.361290792° Lon=104.753497360° H=1545.8606m
  原始数据:
2025/11/16 10:43:15.000   26.361290792  104.753497360  1545.8606   2  25   0.0094   0.0173   0.0232   0.0038  -0.0080  -0.0070   9.00    1.0 8525734

[TCP数据流] 2025/11/16 18:42:58 - 浮点解 (25颗卫星)
  ECEF: X=-1456672.8378 Y=5531459.6262 Z=2815669.4352
  LLH:  Lat=26.361290774° Lon=104.753497366° H=1545.8592m
  原始数据:
2025/11/16 10:43:16.000   26.361290774  104.753497366  1545.8592   2  25   0.0094   0.0173   0.0232   0.0038  -0.0080  -0.0070  10.00    1.2 8525734

[TCP数据流] 2025/11/16 18:43:00 - 浮点解 (25颗卫星)
  ECEF: X=-1456672.8382 Y=5531459.6257 Z=2815669.4328
  LLH:  Lat=26.361290756° Lon=104.753497371° H=1545.8578m
  原始数据:
2025/11/16 10:43:18.000   26.361290756  104.753497371  1545.8578   2  25   0.0094   0.0173   0.0232   0.0038  -0.0080  -0.0070  12.00    1.0 8525734

[TCP数据流] 2025/11/16 18:43:01 - 浮点解 (25颗卫星)
  ECEF: X=-1456672.8387 Y=5531459.6250 Z=2815669.4303
  LLH:  Lat=26.361290738° Lon=104.753497378° H=1545.8562m
  原始数据:
2025/11/16 10:43:19.000   26.361290738  104.753497378  1545.8562   2  25   0.0094   0.0173   0.0232   0.0038  -0.0080  -0.0070  13.00    1.4 8525734

[TCP数据流] 2025/11/16 18:43:02 - 浮点解 (25颗卫星)
  ECEF: X=-1456672.8391 Y=5531459.6243 Z=2815669.4279
  LLH:  Lat=26.361290721° Lon=104.753497384° H=1545.8546m
  原始数据:
2025/11/16 10:43:20.000   26.361290721  104.753497384  1545.8546   2  25   0.0094   0.0173   0.0232   0.0038  -0.0080  -0.0070  14.00    1.4 8525734

[TCP数据流] 2025/11/16 18:43:03 - 浮点解 (25颗卫星)
  ECEF: X=-1456672.8395 Y=5531459.6236 Z=2815669.4254
  LLH:  Lat=26.361290703° Lon=104.753497389° H=1545.8530m
  原始数据:
2025/11/16 10:43:21.000   26.361290703  104.753497389  1545.8530   2  25   0.0094   0.0173   0.0232   0.0038  -0.0080  -0.0070  15.00    1.2 8525734

[TCP数据流] 2025/11/16 18:43:04 - 浮点解 (20颗卫星)
  ECEF: X=-1456672.8400 Y=5531459.6229 Z=2815669.4235
  LLH:  Lat=26.361290690° Lon=104.753497396° H=1545.8516m
  原始数据:
2025/11/16 10:43:22.000   26.361290690  104.753497396  1545.8516   2  20   0.0094   0.0173   0.0232   0.0038  -0.0080  -0.0070  16.00    1.0 8525734

[TCP数据流] 2025/11/16 18:43:05 - 浮点解 (25颗卫星)
  ECEF: X=-1456672.8405 Y=5531459.6220 Z=2815669.4211
  LLH:  Lat=26.361290673° Lon=104.753497403° H=1545.8499m
  原始数据:
2025/11/16 10:43:23.000   26.361290673  104.753497403  1545.8499   2  25   0.0094   0.0173   0.0232   0.0038  -0.0080  -0.0070  17.00    1.1 8525734

[TCP数据流] 2025/11/16 18:43:06 - 浮点解 (25颗卫星)
  ECEF: X=-1456672.8408 Y=5531459.6213 Z=2815669.4187
  LLH:  Lat=26.361290656° Lon=104.753497408° H=1545.8483m
  原始数据:
2025/11/16 10:43:24.000   26.361290656  104.753497408  1545.8483   2  25   0.0094   0.0173   0.0232   0.0038  -0.0080  -0.0070  18.00    1.1 8525734

[TCP数据流] 2025/11/16 18:43:07 - 浮点解 (25颗卫星)
  ECEF: X=-1456672.8412 Y=5531459.6204 Z=2815669.4162
  LLH:  Lat=26.361290639° Lon=104.753497414° H=1545.8465m
  原始数据:
2025/11/16 10:43:25.000   26.361290639  104.753497414  1545.8465   2  25   0.0094   0.0173   0.0232   0.0038  -0.0080  -0.0070  19.00    1.0 8525734

[TCP数据流] 2025/11/16 18:43:08 - 浮点解 (25颗卫星)
  ECEF: X=-1456672.8415 Y=5531459.6197 Z=2815669.4138
  LLH:  Lat=26.361290622° Lon=104.753497419° H=1545.8449m
  原始数据:
2025/11/16 10:43:26.000   26.361290622  104.753497419  1545.8449   2  25   0.0094   0.0173   0.0232   0.0038  -0.0080  -0.0070  20.00    1.0 8525734

[TCP数据流] 2025/11/16 18:43:09 - 浮点解 (25颗卫星)
  ECEF: X=-1456672.8418 Y=5531459.6188 Z=2815669.4113
  LLH:  Lat=26.361290605° Lon=104.753497424° H=1545.8431m
  原始数据:
2025/11/16 10:43:27.000   26.361290605  104.753497424  1545.8431   2  25   0.0094   0.0172   0.0232   0.0038  -0.0079  -0.0070  21.00    1.2 8525734

[TCP数据流] 2025/11/16 18:43:10 - 浮点解 (25颗卫星)
  ECEF: X=-1456672.8423 Y=5531459.6179 Z=2815669.4088
  LLH:  Lat=26.361290588° Lon=104.753497431° H=1545.8413m
  原始数据:
2025/11/16 10:43:28.000   26.361290588  104.753497431  1545.8413   2  25   0.0094   0.0172   0.0232   0.0038  -0.0079  -0.0070  22.00    1.0 8525734

[TCP数据流] 2025/11/16 18:43:11 - 浮点解 (25颗卫星)
  ECEF: X=-1456672.8426 Y=5531459.6171 Z=2815669.4064
  LLH:  Lat=26.361290571° Lon=104.753497436° H=1545.8396m
  原始数据:
2025/11/16 10:43:29.000   26.361290571  104.753497436  1545.8396   2  25   0.0094   0.0172   0.0232   0.0038  -0.0079  -0.0070  23.00    1.0 8525734

[TCP数据流] 2025/11/16 18:43:12 - 浮点解 (25颗卫星)
  ECEF: X=-1456672.8431 Y=5531459.6162 Z=2815669.4039
  LLH:  Lat=26.361290554° Lon=104.753497443° H=1545.8378m
  原始数据:
2025/11/16 10:43:30.000   26.361290554  104.753497443  1545.8378   2  25   0.0094   0.0172   0.0232   0.0038  -0.0079  -0.0070  24.00    1.0 8525734

[TCP数据流] 2025/11/16 18:43:13 - 浮点解 (25颗卫星)
  ECEF: X=-1456672.8433 Y=5531459.6154 Z=2815669.4015
  LLH:  Lat=26.361290537° Lon=104.753497447° H=1545.8361m
  原始数据:
2025/11/16 10:43:31.000   26.361290537  104.753497447  1545.8361   2  25   0.0094   0.0172   0.0232   0.0038  -0.0079  -0.0070  25.00    1.1 8525734

[TCP数据流] 2025/11/16 18:43:14 - 浮点解 (20颗卫星)
  ECEF: X=-1456672.8436 Y=5531459.6146 Z=2815669.3994
  LLH:  Lat=26.361290523° Lon=104.753497452° H=1545.8345m
  原始数据:
2025/11/16 10:43:32.000   26.361290523  104.753497452  1545.8345   2  20   0.0094   0.0172   0.0232   0.0038  -0.0079  -0.0070  26.00    1.0 8525734

[TCP数据流] 2025/11/16 18:43:15 - 浮点解 (25颗卫星)
  ECEF: X=-1456672.8439 Y=5531459.6137 Z=2815669.3970
  LLH:  Lat=26.361290507° Lon=104.753497457° H=1545.8327m
  原始数据:
2025/11/16 10:43:33.000   26.361290507  104.753497457  1545.8327   2  25   0.0094   0.0172   0.0232   0.0038  -0.0079  -0.0070  27.00    1.0 8525734

[TCP数据流] 2025/11/16 18:43:16 - 浮点解 (25颗卫星)
  ECEF: X=-1456672.8443 Y=5531459.6127 Z=2815669.3945
  LLH:  Lat=26.361290490° Lon=104.753497464° H=1545.8309m
  原始数据:
2025/11/16 10:43:34.000   26.361290490  104.753497464  1545.8309   2  25   0.0094   0.0172   0.0232   0.0038  -0.0079  -0.0070  28.00    1.1 8525734

[TCP数据流] 2025/11/16 18:43:17 - 浮点解 (25颗卫星)
  ECEF: X=-1456672.8448 Y=5531459.6116 Z=2815669.3920
  LLH:  Lat=26.361290474° Lon=104.753497471° H=1545.8289m
  原始数据:
2025/11/16 10:43:35.000   26.361290474  104.753497471  1545.8289   2  25   0.0094   0.0172   0.0232   0.0038  -0.0079  -0.0070  29.00    1.1 8525734

[TCP数据流] 2025/11/16 18:43:18 - 浮点解 (25颗卫星)
  ECEF: X=-1456672.8450 Y=5531459.6107 Z=2815669.3895
  LLH:  Lat=26.361290457° Lon=104.753497475° H=1545.8271m
  原始数据:
2025/11/16 10:43:36.000   26.361290457  104.753497475  1545.8271   2  25   0.0094   0.0172   0.0232   0.0038  -0.0079  -0.0070  30.00    1.1 8525734

[TCP数据流] 2025/11/16 18:44:06 - 浮点解 (30颗卫星)
  ECEF: X=-1456672.8458 Y=5531459.6228 Z=2815669.3694
  LLH:  Lat=26.361290247° Lon=104.753497453° H=1545.8288m
  原始数据:
2025/11/16 10:44:24.000   26.361290247  104.753497453  1545.8288   2  30   0.0094   0.0172   0.0232   0.0038  -0.0079  -0.0070   0.00    1.2 8525734

[TCP数据流] 2025/11/16 18:44:07 - 浮点解 (30颗卫星)
  ECEF: X=-1456672.8467 Y=5531459.6333 Z=2815669.3516
  LLH:  Lat=26.361290061° Lon=104.753497434° H=1545.8302m
  原始数据:
2025/11/16 10:44:25.000   26.361290061  104.753497434  1545.8302   2  30   0.0094   0.0172   0.0232   0.0038  -0.0079  -0.0070   0.00    1.8 8525734

[TCP数据流] 2025/11/16 18:44:08 - 浮点解 (30颗卫星)
  ECEF: X=-1456672.8474 Y=5531459.6426 Z=2815669.3355
  LLH:  Lat=26.361289894° Lon=104.753497417° H=1545.8313m
  原始数据:
2025/11/16 10:44:26.000   26.361289894  104.753497417  1545.8313   2  30   0.0094   0.0172   0.0232   0.0038  -0.0079  -0.0070   0.00    2.5 8525734

[TCP数据流] 2025/11/16 18:44:09 - 浮点解 (30颗卫星)
  ECEF: X=-1456672.8480 Y=5531459.6508 Z=2815669.3206
  LLH:  Lat=26.361289742° Lon=104.753497402° H=1545.8319m
  原始数据:
2025/11/16 10:44:27.000   26.361289742  104.753497402  1545.8319   2  30   0.0094   0.0172   0.0231   0.0038  -0.0079  -0.0070   0.00    2.2 8525734

[TCP数据流] 2025/11/16 18:44:10 - 浮点解 (30颗卫星)
  ECEF: X=-1456672.8485 Y=5531459.6581 Z=2815669.3070
  LLH:  Lat=26.361289603° Lon=104.753497389° H=1545.8323m
  原始数据:
2025/11/16 10:44:28.000   26.361289603  104.753497389  1545.8323   2  30   0.0094   0.0172   0.0231   0.0038  -0.0079  -0.0070   0.00    1.1 8525734

[TCP数据流] 2025/11/16 18:44:11 - 浮点解 (30颗卫星)
  ECEF: X=-1456672.8491 Y=5531459.6641 Z=2815669.2945
  LLH:  Lat=26.361289478° Lon=104.753497379° H=1545.8321m
  原始数据:
2025/11/16 10:44:29.000   26.361289478  104.753497379  1545.8321   2  30   0.0094   0.0171   0.0231   0.0038  -0.0079  -0.0070   1.00    1.0 8525734

[TCP数据流] 2025/11/16 18:44:12 - 浮点解 (30颗卫星)
  ECEF: X=-1456672.8496 Y=5531459.6688 Z=2815669.2837
  LLH:  Lat=26.361289372° Lon=104.753497372° H=1545.8315m
  原始数据:
2025/11/16 10:44:30.000   26.361289372  104.753497372  1545.8315   2  30   0.0094   0.0171   0.0231   0.0038  -0.0079  -0.0070   2.00    1.1 8525734

[TCP数据流] 2025/11/16 18:44:13 - 浮点解 (30颗卫星)
  ECEF: X=-1456672.8500 Y=5531459.6721 Z=2815669.2744
  LLH:  Lat=26.361289283° Lon=104.753497367° H=1545.8303m
  原始数据:
2025/11/16 10:44:31.000   26.361289283  104.753497367  1545.8303   2  30   0.0094   0.0171   0.0231   0.0038  -0.0079  -0.0070   3.00    1.1 8525734

[TCP数据流] 2025/11/16 18:44:14 - 浮点解 (30颗卫星)
  ECEF: X=-1456672.8501 Y=5531459.6743 Z=2815669.2663
  LLH:  Lat=26.361289209° Lon=104.753497363° H=1545.8287m
  原始数据:
2025/11/16 10:44:32.000   26.361289209  104.753497363  1545.8287   2  30   0.0093   0.0171   0.0231   0.0038  -0.0079  -0.0070   4.00    1.1 8525734

[TCP数据流] 2025/11/16 18:44:15 - 浮点解 (30颗卫星)
  ECEF: X=-1456672.8505 Y=5531459.6757 Z=2815669.2592
  LLH:  Lat=26.361289146° Lon=104.753497363° H=1545.8268m
  原始数据:
2025/11/16 10:44:33.000   26.361289146  104.753497363  1545.8268   2  30   0.0093   0.0171   0.0231   0.0038  -0.0079  -0.0070   5.00    1.1 8525734

[TCP数据流] 2025/11/16 18:44:17 - 浮点解 (30颗卫星)
  ECEF: X=-1456672.8509 Y=5531459.6760 Z=2815669.2533
  LLH:  Lat=26.361289097° Lon=104.753497366° H=1545.8245m
  原始数据:
2025/11/16 10:44:35.000   26.361289097  104.753497366  1545.8245   2  30   0.0093   0.0171   0.0231   0.0038  -0.0079  -0.0070   7.00    1.1 8525734

[TCP数据流] 2025/11/16 18:44:19 - 浮点解 (30颗卫星)
  ECEF: X=-1456672.8514 Y=5531459.6762 Z=2815669.2485
  LLH:  Lat=26.361289057° Lon=104.753497370° H=1545.8227m
  原始数据:
2025/11/16 10:44:37.000   26.361289057  104.753497370  1545.8227   2  30   0.0093   0.0171   0.0231   0.0038  -0.0079  -0.0070   9.00    1.0 8525734

[TCP数据流] 2025/11/16 18:44:20 - 浮点解 (30颗卫星)
  ECEF: X=-1456672.8519 Y=5531459.6763 Z=2815669.2441
  LLH:  Lat=26.361289020° Lon=104.753497375° H=1545.8209m
  原始数据:
2025/11/16 10:44:38.000   26.361289020  104.753497375  1545.8209   2  30   0.0093   0.0171   0.0231   0.0038  -0.0079  -0.0070  10.00    1.1 8525734

[TCP数据流] 2025/11/16 18:44:21 - 浮点解 (31颗卫星)
  ECEF: X=-1456672.8534 Y=5531459.6847 Z=2815669.2340
  LLH:  Lat=26.361288904° Lon=104.753497368° H=1545.8241m
  原始数据:
2025/11/16 10:44:39.000   26.361288904  104.753497368  1545.8241   2  31   0.0093   0.0171   0.0231   0.0038  -0.0079  -0.0070   0.00    1.0 8525734

[TCP数据流] 2025/11/16 18:44:23 - 浮点解 (31颗卫星)
  ECEF: X=-1456672.8546 Y=5531459.6909 Z=2815669.2250
  LLH:  Lat=26.361288806° Lon=104.753497364° H=1545.8257m
  原始数据:
2025/11/16 10:44:41.000   26.361288806  104.753497364  1545.8257   2  31   0.0093   0.0171   0.0231   0.0038  -0.0079  -0.0070   2.00    1.0 8525734

[TCP数据流] 2025/11/16 18:44:24 - 浮点解 (31颗卫星)
  ECEF: X=-1456672.8557 Y=5531459.6954 Z=2815669.2169
  LLH:  Lat=26.361288722° Lon=104.753497363° H=1545.8263m
  原始数据:
2025/11/16 10:44:42.000   26.361288722  104.753497363  1545.8263   2  31   0.0093   0.0171   0.0231   0.0038  -0.0079  -0.0070   3.00    1.1 8525734

[TCP数据流] 2025/11/16 18:44:25 - 浮点解 (31颗卫星)
  ECEF: X=-1456672.8567 Y=5531459.6988 Z=2815669.2097
  LLH:  Lat=26.361288650° Lon=104.753497364° H=1545.8262m
  原始数据:
2025/11/16 10:44:43.000   26.361288650  104.753497364  1545.8262   2  31   0.0093   0.0171   0.0231   0.0038  -0.0079  -0.0070   4.00    1.1 8525734

[TCP数据流] 2025/11/16 18:44:29 - 浮点解 (31颗卫星)
  ECEF: X=-1456672.8575 Y=5531459.6991 Z=2815669.2044
  LLH:  Lat=26.361288605° Lon=104.753497371° H=1545.8243m
  原始数据:
2025/11/16 10:44:47.000   26.361288605  104.753497371  1545.8243   2  31   0.0093   0.0171   0.0231   0.0038  -0.0079  -0.0070   8.00    1.3 8525734

[TCP数据流] 2025/11/16 18:44:30 - 浮点解 (31颗卫星)
  ECEF: X=-1456672.8582 Y=5531459.6992 Z=2815669.1994
  LLH:  Lat=26.361288563° Lon=104.753497378° H=1545.8224m
  原始数据:
2025/11/16 10:44:48.000   26.361288563  104.753497378  1545.8224   2  31   0.0093   0.0171   0.0231   0.0038  -0.0079  -0.0070   9.00    1.0 8525734

[TCP数据流] 2025/11/16 18:44:31 - 浮点解 (31颗卫星)
  ECEF: X=-1456672.8592 Y=5531459.6990 Z=2815669.1946
  LLH:  Lat=26.361288524° Lon=104.753497388° H=1545.8203m
  原始数据:
2025/11/16 10:44:49.000   26.361288524  104.753497388  1545.8203   2  31   0.0093   0.0170   0.0230   0.0038  -0.0079  -0.0070  10.00    1.0 8525734

[TCP数据流] 2025/11/16 18:44:36 - 浮点解 (25颗卫星)
  ECEF: X=-1456672.8599 Y=5531459.6975 Z=2815669.1911
  LLH:  Lat=26.361288501° Lon=104.753497398° H=1545.8176m
  原始数据:
2025/11/16 10:44:54.000   26.361288501  104.753497398  1545.8176   2  25   0.0093   0.0170   0.0230   0.0038  -0.0079  -0.0070  15.00    1.0 8525734

[TCP数据流] 2025/11/16 18:44:38 - 浮点解 (31颗卫星)
  ECEF: X=-1456672.8609 Y=5531459.6965 Z=2815669.1870
  LLH:  Lat=26.361288471° Lon=104.753497411° H=1545.8151m
  原始数据:
2025/11/16 10:44:56.000   26.361288471  104.753497411  1545.8151   2  31   0.0093   0.0170   0.0230   0.0038  -0.0079  -0.0070  17.00    1.0 8525734

[TCP数据流] 2025/11/16 18:44:39 - 浮点解 (31颗卫星)
  ECEF: X=-1456672.8620 Y=5531459.6954 Z=2815669.1830
  LLH:  Lat=26.361288442° Lon=104.753497424° H=1545.8127m
  原始数据:
2025/11/16 10:44:57.000   26.361288442  104.753497424  1545.8127   2  31   0.0093   0.0170   0.0230   0.0038  -0.0079  -0.0070  18.00    1.0 8525734

[TCP数据流] 2025/11/16 18:44:40 - 浮点解 (31颗卫星)
  ECEF: X=-1456672.8634 Y=5531459.6940 Z=2815669.1791
  LLH:  Lat=26.361288414° Lon=104.753497441° H=1545.8100m
  原始数据:
2025/11/16 10:44:58.000   26.361288414  104.753497441  1545.8100   2  31   0.0093   0.0170   0.0230   0.0038  -0.0079  -0.0070  19.00    1.0 8525734

[TCP数据流] 2025/11/16 18:44:41 - 浮点解 (31颗卫星)
  ECEF: X=-1456672.8648 Y=5531459.6926 Z=2815669.1752
  LLH:  Lat=26.361288387° Lon=104.753497458° H=1545.8074m
  原始数据:
2025/11/16 10:44:59.000   26.361288387  104.753497458  1545.8074   2  31   0.0093   0.0170   0.0230   0.0038  -0.0079  -0.0070  20.00    1.0 8525734

[TCP数据流] 2025/11/16 18:44:42 - 浮点解 (31颗卫星)
  ECEF: X=-1456672.8658 Y=5531459.6913 Z=2815669.1714
  LLH:  Lat=26.361288360° Lon=104.753497471° H=1545.8048m
  原始数据:
2025/11/16 10:45:00.000   26.361288360  104.753497471  1545.8048   2  31   0.0093   0.0170   0.0230   0.0038  -0.0079  -0.0070  21.00    1.0 8525734

[TCP数据流] 2025/11/16 18:44:43 - 浮点解 (31颗卫星)
  ECEF: X=-1456672.8672 Y=5531459.6898 Z=2815669.1677
  LLH:  Lat=26.361288334° Lon=104.753497489° H=1545.8022m
  原始数据:
2025/11/16 10:45:01.000   26.361288334  104.753497489  1545.8022   2  31   0.0093   0.0170   0.0230   0.0038  -0.0079  -0.0070  22.00    1.0 8525734

[TCP数据流] 2025/11/16 18:44:44 - 浮点解 (31颗卫星)
  ECEF: X=-1456672.8687 Y=5531459.6882 Z=2815669.1640
  LLH:  Lat=26.361288309° Lon=104.753497507° H=1545.7995m
  原始数据:
2025/11/16 10:45:02.000   26.361288309  104.753497507  1545.7995   2  31   0.0093   0.0170   0.0230   0.0038  -0.0079  -0.0070  23.00    1.0 8525734

[TCP数据流] 2025/11/16 18:44:45 - 浮点解 (31颗卫星)
  ECEF: X=-1456672.8701 Y=5531459.6866 Z=2815669.1601
  LLH:  Lat=26.361288283° Lon=104.753497525° H=1545.7967m
  原始数据:
2025/11/16 10:45:03.000   26.361288283  104.753497525  1545.7967   2  31   0.0093   0.0170   0.0230   0.0038  -0.0079  -0.0070  24.00    1.0 8525734

[TCP数据流] 2025/11/16 18:44:46 - 浮点解 (31颗卫星)
  ECEF: X=-1456672.8715 Y=5531459.6850 Z=2815669.1565
  LLH:  Lat=26.361288258° Lon=104.753497543° H=1545.7941m
  原始数据:
2025/11/16 10:45:04.000   26.361288258  104.753497543  1545.7941   2  31   0.0093   0.0170   0.0230   0.0038  -0.0079  -0.0069  25.00    1.0 8525734

[TCP数据流] 2025/11/16 18:44:47 - 浮点解 (31颗卫星)
  ECEF: X=-1456672.8729 Y=5531459.6834 Z=2815669.1528
  LLH:  Lat=26.361288233° Lon=104.753497560° H=1545.7913m
  原始数据:
2025/11/16 10:45:05.000   26.361288233  104.753497560  1545.7913   2  31   0.0093   0.0170   0.0230   0.0038  -0.0079  -0.0069  26.00    1.0 8525734

[TCP数据流] 2025/11/16 18:44:48 - 浮点解 (31颗卫星)
  ECEF: X=-1456672.8743 Y=5531459.6817 Z=2815669.1492
  LLH:  Lat=26.361288209° Lon=104.753497578° H=1545.7886m
  原始数据:
2025/11/16 10:45:06.000   26.361288209  104.753497578  1545.7886   2  31   0.0093   0.0170   0.0230   0.0038  -0.0079  -0.0069  27.00    1.0 8525734

[TCP数据流] 2025/11/16 18:44:49 - 浮点解 (31颗卫星)
  ECEF: X=-1456672.8757 Y=5531459.6802 Z=2815669.1456
  LLH:  Lat=26.361288184° Lon=104.753497596° H=1545.7860m
  原始数据:
2025/11/16 10:45:07.000   26.361288184  104.753497596  1545.7860   2  31   0.0093   0.0170   0.0230   0.0038  -0.0079  -0.0069  28.00    1.0 8525734

[TCP数据流] 2025/11/16 18:44:51 - 浮点解 (31颗卫星)
  ECEF: X=-1456672.8771 Y=5531459.6787 Z=2815669.1420
  LLH:  Lat=26.361288160° Lon=104.753497613° H=1545.7834m
  原始数据:
2025/11/16 10:45:09.000   26.361288160  104.753497613  1545.7834   2  31   0.0093   0.0170   0.0230   0.0038  -0.0079  -0.0069  30.00    1.0 8525734

[TCP数据流] 2025/11/16 18:45:21 - 浮点解 (31颗卫星)
  ECEF: X=-1456672.8777 Y=5531459.6974 Z=2815669.1128
  LLH:  Lat=26.361287850° Lon=104.753497571° H=1545.7868m
  原始数据:
2025/11/16 10:45:39.000   26.361287850  104.753497571  1545.7868   2  31   0.0093   0.0170   0.0230   0.0038  -0.0079  -0.0069   0.00    1.2 8525734

[TCP数据流] 2025/11/16 18:45:22 - 浮点解 (31颗卫星)
  ECEF: X=-1456672.8780 Y=5531459.7151 Z=2815669.0854
  LLH:  Lat=26.361287560° Lon=104.753497529° H=1545.7901m
  原始数据:
2025/11/16 10:45:40.000   26.361287560  104.753497529  1545.7901   2  31   0.0093   0.0170   0.0230   0.0038  -0.0079  -0.0069   0.00    1.2 8525734

[TCP数据流] 2025/11/16 18:45:23 - 浮点解 (31颗卫星)
  ECEF: X=-1456672.8783 Y=5531459.7305 Z=2815669.0604
  LLH:  Lat=26.361287298° Lon=104.753497492° H=1545.7924m
  原始数据:
2025/11/16 10:45:41.000   26.361287298  104.753497492  1545.7924   2  31   0.0093   0.0169   0.0230   0.0037  -0.0079  -0.0069   1.00    1.0 8525734

[TCP数据流] 2025/11/16 18:45:24 - 浮点解 (23颗卫星)
  ECEF: X=-1456672.8717 Y=5531459.7303 Z=2815669.0447
  LLH:  Lat=26.361287179° Lon=104.753497429° H=1545.7837m
  原始数据:
2025/11/16 10:45:42.000   26.361287179  104.753497429  1545.7837   2  23   0.0093   0.0169   0.0230   0.0037  -0.0079  -0.0069   2.00    1.7 8525734

[TCP数据流] 2025/11/16 18:45:25 - 浮点解 (31颗卫星)
  ECEF: X=-1456672.8716 Y=5531459.7392 Z=2815669.0259
  LLH:  Lat=26.361286992° Lon=104.753497406° H=1545.7830m
  原始数据:
2025/11/16 10:45:43.000   26.361286992  104.753497406  1545.7830   2  31   0.0093   0.0169   0.0229   0.0037  -0.0079  -0.0069   3.00    1.4 8525734

[TCP数据流] 2025/11/16 18:45:26 - 浮点解 (25颗卫星)
  ECEF: X=-1456672.8703 Y=5531459.7437 Z=2815669.0150
  LLH:  Lat=26.361286888° Lon=104.753497381° H=1545.7818m
  原始数据:
2025/11/16 10:45:44.000   26.361286888  104.753497381  1545.7818   2  25   0.0093   0.0169   0.0229   0.0037  -0.0079  -0.0069   4.00    1.3 8525734

[TCP数据流] 2025/11/16 18:45:27 - 浮点解 (31颗卫星)
  ECEF: X=-1456672.8701 Y=5531459.7479 Z=2815669.0014
  LLH:  Lat=26.361286762° Lon=104.753497369° H=1545.7794m
  原始数据:
2025/11/16 10:45:45.000   26.361286762  104.753497369  1545.7794   2  31   0.0093   0.0169   0.0229   0.0037  -0.0079  -0.0069   5.00    1.0 8525734

[TCP数据流] 2025/11/16 18:45:28 - 浮点解 (31颗卫星)
  ECEF: X=-1456672.8701 Y=5531459.7505 Z=2815668.9898
  LLH:  Lat=26.361286658° Lon=104.753497362° H=1545.7765m
  原始数据:
2025/11/16 10:45:46.000   26.361286658  104.753497362  1545.7765   2  31   0.0093   0.0169   0.0229   0.0037  -0.0079  -0.0069   6.00    1.0 8525734

[TCP数据流] 2025/11/16 18:45:29 - 浮点解 (10颗卫星)
  ECEF: X=-1456672.8698 Y=5531459.7495 Z=2815668.9888
  LLH:  Lat=26.361286654° Lon=104.753497362° H=1545.7751m
  原始数据:
2025/11/16 10:45:47.000   26.361286654  104.753497362  1545.7751   2  10   0.0093   0.0169   0.0229   0.0037  -0.0079  -0.0069   7.00    1.4 8525734

[TCP数据流] 2025/11/16 18:45:30 - 浮点解 (31颗卫星)
  ECEF: X=-1456672.8700 Y=5531459.7506 Z=2815668.9798
  LLH:  Lat=26.361286577° Lon=104.753497361° H=1545.7721m
  原始数据:
2025/11/16 10:45:48.000   26.361286577  104.753497361  1545.7721   2  31   0.0093   0.0169   0.0229   0.0037  -0.0079  -0.0069   8.00    1.0 8525734

[TCP数据流] 2025/11/16 18:45:31 - 浮点解 (31颗卫星)
  ECEF: X=-1456672.8703 Y=5531459.7512 Z=2815668.9716
  LLH:  Lat=26.361286508° Lon=104.753497362° H=1545.7690m
  原始数据:
2025/11/16 10:45:49.000   26.361286508  104.753497362  1545.7690   2  31   0.0092   0.0169   0.0229   0.0037  -0.0079  -0.0069   9.00    1.0 8525734

[TCP数据流] 2025/11/16 18:45:32 - 浮点解 (31颗卫星)
  ECEF: X=-1456672.8707 Y=5531459.7514 Z=2815668.9642
  LLH:  Lat=26.361286447° Lon=104.753497366° H=1545.7660m
  原始数据:
2025/11/16 10:45:50.000   26.361286447  104.753497366  1545.7660   2  31   0.0092   0.0169   0.0229   0.0037  -0.0079  -0.0069  10.00    1.0 8525734

[TCP数据流] 2025/11/16 18:45:33 - 浮点解 (23颗卫星)
  ECEF: X=-1456672.8698 Y=5531459.7501 Z=2815668.9593
  LLH:  Lat=26.361286413° Lon=104.753497360° H=1545.7625m
  原始数据:
2025/11/16 10:45:51.000   26.361286413  104.753497360  1545.7625   2  23   0.0092   0.0169   0.0229   0.0037  -0.0079  -0.0069  11.00    1.1 8525734

[TCP数据流] 2025/11/16 18:45:34 - 浮点解 (31颗卫星)
  ECEF: X=-1456672.8705 Y=5531459.7496 Z=2815668.9528
  LLH:  Lat=26.361286362° Lon=104.753497368° H=1545.7594m
  原始数据:
2025/11/16 10:45:52.000   26.361286362  104.753497368  1545.7594   2  31   0.0092   0.0169   0.0229   0.0037  -0.0079  -0.0069  12.00    1.0 8525734

[TCP数据流] 2025/11/16 18:45:35 - 浮点解 (31颗卫星)
  ECEF: X=-1456672.8712 Y=5531459.7490 Z=2815668.9468
  LLH:  Lat=26.361286315° Lon=104.753497377° H=1545.7563m
  原始数据:
2025/11/16 10:45:53.000   26.361286315  104.753497377  1545.7563   2  31   0.0092   0.0169   0.0229   0.0037  -0.0079  -0.0069  13.00    1.0 8525734

[TCP数据流] 2025/11/16 18:45:36 - 浮点解 (25颗卫星)
  ECEF: X=-1456672.8716 Y=5531459.7478 Z=2815668.9423
  LLH:  Lat=26.361286283° Lon=104.753497383° H=1545.7534m
  原始数据:
2025/11/16 10:45:54.000   26.361286283  104.753497383  1545.7534   2  25   0.0092   0.0169   0.0229   0.0037  -0.0079  -0.0069  14.00    1.0 8525734

[TCP数据流] 2025/11/16 18:45:37 - 浮点解 (23颗卫星)
  ECEF: X=-1456672.8712 Y=5531459.7462 Z=2815668.9384
  LLH:  Lat=26.361286258° Lon=104.753497384° H=1545.7502m
  原始数据:
2025/11/16 10:45:55.000   26.361286258  104.753497384  1545.7502   2  23   0.0092   0.0169   0.0229   0.0037  -0.0079  -0.0069  15.00    1.0 8525734

[TCP数据流] 2025/11/16 18:45:38 - 浮点解 (31颗卫星)
  ECEF: X=-1456672.8720 Y=5531459.7453 Z=2815668.9331
  LLH:  Lat=26.361286218° Lon=104.753497394° H=1545.7472m
  原始数据:
2025/11/16 10:45:56.000   26.361286218  104.753497394  1545.7472   2  31   0.0092   0.0168   0.0229   0.0037  -0.0079  -0.0069  16.00    1.0 8525734

[TCP数据流] 2025/11/16 18:45:39 - 浮点解 (31颗卫星)
  ECEF: X=-1456672.8728 Y=5531459.7441 Z=2815668.9281
  LLH:  Lat=26.361286181° Lon=104.753497405° H=1545.7441m
  原始数据:
2025/11/16 10:45:57.000   26.361286181  104.753497405  1545.7441   2  31   0.0092   0.0168   0.0229   0.0037  -0.0079  -0.0069  17.00    1.0 8525734

[TCP数据流] 2025/11/16 18:45:40 - 浮点解 (17颗卫星)
  ECEF: X=-1456672.8725 Y=5531459.7424 Z=2815668.9256
  LLH:  Lat=26.361286168° Lon=104.753497406° H=1545.7415m
  原始数据:
2025/11/16 10:45:58.000   26.361286168  104.753497406  1545.7415   2  17   0.0092   0.0168   0.0229   0.0037  -0.0079  -0.0069  18.00    1.1 8525734

[TCP数据流] 2025/11/16 18:45:41 - 浮点解 (31颗卫星)
  ECEF: X=-1456672.8735 Y=5531459.7411 Z=2815668.9209
  LLH:  Lat=26.361286134° Lon=104.753497419° H=1545.7385m
  原始数据:
2025/11/16 10:45:59.000   26.361286134  104.753497419  1545.7385   2  31   0.0092   0.0168   0.0229   0.0037  -0.0079  -0.0069  19.00    1.0 8525734

[TCP数据流] 2025/11/16 18:45:42 - 浮点解 (31颗卫星)
  ECEF: X=-1456672.8747 Y=5531459.7396 Z=2815668.9163
  LLH:  Lat=26.361286101° Lon=104.753497434° H=1545.7354m
  原始数据:
2025/11/16 10:46:00.000   26.361286101  104.753497434  1545.7354   2  31   0.0092   0.0168   0.0229   0.0037  -0.0079  -0.0069  20.00    1.0 8525734

[TCP数据流] 2025/11/16 18:45:43 - 浮点解 (31颗卫星)
  ECEF: X=-1456672.8756 Y=5531459.7383 Z=2815668.9118
  LLH:  Lat=26.361286069° Lon=104.753497446° H=1545.7325m
  原始数据:
2025/11/16 10:46:01.000   26.361286069  104.753497446  1545.7325   2  31   0.0092   0.0168   0.0229   0.0037  -0.0079  -0.0069  21.00    1.0 8525734

[TCP数据流] 2025/11/16 18:45:44 - 浮点解 (31颗卫星)
  ECEF: X=-1456672.8768 Y=5531459.7368 Z=2815668.9073
  LLH:  Lat=26.361286037° Lon=104.753497462° H=1545.7295m
  原始数据:
2025/11/16 10:46:02.000   26.361286037  104.753497462  1545.7295   2  31   0.0092   0.0168   0.0229   0.0037  -0.0079  -0.0069  22.00    1.0 8525734

[TCP数据流] 2025/11/16 18:45:45 - 浮点解 (31颗卫星)
  ECEF: X=-1456672.8780 Y=5531459.7355 Z=2815668.9030
  LLH:  Lat=26.361286006° Lon=104.753497477° H=1545.7267m
  原始数据:
2025/11/16 10:46:03.000   26.361286006  104.753497477  1545.7267   2  31   0.0092   0.0168   0.0229   0.0037  -0.0079  -0.0069  23.00    1.0 8525734

[TCP数据流] 2025/11/16 18:45:46 - 浮点解 (31颗卫星)
  ECEF: X=-1456672.8792 Y=5531459.7339 Z=2815668.8987
  LLH:  Lat=26.361285976° Lon=104.753497493° H=1545.7237m
  原始数据:
2025/11/16 10:46:04.000   26.361285976  104.753497493  1545.7237   2  31   0.0092   0.0168   0.0229   0.0037  -0.0079  -0.0069  24.00    1.0 8525734

[TCP数据流] 2025/11/16 18:45:47 - 浮点解 (31颗卫星)
  ECEF: X=-1456672.8804 Y=5531459.7325 Z=2815668.8945
  LLH:  Lat=26.361285947° Lon=104.753497508° H=1545.7209m
  原始数据:
2025/11/16 10:46:05.000   26.361285947  104.753497508  1545.7209   2  31   0.0092   0.0168   0.0229   0.0037  -0.0079  -0.0069  25.00    1.0 8525734

[TCP数据流] 2025/11/16 18:45:48 - 浮点解 (31颗卫星)
  ECEF: X=-1456672.8817 Y=5531459.7309 Z=2815668.8905
  LLH:  Lat=26.361285919° Lon=104.753497524° H=1545.7180m
  原始数据:
2025/11/16 10:46:06.000   26.361285919  104.753497524  1545.7180   2  31   0.0092   0.0168   0.0229   0.0037  -0.0079  -0.0069  26.00    1.1 8525734

[TCP数据流] 2025/11/16 18:45:49 - 浮点解 (31颗卫星)
  ECEF: X=-1456672.8831 Y=5531459.7295 Z=2815668.8864
  LLH:  Lat=26.361285890° Lon=104.753497542° H=1545.7153m
  原始数据:
2025/11/16 10:46:07.000   26.361285890  104.753497542  1545.7153   2  31   0.0092   0.0168   0.0229   0.0037  -0.0079  -0.0069  27.00    1.0 8525734

[TCP数据流] 2025/11/16 18:45:50 - 浮点解 (31颗卫星)
  ECEF: X=-1456672.8846 Y=5531459.7280 Z=2815668.8825
  LLH:  Lat=26.361285863° Lon=104.753497560° H=1545.7126m
  原始数据:
2025/11/16 10:46:08.000   26.361285863  104.753497560  1545.7126   2  31   0.0092   0.0168   0.0229   0.0037  -0.0079  -0.0069  28.00    1.1 8525734

[TCP数据流] 2025/11/16 18:45:51 - 浮点解 (31颗卫星)
  ECEF: X=-1456672.8861 Y=5531459.7263 Z=2815668.8784
  LLH:  Lat=26.361285835° Lon=104.753497579° H=1545.7097m
  原始数据:
2025/11/16 10:46:09.000   26.361285835  104.753497579  1545.7097   2  31   0.0092   0.0168   0.0229   0.0037  -0.0079  -0.0069  29.00    1.1 8525734

[TCP数据流] 2025/11/16 18:45:52 - 浮点解 (17颗卫星)
  ECEF: X=-1456672.8867 Y=5531459.7244 Z=2815668.8764
  LLH:  Lat=26.361285825° Lon=104.753497589° H=1545.7073m
  原始数据:
2025/11/16 10:46:10.000   26.361285825  104.753497589  1545.7073   2  17   0.0092   0.0168   0.0229   0.0037  -0.0079  -0.0069  30.00    1.1 8525734

[TCP数据流] 2025/11/16 18:46:16 - 浮点解 (23颗卫星)
  ECEF: X=-1456672.8730 Y=5531459.7252 Z=2815668.8436
  LLH:  Lat=26.361285571° Lon=104.753497455° H=1545.6903m
  原始数据:
2025/11/16 10:46:34.000   26.361285571  104.753497455  1545.6903   2  23   0.0092   0.0168   0.0228   0.0037  -0.0079  -0.0069   0.00    1.1 8525734

[TCP数据流] 2025/11/16 18:46:17 - 浮点解 (30颗卫星)
  ECEF: X=-1456672.8736 Y=5531459.7578 Z=2815668.8005
  LLH:  Lat=26.361285096° Lon=104.753497377° H=1545.6995m
  原始数据:
2025/11/16 10:46:35.000   26.361285096  104.753497377  1545.6995   2  30   0.0092   0.0167   0.0228   0.0037  -0.0079  -0.0069   0.00    1.1 8525734

[TCP数据流] 2025/11/16 18:46:18 - 浮点解 (23颗卫星)
  ECEF: X=-1456672.8610 Y=5531459.7580 Z=2815668.7710
  LLH:  Lat=26.361284869° Lon=104.753497255° H=1545.6837m
  原始数据:
2025/11/16 10:46:36.000   26.361284869  104.753497255  1545.6837   2  23   0.0092   0.0167   0.0228   0.0037  -0.0079  -0.0069   0.00    1.2 8525734

[TCP数据流] 2025/11/16 18:46:20 - 浮点解 (23颗卫星)
  ECEF: X=-1456672.8764 Y=5531459.7921 Z=2815668.7444
  LLH:  Lat=26.361284506° Lon=104.753497317° H=1545.7050m
  原始数据:
2025/11/16 10:46:38.000   26.361284506  104.753497317  1545.7050   2  23   0.0092   0.0167   0.0227   0.0037  -0.0079  -0.0068   1.00    1.1 8525734

[TCP数据流] 2025/11/16 18:46:21 - 浮点解 (23颗卫星)
  ECEF: X=-1456672.8646 Y=5531459.7908 Z=2815668.7192
  LLH:  Lat=26.361284319° Lon=104.753497206° H=1545.6900m
  原始数据:
2025/11/16 10:46:39.000   26.361284319  104.753497206  1545.6900   2  23   0.0092   0.0167   0.0227   0.0037  -0.0079  -0.0069   2.00    1.1 8525734

[TCP数据流] 2025/11/16 18:46:24 - 浮点解 (30颗卫星)
  ECEF: X=-1456672.8630 Y=5531459.7987 Z=2815668.6964
  LLH:  Lat=26.361284106° Lon=104.753497170° H=1545.6863m
  原始数据:
2025/11/16 10:46:42.000   26.361284106  104.753497170  1545.6863   2  30   0.0092   0.0167   0.0227   0.0037  -0.0079  -0.0068   5.00    1.0 8525734

[TCP数据流] 2025/11/16 18:46:25 - 浮点解 (30颗卫星)
  ECEF: X=-1456672.8618 Y=5531459.8039 Z=2815668.6773
  LLH:  Lat=26.361283933° Lon=104.753497145° H=1545.6821m
  原始数据:
2025/11/16 10:46:43.000   26.361283933  104.753497145  1545.6821   2  30   0.0092   0.0167   0.0227   0.0037  -0.0079  -0.0068   6.00    1.0 8525734

[TCP数据流] 2025/11/16 18:46:26 - 浮点解 (24颗卫星)
  ECEF: X=-1456672.8598 Y=5531459.8065 Z=2815668.6657
  LLH:  Lat=26.361283831° Lon=104.753497119° H=1545.6787m
  原始数据:
2025/11/16 10:46:44.000   26.361283831  104.753497119  1545.6787   2  24   0.0091   0.0167   0.0227   0.0037  -0.0079  -0.0068   7.00    1.1 8525734

[TCP数据流] 2025/11/16 18:46:31 - 浮点解 (24颗卫星)
  ECEF: X=-1456672.8593 Y=5531459.8055 Z=2815668.6584
  LLH:  Lat=26.361283776° Lon=104.753497117° H=1545.6745m
  原始数据:
2025/11/16 10:46:49.000   26.361283776  104.753497117  1545.6745   2  24   0.0091   0.0167   0.0227   0.0037  -0.0079  -0.0068  12.00    1.1 8525734

[TCP数据流] 2025/11/16 18:46:33 - 浮点解 (30颗卫星)
  ECEF: X=-1456672.8592 Y=5531459.8042 Z=2815668.6499
  LLH:  Lat=26.361283713° Lon=104.753497119° H=1545.6696m
  原始数据:
2025/11/16 10:46:51.000   26.361283713  104.753497119  1545.6696   2  30   0.0091   0.0167   0.0227   0.0037  -0.0079  -0.0068  14.00    1.0 8525734

[TCP数据流] 2025/11/16 18:46:36 - 浮点解 (17颗卫星)
  ECEF: X=-1456672.8579 Y=5531459.8019 Z=2815668.6465
  LLH:  Lat=26.361283696° Lon=104.753497113° H=1545.6658m
  原始数据:
2025/11/16 10:46:54.000   26.361283696  104.753497113  1545.6658   2  17   0.0091   0.0167   0.0227   0.0037  -0.0079  -0.0068  17.00    1.0 8525734

[TCP数据流] 2025/11/16 18:46:37 - 浮点解 (24颗卫星)
  ECEF: X=-1456672.8581 Y=5531459.8002 Z=2815668.6413
  LLH:  Lat=26.361283660° Lon=104.753497119° H=1545.6620m
  原始数据:
2025/11/16 10:46:55.000   26.361283660  104.753497119  1545.6620   2  24   0.0091   0.0167   0.0227   0.0037  -0.0079  -0.0068  18.00    1.0 8525734

[TCP数据流] 2025/11/16 18:46:38 - 浮点解 (16颗卫星)
  ECEF: X=-1456672.8582 Y=5531459.7994 Z=2815668.6388
  LLH:  Lat=26.361283643° Lon=104.753497122° H=1545.6603m
  原始数据:
2025/11/16 10:46:56.000   26.361283643  104.753497122  1545.6603   2  16   0.0091   0.0167   0.0227   0.0037  -0.0079  -0.0068  19.00    1.0 8525734

[TCP数据流] 2025/11/16 18:46:40 - 浮点解 (23颗卫星)
  ECEF: X=-1456672.8578 Y=5531459.7974 Z=2815668.6346
  LLH:  Lat=26.361283617° Lon=104.753497123° H=1545.6566m
  原始数据:
2025/11/16 10:46:58.000   26.361283617  104.753497123  1545.6566   2  23   0.0091   0.0167   0.0227   0.0037  -0.0079  -0.0068  21.00    1.0 8525734

[TCP数据流] 2025/11/16 18:46:42 - 浮点解 (17颗卫星)
  ECEF: X=-1456672.8726 Y=5531459.8323 Z=2815668.6197
  LLH:  Lat=26.361283346° Lon=104.753497178° H=1545.6836m
  原始数据:
2025/11/16 10:47:00.000   26.361283346  104.753497178  1545.6836   2  17   0.0091   0.0167   0.0226   0.0037  -0.0079  -0.0068   0.00    1.2 8525734

[TCP数据流] 2025/11/16 18:46:43 - 浮点解 (25颗卫星)
  ECEF: X=-1456672.8679 Y=5531459.8585 Z=2815668.5897
  LLH:  Lat=26.361283007° Lon=104.753497065° H=1545.6919m
  原始数据:
2025/11/16 10:47:01.000   26.361283007  104.753497065  1545.6919   2  25   0.0091   0.0166   0.0226   0.0037  -0.0079  -0.0068   0.00    1.0 8525734

[TCP数据流] 2025/11/16 18:46:44 - 浮点解 (23颗卫星)
  ECEF: X=-1456672.8851 Y=5531459.8961 Z=2815668.5579
  LLH:  Lat=26.361282586° Lon=104.753497136° H=1545.7143m
  原始数据:
2025/11/16 10:47:02.000   26.361282586  104.753497136  1545.7143   2  23   0.0091   0.0166   0.0226   0.0037  -0.0079  -0.0068   0.00    1.3 8525734

[TCP数据流] 2025/11/16 18:46:45 - 浮点解 (24颗卫星)
  ECEF: X=-1456672.8703 Y=5531459.8950 Z=2815668.5252
  LLH:  Lat=26.361282342° Lon=104.753496995° H=1545.6954m
  原始数据:
2025/11/16 10:47:03.000   26.361282342  104.753496995  1545.6954   2  24   0.0091   0.0166   0.0225   0.0037  -0.0079  -0.0068   1.00    2.4 8525734

[TCP数据流] 2025/11/16 18:46:46 - 浮点解 (24颗卫星)
  ECEF: X=-1456672.8569 Y=5531459.8934 Z=2815668.4968
  LLH:  Lat=26.361282132° Lon=104.753496870° H=1545.6784m
  原始数据:
2025/11/16 10:47:04.000   26.361282132  104.753496870  1545.6784   2  24   0.0091   0.0166   0.0225   0.0036  -0.0079  -0.0068   2.00    2.5 8525734

[TCP数据流] 2025/11/16 18:46:47 - 浮点解 (23颗卫星)
  ECEF: X=-1456672.8685 Y=5531459.9150 Z=2815668.4747
  LLH:  Lat=26.361281858° Lon=104.753496927° H=1545.6899m
  原始数据:
2025/11/16 10:47:05.000   26.361281858  104.753496927  1545.6899   2  23   0.0091   0.0166   0.0225   0.0036  -0.0079  -0.0067   3.00    1.0 8525734

[TCP数据流] 2025/11/16 18:46:48 - 浮点解 (25颗卫星)
  ECEF: X=-1456672.8643 Y=5531459.9239 Z=2815668.4554
  LLH:  Lat=26.361281671° Lon=104.753496864° H=1545.6881m
  原始数据:
2025/11/16 10:47:06.000   26.361281671  104.753496864  1545.6881   2  25   0.0091   0.0166   0.0225   0.0036  -0.0079  -0.0067   4.00    1.0 8525734

[TCP数据流] 2025/11/16 18:46:49 - 浮点解 (24颗卫星)
  ECEF: X=-1456672.8557 Y=5531459.9209 Z=2815668.4379
  LLH:  Lat=26.361281550° Lon=104.753496788° H=1545.6758m
  原始数据:
2025/11/16 10:47:07.000   26.361281550  104.753496788  1545.6758   2  24   0.0091   0.0166   0.0225   0.0036  -0.0079  -0.0067   5.00    1.2 8525734

[TCP数据流] 2025/11/16 18:46:50 - 浮点解 (24颗卫星)
  ECEF: X=-1456672.8487 Y=5531459.9181 Z=2815668.4233
  LLH:  Lat=26.361281450° Lon=104.753496727° H=1545.6652m
  原始数据:
2025/11/16 10:47:08.000   26.361281450  104.753496727  1545.6652   2  24   0.0091   0.0166   0.0225   0.0036  -0.0079  -0.0067   6.00    1.0 8525734

[TCP数据流] 2025/11/16 18:46:52 - 浮点解 (16颗卫星)
  ECEF: X=-1456672.8492 Y=5531459.9178 Z=2815668.4178
  LLH:  Lat=26.361281406° Lon=104.753496733° H=1545.6627m
  原始数据:
2025/11/16 10:47:10.000   26.361281406  104.753496733  1545.6627   2  16   0.0091   0.0166   0.0225   0.0036  -0.0079  -0.0067   8.00    1.1 8525734

[TCP数据流] 2025/11/16 18:46:53 - 浮点解 (23颗卫星)
  ECEF: X=-1456672.8530 Y=5531459.9221 Z=2815668.4097
  LLH:  Lat=26.361281320° Lon=104.753496759° H=1545.6637m
  原始数据:
2025/11/16 10:47:11.000   26.361281320  104.753496759  1545.6637   2  23   0.0090   0.0166   0.0224   0.0036  -0.0079  -0.0067   9.00    1.1 8525734

[TCP数据流] 2025/11/16 18:46:54 - 浮点解 (25颗卫星)
  ECEF: X=-1456672.8516 Y=5531459.9225 Z=2815668.4007
  LLH:  Lat=26.361281247° Lon=104.753496744° H=1545.6597m
  原始数据:
2025/11/16 10:47:12.000   26.361281247  104.753496744  1545.6597   2  25   0.0090   0.0165   0.0224   0.0036  -0.0079  -0.0067  10.00    1.0 8525734

[TCP数据流] 2025/11/16 18:46:55 - 浮点解 (25颗卫星)
  ECEF: X=-1456672.8503 Y=5531459.9225 Z=2815668.3926
  LLH:  Lat=26.361281183° Lon=104.753496732° H=1545.6558m
  原始数据:
2025/11/16 10:47:13.000   26.361281183  104.753496732  1545.6558   2  25   0.0090   0.0165   0.0224   0.0036  -0.0079  -0.0067  11.00    1.0 8525734

[TCP数据流] 2025/11/16 18:46:57 - 浮点解 (24颗卫星)
  ECEF: X=-1456672.8482 Y=5531459.9207 Z=2815668.3863
  LLH:  Lat=26.361281141° Lon=104.753496716° H=1545.6510m
  原始数据:
2025/11/16 10:47:15.000   26.361281141  104.753496716  1545.6510   2  24   0.0090   0.0165   0.0224   0.0036  -0.0079  -0.0067  13.00    1.1 8525734

[TCP数据流] 2025/11/16 18:46:59 - 浮点解 (24颗卫星)
  ECEF: X=-1456672.8466 Y=5531459.9193 Z=2815668.3809
  LLH:  Lat=26.361281105° Lon=104.753496704° H=1545.6470m
  原始数据:
2025/11/16 10:47:17.000   26.361281105  104.753496704  1545.6470   2  24   0.0090   0.0165   0.0224   0.0036  -0.0079  -0.0067  15.00    1.1 8525734

[TCP数据流] 2025/11/16 18:47:00 - 浮点解 (31颗卫星)
  ECEF: X=-1456672.8467 Y=5531459.9186 Z=2815668.3734
  LLH:  Lat=26.361281047° Lon=104.753496707° H=1545.6431m
  原始数据:
2025/11/16 10:47:18.000   26.361281047  104.753496707  1545.6431   2  31   0.0090   0.0165   0.0224   0.0036  -0.0079  -0.0067  16.00    1.1 8525734

[TCP数据流] 2025/11/16 18:47:01 - 浮点解 (31颗卫星)
  ECEF: X=-1456672.8469 Y=5531459.9178 Z=2815668.3664
  LLH:  Lat=26.361280993° Lon=104.753496711° H=1545.6393m
  原始数据:
2025/11/16 10:47:19.000   26.361280993  104.753496711  1545.6393   2  31   0.0090   0.0165   0.0224   0.0036  -0.0079  -0.0067  17.00    1.0 8525734

[TCP数据流] 2025/11/16 18:47:02 - 浮点解 (31颗卫星)
  ECEF: X=-1456672.8473 Y=5531459.9170 Z=2815668.3598
  LLH:  Lat=26.361280942° Lon=104.753496716° H=1545.6358m
  原始数据:
2025/11/16 10:47:20.000   26.361280942  104.753496716  1545.6358   2  31   0.0090   0.0165   0.0224   0.0036  -0.0079  -0.0067  18.00    1.0 8525734

[TCP数据流] 2025/11/16 18:52:10 - 浮点解 (29颗卫星)
  ECEF: X=-1456673.3754 Y=5531461.4148 Z=2815671.0307
  LLH:  Lat=26.361296195° Lon=104.753498011° H=1548.2400m
  原始数据:
2025/11/16 10:52:28.000   26.361296195  104.753498011  1548.2400   2  29   0.0083   0.0162   0.0214   0.0038  -0.0079  -0.0058   7.00    1.1 8525734

[TCP数据流] 2025/11/16 18:52:11 - 浮点解 (30颗卫星)
  ECEF: X=-1456673.3931 Y=5531461.4607 Z=2815671.1054
  LLH:  Lat=26.361296603° Lon=104.753498066° H=1548.3170m
  原始数据:
2025/11/16 10:52:29.000   26.361296603  104.753498066  1548.3170   2  30   0.0083   0.0162   0.0213   0.0038  -0.0079  -0.0058   8.00    1.0 8525734

[TCP数据流] 2025/11/16 18:52:12 - 浮点解 (30颗卫星)
  ECEF: X=-1456673.4081 Y=5531461.4983 Z=2815671.1660
  LLH:  Lat=26.361296932° Lon=104.753498115° H=1548.3799m
  原始数据:
2025/11/16 10:52:30.000   26.361296932  104.753498115  1548.3799   2  30   0.0083   0.0161   0.0213   0.0038  -0.0079  -0.0057   9.00    1.0 8525734

[TCP数据流] 2025/11/16 18:52:13 - 浮点解 (30颗卫星)
  ECEF: X=-1456673.4207 Y=5531461.5298 Z=2815671.2161
  LLH:  Lat=26.361297202° Lon=104.753498157° H=1548.4324m
  原始数据:
2025/11/16 10:52:31.000   26.361297202  104.753498157  1548.4324   2  30   0.0083   0.0161   0.0213   0.0038  -0.0079  -0.0057  10.00    1.0 8525734

[TCP数据流] 2025/11/16 18:52:14 - 浮点解 (30颗卫星)
  ECEF: X=-1456673.4316 Y=5531461.5562 Z=2815671.2578
  LLH:  Lat=26.361297426° Lon=104.753498195° H=1548.4762m
  原始数据:
2025/11/16 10:52:32.000   26.361297426  104.753498195  1548.4762   2  30   0.0083   0.0161   0.0213   0.0038  -0.0079  -0.0057  11.00    1.0 8525734

[TCP数据流] 2025/11/16 18:52:15 - 浮点解 (30颗卫星)
  ECEF: X=-1456673.4410 Y=5531461.5788 Z=2815671.2930
  LLH:  Lat=26.361297613° Lon=104.753498228° H=1548.5136m
  原始数据:
2025/11/16 10:52:33.000   26.361297613  104.753498228  1548.5136   2  30   0.0082   0.0161   0.0212   0.0038  -0.0079  -0.0057  12.00    1.0 8525734

[TCP数据流] 2025/11/16 18:52:16 - 浮点解 (30颗卫星)
  ECEF: X=-1456673.4494 Y=5531461.5980 Z=2815671.3228
  LLH:  Lat=26.361297771° Lon=104.753498261° H=1548.5454m
  原始数据:
2025/11/16 10:52:34.000   26.361297771  104.753498261  1548.5454   2  30   0.0082   0.0161   0.0212   0.0038  -0.0079  -0.0057  13.00    1.0 8525734

[TCP数据流] 2025/11/16 18:52:17 - 浮点解 (30颗卫星)
  ECEF: X=-1456673.5210 Y=5531461.7917 Z=2815671.6277
  LLH:  Lat=26.361299413° Lon=104.753498460° H=1548.8649m
  原始数据:
2025/11/16 10:52:35.000   26.361299413  104.753498460  1548.8649   2  30   0.0081   0.0161   0.0211   0.0038  -0.0079  -0.0056   0.00    1.0 8525734

[TCP数据流] 2025/11/16 18:52:18 - 浮点解 (30颗卫星)
  ECEF: X=-1456673.5870 Y=5531461.9689 Z=2815671.8997
  LLH:  Lat=26.361300858° Lon=104.753498647° H=1549.1543m
  原始数据:
2025/11/16 10:52:36.000   26.361300858  104.753498647  1549.1543   2  30   0.0081   0.0160   0.0210   0.0038  -0.0079  -0.0055   1.00    1.1 8525734

[TCP数据流] 2025/11/16 18:52:19 - 浮点解 (30颗卫星)
  ECEF: X=-1456673.6429 Y=5531462.1179 Z=2815672.1231
  LLH:  Lat=26.361302030° Lon=104.753498809° H=1549.3954m
  原始数据:
2025/11/16 10:52:37.000   26.361302030  104.753498809  1549.3954   2  30   0.0080   0.0160   0.0209   0.0038  -0.0079  -0.0054   2.00    1.1 8525734

[TCP数据流] 2025/11/16 18:52:20 - 浮点解 (30颗卫星)
  ECEF: X=-1456673.6879 Y=5531462.2362 Z=2815672.2982
  LLH:  Lat=26.361302941° Lon=104.753498943° H=1549.5859m
  原始数据:
2025/11/16 10:52:38.000   26.361302941  104.753498943  1549.5859   2  30   0.0080   0.0159   0.0208   0.0038  -0.0079  -0.0053   3.00    1.0 8525734

[TCP数据流] 2025/11/16 18:52:21 - 浮点解 (29颗卫星)
  ECEF: X=-1456673.7231 Y=5531462.3286 Z=2815672.4328
  LLH:  Lat=26.361303636° Lon=104.753499048° H=1549.7338m
  原始数据:
2025/11/16 10:52:39.000   26.361303636  104.753499048  1549.7338   2  29   0.0079   0.0159   0.0207   0.0038  -0.0079  -0.0053   4.00    1.0 8525734

[TCP数据流] 2025/11/16 18:52:22 - 浮点解 (30颗卫星)
  ECEF: X=-1456673.7510 Y=5531462.4001 Z=2815672.5364
  LLH:  Lat=26.361304168° Lon=104.753499136° H=1549.8481m
  原始数据:
2025/11/16 10:52:40.000   26.361304168  104.753499136  1549.8481   2  30   0.0079   0.0159   0.0207   0.0038  -0.0079  -0.0052   5.00    1.1 8525734

[TCP数据流] 2025/11/16 18:52:24 - 浮点解 (30颗卫星)
  ECEF: X=-1456673.7694 Y=5531462.4457 Z=2815672.6010
  LLH:  Lat=26.361304495° Lon=104.753499198° H=1549.9205m
  原始数据:
2025/11/16 10:52:42.000   26.361304495  104.753499198  1549.9205   2  30   0.0079   0.0159   0.0207   0.0038  -0.0079  -0.0052   7.00    1.0 8525734

[TCP数据流] 2025/11/16 18:52:25 - 浮点解 (30颗卫星)
  ECEF: X=-1456673.7845 Y=5531462.4825 Z=2815672.6527
  LLH:  Lat=26.361304755° Lon=104.753499250° H=1549.9787m
  原始数据:
2025/11/16 10:52:43.000   26.361304755  104.753499250  1549.9787   2  30   0.0079   0.0159   0.0206   0.0038  -0.0079  -0.0052   8.00    1.0 8525734

[TCP数据流] 2025/11/16 18:52:26 - 浮点解 (30颗卫星)
  ECEF: X=-1456673.7970 Y=5531462.5124 Z=2815672.6945
  LLH:  Lat=26.361304964° Lon=104.753499295° H=1550.0261m
  原始数据:
2025/11/16 10:52:44.000   26.361304964  104.753499295  1550.0261   2  30   0.0079   0.0159   0.0206   0.0038  -0.0079  -0.0052   9.00    1.0 8525734

[TCP数据流] 2025/11/16 18:52:27 - 浮点解 (30颗卫星)
  ECEF: X=-1456673.8079 Y=5531462.5373 Z=2815672.7289
  LLH:  Lat=26.361305135° Lon=104.753499337° H=1550.0654m
  原始数据:
2025/11/16 10:52:45.000   26.361305135  104.753499337  1550.0654   2  30   0.0078   0.0159   0.0206   0.0038  -0.0079  -0.0052  10.00    1.0 8525734

[TCP数据流] 2025/11/16 18:52:28 - 浮点解 (29颗卫星)
  ECEF: X=-1456673.8168 Y=5531462.5580 Z=2815672.7574
  LLH:  Lat=26.361305276° Lon=104.753499371° H=1550.0980m
  原始数据:
2025/11/16 10:52:46.000   26.361305276  104.753499371  1550.0980   2  29   0.0078   0.0159   0.0206   0.0038  -0.0079  -0.0052  11.00    1.0 8525734

[TCP数据流] 2025/11/16 18:52:29 - 浮点解 (29颗卫星)
  ECEF: X=-1456673.8246 Y=5531462.5756 Z=2815672.7814
  LLH:  Lat=26.361305394° Lon=104.753499401° H=1550.1257m
  原始数据:
2025/11/16 10:52:47.000   26.361305394  104.753499401  1550.1257   2  29   0.0078   0.0158   0.0206   0.0038  -0.0079  -0.0051  12.00    1.0 8525734

[TCP数据流] 2025/11/16 18:52:30 - 浮点解 (29颗卫星)
  ECEF: X=-1456673.8312 Y=5531462.5906 Z=2815672.8017
  LLH:  Lat=26.361305493° Lon=104.753499427° H=1550.1492m
  原始数据:
2025/11/16 10:52:48.000   26.361305493  104.753499427  1550.1492   2  29   0.0078   0.0158   0.0206   0.0038  -0.0079  -0.0051  13.00    1.0 8525734

[TCP数据流] 2025/11/16 18:52:31 - 浮点解 (29颗卫星)
  ECEF: X=-1456673.8373 Y=5531462.6035 Z=2815672.8189
  LLH:  Lat=26.361305576° Lon=104.753499453° H=1550.1694m
  原始数据:
2025/11/16 10:52:49.000   26.361305576  104.753499453  1550.1694   2  29   0.0078   0.0158   0.0206   0.0038  -0.0079  -0.0051  14.00    1.0 8525734

[TCP数据流] 2025/11/16 18:52:32 - 浮点解 (29颗卫星)
  ECEF: X=-1456673.8425 Y=5531462.6146 Z=2815672.8335
  LLH:  Lat=26.361305646° Lon=104.753499475° H=1550.1867m
  原始数据:
2025/11/16 10:52:50.000   26.361305646  104.753499475  1550.1867   2  29   0.0078   0.0158   0.0206   0.0038  -0.0079  -0.0051  15.00    1.0 8525734

[TCP数据流] 2025/11/16 18:52:33 - 浮点解 (23颗卫星)
  ECEF: X=-1456673.8388 Y=5531462.6030 Z=2815672.8347
  LLH:  Lat=26.361305704° Lon=104.753499469° H=1550.1764m
  原始数据:
2025/11/16 10:52:51.000   26.361305704  104.753499469  1550.1764   2  23   0.0078   0.0158   0.0206   0.0038  -0.0079  -0.0051  16.00    1.0 8525734

[TCP数据流] 2025/11/16 18:52:34 - 浮点解 (29颗卫星)
  ECEF: X=-1456673.8432 Y=5531462.6116 Z=2815672.8458
  LLH:  Lat=26.361305756° Lon=104.753499490° H=1550.1897m
  原始数据:
2025/11/16 10:52:52.000   26.361305756  104.753499490  1550.1897   2  29   0.0078   0.0158   0.0205   0.0038  -0.0079  -0.0051  17.00    1.0 8525734

[TCP数据流] 2025/11/16 18:52:35 - 浮点解 (29颗卫星)
  ECEF: X=-1456673.8471 Y=5531462.6191 Z=2815672.8553
  LLH:  Lat=26.361305800° Lon=104.753499508° H=1550.2013m
  原始数据:
2025/11/16 10:52:53.000   26.361305800  104.753499508  1550.2013   2  29   0.0078   0.0158   0.0205   0.0038  -0.0079  -0.0051  18.00    1.0 8525734

[TCP数据流] 2025/11/16 18:52:36 - 浮点解 (29颗卫星)
  ECEF: X=-1456673.8506 Y=5531462.6255 Z=2815672.8636
  LLH:  Lat=26.361305838° Lon=104.753499526° H=1550.2114m
  原始数据:
2025/11/16 10:52:54.000   26.361305838  104.753499526  1550.2114   2  29   0.0078   0.0158   0.0205   0.0038  -0.0079  -0.0051  19.00    1.0 8525734

[TCP数据流] 2025/11/16 18:52:37 - 浮点解 (29颗卫星)
  ECEF: X=-1456673.8538 Y=5531462.6313 Z=2815672.8708
  LLH:  Lat=26.361305871° Lon=104.753499542° H=1550.2203m
  原始数据:
2025/11/16 10:52:55.000   26.361305871  104.753499542  1550.2203   2  29   0.0078   0.0158   0.0205   0.0038  -0.0079  -0.0051  20.00    1.0 8525734

[TCP数据流] 2025/11/16 18:52:38 - 浮点解 (29颗卫星)
  ECEF: X=-1456673.8567 Y=5531462.6363 Z=2815672.8770
  LLH:  Lat=26.361305899° Lon=104.753499557° H=1550.2281m
  原始数据:
2025/11/16 10:52:56.000   26.361305899  104.753499557  1550.2281   2  29   0.0078   0.0158   0.0205   0.0038  -0.0079  -0.0051  21.00    1.0 8525734

[TCP数据流] 2025/11/16 18:52:39 - 浮点解 (29颗卫星)
  ECEF: X=-1456673.8596 Y=5531462.6408 Z=2815672.8825
  LLH:  Lat=26.361305923° Lon=104.753499574° H=1550.2351m
  原始数据:
2025/11/16 10:52:57.000   26.361305923  104.753499574  1550.2351   2  29   0.0078   0.0158   0.0205   0.0038  -0.0079  -0.0051  22.00    1.0 8525734

[TCP数据流] 2025/11/16 18:52:40 - 浮点解 (23颗卫星)
  ECEF: X=-1456673.8578 Y=5531462.6341 Z=2815672.8818
  LLH:  Lat=26.361305945° Lon=104.753499574° H=1550.2286m
  原始数据:
2025/11/16 10:52:58.000   26.361305945  104.753499574  1550.2286   2  23   0.0078   0.0158   0.0205   0.0038  -0.0079  -0.0051  23.00    1.0 8525734

[TCP数据流] 2025/11/16 18:52:41 - 浮点解 (29颗卫星)
  ECEF: X=-1456673.8605 Y=5531462.6377 Z=2815672.8859
  LLH:  Lat=26.361305962° Lon=104.753499591° H=1550.2341m
  原始数据:
2025/11/16 10:52:59.000   26.361305962  104.753499591  1550.2341   2  29   0.0078   0.0158   0.0205   0.0038  -0.0079  -0.0051  24.00    1.0 8525734

[TCP数据流] 2025/11/16 18:52:42 - 浮点解 (29颗卫星)
  ECEF: X=-1456673.8630 Y=5531462.6409 Z=2815672.8897
  LLH:  Lat=26.361305977° Lon=104.753499607° H=1550.2391m
  原始数据:
2025/11/16 10:53:00.000   26.361305977  104.753499607  1550.2391   2  29   0.0078   0.0158   0.0205   0.0038  -0.0079  -0.0051  25.00    1.0 8525734

[TCP数据流] 2025/11/16 18:52:43 - 浮点解 (29颗卫星)
  ECEF: X=-1456673.8656 Y=5531462.6436 Z=2815672.8929
  LLH:  Lat=26.361305990° Lon=104.753499625° H=1550.2435m
  原始数据:
2025/11/16 10:53:01.000   26.361305990  104.753499625  1550.2435   2  29   0.0078   0.0158   0.0205   0.0038  -0.0079  -0.0051  26.00    1.0 8525734

[TCP数据流] 2025/11/16 18:52:44 - 浮点解 (29颗卫星)
  ECEF: X=-1456673.8678 Y=5531462.6460 Z=2815672.8955
  LLH:  Lat=26.361306000° Lon=104.753499640° H=1550.2472m
  原始数据:
2025/11/16 10:53:02.000   26.361306000  104.753499640  1550.2472   2  29   0.0078   0.0158   0.0205   0.0038  -0.0079  -0.0051  27.00    1.0 8525734

[TCP数据流] 2025/11/16 18:52:45 - 浮点解 (29颗卫星)
  ECEF: X=-1456673.8699 Y=5531462.6480 Z=2815672.8979
  LLH:  Lat=26.361306009° Lon=104.753499655° H=1550.2505m
  原始数据:
2025/11/16 10:53:03.000   26.361306009  104.753499655  1550.2505   2  29   0.0078   0.0158   0.0205   0.0038  -0.0079  -0.0051  28.00    1.1 8525734

[TCP数据流] 2025/11/16 18:52:46 - 浮点解 (29颗卫星)
  ECEF: X=-1456673.8719 Y=5531462.6499 Z=2815672.8998
  LLH:  Lat=26.361306015° Lon=104.753499670° H=1550.2535m
  原始数据:
2025/11/16 10:53:04.000   26.361306015  104.753499670  1550.2535   2  29   0.0078   0.0158   0.0205   0.0038  -0.0079  -0.0051  29.00    1.0 8525734

[TCP数据流] 2025/11/16 18:52:47 - 浮点解 (29颗卫星)
  ECEF: X=-1456673.8739 Y=5531462.6515 Z=2815672.9014
  LLH:  Lat=26.361306020° Lon=104.753499685° H=1550.2560m
  原始数据:
2025/11/16 10:53:05.000   26.361306020  104.753499685  1550.2560   2  29   0.0078   0.0157   0.0205   0.0038  -0.0079  -0.0051  30.00    1.0 8525734

[TCP数据流] 2025/11/16 18:53:29 - 浮点解 (30颗卫星)
  ECEF: X=-1456674.0994 Y=5531463.2514 Z=2815673.4901
  LLH:  Lat=26.361308225° Lon=104.753500339° H=1551.0886m
  原始数据:
2025/11/16 10:53:47.000   26.361308225  104.753500339  1551.0886   2  30   0.0075   0.0156   0.0201   0.0038  -0.0079  -0.0048   0.00    1.2 8525734

[TCP数据流] 2025/11/16 18:53:30 - 浮点解 (30颗卫星)
  ECEF: X=-1456674.1648 Y=5531463.4227 Z=2815673.6558
  LLH:  Lat=26.361308834° Lon=104.753500536° H=1551.3256m
  原始数据:
2025/11/16 10:53:48.000   26.361308834  104.753500536  1551.3256   2  30   0.0075   0.0156   0.0200   0.0038  -0.0079  -0.0047   1.00    1.0 8525734

[TCP数据流] 2025/11/16 18:53:31 - 浮点解 (30颗卫星)
  ECEF: X=-1456674.2194 Y=5531463.5639 Z=2815673.7923
  LLH:  Lat=26.361309335° Lon=104.753500705° H=1551.5210m
  原始数据:
2025/11/16 10:53:49.000   26.361309335  104.753500705  1551.5210   2  30   0.0074   0.0155   0.0199   0.0038  -0.0078  -0.0046   2.00    1.0 8525734

[TCP数据流] 2025/11/16 18:53:32 - 浮点解 (24颗卫星)
  ECEF: X=-1456674.1922 Y=5531463.4958 Z=2815673.8119
  LLH:  Lat=26.361309785° Lon=104.753500615° H=1551.4645m
  原始数据:
2025/11/16 10:53:50.000   26.361309785  104.753500615  1551.4645   2  24   0.0074   0.0155   0.0199   0.0038  -0.0078  -0.0046   3.00    1.0 8525734

[TCP数据流] 2025/11/16 18:53:33 - 浮点解 (30颗卫星)
  ECEF: X=-1456674.2280 Y=5531463.5861 Z=2815673.8964
  LLH:  Lat=26.361310082° Lon=104.753500731° H=1551.5884m
  原始数据:
2025/11/16 10:53:51.000   26.361310082  104.753500731  1551.5884   2  30   0.0074   0.0155   0.0198   0.0038  -0.0078  -0.0045   4.00    1.1 8525734

[TCP数据流] 2025/11/16 18:53:34 - 浮点解 (30颗卫星)
  ECEF: X=-1456674.2557 Y=5531463.6552 Z=2815673.9611
  LLH:  Lat=26.361310309° Lon=104.753500823° H=1551.6833m
  原始数据:
2025/11/16 10:53:52.000   26.361310309  104.753500823  1551.6833   2  30   0.0073   0.0155   0.0198   0.0038  -0.0078  -0.0045   5.00    1.0 8525734

[TCP数据流] 2025/11/16 18:53:35 - 浮点解 (30颗卫星)
  ECEF: X=-1456674.2777 Y=5531463.7087 Z=2815674.0110
  LLH:  Lat=26.361310483° Lon=104.753500900° H=1551.7569m
  原始数据:
2025/11/16 10:53:53.000   26.361310483  104.753500900  1551.7569   2  30   0.0073   0.0155   0.0197   0.0038  -0.0078  -0.0045   6.00    1.0 8525734

[TCP数据流] 2025/11/16 18:53:36 - 浮点解 (30颗卫星)
  ECEF: X=-1456674.2953 Y=5531463.7510 Z=2815674.0502
  LLH:  Lat=26.361310618° Lon=104.753500962° H=1551.8150m
  原始数据:
2025/11/16 10:53:54.000   26.361310618  104.753500962  1551.8150   2  30   0.0073   0.0154   0.0197   0.0038  -0.0078  -0.0045   7.00    1.0 8525734

[TCP数据流] 2025/11/16 18:53:37 - 浮点解 (30颗卫星)
  ECEF: X=-1456674.3095 Y=5531463.7848 Z=2815674.0813
  LLH:  Lat=26.361310724° Lon=104.753501014° H=1551.8613m
  原始数据:
2025/11/16 10:53:55.000   26.361310724  104.753501014  1551.8613   2  30   0.0073   0.0154   0.0197   0.0038  -0.0078  -0.0044   8.00    1.0 8525734

[TCP数据流] 2025/11/16 18:53:38 - 浮点解 (30颗卫星)
  ECEF: X=-1456674.3215 Y=5531463.8121 Z=2815674.1063
  LLH:  Lat=26.361310808° Lon=104.753501060° H=1551.8988m
  原始数据:
2025/11/16 10:53:56.000   26.361310808  104.753501060  1551.8988   2  30   0.0073   0.0154   0.0197   0.0038  -0.0078  -0.0044   9.00    1.0 8525734

[TCP数据流] 2025/11/16 18:53:39 - 浮点解 (30颗卫星)
  ECEF: X=-1456674.3315 Y=5531463.8348 Z=2815674.1266
  LLH:  Lat=26.361310874° Lon=104.753501099° H=1551.9297m
  原始数据:
2025/11/16 10:53:57.000   26.361310874  104.753501099  1551.9297   2  30   0.0073   0.0154   0.0196   0.0038  -0.0078  -0.0044  10.00    1.0 8525734

[TCP数据流] 2025/11/16 18:53:40 - 浮点解 (30颗卫星)
  ECEF: X=-1456674.3401 Y=5531463.8534 Z=2815674.1433
  LLH:  Lat=26.361310928° Lon=104.753501135° H=1551.9552m
  原始数据:
2025/11/16 10:53:58.000   26.361310928  104.753501135  1551.9552   2  30   0.0073   0.0154   0.0196   0.0038  -0.0078  -0.0044  11.00    1.0 8525734

[TCP数据流] 2025/11/16 18:53:41 - 浮点解 (30颗卫星)
  ECEF: X=-1456674.3476 Y=5531463.8691 Z=2815674.1571
  LLH:  Lat=26.361310971° Lon=104.753501168° H=1551.9767m
  原始数据:
2025/11/16 10:53:59.000   26.361310971  104.753501168  1551.9767   2  30   0.0073   0.0154   0.0196   0.0038  -0.0078  -0.0044  12.00    1.0 8525734

[TCP数据流] 2025/11/16 18:53:42 - 浮点解 (30颗卫星)
  ECEF: X=-1456674.3542 Y=5531463.8824 Z=2815674.1685
  LLH:  Lat=26.361311005° Lon=104.753501198° H=1551.9948m
  原始数据:
2025/11/16 10:54:00.000   26.361311005  104.753501198  1551.9948   2  30   0.0073   0.0154   0.0196   0.0038  -0.0078  -0.0044  13.00    1.0 8525734

[TCP数据流] 2025/11/16 18:53:43 - 浮点解 (30颗卫星)
  ECEF: X=-1456674.3601 Y=5531463.8937 Z=2815674.1781
  LLH:  Lat=26.361311033° Lon=104.753501226° H=1552.0102m
  原始数据:
2025/11/16 10:54:01.000   26.361311033  104.753501226  1552.0102   2  30   0.0073   0.0154   0.0196   0.0038  -0.0078  -0.0044  14.00    1.0 8525734

[TCP数据流] 2025/11/16 18:53:44 - 浮点解 (30颗卫星)
  ECEF: X=-1456674.3653 Y=5531463.9034 Z=2815674.1862
  LLH:  Lat=26.361311055° Lon=104.753501252° H=1552.0234m
  原始数据:
2025/11/16 10:54:02.000   26.361311055  104.753501252  1552.0234   2  30   0.0072   0.0154   0.0196   0.0038  -0.0078  -0.0044  15.00    1.0 8525734

[TCP数据流] 2025/11/16 18:53:45 - 浮点解 (30颗卫星)
  ECEF: X=-1456674.3700 Y=5531463.9119 Z=2815674.1930
  LLH:  Lat=26.361311073° Lon=104.753501276° H=1552.0348m
  原始数据:
2025/11/16 10:54:03.000   26.361311073  104.753501276  1552.0348   2  30   0.0072   0.0154   0.0196   0.0038  -0.0078  -0.0044  16.00    1.0 8525734

[TCP数据流] 2025/11/16 18:53:46 - 浮点解 (24颗卫星)
  ECEF: X=-1456674.3684 Y=5531463.9050 Z=2815674.1922
  LLH:  Lat=26.361311095° Lon=104.753501278° H=1552.0281m
  原始数据:
2025/11/16 10:54:04.000   26.361311095  104.753501278  1552.0281   2  24   0.0072   0.0154   0.0196   0.0038  -0.0078  -0.0044  17.00    1.1 8525734

[TCP数据流] 2025/11/16 18:53:47 - 浮点解 (30颗卫星)
  ECEF: X=-1456674.3723 Y=5531463.9113 Z=2815674.1971
  LLH:  Lat=26.361311106° Lon=104.753501299° H=1552.0366m
  原始数据:
2025/11/16 10:54:05.000   26.361311106  104.753501299  1552.0366   2  30   0.0072   0.0154   0.0196   0.0038  -0.0078  -0.0044  18.00    1.0 8525734

[TCP数据流] 2025/11/16 18:53:48 - 浮点解 (30颗卫星)
  ECEF: X=-1456674.3759 Y=5531463.9168 Z=2815674.2012
  LLH:  Lat=26.361311114° Lon=104.753501320° H=1552.0441m
  原始数据:
2025/11/16 10:54:06.000   26.361311114  104.753501320  1552.0441   2  30   0.0072   0.0154   0.0196   0.0038  -0.0078  -0.0044  19.00    1.0 8525734

[TCP数据流] 2025/11/16 18:53:49 - 浮点解 (30颗卫星)
  ECEF: X=-1456674.3791 Y=5531463.9218 Z=2815674.2047
  LLH:  Lat=26.361311120° Lon=104.753501338° H=1552.0507m
  原始数据:
2025/11/16 10:54:07.000   26.361311120  104.753501338  1552.0507   2  30   0.0072   0.0153   0.0195   0.0038  -0.0078  -0.0044  20.00    1.0 8525734

[TCP数据流] 2025/11/16 18:53:51 - 浮点解 (23颗卫星)
  ECEF: X=-1456674.3821 Y=5531463.9261 Z=2815674.2081
  LLH:  Lat=26.361311127° Lon=104.753501356° H=1552.0566m
  原始数据:
2025/11/16 10:54:09.000   26.361311127  104.753501356  1552.0566   2  23   0.0072   0.0153   0.0195   0.0038  -0.0078  -0.0044  22.00    1.0 8525734

[TCP数据流] 2025/11/16 18:53:52 - 浮点解 (30颗卫星)
  ECEF: X=-1456674.3848 Y=5531463.9295 Z=2815674.2101
  LLH:  Lat=26.361311128° Lon=104.753501374° H=1552.0610m
  原始数据:
2025/11/16 10:54:10.000   26.361311128  104.753501374  1552.0610   2  30   0.0072   0.0153   0.0195   0.0038  -0.0078  -0.0044  23.00    1.0 8525734

[TCP数据流] 2025/11/16 18:53:53 - 浮点解 (30颗卫星)
  ECEF: X=-1456674.3872 Y=5531463.9324 Z=2815674.2117
  LLH:  Lat=26.361311127° Lon=104.753501390° H=1552.0648m
  原始数据:
2025/11/16 10:54:11.000   26.361311127  104.753501390  1552.0648   2  30   0.0072   0.0153   0.0195   0.0038  -0.0078  -0.0043  24.00    1.0 8525734

[TCP数据流] 2025/11/16 18:53:54 - 浮点解 (30颗卫星)
  ECEF: X=-1456674.3895 Y=5531463.9348 Z=2815674.2129
  LLH:  Lat=26.361311125° Lon=104.753501406° H=1552.0680m
  原始数据:
2025/11/16 10:54:12.000   26.361311125  104.753501406  1552.0680   2  30   0.0072   0.0153   0.0195   0.0038  -0.0078  -0.0043  25.00    1.0 8525734

[TCP数据流] 2025/11/16 18:53:55 - 浮点解 (30颗卫星)
  ECEF: X=-1456674.3918 Y=5531463.9370 Z=2815674.2139
  LLH:  Lat=26.361311122° Lon=104.753501423° H=1552.0708m
  原始数据:
2025/11/16 10:54:13.000   26.361311122  104.753501423  1552.0708   2  30   0.0072   0.0153   0.0195   0.0038  -0.0078  -0.0043  26.00    1.0 8525734

[TCP数据流] 2025/11/16 18:53:56 - 浮点解 (30颗卫星)
  ECEF: X=-1456674.3941 Y=5531463.9389 Z=2815674.2147
  LLH:  Lat=26.361311119° Lon=104.753501440° H=1552.0733m
  原始数据:
2025/11/16 10:54:14.000   26.361311119  104.753501440  1552.0733   2  30   0.0072   0.0153   0.0195   0.0038  -0.0078  -0.0043  27.00    1.0 8525734

[TCP数据流] 2025/11/16 18:53:57 - 浮点解 (30颗卫星)
  ECEF: X=-1456674.3962 Y=5531463.9405 Z=2815674.2151
  LLH:  Lat=26.361311114° Lon=104.753501456° H=1552.0754m
  原始数据:
2025/11/16 10:54:15.000   26.361311114  104.753501456  1552.0754   2  30   0.0072   0.0153   0.0195   0.0038  -0.0078  -0.0043  28.00    1.0 8525734

[TCP数据流] 2025/11/16 18:53:58 - 浮点解 (30颗卫星)
  ECEF: X=-1456674.3980 Y=5531463.9421 Z=2815674.2154
  LLH:  Lat=26.361311108° Lon=104.753501470° H=1552.0773m
  原始数据:
2025/11/16 10:54:16.000   26.361311108  104.753501470  1552.0773   2  30   0.0072   0.0153   0.0195   0.0038  -0.0078  -0.0043  29.00    1.0 8525734

[TCP数据流] 2025/11/16 18:53:59 - 浮点解 (30颗卫星)
  ECEF: X=-1456674.3997 Y=5531463.9433 Z=2815674.2154
  LLH:  Lat=26.361311102° Lon=104.753501483° H=1552.0788m
  原始数据:
2025/11/16 10:54:17.000   26.361311102  104.753501483  1552.0788   2  30   0.0072   0.0153   0.0195   0.0038  -0.0078  -0.0043  30.00    1.0 8525734

[TCP数据流] 2025/11/16 18:55:02 - 浮点解 (30颗卫星)
  ECEF: X=-1456674.4728 Y=5531464.1383 Z=2815674.3082
  LLH:  Lat=26.361311022° Lon=104.753501694° H=1552.3056m
  原始数据:
2025/11/16 10:55:20.000   26.361311022  104.753501694  1552.3056   2  30   0.0071   0.0152   0.0193   0.0038  -0.0077  -0.0042   0.00    1.3 8525734

[TCP数据流] 2025/11/16 18:55:03 - 浮点解 (30颗卫星)
  ECEF: X=-1456674.5425 Y=5531464.3222 Z=2815674.3971
  LLH:  Lat=26.361310957° Lon=104.753501900° H=1552.5203m
  原始数据:
2025/11/16 10:55:21.000   26.361310957  104.753501900  1552.5203   2  30   0.0071   0.0152   0.0192   0.0038  -0.0077  -0.0041   0.00    2.2 8525734

[TCP数据流] 2025/11/16 18:55:04 - 浮点解 (30颗卫星)
  ECEF: X=-1456674.6082 Y=5531464.4944 Z=2815674.4809
  LLH:  Lat=26.361310901° Lon=104.753502097° H=1552.7217m
  原始数据:
2025/11/16 10:55:22.000   26.361310901  104.753502097  1552.7217   2  30   0.0070   0.0151   0.0190   0.0038  -0.0077  -0.0040   0.00    1.0 8525734

[TCP数据流] 2025/11/16 18:55:06 - 浮点解 (30颗卫星)
  ECEF: X=-1456674.6592 Y=5531464.6239 Z=2815674.5437
  LLH:  Lat=26.361310854° Lon=104.753502261° H=1552.8735m
  原始数据:
2025/11/16 10:55:24.000   26.361310854  104.753502261  1552.8735   2  30   0.0069   0.0151   0.0189   0.0038  -0.0076  -0.0039   2.00    1.1 8525734

[TCP数据流] 2025/11/16 18:55:07 - 浮点解 (30颗卫星)
  ECEF: X=-1456674.6989 Y=5531464.7229 Z=2815674.5908
  LLH:  Lat=26.361310811° Lon=104.753502393° H=1552.9892m
  原始数据:
2025/11/16 10:55:25.000   26.361310811  104.753502393  1552.9892   2  30   0.0069   0.0150   0.0188   0.0038  -0.0076  -0.0039   3.00    1.0 8525734

[TCP数据流] 2025/11/16 18:55:08 - 浮点解 (30颗卫星)
  ECEF: X=-1456674.7293 Y=5531464.7966 Z=2815674.6252
  LLH:  Lat=26.361310773° Lon=104.753502499° H=1553.0753m
  原始数据:
2025/11/16 10:55:26.000   26.361310773  104.753502499  1553.0753   2  30   0.0069   0.0150   0.0187   0.0038  -0.0076  -0.0038   4.00    1.0 8525734

[TCP数据流] 2025/11/16 18:55:09 - 浮点解 (16颗卫星)
  ECEF: X=-1456674.7657 Y=5531464.8829 Z=2815674.6567
  LLH:  Lat=26.361310656° Lon=104.753502632° H=1553.1724m
  原始数据:
2025/11/16 10:55:27.000   26.361310656  104.753502632  1553.1724   2  16   0.0069   0.0150   0.0187   0.0038  -0.0076  -0.0038   5.00    2.4 8525734

[TCP数据流] 2025/11/16 18:55:10 - 浮点解 (30颗卫星)
  ECEF: X=-1456674.7841 Y=5531464.9248 Z=2815674.6755
  LLH:  Lat=26.361310627° Lon=104.753502703° H=1553.2212m
  原始数据:
2025/11/16 10:55:28.000   26.361310627  104.753502703  1553.2212   2  30   0.0068   0.0150   0.0187   0.0038  -0.0076  -0.0038   6.00    1.0 8525734

[TCP数据流] 2025/11/16 18:55:12 - 浮点解 (16颗卫星)
  ECEF: X=-1456674.8029 Y=5531464.9682 Z=2815674.6909
  LLH:  Lat=26.361310564° Lon=104.753502774° H=1553.2699m
  原始数据:
2025/11/16 10:55:30.000   26.361310564  104.753502774  1553.2699   2  16   0.0068   0.0150   0.0186   0.0038  -0.0076  -0.0038   8.00    1.2 8525734

[TCP数据流] 2025/11/16 18:55:13 - 浮点解 (24颗卫星)
  ECEF: X=-1456674.7971 Y=5531464.9515 Z=2815674.6853
  LLH:  Lat=26.361310589° Lon=104.753502761° H=1553.2517m
  原始数据:
2025/11/16 10:55:31.000   26.361310589  104.753502761  1553.2517   2  24   0.0068   0.0150   0.0186   0.0038  -0.0076  -0.0038   9.00    1.0 8525734

[TCP数据流] 2025/11/16 18:55:14 - 浮点解 (30颗卫星)
  ECEF: X=-1456674.8054 Y=5531464.9678 Z=2815674.6909
  LLH:  Lat=26.361310563° Lon=104.753502800° H=1553.2702m
  原始数据:
2025/11/16 10:55:32.000   26.361310563  104.753502800  1553.2702   2  30   0.0068   0.0150   0.0186   0.0038  -0.0076  -0.0038  10.00    1.1 8525734

[TCP数据流] 2025/11/16 18:55:16 - 浮点解 (30颗卫星)
  ECEF: X=-1456674.8117 Y=5531464.9786 Z=2815674.6938
  LLH:  Lat=26.361310538° Lon=104.753502833° H=1553.2822m
  原始数据:
2025/11/16 10:55:34.000   26.361310538  104.753502833  1553.2822   2  30   0.0068   0.0149   0.0186   0.0037  -0.0076  -0.0038  12.00    1.0 8525734

[TCP数据流] 2025/11/16 18:55:17 - 浮点解 (30颗卫星)
  ECEF: X=-1456674.8170 Y=5531464.9874 Z=2815674.6957
  LLH:  Lat=26.361310514° Lon=104.753502862° H=1553.2919m
  原始数据:
2025/11/16 10:55:35.000   26.361310514  104.753502862  1553.2919   2  30   0.0068   0.0149   0.0186   0.0037  -0.0076  -0.0038  13.00    1.1 8525734

[TCP数据流] 2025/11/16 18:55:18 - 浮点解 (30颗卫星)
  ECEF: X=-1456674.8217 Y=5531464.9947 Z=2815674.6970
  LLH:  Lat=26.361310491° Lon=104.753502889° H=1553.2999m
  原始数据:
2025/11/16 10:55:36.000   26.361310491  104.753502889  1553.2999   2  30   0.0068   0.0149   0.0186   0.0037  -0.0076  -0.0038  14.00    1.1 8525734

[TCP数据流] 2025/11/16 18:55:19 - 浮点解 (30颗卫星)
  ECEF: X=-1456674.8258 Y=5531465.0008 Z=2815674.6976
  LLH:  Lat=26.361310468° Lon=104.753502913° H=1553.3064m
  原始数据:
2025/11/16 10:55:37.000   26.361310468  104.753502913  1553.3064   2  30   0.0068   0.0149   0.0185   0.0037  -0.0075  -0.0038  15.00    1.1 8525734

[TCP数据流] 2025/11/16 18:55:20 - 浮点解 (30颗卫星)
  ECEF: X=-1456674.8294 Y=5531465.0060 Z=2815674.6978
  LLH:  Lat=26.361310446° Lon=104.753502935° H=1553.3118m
  原始数据:
2025/11/16 10:55:38.000   26.361310446  104.753502935  1553.3118   2  30   0.0068   0.0149   0.0185   0.0037  -0.0075  -0.0037  16.00    1.1 8525734

[TCP数据流] 2025/11/16 18:55:21 - 浮点解 (16颗卫星)
  ECEF: X=-1456674.8290 Y=5531465.0007 Z=2815674.6962
  LLH:  Lat=26.361310454° Lon=104.753502944° H=1553.3064m
  原始数据:
2025/11/16 10:55:39.000   26.361310454  104.753502944  1553.3064   2  16   0.0068   0.0149   0.0185   0.0037  -0.0075  -0.0037  17.00    1.4 8525734

[TCP数据流] 2025/11/16 18:55:23 - 浮点解 (10颗卫星)
  ECEF: X=-1456674.8287 Y=5531464.9998 Z=2815674.6954
  LLH:  Lat=26.361310451° Lon=104.753502944° H=1553.3052m
  原始数据:
2025/11/16 10:55:41.000   26.361310451  104.753502944  1553.3052   2  10   0.0068   0.0149   0.0185   0.0037  -0.0075  -0.0037  19.00    1.2 8525734

[TCP数据流] 2025/11/16 18:55:24 - 浮点解 (30颗卫星)
  ECEF: X=-1456674.8313 Y=5531465.0022 Z=2815674.6942
  LLH:  Lat=26.361310430° Lon=104.753502963° H=1553.3074m
  原始数据:
2025/11/16 10:55:42.000   26.361310430  104.753502963  1553.3074   2  30   0.0068   0.0149   0.0185   0.0037  -0.0075  -0.0037  20.00    1.1 8525734

[TCP数据流] 2025/11/16 18:55:25 - 浮点解 (16颗卫星)
  ECEF: X=-1456674.8345 Y=5531465.0088 Z=2815674.6957
  LLH:  Lat=26.361310413° Lon=104.753502977° H=1553.3144m
  原始数据:
2025/11/16 10:55:43.000   26.361310413  104.753502977  1553.3144   2  16   0.0068   0.0149   0.0185   0.0037  -0.0075  -0.0037  21.00    1.1 8525734

[TCP数据流] 2025/11/16 18:55:26 - 浮点解 (30颗卫星)
  ECEF: X=-1456674.8370 Y=5531465.0103 Z=2815674.6943
  LLH:  Lat=26.361310393° Lon=104.753502997° H=1553.3157m
  原始数据:
2025/11/16 10:55:44.000   26.361310393  104.753502997  1553.3157   2  30   0.0068   0.0149   0.0185   0.0037  -0.0075  -0.0037  22.00    1.1 8525734

[TCP数据流] 2025/11/16 18:55:27 - 浮点解 (29颗卫星)
  ECEF: X=-1456674.8928 Y=5531465.1505 Z=2815674.7517
  LLH:  Lat=26.361310257° Lon=104.753503180° H=1553.4754m
  原始数据:
2025/11/16 10:55:45.000   26.361310257  104.753503180  1553.4754   2  29   0.0067   0.0148   0.0184   0.0037  -0.0075  -0.0037   0.00    1.1 8525734

[TCP数据流] 2025/11/16 18:55:28 - 浮点解 (29颗卫星)
  ECEF: X=-1456674.9460 Y=5531465.2825 Z=2815674.8061
  LLH:  Lat=26.361310131° Lon=104.753503359° H=1553.6261m
  原始数据:
2025/11/16 10:55:46.000   26.361310131  104.753503359  1553.6261   2  29   0.0067   0.0148   0.0183   0.0037  -0.0075  -0.0036   0.00    1.1 8525734

[TCP数据流] 2025/11/16 18:55:29 - 浮点解 (29颗卫星)
  ECEF: X=-1456674.9939 Y=5531465.3993 Z=2815674.8537
  LLH:  Lat=26.361310015° Lon=104.753503525° H=1553.7593m
  原始数据:
2025/11/16 10:55:47.000   26.361310015  104.753503525  1553.7593   2  29   0.0066   0.0147   0.0181   0.0037  -0.0074  -0.0035   1.00    1.2 8525734

[TCP数据流] 2025/11/16 18:55:30 - 浮点解 (29颗卫星)
  ECEF: X=-1456675.0335 Y=5531465.4931 Z=2815674.8917
  LLH:  Lat=26.361309918° Lon=104.753503669° H=1553.8665m
  原始数据:
2025/11/16 10:55:48.000   26.361309918  104.753503669  1553.8665   2  29   0.0066   0.0147   0.0181   0.0037  -0.0074  -0.0034   2.00    1.1 8525734

[TCP数据流] 2025/11/16 18:55:31 - 浮点解 (29颗卫星)
  ECEF: X=-1456675.0640 Y=5531465.5643 Z=2815674.9195
  LLH:  Lat=26.361309836° Lon=104.753503783° H=1553.9475m
  原始数据:
2025/11/16 10:55:49.000   26.361309836  104.753503783  1553.9475   2  29   0.0065   0.0147   0.0180   0.0037  -0.0074  -0.0034   3.00    1.1 8525734

[TCP数据流] 2025/11/16 18:55:32 - 浮点解 (29颗卫星)
  ECEF: X=-1456675.0875 Y=5531465.6165 Z=2815674.9391
  LLH:  Lat=26.361309768° Lon=104.753503877° H=1554.0068m
  原始数据:
2025/11/16 10:55:50.000   26.361309768  104.753503877  1554.0068   2  29   0.0065   0.0147   0.0179   0.0037  -0.0074  -0.0034   4.00    1.0 8525734

[TCP数据流] 2025/11/16 18:55:33 - 浮点解 (29颗卫星)
  ECEF: X=-1456675.1056 Y=5531465.6551 Z=2815674.9528
  LLH:  Lat=26.361309711° Lon=104.753503954° H=1554.0505m
  原始数据:
2025/11/16 10:55:51.000   26.361309711  104.753503954  1554.0505   2  29   0.0065   0.0146   0.0179   0.0037  -0.0074  -0.0033   5.00    1.0 8525734

[TCP数据流] 2025/11/16 18:55:34 - 浮点解 (29颗卫星)
  ECEF: X=-1456675.1196 Y=5531465.6840 Z=2815674.9623
  LLH:  Lat=26.361309662° Lon=104.753504016° H=1554.0829m
  原始数据:
2025/11/16 10:55:52.000   26.361309662  104.753504016  1554.0829   2  29   0.0065   0.0146   0.0178   0.0037  -0.0074  -0.0033   6.00    1.0 8525734

[TCP数据流] 2025/11/16 18:55:35 - 浮点解 (29颗卫星)
  ECEF: X=-1456675.1309 Y=5531465.7058 Z=2815674.9688
  LLH:  Lat=26.361309618° Lon=104.753504070° H=1554.1073m
  原始数据:
2025/11/16 10:55:53.000   26.361309618  104.753504070  1554.1073   2  29   0.0065   0.0146   0.0178   0.0037  -0.0074  -0.0033   7.00    1.0 8525734

[TCP数据流] 2025/11/16 18:55:36 - 浮点解 (29颗卫星)
  ECEF: X=-1456675.1399 Y=5531465.7226 Z=2815674.9731
  LLH:  Lat=26.361309579° Lon=104.753504114° H=1554.1258m
  原始数据:
2025/11/16 10:55:54.000   26.361309579  104.753504114  1554.1258   2  29   0.0065   0.0146   0.0178   0.0037  -0.0074  -0.0033   8.00    1.0 8525734

[TCP数据流] 2025/11/16 18:55:38 - 浮点解 (29颗卫星)
  ECEF: X=-1456675.1461 Y=5531465.7328 Z=2815674.9747
  LLH:  Lat=26.361309546° Lon=104.753504148° H=1554.1368m
  原始数据:
2025/11/16 10:55:56.000   26.361309546  104.753504148  1554.1368   2  29   0.0064   0.0146   0.0178   0.0037  -0.0073  -0.0033  10.00    1.0 8525734

[TCP数据流] 2025/11/16 18:55:39 - 浮点解 (29颗卫星)
  ECEF: X=-1456675.1513 Y=5531465.7411 Z=2815674.9755
  LLH:  Lat=26.361309515° Lon=104.753504178° H=1554.1455m
  原始数据:
2025/11/16 10:55:57.000   26.361309515  104.753504178  1554.1455   2  29   0.0064   0.0146   0.0177   0.0037  -0.0073  -0.0033  11.00    1.0 8525734

[TCP数据流] 2025/11/16 18:55:40 - 浮点解 (29颗卫星)
  ECEF: X=-1456675.1559 Y=5531465.7478 Z=2815674.9757
  LLH:  Lat=26.361309486° Lon=104.753504205° H=1554.1524m
  原始数据:
2025/11/16 10:55:58.000   26.361309486  104.753504205  1554.1524   2  29   0.0064   0.0146   0.0177   0.0037  -0.0073  -0.0033  12.00    1.0 8525734

[TCP数据流] 2025/11/16 18:55:42 - 浮点解 (29颗卫星)
  ECEF: X=-1456675.1594 Y=5531465.7520 Z=2815674.9751
  LLH:  Lat=26.361309461° Lon=104.753504228° H=1554.1566m
  原始数据:
2025/11/16 10:56:00.000   26.361309461  104.753504228  1554.1566   2  29   0.0064   0.0146   0.0177   0.0037  -0.0073  -0.0033  14.00    1.0 8525734

[TCP数据流] 2025/11/16 18:55:43 - 浮点解 (29颗卫星)
  ECEF: X=-1456675.1624 Y=5531465.7554 Z=2815674.9740
  LLH:  Lat=26.361309436° Lon=104.753504248° H=1554.1598m
  原始数据:
2025/11/16 10:56:01.000   26.361309436  104.753504248  1554.1598   2  29   0.0064   0.0145   0.0177   0.0037  -0.0073  -0.0033  15.00    1.0 8525734

[TCP数据流] 2025/11/16 18:55:44 - 浮点解 (29颗卫星)
  ECEF: X=-1456675.1652 Y=5531465.7582 Z=2815674.9728
  LLH:  Lat=26.361309412° Lon=104.753504268° H=1554.1623m
  原始数据:
2025/11/16 10:56:02.000   26.361309412  104.753504268  1554.1623   2  29   0.0064   0.0145   0.0177   0.0037  -0.0073  -0.0033  16.00    1.0 8525734

[TCP数据流] 2025/11/16 18:55:45 - 浮点解 (29颗卫星)
  ECEF: X=-1456675.1675 Y=5531465.7606 Z=2815674.9713
  LLH:  Lat=26.361309389° Lon=104.753504285° H=1554.1642m
  原始数据:
2025/11/16 10:56:03.000   26.361309389  104.753504285  1554.1642   2  29   0.0064   0.0145   0.0177   0.0037  -0.0073  -0.0032  17.00    1.0 8525734

[TCP数据流] 2025/11/16 18:55:46 - 浮点解 (29颗卫星)
  ECEF: X=-1456675.1696 Y=5531465.7622 Z=2815674.9697
  LLH:  Lat=26.361309367° Lon=104.753504301° H=1554.1654m
  原始数据:
2025/11/16 10:56:04.000   26.361309367  104.753504301  1554.1654   2  29   0.0064   0.0145   0.0177   0.0037  -0.0073  -0.0032  18.00    1.0 8525734

[TCP数据流] 2025/11/16 18:55:48 - 浮点解 (23颗卫星)
  ECEF: X=-1456675.1684 Y=5531465.7574 Z=2815674.9662
  LLH:  Lat=26.361309359° Lon=104.753504302° H=1554.1594m
  原始数据:
2025/11/16 10:56:06.000   26.361309359  104.753504302  1554.1594   2  23   0.0064   0.0145   0.0177   0.0037  -0.0073  -0.0032  20.00    1.0 8525734

[TCP数据流] 2025/11/16 18:55:49 - 浮点解 (29颗卫星)
  ECEF: X=-1456675.1701 Y=5531465.7582 Z=2815674.9644
  LLH:  Lat=26.361309339° Lon=104.753504316° H=1554.1597m
  原始数据:
2025/11/16 10:56:07.000   26.361309339  104.753504316  1554.1597   2  29   0.0064   0.0145   0.0177   0.0037  -0.0073  -0.0032  21.00    1.0 8525734

[TCP数据流] 2025/11/16 18:55:51 - 浮点解 (29颗卫星)
  ECEF: X=-1456675.1715 Y=5531465.7585 Z=2815674.9623
  LLH:  Lat=26.361309320° Lon=104.753504329° H=1554.1593m
  原始数据:
2025/11/16 10:56:09.000   26.361309320  104.753504329  1554.1593   2  29   0.0064   0.0145   0.0177   0.0037  -0.0073  -0.0032  23.00    1.0 8525734

[TCP数据流] 2025/11/16 18:55:52 - 浮点解 (29颗卫星)
  ECEF: X=-1456675.1728 Y=5531465.7586 Z=2815674.9602
  LLH:  Lat=26.361309301° Lon=104.753504341° H=1554.1588m
  原始数据:
2025/11/16 10:56:10.000   26.361309301  104.753504341  1554.1588   2  29   0.0064   0.0145   0.0177   0.0037  -0.0073  -0.0032  24.00    1.0 8525734

[TCP数据流] 2025/11/16 18:55:53 - 浮点解 (29颗卫星)
  ECEF: X=-1456675.1739 Y=5531465.7587 Z=2815674.9580
  LLH:  Lat=26.361309282° Lon=104.753504352° H=1554.1581m
  原始数据:
2025/11/16 10:56:11.000   26.361309282  104.753504352  1554.1581   2  29   0.0064   0.0145   0.0177   0.0037  -0.0073  -0.0032  25.00    1.0 8525734

[TCP数据流] 2025/11/16 18:55:54 - 浮点解 (29颗卫星)
  ECEF: X=-1456675.1750 Y=5531465.7586 Z=2815674.9557
  LLH:  Lat=26.361309263° Lon=104.753504362° H=1554.1573m
  原始数据:
2025/11/16 10:56:12.000   26.361309263  104.753504362  1554.1573   2  29   0.0064   0.0145   0.0177   0.0037  -0.0073  -0.0032  26.00    1.0 8525734

[TCP数据流] 2025/11/16 18:55:55 - 浮点解 (29颗卫星)
  ECEF: X=-1456675.1759 Y=5531465.7584 Z=2815674.9535
  LLH:  Lat=26.361309245° Lon=104.753504372° H=1554.1563m
  原始数据:
2025/11/16 10:56:13.000   26.361309245  104.753504372  1554.1563   2  29   0.0064   0.0145   0.0177   0.0037  -0.0073  -0.0032  27.00    1.0 8525734

[TCP数据流] 2025/11/16 18:55:56 - 浮点解 (29颗卫星)
  ECEF: X=-1456675.1768 Y=5531465.7579 Z=2815674.9513
  LLH:  Lat=26.361309228° Lon=104.753504382° H=1554.1551m
  原始数据:
2025/11/16 10:56:14.000   26.361309228  104.753504382  1554.1551   2  29   0.0064   0.0145   0.0177   0.0037  -0.0073  -0.0032  28.00    1.0 8525734

[TCP数据流] 2025/11/16 18:55:57 - 浮点解 (29颗卫星)
  ECEF: X=-1456675.1778 Y=5531465.7574 Z=2815674.9491
  LLH:  Lat=26.361309211° Lon=104.753504393° H=1554.1539m
  原始数据:
2025/11/16 10:56:15.000   26.361309211  104.753504393  1554.1539   2  29   0.0064   0.0145   0.0176   0.0037  -0.0073  -0.0032  29.00    1.0 8525734

[TCP数据流] 2025/11/16 18:55:58 - 浮点解 (29颗卫星)
  ECEF: X=-1456675.1787 Y=5531465.7568 Z=2815674.9468
  LLH:  Lat=26.361309194° Lon=104.753504403° H=1554.1526m
  原始数据:
2025/11/16 10:56:16.000   26.361309194  104.753504403  1554.1526   2  29   0.0064   0.0145   0.0176   0.0037  -0.0073  -0.0032  30.00    1.0 8525734

[TCP数据流] 2025/11/16 18:56:48 - 浮点解 (15颗卫星)
  ECEF: X=-1456675.1803 Y=5531465.7432 Z=2815674.9404
  LLH:  Lat=26.361309193° Lon=104.753504453° H=1554.1383m
  原始数据:
2025/11/16 10:57:06.000   26.361309193  104.753504453  1554.1383   2  15   0.0064   0.0145   0.0176   0.0037  -0.0073  -0.0032   0.00    1.2 8525734

[TCP数据流] 2025/11/16 18:56:49 - 浮点解 (15颗卫星)
  ECEF: X=-1456675.1819 Y=5531465.7304 Z=2815674.9340
  LLH:  Lat=26.361309189° Lon=104.753504501° H=1554.1248m
  原始数据:
2025/11/16 10:57:07.000   26.361309189  104.753504501  1554.1248   2  15   0.0063   0.0145   0.0176   0.0037  -0.0072  -0.0031   0.00    1.2 8525734

[TCP数据流] 2025/11/16 18:56:50 - 浮点解 (20颗卫星)
  ECEF: X=-1456675.1504 Y=5531465.6944 Z=2815674.8962
  LLH:  Lat=26.361309056° Lon=104.753504288° H=1554.0696m
  原始数据:
2025/11/16 10:57:08.000   26.361309056  104.753504288  1554.0696   2  20   0.0063   0.0145   0.0175   0.0037  -0.0072  -0.0030   0.00    1.1 8525734

[TCP数据流] 2025/11/16 18:56:51 - 浮点解 (21颗卫星)
  ECEF: X=-1456675.1214 Y=5531465.6603 Z=2815674.8607
  LLH:  Lat=26.361308930° Lon=104.753504094° H=1554.0177m
  原始数据:
2025/11/16 10:57:09.000   26.361308930  104.753504094  1554.0177   2  21   0.0063   0.0144   0.0175   0.0037  -0.0072  -0.0030   1.00    1.2 8525734

[TCP数据流] 2025/11/16 18:56:53 - 浮点解 (21颗卫星)
  ECEF: X=-1456675.0989 Y=5531465.6323 Z=2815674.8311
  LLH:  Lat=26.361308822° Lon=104.753503948° H=1553.9751m
  原始数据:
2025/11/16 10:57:11.000   26.361308822  104.753503948  1553.9751   2  21   0.0063   0.0144   0.0175   0.0036  -0.0072  -0.0030   3.00    1.0 8525734

[TCP数据流] 2025/11/16 18:56:55 - 浮点解 (10颗卫星)
  ECEF: X=-1456675.0987 Y=5531465.6312 Z=2815674.8303
  LLH:  Lat=26.361308820° Lon=104.753503948° H=1553.9738m
  原始数据:
2025/11/16 10:57:13.000   26.361308820  104.753503948  1553.9738   2  10   0.0063   0.0144   0.0175   0.0036  -0.0072  -0.0030   5.00    0.0 8525734

[TCP数据流] 2025/11/16 18:56:56 - 浮点解 (21颗卫星)
  ECEF: X=-1456675.0856 Y=5531465.6126 Z=2815674.8103
  LLH:  Lat=26.361308744° Lon=104.753503869° H=1553.9458m
  原始数据:
2025/11/16 10:57:14.000   26.361308744  104.753503869  1553.9458   2  21   0.0063   0.0144   0.0174   0.0036  -0.0072  -0.0029   6.00    1.0 8525734

[TCP数据流] 2025/11/16 18:56:58 - 浮点解 (10颗卫星)
  ECEF: X=-1456675.0852 Y=5531465.6115 Z=2815674.8095
  LLH:  Lat=26.361308742° Lon=104.753503868° H=1553.9444m
  原始数据:
2025/11/16 10:57:16.000   26.361308742  104.753503868  1553.9444   2  10   0.0063   0.0144   0.0174   0.0036  -0.0072  -0.0029   8.00    1.5 8525734

[TCP数据流] 2025/11/16 18:57:02 - 浮点解 (21颗卫星)
  ECEF: X=-1456675.0797 Y=5531465.6024 Z=2815674.7995
  LLH:  Lat=26.361308702° Lon=104.753503838° H=1553.9308m
  原始数据:
2025/11/16 10:57:20.000   26.361308702  104.753503838  1553.9308   2  21   0.0062   0.0144   0.0174   0.0036  -0.0072  -0.0029  12.00    1.0 8525734

[TCP数据流] 2025/11/16 19:03:00 - 浮点解 (29颗卫星)
  ECEF: X=-1456674.8809 Y=5531466.0922 Z=2815675.4283
  LLH:  Lat=26.361312091° Lon=104.753500663° H=1554.5891m
  原始数据:
2025/11/16 11:03:18.000   26.361312091  104.753500663  1554.5891   2  29   0.0062   0.0144   0.0173   0.0037  -0.0071  -0.0032  10.00    1.0 8525734

[TCP数据流] 2025/11/16 19:03:01 - 浮点解 (29颗卫星)
  ECEF: X=-1456674.8730 Y=5531466.1128 Z=2815675.4544
  LLH:  Lat=26.361312231° Lon=104.753500534° H=1554.6167m
  原始数据:
2025/11/16 11:03:19.000   26.361312231  104.753500534  1554.6167   2  29   0.0062   0.0144   0.0173   0.0038  -0.0071  -0.0032  11.00    1.1 8525734

[TCP数据流] 2025/11/16 19:03:02 - 浮点解 (23颗卫星)
  ECEF: X=-1456674.8659 Y=5531466.1302 Z=2815675.4770
  LLH:  Lat=26.361312353° Lon=104.753500420° H=1554.6402m
  原始数据:
2025/11/16 11:03:20.000   26.361312353  104.753500420  1554.6402   2  23   0.0062   0.0144   0.0173   0.0038  -0.0071  -0.0032  12.00    1.0 8525734

[TCP数据流] 2025/11/16 19:03:03 - 浮点解 (23颗卫星)
  ECEF: X=-1456674.8596 Y=5531466.1453 Z=2815675.4963
  LLH:  Lat=26.361312457° Lon=104.753500321° H=1554.6604m
  原始数据:
2025/11/16 11:03:21.000   26.361312457  104.753500321  1554.6604   2  23   0.0062   0.0144   0.0173   0.0038  -0.0071  -0.0032  13.00    1.1 8525734

[TCP数据流] 2025/11/16 19:03:04 - 浮点解 (23颗卫星)
  ECEF: X=-1456674.8543 Y=5531466.1583 Z=2815675.5130
  LLH:  Lat=26.361312547° Lon=104.753500236° H=1554.6779m
  原始数据:
2025/11/16 11:03:22.000   26.361312547  104.753500236  1554.6779   2  23   0.0062   0.0144   0.0173   0.0038  -0.0071  -0.0032  14.00    1.1 8525734

[TCP数据流] 2025/11/16 19:03:05 - 浮点解 (23颗卫星)
  ECEF: X=-1456674.8495 Y=5531466.1696 Z=2815675.5276
  LLH:  Lat=26.361312626° Lon=104.753500161° H=1554.6931m
  原始数据:
2025/11/16 11:03:23.000   26.361312626  104.753500161  1554.6931   2  23   0.0062   0.0144   0.0173   0.0038  -0.0071  -0.0032  15.00    1.0 8525734

[TCP数据流] 2025/11/16 19:03:06 - 浮点解 (23颗卫星)
  ECEF: X=-1456674.8454 Y=5531466.1796 Z=2815675.5402
  LLH:  Lat=26.361312694° Lon=104.753500096° H=1554.7064m
  原始数据:
2025/11/16 11:03:24.000   26.361312694  104.753500096  1554.7064   2  23   0.0062   0.0144   0.0173   0.0038  -0.0071  -0.0032  16.00    1.0 8525734

[TCP数据流] 2025/11/16 19:03:07 - 浮点解 (23颗卫星)
  ECEF: X=-1456674.8419 Y=5531466.1882 Z=2815675.5515
  LLH:  Lat=26.361312755° Lon=104.753500040° H=1554.7180m
  原始数据:
2025/11/16 11:03:25.000   26.361312755  104.753500040  1554.7180   2  23   0.0062   0.0143   0.0173   0.0038  -0.0071  -0.0033  17.00    1.1 8525734

[TCP数据流] 2025/11/16 19:03:08 - 浮点解 (23颗卫星)
  ECEF: X=-1456674.8387 Y=5531466.1958 Z=2815675.5613
  LLH:  Lat=26.361312808° Lon=104.753499990° H=1554.7283m
  原始数据:
2025/11/16 11:03:26.000   26.361312808  104.753499990  1554.7283   2  23   0.0062   0.0143   0.0173   0.0038  -0.0071  -0.0033  18.00    1.0 8525734

[TCP数据流] 2025/11/16 19:03:09 - 浮点解 (23颗卫星)
  ECEF: X=-1456674.8359 Y=5531466.2025 Z=2815675.5700
  LLH:  Lat=26.361312855° Lon=104.753499945° H=1554.7373m
  原始数据:
2025/11/16 11:03:27.000   26.361312855  104.753499945  1554.7373   2  23   0.0061   0.0143   0.0173   0.0038  -0.0071  -0.0033  19.00    1.0 8525734

[TCP数据流] 2025/11/16 19:03:10 - 浮点解 (17颗卫星)
  ECEF: X=-1456674.8332 Y=5531466.2087 Z=2815675.5780
  LLH:  Lat=26.361312899° Lon=104.753499904° H=1554.7456m
  原始数据:
2025/11/16 11:03:28.000   26.361312899  104.753499904  1554.7456   2  17   0.0061   0.0143   0.0173   0.0038  -0.0071  -0.0033  20.00    1.1 8525734

[TCP数据流] 2025/11/16 19:03:11 - 浮点解 (23颗卫星)
  ECEF: X=-1456674.8310 Y=5531466.2139 Z=2815675.5849
  LLH:  Lat=26.361312937° Lon=104.753499869° H=1554.7527m
  原始数据:
2025/11/16 11:03:29.000   26.361312937  104.753499869  1554.7527   2  23   0.0061   0.0143   0.0173   0.0038  -0.0071  -0.0033  21.00    1.1 8525734

[TCP数据流] 2025/11/16 19:03:12 - 浮点解 (23颗卫星)
  ECEF: X=-1456674.8291 Y=5531466.2187 Z=2815675.5911
  LLH:  Lat=26.361312970° Lon=104.753499838° H=1554.7591m
  原始数据:
2025/11/16 11:03:30.000   26.361312970  104.753499838  1554.7591   2  23   0.0061   0.0143   0.0173   0.0038  -0.0071  -0.0033  22.00    1.1 8525734

[TCP数据流] 2025/11/16 19:03:13 - 浮点解 (29颗卫星)
  ECEF: X=-1456674.8277 Y=5531466.2227 Z=2815675.5961
  LLH:  Lat=26.361312997° Lon=104.753499815° H=1554.7645m
  原始数据:
2025/11/16 11:03:31.000   26.361312997  104.753499815  1554.7645   2  29   0.0061   0.0143   0.0173   0.0038  -0.0071  -0.0033  23.00    1.0 8525734

[TCP数据流] 2025/11/16 19:03:14 - 浮点解 (29颗卫星)
  ECEF: X=-1456674.8265 Y=5531466.2263 Z=2815675.6007
  LLH:  Lat=26.361313021° Lon=104.753499794° H=1554.7694m
  原始数据:
2025/11/16 11:03:32.000   26.361313021  104.753499794  1554.7694   2  29   0.0061   0.0143   0.0173   0.0038  -0.0071  -0.0033  24.00    1.0 8525734

[TCP数据流] 2025/11/16 19:03:15 - 浮点解 (29颗卫星)
  ECEF: X=-1456674.8256 Y=5531466.2295 Z=2815675.6048
  LLH:  Lat=26.361313043° Lon=104.753499777° H=1554.7738m
  原始数据:
2025/11/16 11:03:33.000   26.361313043  104.753499777  1554.7738   2  29   0.0061   0.0143   0.0173   0.0038  -0.0070  -0.0033  25.00    1.0 8525734

[TCP数据流] 2025/11/16 19:03:16 - 浮点解 (29颗卫星)
  ECEF: X=-1456674.8248 Y=5531466.2323 Z=2815675.6084
  LLH:  Lat=26.361313062° Lon=104.753499762° H=1554.7777m
  原始数据:
2025/11/16 11:03:34.000   26.361313062  104.753499762  1554.7777   2  29   0.0061   0.0143   0.0173   0.0038  -0.0070  -0.0033  26.00    1.0 8525734

[TCP数据流] 2025/11/16 19:03:18 - 浮点解 (29颗卫星)
  ECEF: X=-1456674.8244 Y=5531466.2346 Z=2815675.6113
  LLH:  Lat=26.361313077° Lon=104.753499752° H=1554.7808m
  原始数据:
2025/11/16 11:03:36.000   26.361313077  104.753499752  1554.7808   2  29   0.0061   0.0143   0.0173   0.0038  -0.0070  -0.0033  28.00    1.0 8525734

[TCP数据流] 2025/11/16 19:03:19 - 浮点解 (23颗卫星)
  ECEF: X=-1456674.8234 Y=5531466.2368 Z=2815675.6142
  LLH:  Lat=26.361313093° Lon=104.753499737° H=1554.7838m
  原始数据:
2025/11/16 11:03:37.000   26.361313093  104.753499737  1554.7838   2  23   0.0061   0.0143   0.0173   0.0038  -0.0070  -0.0033  29.00    1.1 8525734

[TCP数据流] 2025/11/16 19:03:24 - 浮点解 (29颗卫星)
  ECEF: X=-1456674.7896 Y=5531466.3233 Z=2815675.7247
  LLH:  Lat=26.361313685° Lon=104.753499189° H=1554.9001m
  原始数据:
2025/11/16 11:03:42.000   26.361313685  104.753499189  1554.9001   2  29   0.0061   0.0143   0.0173   0.0038  -0.0070  -0.0033   0.00    1.2 8525734

[TCP数据流] 2025/11/16 19:03:25 - 浮点解 (30颗卫星)
  ECEF: X=-1456674.7578 Y=5531466.4048 Z=2815675.8282
  LLH:  Lat=26.361314239° Lon=104.753498673° H=1555.0094m
  原始数据:
2025/11/16 11:03:43.000   26.361314239  104.753498673  1555.0094   2  30   0.0061   0.0143   0.0173   0.0038  -0.0070  -0.0034   0.00    1.0 8525734

[TCP数据流] 2025/11/16 19:03:26 - 浮点解 (30颗卫星)
  ECEF: X=-1456674.7292 Y=5531466.4788 Z=2815675.9223
  LLH:  Lat=26.361314742° Lon=104.753498207° H=1555.1088m
  原始数据:
2025/11/16 11:03:44.000   26.361314742  104.753498207  1555.1088   2  30   0.0061   0.0143   0.0172   0.0038  -0.0070  -0.0034   1.00    1.0 8525734

[TCP数据流] 2025/11/16 19:03:27 - 浮点解 (30颗卫星)
  ECEF: X=-1456674.7045 Y=5531466.5431 Z=2815676.0038
  LLH:  Lat=26.361315177° Lon=104.753497804° H=1555.1950m
  原始数据:
2025/11/16 11:03:45.000   26.361315177  104.753497804  1555.1950   2  30   0.0061   0.0143   0.0172   0.0038  -0.0070  -0.0035   2.00    1.0 8525734

[TCP数据流] 2025/11/16 19:03:28 - 浮点解 (30颗卫星)
  ECEF: X=-1456674.6838 Y=5531466.5969 Z=2815676.0719
  LLH:  Lat=26.361315540° Lon=104.753497466° H=1555.2672m
  原始数据:
2025/11/16 11:03:46.000   26.361315540  104.753497466  1555.2672   2  30   0.0061   0.0143   0.0172   0.0039  -0.0070  -0.0035   3.00    1.0 8525734

[TCP数据流] 2025/11/16 19:03:29 - 浮点解 (29颗卫星)
  ECEF: X=-1456674.6668 Y=5531466.6416 Z=2815676.1280
  LLH:  Lat=26.361315838° Lon=104.753497188° H=1555.3269m
  原始数据:
2025/11/16 11:03:47.000   26.361315838  104.753497188  1555.3269   2  29   0.0061   0.0143   0.0172   0.0039  -0.0069  -0.0035   4.00    1.2 8525734

[TCP数据流] 2025/11/16 19:03:30 - 浮点解 (30颗卫星)
  ECEF: X=-1456674.6530 Y=5531466.6780 Z=2815676.1737
  LLH:  Lat=26.361316081° Lon=104.753496961° H=1555.3756m
  原始数据:
2025/11/16 11:03:48.000   26.361316081  104.753496961  1555.3756   2  30   0.0061   0.0143   0.0172   0.0039  -0.0069  -0.0035   5.00    1.0 8525734

[TCP数据流] 2025/11/16 19:03:31 - 浮点解 (29颗卫星)
  ECEF: X=-1456674.6417 Y=5531466.7078 Z=2815676.2112
  LLH:  Lat=26.361316280° Lon=104.753496776° H=1555.4155m
  原始数据:
2025/11/16 11:03:49.000   26.361316280  104.753496776  1555.4155   2  29   0.0061   0.0143   0.0172   0.0039  -0.0069  -0.0036   6.00    1.0 8525734

[TCP数据流] 2025/11/16 19:03:32 - 浮点解 (29颗卫星)
  ECEF: X=-1456674.6326 Y=5531466.7325 Z=2815676.2420
  LLH:  Lat=26.361316443° Lon=104.753496624° H=1555.4485m
  原始数据:
2025/11/16 11:03:50.000   26.361316443  104.753496624  1555.4485   2  29   0.0060   0.0143   0.0172   0.0039  -0.0069  -0.0036   7.00    1.0 8525734

[TCP数据流] 2025/11/16 19:03:33 - 浮点解 (29颗卫星)
  ECEF: X=-1456674.6251 Y=5531466.7527 Z=2815676.2675
  LLH:  Lat=26.361316578° Lon=104.753496500° H=1555.4756m
  原始数据:
2025/11/16 11:03:51.000   26.361316578  104.753496500  1555.4756   2  29   0.0060   0.0143   0.0172   0.0039  -0.0069  -0.0036   8.00    1.1 8525734

[TCP数据流] 2025/11/16 19:03:34 - 浮点解 (29颗卫星)
  ECEF: X=-1456674.6189 Y=5531466.7696 Z=2815676.2886
  LLH:  Lat=26.361316690° Lon=104.753496397° H=1555.4982m
  原始数据:
2025/11/16 11:03:52.000   26.361316690  104.753496397  1555.4982   2  29   0.0060   0.0143   0.0172   0.0039  -0.0069  -0.0036   9.00    1.1 8525734

[TCP数据流] 2025/11/16 19:03:35 - 浮点解 (29颗卫星)
  ECEF: X=-1456674.6139 Y=5531466.7834 Z=2815676.3061
  LLH:  Lat=26.361316783° Lon=104.753496313° H=1555.5168m
  原始数据:
2025/11/16 11:03:53.000   26.361316783  104.753496313  1555.5168   2  29   0.0060   0.0142   0.0172   0.0039  -0.0069  -0.0036  10.00    1.0 8525734

[TCP数据流] 2025/11/16 19:03:36 - 浮点解 (29颗卫星)
  ECEF: X=-1456674.6097 Y=5531466.7952 Z=2815676.3209
  LLH:  Lat=26.361316861° Lon=104.753496242° H=1555.5327m
  原始数据:
2025/11/16 11:03:54.000   26.361316861  104.753496242  1555.5327   2  29   0.0060   0.0142   0.0172   0.0039  -0.0069  -0.0036  11.00    1.1 8525734

[TCP数据流] 2025/11/16 19:03:37 - 浮点解 (29颗卫星)
  ECEF: X=-1456674.6061 Y=5531466.8052 Z=2815676.3334
  LLH:  Lat=26.361316927° Lon=104.753496182° H=1555.5461m
  原始数据:
2025/11/16 11:03:55.000   26.361316927  104.753496182  1555.5461   2  29   0.0060   0.0142   0.0172   0.0039  -0.0069  -0.0036  12.00    1.0 8525734

[TCP数据流] 2025/11/16 19:03:38 - 浮点解 (29颗卫星)
  ECEF: X=-1456674.6034 Y=5531466.8138 Z=2815676.3441
  LLH:  Lat=26.361316983° Lon=104.753496134° H=1555.5576m
  原始数据:
2025/11/16 11:03:56.000   26.361316983  104.753496134  1555.5576   2  29   0.0060   0.0142   0.0172   0.0039  -0.0069  -0.0036  13.00    1.0 8525734

[TCP数据流] 2025/11/16 19:03:39 - 浮点解 (29颗卫星)
  ECEF: X=-1456674.6009 Y=5531466.8210 Z=2815676.3532
  LLH:  Lat=26.361317031° Lon=104.753496092° H=1555.5673m
  原始数据:
2025/11/16 11:03:57.000   26.361317031  104.753496092  1555.5673   2  29   0.0060   0.0142   0.0172   0.0039  -0.0069  -0.0036  14.00    1.0 8525734

[TCP数据流] 2025/11/16 19:03:40 - 浮点解 (29颗卫星)
  ECEF: X=-1456674.5990 Y=5531466.8272 Z=2815676.3610
  LLH:  Lat=26.361317072° Lon=104.753496057° H=1555.5757m
  原始数据:
2025/11/16 11:03:58.000   26.361317072  104.753496057  1555.5757   2  29   0.0060   0.0142   0.0172   0.0039  -0.0069  -0.0036  15.00    1.0 8525734

[TCP数据流] 2025/11/16 19:03:41 - 浮点解 (29颗卫星)
  ECEF: X=-1456674.5974 Y=5531466.8325 Z=2815676.3676
  LLH:  Lat=26.361317107° Lon=104.753496028° H=1555.5829m
  原始数据:
2025/11/16 11:03:59.000   26.361317107  104.753496028  1555.5829   2  29   0.0060   0.0142   0.0171   0.0039  -0.0069  -0.0036  16.00    1.0 8525734

[TCP数据流] 2025/11/16 19:03:42 - 浮点解 (29颗卫星)
  ECEF: X=-1456674.5961 Y=5531466.8370 Z=2815676.3734
  LLH:  Lat=26.361317137° Lon=104.753496004° H=1555.5891m
  原始数据:
2025/11/16 11:04:00.000   26.361317137  104.753496004  1555.5891   2  29   0.0060   0.0142   0.0171   0.0039  -0.0069  -0.0036  17.00    1.1 8525734

[TCP数据流] 2025/11/16 19:03:44 - 浮点解 (29颗卫星)
  ECEF: X=-1456674.5952 Y=5531466.8404 Z=2815676.3777
  LLH:  Lat=26.361317160° Lon=104.753495987° H=1555.5938m
  原始数据:
2025/11/16 11:04:02.000   26.361317160  104.753495987  1555.5938   2  29   0.0060   0.0142   0.0171   0.0039  -0.0069  -0.0036  19.00    1.0 8525734

[TCP数据流] 2025/11/16 19:03:45 - 浮点解 (29颗卫星)
  ECEF: X=-1456674.5945 Y=5531466.8433 Z=2815676.3815
  LLH:  Lat=26.361317180° Lon=104.753495973° H=1555.5978m
  原始数据:
2025/11/16 11:04:03.000   26.361317180  104.753495973  1555.5978   2  29   0.0060   0.0142   0.0171   0.0039  -0.0069  -0.0036  20.00    1.0 8525734

[TCP数据流] 2025/11/16 19:03:46 - 浮点解 (29颗卫星)
  ECEF: X=-1456674.5941 Y=5531466.8458 Z=2815676.3847
  LLH:  Lat=26.361317197° Lon=104.753495962° H=1555.6013m
  原始数据:
2025/11/16 11:04:04.000   26.361317197  104.753495962  1555.6013   2  29   0.0060   0.0142   0.0171   0.0039  -0.0069  -0.0036  21.00    1.0 8525734

[TCP数据流] 2025/11/16 19:03:47 - 浮点解 (29颗卫星)
  ECEF: X=-1456674.5937 Y=5531466.8480 Z=2815676.3875
  LLH:  Lat=26.361317211° Lon=104.753495953° H=1555.6043m
  原始数据:
2025/11/16 11:04:05.000   26.361317211  104.753495953  1555.6043   2  29   0.0060   0.0142   0.0171   0.0039  -0.0069  -0.0036  22.00    1.0 8525734

[TCP数据流] 2025/11/16 19:03:48 - 浮点解 (30颗卫星)
  ECEF: X=-1456674.5934 Y=5531466.8497 Z=2815676.3899
  LLH:  Lat=26.361317224° Lon=104.753495946° H=1555.6068m
  原始数据:
2025/11/16 11:04:06.000   26.361317224  104.753495946  1555.6068   2  30   0.0060   0.0142   0.0171   0.0039  -0.0069  -0.0036  23.00    1.0 8525734

[TCP数据流] 2025/11/16 19:03:50 - 浮点解 (30颗卫星)
  ECEF: X=-1456674.5935 Y=5531466.8509 Z=2815676.3916
  LLH:  Lat=26.361317233° Lon=104.753495944° H=1555.6086m
  原始数据:
2025/11/16 11:04:08.000   26.361317233  104.753495944  1555.6086   2  30   0.0060   0.0142   0.0171   0.0039  -0.0069  -0.0036  25.00    1.0 8525734

[TCP数据流] 2025/11/16 19:03:51 - 浮点解 (30颗卫星)
  ECEF: X=-1456674.5936 Y=5531466.8520 Z=2815676.3930
  LLH:  Lat=26.361317240° Lon=104.753495942° H=1555.6102m
  原始数据:
2025/11/16 11:04:09.000   26.361317240  104.753495942  1555.6102   2  30   0.0060   0.0142   0.0171   0.0039  -0.0069  -0.0036  26.00    1.0 8525734

[TCP数据流] 2025/11/16 19:03:52 - 浮点解 (30颗卫星)
  ECEF: X=-1456674.5937 Y=5531466.8528 Z=2815676.3942
  LLH:  Lat=26.361317247° Lon=104.753495941° H=1555.6115m
  原始数据:
2025/11/16 11:04:10.000   26.361317247  104.753495941  1555.6115   2  30   0.0060   0.0142   0.0171   0.0039  -0.0069  -0.0036  27.00    1.0 8525734

[TCP数据流] 2025/11/16 19:03:53 - 浮点解 (30颗卫星)
  ECEF: X=-1456674.5939 Y=5531466.8535 Z=2815676.3952
  LLH:  Lat=26.361317252° Lon=104.753495941° H=1555.6126m
  原始数据:
2025/11/16 11:04:11.000   26.361317252  104.753495941  1555.6126   2  30   0.0060   0.0142   0.0171   0.0039  -0.0069  -0.0036  28.00    1.0 8525734

[TCP数据流] 2025/11/16 19:03:54 - 浮点解 (30颗卫星)
  ECEF: X=-1456674.5943 Y=5531466.8541 Z=2815676.3960
  LLH:  Lat=26.361317256° Lon=104.753495943° H=1555.6135m
  原始数据:
2025/11/16 11:04:12.000   26.361317256  104.753495943  1555.6135   2  30   0.0060   0.0142   0.0171   0.0039  -0.0069  -0.0036  29.00    1.0 8525734

[TCP数据流] 2025/11/16 19:03:55 - 浮点解 (30颗卫星)
  ECEF: X=-1456674.5947 Y=5531466.8543 Z=2815676.3967
  LLH:  Lat=26.361317260° Lon=104.753495946° H=1555.6141m
  原始数据:
2025/11/16 11:04:13.000   26.361317260  104.753495946  1555.6141   2  30   0.0060   0.0142   0.0171   0.0039  -0.0069  -0.0036  30.00    1.0 8525734

[TCP数据流] 2025/11/16 19:03:59 - 浮点解 (30颗卫星)
  ECEF: X=-1456674.5747 Y=5531466.9053 Z=2815676.4593
  LLH:  Lat=26.361317589° Lon=104.753495623° H=1555.6815m
  原始数据:
2025/11/16 11:04:17.000   26.361317589  104.753495623  1555.6815   2  30   0.0060   0.0142   0.0171   0.0039  -0.0068  -0.0037   0.00    1.1 8525734

[TCP数据流] 2025/11/16 19:04:00 - 浮点解 (30颗卫星)
  ECEF: X=-1456674.5555 Y=5531466.9536 Z=2815676.5187
  LLH:  Lat=26.361317902° Lon=104.753495313° H=1555.7454m
  原始数据:
2025/11/16 11:04:18.000   26.361317902  104.753495313  1555.7454   2  30   0.0060   0.0142   0.0171   0.0039  -0.0068  -0.0037   0.00    1.1 8525734

[TCP数据流] 2025/11/16 19:04:01 - 浮点解 (30颗卫星)
  ECEF: X=-1456674.5374 Y=5531466.9998 Z=2815676.5755
  LLH:  Lat=26.361318200° Lon=104.753495020° H=1555.8065m
  原始数据:
2025/11/16 11:04:19.000   26.361318200  104.753495020  1555.8065   2  30   0.0060   0.0142   0.0171   0.0039  -0.0068  -0.0037   0.00    1.1 8525734

[TCP数据流] 2025/11/16 19:04:02 - 浮点解 (30颗卫星)
  ECEF: X=-1456674.5208 Y=5531467.0422 Z=2815676.6277
  LLH:  Lat=26.361318475° Lon=104.753494751° H=1555.8626m
  原始数据:
2025/11/16 11:04:20.000   26.361318475  104.753494751  1555.8626   2  30   0.0060   0.0142   0.0171   0.0040  -0.0068  -0.0038   1.00    1.1 8525734

[TCP数据流] 2025/11/16 19:04:03 - 浮点解 (30颗卫星)
  ECEF: X=-1456674.5062 Y=5531467.0794 Z=2815676.6731
  LLH:  Lat=26.361318713° Lon=104.753494515° H=1555.9117m
  原始数据:
2025/11/16 11:04:21.000   26.361318713  104.753494515  1555.9117   2  30   0.0060   0.0142   0.0171   0.0040  -0.0068  -0.0038   2.00    1.2 8525734

[TCP数据流] 2025/11/16 19:04:04 - 浮点解 (30颗卫星)
  ECEF: X=-1456674.4941 Y=5531467.1105 Z=2815676.7112
  LLH:  Lat=26.361318913° Lon=104.753494318° H=1555.9528m
  原始数据:
2025/11/16 11:04:22.000   26.361318913  104.753494318  1555.9528   2  30   0.0060   0.0141   0.0170   0.0040  -0.0068  -0.0038   3.00    1.0 8525734

[TCP数据流] 2025/11/16 19:04:05 - 浮点解 (30颗卫星)
  ECEF: X=-1456674.4839 Y=5531467.1363 Z=2815676.7426
  LLH:  Lat=26.361319077° Lon=104.753494154° H=1555.9867m
  原始数据:
2025/11/16 11:04:23.000   26.361319077  104.753494154  1555.9867   2  30   0.0060   0.0141   0.0170   0.0040  -0.0068  -0.0038   4.00    1.0 8525734

[TCP数据流] 2025/11/16 19:04:06 - 浮点解 (30颗卫星)
  ECEF: X=-1456674.4756 Y=5531467.1575 Z=2815676.7682
  LLH:  Lat=26.361319211° Lon=104.753494020° H=1556.0146m
  原始数据:
2025/11/16 11:04:24.000   26.361319211  104.753494020  1556.0146   2  30   0.0059   0.0141   0.0170   0.0040  -0.0068  -0.0038   5.00    1.0 8525734

[TCP数据流] 2025/11/16 19:04:07 - 浮点解 (30颗卫星)
  ECEF: X=-1456674.4689 Y=5531467.1746 Z=2815676.7891
  LLH:  Lat=26.361319320° Lon=104.753493911° H=1556.0372m
  原始数据:
2025/11/16 11:04:25.000   26.361319320  104.753493911  1556.0372   2  30   0.0059   0.0141   0.0170   0.0040  -0.0067  -0.0038   6.00    1.0 8525734

[TCP数据流] 2025/11/16 19:04:08 - 浮点解 (30颗卫星)
  ECEF: X=-1456674.4633 Y=5531467.1888 Z=2815676.8061
  LLH:  Lat=26.361319408° Lon=104.753493821° H=1556.0557m
  原始数据:
2025/11/16 11:04:26.000   26.361319408  104.753493821  1556.0557   2  30   0.0059   0.0141   0.0170   0.0040  -0.0067  -0.0039   7.00    1.0 8525734

[TCP数据流] 2025/11/16 19:04:09 - 浮点解 (30颗卫星)
  ECEF: X=-1456674.4589 Y=5531467.2002 Z=2815676.8200
  LLH:  Lat=26.361319481° Lon=104.753493749° H=1556.0708m
  原始数据:
2025/11/16 11:04:27.000   26.361319481  104.753493749  1556.0708   2  30   0.0059   0.0141   0.0170   0.0040  -0.0067  -0.0039   8.00    1.0 8525734

[TCP数据流] 2025/11/16 19:04:10 - 浮点解 (30颗卫星)
  ECEF: X=-1456674.4553 Y=5531467.2096 Z=2815676.8314
  LLH:  Lat=26.361319540° Lon=104.753493690° H=1556.0832m
  原始数据:
2025/11/16 11:04:28.000   26.361319540  104.753493690  1556.0832   2  30   0.0059   0.0141   0.0170   0.0040  -0.0067  -0.0039   9.00    1.0 8525734

[TCP数据流] 2025/11/16 19:04:11 - 浮点解 (30颗卫星)
  ECEF: X=-1456674.4525 Y=5531467.2173 Z=2815676.8409
  LLH:  Lat=26.361319590° Lon=104.753493643° H=1556.0934m
  原始数据:
2025/11/16 11:04:29.000   26.361319590  104.753493643  1556.0934   2  30   0.0059   0.0141   0.0170   0.0040  -0.0067  -0.0039  10.00    1.0 8525734

[TCP数据流] 2025/11/16 19:04:12 - 浮点解 (30颗卫星)
  ECEF: X=-1456674.4502 Y=5531467.2238 Z=2815676.8488
  LLH:  Lat=26.361319631° Lon=104.753493604° H=1556.1020m
  原始数据:
2025/11/16 11:04:30.000   26.361319631  104.753493604  1556.1020   2  30   0.0059   0.0141   0.0170   0.0040  -0.0067  -0.0039  11.00    1.0 8525734

[TCP数据流] 2025/11/16 19:04:13 - 浮点解 (30颗卫星)
  ECEF: X=-1456674.4483 Y=5531467.2291 Z=2815676.8551
  LLH:  Lat=26.361319664° Lon=104.753493572° H=1556.1090m
  原始数据:
2025/11/16 11:04:31.000   26.361319664  104.753493572  1556.1090   2  30   0.0059   0.0141   0.0170   0.0040  -0.0067  -0.0039  12.00    1.0 8525734

[TCP数据流] 2025/11/16 19:04:14 - 浮点解 (30颗卫星)
  ECEF: X=-1456674.4467 Y=5531467.2334 Z=2815676.8605
  LLH:  Lat=26.361319692° Lon=104.753493546° H=1556.1148m
  原始数据:
2025/11/16 11:04:32.000   26.361319692  104.753493546  1556.1148   2  30   0.0059   0.0141   0.0170   0.0040  -0.0067  -0.0039  13.00    1.0 8525734

[TCP数据流] 2025/11/16 19:04:15 - 浮点解 (30颗卫星)
  ECEF: X=-1456674.4454 Y=5531467.2372 Z=2815676.8650
  LLH:  Lat=26.361319715° Lon=104.753493524° H=1556.1197m
  原始数据:
2025/11/16 11:04:33.000   26.361319715  104.753493524  1556.1197   2  30   0.0059   0.0141   0.0170   0.0040  -0.0067  -0.0039  14.00    1.0 8525734

[TCP数据流] 2025/11/16 19:04:16 - 浮点解 (30颗卫星)
  ECEF: X=-1456674.4445 Y=5531467.2402 Z=2815676.8688
  LLH:  Lat=26.361319735° Lon=104.753493507° H=1556.1238m
  原始数据:
2025/11/16 11:04:34.000   26.361319735  104.753493507  1556.1238   2  30   0.0059   0.0141   0.0170   0.0040  -0.0067  -0.0039  15.00    1.0 8525734

[TCP数据流] 2025/11/16 19:04:18 - 浮点解 (30颗卫星)
  ECEF: X=-1456674.4439 Y=5531467.2423 Z=2815676.8713
  LLH:  Lat=26.361319748° Lon=104.753493496° H=1556.1266m
  原始数据:
2025/11/16 11:04:36.000   26.361319748  104.753493496  1556.1266   2  30   0.0059   0.0141   0.0170   0.0040  -0.0067  -0.0039  17.00    1.0 8525734

[TCP数据流] 2025/11/16 19:04:19 - 浮点解 (30颗卫星)
  ECEF: X=-1456674.4435 Y=5531467.2441 Z=2815676.8734
  LLH:  Lat=26.361319758° Lon=104.753493488° H=1556.1290m
  原始数据:
2025/11/16 11:04:37.000   26.361319758  104.753493488  1556.1290   2  30   0.0059   0.0141   0.0170   0.0040  -0.0067  -0.0039  18.00    1.0 8525734

[TCP数据流] 2025/11/16 19:04:20 - 浮点解 (30颗卫星)
  ECEF: X=-1456674.4433 Y=5531467.2455 Z=2815676.8751
  LLH:  Lat=26.361319767° Lon=104.753493482° H=1556.1309m
  原始数据:
2025/11/16 11:04:38.000   26.361319767  104.753493482  1556.1309   2  30   0.0059   0.0141   0.0170   0.0040  -0.0067  -0.0039  19.00    1.0 8525734

[TCP数据流] 2025/11/16 19:04:21 - 浮点解 (30颗卫星)
  ECEF: X=-1456674.4431 Y=5531467.2465 Z=2815676.8765
  LLH:  Lat=26.361319774° Lon=104.753493478° H=1556.1324m
  原始数据:
2025/11/16 11:04:39.000   26.361319774  104.753493478  1556.1324   2  30   0.0059   0.0141   0.0170   0.0040  -0.0067  -0.0039  20.00    1.0 8525734

[TCP数据流] 2025/11/16 19:04:22 - 浮点解 (24颗卫星)
  ECEF: X=-1456674.4430 Y=5531467.2475 Z=2815676.8779
  LLH:  Lat=26.361319782° Lon=104.753493474° H=1556.1338m
  原始数据:
2025/11/16 11:04:40.000   26.361319782  104.753493474  1556.1338   2  24   0.0059   0.0141   0.0170   0.0040  -0.0067  -0.0039  21.00    1.0 8525734

[TCP数据流] 2025/11/16 19:04:23 - 浮点解 (30颗卫星)
  ECEF: X=-1456674.4430 Y=5531467.2480 Z=2815676.8786
  LLH:  Lat=26.361319786° Lon=104.753493473° H=1556.1346m
  原始数据:
2025/11/16 11:04:41.000   26.361319786  104.753493473  1556.1346   2  30   0.0059   0.0141   0.0170   0.0040  -0.0067  -0.0039  22.00    1.0 8525734

[TCP数据流] 2025/11/16 19:04:24 - 浮点解 (28颗卫星)
  ECEF: X=-1456674.4303 Y=5531467.2795 Z=2815676.9149
  LLH:  Lat=26.361319970° Lon=104.753493269° H=1556.1751m
  原始数据:
2025/11/16 11:04:42.000   26.361319970  104.753493269  1556.1751   2  28   0.0059   0.0141   0.0170   0.0040  -0.0067  -0.0039   0.00    1.1 8525734

[TCP数据流] 2025/11/16 19:04:25 - 浮点解 (28颗卫星)
  ECEF: X=-1456674.4185 Y=5531467.3085 Z=2815676.9483
  LLH:  Lat=26.361320140° Lon=104.753493081° H=1556.2124m
  原始数据:
2025/11/16 11:04:43.000   26.361320140  104.753493081  1556.2124   2  28   0.0059   0.0141   0.0170   0.0040  -0.0067  -0.0039   1.00    1.0 8525734

[TCP数据流] 2025/11/16 19:04:26 - 浮点解 (28颗卫星)
  ECEF: X=-1456674.4082 Y=5531467.3336 Z=2815676.9774
  LLH:  Lat=26.361320288° Lon=104.753492917° H=1556.2447m
  原始数据:
2025/11/16 11:04:44.000   26.361320288  104.753492917  1556.2447   2  28   0.0059   0.0141   0.0169   0.0040  -0.0067  -0.0040   2.00    1.0 8525734

[TCP数据流] 2025/11/16 19:04:27 - 浮点解 (28颗卫星)
  ECEF: X=-1456674.3993 Y=5531467.3549 Z=2815677.0017
  LLH:  Lat=26.361320412° Lon=104.753492777° H=1556.2719m
  原始数据:
2025/11/16 11:04:45.000   26.361320412  104.753492777  1556.2719   2  28   0.0059   0.0141   0.0169   0.0040  -0.0067  -0.0040   3.00    1.2 8525734

[TCP数据流] 2025/11/16 19:04:28 - 浮点解 (28颗卫星)
  ECEF: X=-1456674.3919 Y=5531467.3723 Z=2815677.0218
  LLH:  Lat=26.361320514° Lon=104.753492661° H=1556.2942m
  原始数据:
2025/11/16 11:04:46.000   26.361320514  104.753492661  1556.2942   2  28   0.0059   0.0140   0.0169   0.0040  -0.0066  -0.0040   4.00    1.3 8525734

[TCP数据流] 2025/11/16 19:04:29 - 浮点解 (28颗卫星)
  ECEF: X=-1456674.3857 Y=5531467.3864 Z=2815677.0379
  LLH:  Lat=26.361320596° Lon=104.753492565° H=1556.3122m
  原始数据:
2025/11/16 11:04:47.000   26.361320596  104.753492565  1556.3122   2  28   0.0059   0.0140   0.0169   0.0040  -0.0066  -0.0040   5.00    1.0 8525734

[TCP数据流] 2025/11/16 19:04:30 - 浮点解 (28颗卫星)
  ECEF: X=-1456674.3808 Y=5531467.3980 Z=2815677.0510
  LLH:  Lat=26.361320662° Lon=104.753492488° H=1556.3269m
  原始数据:
2025/11/16 11:04:48.000   26.361320662  104.753492488  1556.3269   2  28   0.0059   0.0140   0.0169   0.0040  -0.0066  -0.0040   6.00    1.0 8525734

[TCP数据流] 2025/11/16 19:04:31 - 浮点解 (28颗卫星)
  ECEF: X=-1456674.3768 Y=5531467.4072 Z=2815677.0616
  LLH:  Lat=26.361320716° Lon=104.753492425° H=1556.3387m
  原始数据:
2025/11/16 11:04:49.000   26.361320716  104.753492425  1556.3387   2  28   0.0059   0.0140   0.0169   0.0040  -0.0066  -0.0040   7.00    1.1 8525734

[TCP数据流] 2025/11/16 19:04:32 - 浮点解 (28颗卫星)
  ECEF: X=-1456674.3734 Y=5531467.4148 Z=2815677.0701
  LLH:  Lat=26.361320759° Lon=104.753492373° H=1556.3483m
  原始数据:
2025/11/16 11:04:50.000   26.361320759  104.753492373  1556.3483   2  28   0.0059   0.0140   0.0169   0.0041  -0.0066  -0.0040   8.00    1.0 8525734

[TCP数据流] 2025/11/16 19:04:34 - 浮点解 (28颗卫星)
  ECEF: X=-1456674.3710 Y=5531467.4199 Z=2815677.0758
  LLH:  Lat=26.361320787° Lon=104.753492337° H=1556.3547m
  原始数据:
2025/11/16 11:04:52.000   26.361320787  104.753492337  1556.3547   2  28   0.0059   0.0140   0.0169   0.0041  -0.0066  -0.0040  10.00    1.0 8525734

[TCP数据流] 2025/11/16 19:04:36 - 浮点解 (28颗卫星)
  ECEF: X=-1456674.3694 Y=5531467.4235 Z=2815677.0794
  LLH:  Lat=26.361320805° Lon=104.753492312° H=1556.3590m
  原始数据:
2025/11/16 11:04:54.000   26.361320805  104.753492312  1556.3590   2  28   0.0059   0.0140   0.0169   0.0041  -0.0066  -0.0040  12.00    1.1 8525734

[TCP数据流] 2025/11/16 19:04:37 - 浮点解 (28颗卫星)
  ECEF: X=-1456674.3681 Y=5531467.4262 Z=2815677.0824
  LLH:  Lat=26.361320820° Lon=104.753492293° H=1556.3624m
  原始数据:
2025/11/16 11:04:55.000   26.361320820  104.753492293  1556.3624   2  28   0.0059   0.0140   0.0169   0.0041  -0.0066  -0.0040  13.00    1.0 8525734

[TCP数据流] 2025/11/16 19:04:39 - 浮点解 (28颗卫星)
  ECEF: X=-1456674.3673 Y=5531467.4280 Z=2815677.0842
  LLH:  Lat=26.361320828° Lon=104.753492280° H=1556.3646m
  原始数据:
2025/11/16 11:04:57.000   26.361320828  104.753492280  1556.3646   2  28   0.0059   0.0140   0.0169   0.0041  -0.0066  -0.0040  15.00    1.1 8525734

[TCP数据流] 2025/11/16 19:04:40 - 浮点解 (17颗卫星)
  ECEF: X=-1456674.3664 Y=5531467.4298 Z=2815677.0867
  LLH:  Lat=26.361320842° Lon=104.753492267° H=1556.3670m
  原始数据:
2025/11/16 11:04:58.000   26.361320842  104.753492267  1556.3670   2  17   0.0059   0.0140   0.0169   0.0041  -0.0066  -0.0040  16.00    1.2 8525734

[TCP数据流] 2025/11/16 19:04:41 - 浮点解 (16颗卫星)
  ECEF: X=-1456674.3666 Y=5531467.4283 Z=2815677.0853
  LLH:  Lat=26.361320836° Lon=104.753492273° H=1556.3652m
  原始数据:
2025/11/16 11:04:59.000   26.361320836  104.753492273  1556.3652   2  16   0.0059   0.0140   0.0169   0.0041  -0.0066  -0.0040  17.00    1.0 8525734

[TCP数据流] 2025/11/16 19:04:42 - 浮点解 (28颗卫星)
  ECEF: X=-1456674.3662 Y=5531467.4292 Z=2815677.0861
  LLH:  Lat=26.361320840° Lon=104.753492267° H=1556.3662m
  原始数据:
2025/11/16 11:05:00.000   26.361320840  104.753492267  1556.3662   2  28   0.0059   0.0140   0.0169   0.0041  -0.0066  -0.0040  18.00    1.1 8525734

[TCP数据流] 2025/11/16 19:04:44 - 浮点解 (28颗卫星)
  ECEF: X=-1456674.3660 Y=5531467.4295 Z=2815677.0864
  LLH:  Lat=26.361320841° Lon=104.753492264° H=1556.3666m
  原始数据:
2025/11/16 11:05:02.000   26.361320841  104.753492264  1556.3666   2  28   0.0059   0.0140   0.0169   0.0041  -0.0066  -0.0040  20.00    1.0 8525734

[TCP数据流] 2025/11/16 19:04:45 - 浮点解 (28颗卫星)
  ECEF: X=-1456674.3659 Y=5531467.4298 Z=2815677.0864
  LLH:  Lat=26.361320840° Lon=104.753492262° H=1556.3668m
  原始数据:
2025/11/16 11:05:03.000   26.361320840  104.753492262  1556.3668   2  28   0.0059   0.0140   0.0169   0.0041  -0.0066  -0.0040  21.00    1.1 8525734

[TCP数据流] 2025/11/16 19:04:46 - 浮点解 (28颗卫星)
  ECEF: X=-1456674.3658 Y=5531467.4299 Z=2815677.0863
  LLH:  Lat=26.361320839° Lon=104.753492261° H=1556.3668m
  原始数据:
2025/11/16 11:05:04.000   26.361320839  104.753492261  1556.3668   2  28   0.0059   0.0140   0.0169   0.0041  -0.0066  -0.0040  22.00    1.0 8525734

[TCP数据流] 2025/11/16 19:04:47 - 浮点解 (21颗卫星)
  ECEF: X=-1456674.3661 Y=5531467.4286 Z=2815677.0847
  LLH:  Lat=26.361320831° Lon=104.753492267° H=1556.3650m
  原始数据:
2025/11/16 11:05:05.000   26.361320831  104.753492267  1556.3650   2  21   0.0059   0.0140   0.0169   0.0041  -0.0066  -0.0040  23.00    1.2 8525734

[TCP数据流] 2025/11/16 19:04:48 - 浮点解 (28颗卫星)
  ECEF: X=-1456674.3662 Y=5531467.4283 Z=2815677.0844
  LLH:  Lat=26.361320829° Lon=104.753492269° H=1556.3647m
  原始数据:
2025/11/16 11:05:06.000   26.361320829  104.753492269  1556.3647   2  28   0.0059   0.0140   0.0169   0.0041  -0.0066  -0.0040  24.00    1.1 8525734

[TCP数据流] 2025/11/16 19:04:52 - 浮点解 (16颗卫星)
  ECEF: X=-1456674.3666 Y=5531467.4269 Z=2815677.0831
  LLH:  Lat=26.361320824° Lon=104.753492276° H=1556.3630m
  原始数据:
2025/11/16 11:05:10.000   26.361320824  104.753492276  1556.3630   2  16   0.0059   0.0140   0.0169   0.0041  -0.0066  -0.0040  28.00    1.3 8525734

[TCP数据流] 2025/11/16 19:04:53 - 浮点解 (23颗卫星)
  ECEF: X=-1456674.3670 Y=5531467.4261 Z=2815677.0825
  LLH:  Lat=26.361320822° Lon=104.753492282° H=1556.3621m
  原始数据:
2025/11/16 11:05:11.000   26.361320822  104.753492282  1556.3621   2  23   0.0059   0.0140   0.0169   0.0041  -0.0066  -0.0040  29.00    1.1 8525734

[TCP数据流] 2025/11/16 19:04:54 - 浮点解 (10颗卫星)
  ECEF: X=-1456674.3668 Y=5531467.4253 Z=2815677.0817
  LLH:  Lat=26.361320819° Lon=104.753492283° H=1556.3610m
  原始数据:
2025/11/16 11:05:12.000   26.361320819  104.753492283  1556.3610   2  10   0.0059   0.0140   0.0169   0.0041  -0.0066  -0.0040  30.00    1.5 8525734

[TCP数据流] 2025/11/16 19:04:59 - 浮点解 (29颗卫星)
  ECEF: X=-1456674.3566 Y=5531467.4425 Z=2815677.0979
  LLH:  Lat=26.361320893° Lon=104.753492140° H=1556.3808m
  原始数据:
2025/11/16 11:05:17.000   26.361320893  104.753492140  1556.3808   2  29   0.0058   0.0140   0.0169   0.0041  -0.0066  -0.0041   0.00    1.3 8525734

[TCP数据流] 2025/11/16 19:05:00 - 浮点解 (29颗卫星)
  ECEF: X=-1456674.3470 Y=5531467.4581 Z=2815677.1127
  LLH:  Lat=26.361320962° Lon=104.753492007° H=1556.3987m
  原始数据:
2025/11/16 11:05:18.000   26.361320962  104.753492007  1556.3987   2  29   0.0058   0.0140   0.0168   0.0041  -0.0066  -0.0041   1.00    1.4 8525734

[TCP数据流] 2025/11/16 19:05:01 - 浮点解 (16颗卫星)
  ECEF: X=-1456674.3443 Y=5531467.4537 Z=2815677.1081
  LLH:  Lat=26.361320945° Lon=104.753491992° H=1556.3922m
  原始数据:
2025/11/16 11:05:19.000   26.361320945  104.753491992  1556.3922   2  16   0.0058   0.0140   0.0168   0.0041  -0.0066  -0.0041   2.00    1.4 8525734

[TCP数据流] 2025/11/16 19:05:02 - 浮点解 (29颗卫星)
  ECEF: X=-1456674.3366 Y=5531467.4652 Z=2815677.1191
  LLH:  Lat=26.361320997° Lon=104.753491888° H=1556.4053m
  原始数据:
2025/11/16 11:05:20.000   26.361320997  104.753491888  1556.4053   2  29   0.0058   0.0140   0.0168   0.0041  -0.0066  -0.0041   3.00    1.5 8525734

[TCP数据流] 2025/11/16 19:05:03 - 浮点解 (29颗卫星)
  ECEF: X=-1456674.3303 Y=5531467.4743 Z=2815677.1280
  LLH:  Lat=26.361321040° Lon=104.753491804° H=1556.4157m
  原始数据:
2025/11/16 11:05:21.000   26.361321040  104.753491804  1556.4157   2  29   0.0058   0.0140   0.0168   0.0041  -0.0066  -0.0041   4.00    1.8 8525734

[TCP数据流] 2025/11/16 19:05:04 - 浮点解 (29颗卫星)
  ECEF: X=-1456674.3250 Y=5531467.4813 Z=2815677.1347
  LLH:  Lat=26.361321073° Lon=104.753491735° H=1556.4236m
  原始数据:
2025/11/16 11:05:22.000   26.361321073  104.753491735  1556.4236   2  29   0.0058   0.0140   0.0168   0.0041  -0.0065  -0.0041   5.00    1.0 8525734

[TCP数据流] 2025/11/16 19:05:05 - 浮点解 (16颗卫星)
  ECEF: X=-1456674.3236 Y=5531467.4784 Z=2815677.1318
  LLH:  Lat=26.361321062° Lon=104.753491729° H=1556.4194m
  原始数据:
2025/11/16 11:05:23.000   26.361321062  104.753491729  1556.4194   2  16   0.0058   0.0140   0.0168   0.0041  -0.0065  -0.0041   6.00    1.1 8525734

[TCP数据流] 2025/11/16 19:05:06 - 浮点解 (29颗卫星)
  ECEF: X=-1456674.3201 Y=5531467.4825 Z=2815677.1359
  LLH:  Lat=26.361321083° Lon=104.753491684° H=1556.4240m
  原始数据:
2025/11/16 11:05:24.000   26.361321083  104.753491684  1556.4240   2  29   0.0058   0.0140   0.0168   0.0041  -0.0065  -0.0041   7.00    1.0 8525734

[TCP数据流] 2025/11/16 19:05:08 - 浮点解 (29颗卫星)
  ECEF: X=-1456674.3178 Y=5531467.4849 Z=2815677.1383
  LLH:  Lat=26.361321095° Lon=104.753491656° H=1556.4266m
  原始数据:
2025/11/16 11:05:26.000   26.361321095  104.753491656  1556.4266   2  29   0.0058   0.0140   0.0168   0.0041  -0.0065  -0.0041   9.00    1.0 8525734

[TCP数据流] 2025/11/16 19:05:09 - 浮点解 (29颗卫星)
  ECEF: X=-1456674.3159 Y=5531467.4866 Z=2815677.1400
  LLH:  Lat=26.361321104° Lon=104.753491633° H=1556.4284m
  原始数据:
2025/11/16 11:05:27.000   26.361321104  104.753491633  1556.4284   2  29   0.0058   0.0139   0.0168   0.0041  -0.0065  -0.0041  10.00    1.0 8525734

[TCP数据流] 2025/11/16 19:05:10 - 浮点解 (29颗卫星)
  ECEF: X=-1456674.3144 Y=5531467.4877 Z=2815677.1411
  LLH:  Lat=26.361321111° Lon=104.753491616° H=1556.4295m
  原始数据:
2025/11/16 11:05:28.000   26.361321111  104.753491616  1556.4295   2  29   0.0058   0.0139   0.0168   0.0041  -0.0065  -0.0041  11.00    1.0 8525734

[TCP数据流] 2025/11/16 19:05:12 - 浮点解 (29颗卫星)
  ECEF: X=-1456674.3136 Y=5531467.4880 Z=2815677.1414
  LLH:  Lat=26.361321113° Lon=104.753491607° H=1556.4297m
  原始数据:
2025/11/16 11:05:30.000   26.361321113  104.753491607  1556.4297   2  29   0.0058   0.0139   0.0168   0.0041  -0.0065  -0.0041  13.00    1.0 8525734

[TCP数据流] 2025/11/16 19:05:13 - 浮点解 (23颗卫星)
  ECEF: X=-1456674.3129 Y=5531467.4882 Z=2815677.1421
  LLH:  Lat=26.361321118° Lon=104.753491600° H=1556.4300m
  原始数据:
2025/11/16 11:05:31.000   26.361321118  104.753491600  1556.4300   2  23   0.0058   0.0139   0.0168   0.0041  -0.0065  -0.0041  14.00    1.1 8525734

[TCP数据流] 2025/11/16 19:05:16 - 浮点解 (29颗卫星)
  ECEF: X=-1456674.3046 Y=5531467.4971 Z=2815677.1484
  LLH:  Lat=26.361321143° Lon=104.753491497° H=1556.4386m
  原始数据:
2025/11/16 11:05:34.000   26.361321143  104.753491497  1556.4386   2  29   0.0058   0.0139   0.0168   0.0041  -0.0065  -0.0041   2.00    1.0 8525734

[TCP数据流] 2025/11/16 19:05:17 - 浮点解 (29颗卫星)
  ECEF: X=-1456674.2974 Y=5531467.5042 Z=2815677.1536
  LLH:  Lat=26.361321165° Lon=104.753491409° H=1556.4455m
  原始数据:
2025/11/16 11:05:35.000   26.361321165  104.753491409  1556.4455   2  29   0.0058   0.0139   0.0167   0.0041  -0.0065  -0.0042   3.00    1.0 8525734

[TCP数据流] 2025/11/16 19:05:19 - 浮点解 (29颗卫星)
  ECEF: X=-1456674.2922 Y=5531467.5083 Z=2815677.1566
  LLH:  Lat=26.361321179° Lon=104.753491348° H=1556.4492m
  原始数据:
2025/11/16 11:05:37.000   26.361321179  104.753491348  1556.4492   2  29   0.0058   0.0139   0.0167   0.0041  -0.0065  -0.0042   5.00    1.0 8525734

[TCP数据流] 2025/11/16 19:05:20 - 浮点解 (29颗卫星)
  ECEF: X=-1456674.2881 Y=5531467.5110 Z=2815677.1587
  LLH:  Lat=26.361321189° Lon=104.753491301° H=1556.4515m
  原始数据:
2025/11/16 11:05:38.000   26.361321189  104.753491301  1556.4515   2  29   0.0058   0.0139   0.0167   0.0041  -0.0065  -0.0042   6.00    1.0 8525734

[TCP数据流] 2025/11/16 19:05:22 - 浮点解 (29颗卫星)
  ECEF: X=-1456674.2852 Y=5531467.5121 Z=2815677.1593
  LLH:  Lat=26.361321193° Lon=104.753491271° H=1556.4521m
  原始数据:
2025/11/16 11:05:40.000   26.361321193  104.753491271  1556.4521   2  29   0.0058   0.0139   0.0167   0.0041  -0.0065  -0.0042   8.00    1.1 8525734

[TCP数据流] 2025/11/16 19:05:23 - 浮点解 (29颗卫星)
  ECEF: X=-1456674.2829 Y=5531467.5126 Z=2815677.1595
  LLH:  Lat=26.361321195° Lon=104.753491247° H=1556.4521m
  原始数据:
2025/11/16 11:05:41.000   26.361321195  104.753491247  1556.4521   2  29   0.0058   0.0139   0.0167   0.0041  -0.0065  -0.0042   9.00    1.1 8525734

[TCP数据流] 2025/11/16 19:05:25 - 浮点解 (10颗卫星)
  ECEF: X=-1456674.2828 Y=5531467.5118 Z=2815677.1588
  LLH:  Lat=26.361321193° Lon=104.753491248° H=1556.4510m
  原始数据:
2025/11/16 11:05:43.000   26.361321193  104.753491248  1556.4510   2  10   0.0058   0.0139   0.0167   0.0041  -0.0065  -0.0042  11.00    1.1 8525734

[TCP数据流] 2025/11/16 19:05:27 - 浮点解 (29颗卫星)
  ECEF: X=-1456674.2819 Y=5531467.5110 Z=2815677.1579
  LLH:  Lat=26.361321189° Lon=104.753491241° H=1556.4497m
  原始数据:
2025/11/16 11:05:45.000   26.361321189  104.753491241  1556.4497   2  29   0.0058   0.0139   0.0167   0.0041  -0.0065  -0.0042  13.00    1.1 8525734

[TCP数据流] 2025/11/16 19:05:28 - 浮点解 (16颗卫星)
  ECEF: X=-1456674.2820 Y=5531467.5098 Z=2815677.1564
  LLH:  Lat=26.361321182° Lon=104.753491245° H=1556.4481m
  原始数据:
2025/11/16 11:05:46.000   26.361321182  104.753491245  1556.4481   2  16   0.0058   0.0139   0.0167   0.0041  -0.0065  -0.0042  14.00    1.1 8525734

[TCP数据流] 2025/11/16 19:05:30 - 浮点解 (29颗卫星)
  ECEF: X=-1456674.2816 Y=5531467.5086 Z=2815677.1551
  LLH:  Lat=26.361321176° Lon=104.753491245° H=1556.4463m
  原始数据:
2025/11/16 11:05:48.000   26.361321176  104.753491245  1556.4463   2  29   0.0058   0.0139   0.0167   0.0041  -0.0065  -0.0042  16.00    1.0 8525734

[TCP数据流] 2025/11/16 19:05:31 - 浮点解 (29颗卫星)
  ECEF: X=-1456674.2815 Y=5531467.5073 Z=2815677.1537
  LLH:  Lat=26.361321170° Lon=104.753491247° H=1556.4446m
  原始数据:
2025/11/16 11:05:49.000   26.361321170  104.753491247  1556.4446   2  29   0.0058   0.0139   0.0167   0.0041  -0.0065  -0.0042  17.00    1.1 8525734

[TCP数据流] 2025/11/16 19:05:32 - 浮点解 (23颗卫星)
  ECEF: X=-1456674.2814 Y=5531467.5061 Z=2815677.1528
  LLH:  Lat=26.361321168° Lon=104.753491249° H=1556.4431m
  原始数据:
2025/11/16 11:05:50.000   26.361321168  104.753491249  1556.4431   2  23   0.0058   0.0139   0.0167   0.0041  -0.0065  -0.0042  18.00    1.1 8525734

[TCP数据流] 2025/11/16 19:05:33 - 浮点解 (29颗卫星)
  ECEF: X=-1456674.2815 Y=5531467.5045 Z=2815677.1513
  LLH:  Lat=26.361321161° Lon=104.753491254° H=1556.4411m
  原始数据:
2025/11/16 11:05:51.000   26.361321161  104.753491254  1556.4411   2  29   0.0058   0.0139   0.0167   0.0041  -0.0065  -0.0042  19.00    1.1 8525734

[TCP数据流] 2025/11/16 19:05:34 - 浮点解 (29颗卫星)
  ECEF: X=-1456674.2817 Y=5531467.5030 Z=2815677.1496
  LLH:  Lat=26.361321153° Lon=104.753491260° H=1556.4391m
  原始数据:
2025/11/16 11:05:52.000   26.361321153  104.753491260  1556.4391   2  29   0.0058   0.0139   0.0167   0.0041  -0.0065  -0.0042  20.00    1.1 8525734

[TCP数据流] 2025/11/16 19:05:35 - 浮点解 (10颗卫星)
  ECEF: X=-1456674.2816 Y=5531467.5022 Z=2815677.1489
  LLH:  Lat=26.361321151° Lon=104.753491261° H=1556.4380m
  原始数据:
2025/11/16 11:05:53.000   26.361321151  104.753491261  1556.4380   2  10   0.0058   0.0139   0.0167   0.0041  -0.0065  -0.0042  21.00    1.4 8525734

[TCP数据流] 2025/11/16 19:05:36 - 浮点解 (29颗卫星)
  ECEF: X=-1456674.2818 Y=5531467.5006 Z=2815677.1472
  LLH:  Lat=26.361321143° Lon=104.753491267° H=1556.4359m
  原始数据:
2025/11/16 11:05:54.000   26.361321143  104.753491267  1556.4359   2  29   0.0058   0.0139   0.0167   0.0041  -0.0065  -0.0042  22.00    1.1 8525734

[TCP数据流] 2025/11/16 19:05:38 - 浮点解 (23颗卫星)
  ECEF: X=-1456674.2822 Y=5531467.4990 Z=2815677.1460
  LLH:  Lat=26.361321139° Lon=104.753491275° H=1556.4341m
  原始数据:
2025/11/16 11:05:56.000   26.361321139  104.753491275  1556.4341   2  23   0.0058   0.0139   0.0167   0.0041  -0.0065  -0.0042  24.00    1.1 8525734

[TCP数据流] 2025/11/16 19:05:39 - 浮点解 (22颗卫星)
  ECEF: X=-1456674.2827 Y=5531467.4971 Z=2815677.1440
  LLH:  Lat=26.361321130° Lon=104.753491285° H=1556.4317m
  原始数据:
2025/11/16 11:05:57.000   26.361321130  104.753491285  1556.4317   2  22   0.0058   0.0139   0.0167   0.0041  -0.0065  -0.0042  25.00    1.0 8525734

[TCP数据流] 2025/11/16 19:05:40 - 浮点解 (22颗卫星)
  ECEF: X=-1456674.2833 Y=5531467.4952 Z=2815677.1420
  LLH:  Lat=26.361321121° Lon=104.753491295° H=1556.4293m
  原始数据:
2025/11/16 11:05:58.000   26.361321121  104.753491295  1556.4293   2  22   0.0058   0.0139   0.0167   0.0041  -0.0065  -0.0042  26.00    1.0 8525734

[TCP数据流] 2025/11/16 19:05:42 - 浮点解 (29颗卫星)
  ECEF: X=-1456674.2839 Y=5531467.4934 Z=2815677.1402
  LLH:  Lat=26.361321112° Lon=104.753491306° H=1556.4271m
  原始数据:
2025/11/16 11:06:00.000   26.361321112  104.753491306  1556.4271   2  29   0.0058   0.0139   0.0167   0.0041  -0.0065  -0.0042  28.00    1.1 8525734

[TCP数据流] 2025/11/16 19:05:43 - 浮点解 (29颗卫星)
  ECEF: X=-1456674.2846 Y=5531467.4918 Z=2815677.1383
  LLH:  Lat=26.361321103° Lon=104.753491317° H=1556.4250m
  原始数据:
2025/11/16 11:06:01.000   26.361321103  104.753491317  1556.4250   2  29   0.0058   0.0139   0.0167   0.0041  -0.0065  -0.0042  29.00    1.0 8525734

[TCP数据流] 2025/11/16 19:05:44 - 浮点解 (29颗卫星)
  ECEF: X=-1456674.2854 Y=5531467.4900 Z=2815677.1365
  LLH:  Lat=26.361321094° Lon=104.753491329° H=1556.4228m
  原始数据:
2025/11/16 11:06:02.000   26.361321094  104.753491329  1556.4228   2  29   0.0058   0.0139   0.0167   0.0041  -0.0065  -0.0042  30.00    1.0 8525734

[TCP数据流] 2025/11/16 19:06:24 - 浮点解 (21颗卫星)
  ECEF: X=-1456674.2668 Y=5531467.4786 Z=2815677.1127
  LLH:  Lat=26.361320965° Lon=104.753491178° H=1556.3982m
  原始数据:
2025/11/16 11:06:42.000   26.361320965  104.753491178  1556.3982   2  21   0.0058   0.0139   0.0167   0.0041  -0.0065  -0.0042  -1.00    1.0 8525734

[TCP数据流] 2025/11/16 19:11:24 - 浮点解 (28颗卫星)
  ECEF: X=-1456674.2692 Y=5531467.4655 Z=2815677.0946
  LLH:  Lat=26.361320867° Lon=104.753491235° H=1556.3793m
  原始数据:
2025/11/16 11:11:42.000   26.361320867  104.753491235  1556.3793   2  28   0.0058   0.0138   0.0167   0.0041  -0.0065  -0.0042  11.00    1.0 8525734

[TCP数据流] 2025/11/16 19:11:25 - 浮点解 (28颗卫星)
  ECEF: X=-1456674.2698 Y=5531467.4646 Z=2815677.0934
  LLH:  Lat=26.361320860° Lon=104.753491243° H=1556.3781m
  原始数据:
2025/11/16 11:11:43.000   26.361320860  104.753491243  1556.3781   2  28   0.0058   0.0138   0.0167   0.0041  -0.0065  -0.0042  12.00    1.0 8525734

[TCP数据流] 2025/11/16 19:11:27 - 浮点解 (23颗卫星)
  ECEF: X=-1456674.2706 Y=5531467.4635 Z=2815677.0924
  LLH:  Lat=26.361320855° Lon=104.753491253° H=1556.3769m
  原始数据:
2025/11/16 11:11:45.000   26.361320855  104.753491253  1556.3769   2  23   0.0058   0.0138   0.0167   0.0041  -0.0065  -0.0042  14.00    1.0 8525734

[TCP数据流] 2025/11/16 19:11:28 - 浮点解 (17颗卫星)
  ECEF: X=-1456674.2708 Y=5531467.4625 Z=2815677.0915
  LLH:  Lat=26.361320852° Lon=104.753491258° H=1556.3757m
  原始数据:
2025/11/16 11:11:46.000   26.361320852  104.753491258  1556.3757   2  17   0.0058   0.0138   0.0167   0.0041  -0.0065  -0.0042  15.00    1.1 8525734

[TCP数据流] 2025/11/16 19:11:30 - 浮点解 (28颗卫星)
  ECEF: X=-1456674.2714 Y=5531467.4616 Z=2815677.0903
  LLH:  Lat=26.361320845° Lon=104.753491266° H=1556.3745m
  原始数据:
2025/11/16 11:11:48.000   26.361320845  104.753491266  1556.3745   2  28   0.0058   0.0138   0.0167   0.0041  -0.0065  -0.0042  17.00    1.1 8525734

[TCP数据流] 2025/11/16 19:11:31 - 浮点解 (28颗卫星)
  ECEF: X=-1456674.2720 Y=5531467.4608 Z=2815677.0890
  LLH:  Lat=26.361320837° Lon=104.753491274° H=1556.3734m
  原始数据:
2025/11/16 11:11:49.000   26.361320837  104.753491274  1556.3734   2  28   0.0058   0.0138   0.0167   0.0041  -0.0065  -0.0042  18.00    1.1 8525734

[TCP数据流] 2025/11/16 19:11:32 - 浮点解 (16颗卫星)
  ECEF: X=-1456674.2724 Y=5531467.4597 Z=2815677.0880
  LLH:  Lat=26.361320833° Lon=104.753491280° H=1556.3721m
  原始数据:
2025/11/16 11:11:50.000   26.361320833  104.753491280  1556.3721   2  16   0.0058   0.0138   0.0167   0.0041  -0.0065  -0.0042  19.00    1.1 8525734

[TCP数据流] 2025/11/16 19:11:34 - 浮点解 (21颗卫星)
  ECEF: X=-1456674.2728 Y=5531467.4588 Z=2815677.0869
  LLH:  Lat=26.361320827° Lon=104.753491286° H=1556.3709m
  原始数据:
2025/11/16 11:11:52.000   26.361320827  104.753491286  1556.3709   2  21   0.0058   0.0138   0.0167   0.0041  -0.0065  -0.0042  21.00    1.0 8525734

[TCP数据流] 2025/11/16 19:11:35 - 浮点解 (23颗卫星)
  ECEF: X=-1456674.2734 Y=5531467.4577 Z=2815677.0858
  LLH:  Lat=26.361320822° Lon=104.753491295° H=1556.3696m
  原始数据:
2025/11/16 11:11:53.000   26.361320822  104.753491295  1556.3696   2  23   0.0058   0.0138   0.0167   0.0041  -0.0065  -0.0042  22.00    1.0 8525734

[TCP数据流] 2025/11/16 19:11:36 - 浮点解 (29颗卫星)
  ECEF: X=-1456674.2741 Y=5531467.4567 Z=2815677.0841
  LLH:  Lat=26.361320811° Lon=104.753491305° H=1556.3681m
  原始数据:
2025/11/16 11:11:54.000   26.361320811  104.753491305  1556.3681   2  29   0.0058   0.0138   0.0167   0.0041  -0.0065  -0.0042   0.00    1.1 8525734

[TCP数据流] 2025/11/16 19:11:37 - 浮点解 (22颗卫星)
  ECEF: X=-1456674.2745 Y=5531467.4558 Z=2815677.0827
  LLH:  Lat=26.361320803° Lon=104.753491311° H=1556.3668m
  原始数据:
2025/11/16 11:11:55.000   26.361320803  104.753491311  1556.3668   2  22   0.0058   0.0138   0.0167   0.0041  -0.0065  -0.0042   1.00    1.7 8525734

[TCP数据流] 2025/11/16 19:11:38 - 浮点解 (29颗卫星)
  ECEF: X=-1456674.2752 Y=5531467.4548 Z=2815677.0811
  LLH:  Lat=26.361320793° Lon=104.753491320° H=1556.3654m
  原始数据:
2025/11/16 11:11:56.000   26.361320793  104.753491320  1556.3654   2  29   0.0058   0.0138   0.0167   0.0041  -0.0065  -0.0042   2.00    1.1 8525734

[TCP数据流] 2025/11/16 19:11:39 - 浮点解 (29颗卫星)
  ECEF: X=-1456674.2758 Y=5531467.4537 Z=2815677.0795
  LLH:  Lat=26.361320784° Lon=104.753491329° H=1556.3639m
  原始数据:
2025/11/16 11:11:57.000   26.361320784  104.753491329  1556.3639   2  29   0.0058   0.0138   0.0167   0.0041  -0.0065  -0.0042   3.00    1.1 8525734

[TCP数据流] 2025/11/16 19:11:41 - 浮点解 (29颗卫星)
  ECEF: X=-1456674.2763 Y=5531467.4527 Z=2815677.0780
  LLH:  Lat=26.361320775° Lon=104.753491336° H=1556.3625m
  原始数据:
2025/11/16 11:11:59.000   26.361320775  104.753491336  1556.3625   2  29   0.0058   0.0138   0.0167   0.0041  -0.0065  -0.0042   5.00    1.0 8525734

[TCP数据流] 2025/11/16 19:11:44 - 浮点解 (29颗卫星)
  ECEF: X=-1456674.2769 Y=5531467.4515 Z=2815677.0764
  LLH:  Lat=26.361320766° Lon=104.753491345° H=1556.3608m
  原始数据:
2025/11/16 11:12:02.000   26.361320766  104.753491345  1556.3608   2  29   0.0058   0.0138   0.0167   0.0041  -0.0065  -0.0042   8.00    1.0 8525734

[TCP数据流] 2025/11/16 19:11:45 - 浮点解 (29颗卫星)
  ECEF: X=-1456674.2775 Y=5531467.4503 Z=2815677.0748
  LLH:  Lat=26.361320757° Lon=104.753491354° H=1556.3592m
  原始数据:
2025/11/16 11:12:03.000   26.361320757  104.753491354  1556.3592   2  29   0.0058   0.0138   0.0167   0.0041  -0.0065  -0.0042   9.00    1.0 8525734

[TCP数据流] 2025/11/16 19:11:50 - 浮点解 (29颗卫星)
  ECEF: X=-1456674.2781 Y=5531467.4490 Z=2815677.0731
  LLH:  Lat=26.361320748° Lon=104.753491363° H=1556.3575m
  原始数据:
2025/11/16 11:12:08.000   26.361320748  104.753491363  1556.3575   2  29   0.0058   0.0138   0.0167   0.0041  -0.0065  -0.0042  14.00    1.0 8525734

[TCP数据流] 2025/11/16 19:11:51 - 浮点解 (29颗卫星)
  ECEF: X=-1456674.2788 Y=5531467.4478 Z=2815677.0715
  LLH:  Lat=26.361320739° Lon=104.753491373° H=1556.3559m
  原始数据:
2025/11/16 11:12:09.000   26.361320739  104.753491373  1556.3559   2  29   0.0058   0.0138   0.0167   0.0041  -0.0065  -0.0042  15.00    1.0 8525734

[TCP数据流] 2025/11/16 19:11:53 - 浮点解 (29颗卫星)
  ECEF: X=-1456674.2795 Y=5531467.4464 Z=2815677.0698
  LLH:  Lat=26.361320730° Lon=104.753491383° H=1556.3541m
  原始数据:
2025/11/16 11:12:11.000   26.361320730  104.753491383  1556.3541   2  29   0.0058   0.0138   0.0167   0.0041  -0.0065  -0.0042  17.00    1.0 8525734

[TCP数据流] 2025/11/16 19:11:54 - 浮点解 (29颗卫星)
  ECEF: X=-1456674.2802 Y=5531467.4451 Z=2815677.0683
  LLH:  Lat=26.361320722° Lon=104.753491393° H=1556.3525m
  原始数据:
2025/11/16 11:12:12.000   26.361320722  104.753491393  1556.3525   2  29   0.0058   0.0138   0.0167   0.0041  -0.0065  -0.0042  18.00    1.1 8525734

[TCP数据流] 2025/11/16 19:11:56 - 浮点解 (22颗卫星)
  ECEF: X=-1456674.2803 Y=5531467.4440 Z=2815677.0668
  LLH:  Lat=26.361320714° Lon=104.753491397° H=1556.3509m
  原始数据:
2025/11/16 11:12:14.000   26.361320714  104.753491397  1556.3509   2  22   0.0058   0.0138   0.0167   0.0041  -0.0065  -0.0042  20.00    1.0 8525734

[TCP数据流] 2025/11/16 19:11:57 - 浮点解 (29颗卫星)
  ECEF: X=-1456674.2809 Y=5531467.4428 Z=2815677.0652
  LLH:  Lat=26.361320705° Lon=104.753491406° H=1556.3492m
  原始数据:
2025/11/16 11:12:15.000   26.361320705  104.753491406  1556.3492   2  29   0.0058   0.0138   0.0167   0.0041  -0.0065  -0.0042  21.00    1.0 8525734

[TCP数据流] 2025/11/16 19:11:59 - 浮点解 (24颗卫星)
  ECEF: X=-1456674.2817 Y=5531467.4412 Z=2815677.0638
  LLH:  Lat=26.361320699° Lon=104.753491418° H=1556.3474m
  原始数据:
2025/11/16 11:12:17.000   26.361320699  104.753491418  1556.3474   2  24   0.0058   0.0138   0.0167   0.0041  -0.0065  -0.0042  23.00    1.0 8525734

[TCP数据流] 2025/11/16 19:12:00 - 浮点解 (29颗卫星)
  ECEF: X=-1456674.2824 Y=5531467.4398 Z=2815677.0621
  LLH:  Lat=26.361320690° Lon=104.753491428° H=1556.3456m
  原始数据:
2025/11/16 11:12:18.000   26.361320690  104.753491428  1556.3456   2  29   0.0058   0.0138   0.0166   0.0041  -0.0065  -0.0042  24.00    1.0 8525734

[TCP数据流] 2025/11/16 19:12:01 - 浮点解 (24颗卫星)
  ECEF: X=-1456674.2833 Y=5531467.4383 Z=2815677.0607
  LLH:  Lat=26.361320684° Lon=104.753491440° H=1556.3439m
  原始数据:
2025/11/16 11:12:19.000   26.361320684  104.753491440  1556.3439   2  24   0.0058   0.0138   0.0166   0.0041  -0.0065  -0.0042  25.00    1.0 8525734

[TCP数据流] 2025/11/16 19:12:02 - 浮点解 (29颗卫星)
  ECEF: X=-1456674.2839 Y=5531467.4369 Z=2815677.0592
  LLH:  Lat=26.361320676° Lon=104.753491450° H=1556.3422m
  原始数据:
2025/11/16 11:12:20.000   26.361320676  104.753491450  1556.3422   2  29   0.0058   0.0138   0.0166   0.0041  -0.0065  -0.0042  26.00    1.0 8525734

[TCP数据流] 2025/11/16 19:12:03 - 浮点解 (29颗卫星)
  ECEF: X=-1456674.2844 Y=5531467.4358 Z=2815677.0576
  LLH:  Lat=26.361320667° Lon=104.753491458° H=1556.3406m
  原始数据:
2025/11/16 11:12:21.000   26.361320667  104.753491458  1556.3406   2  29   0.0058   0.0138   0.0166   0.0041  -0.0065  -0.0042  27.00    1.0 8525734

[TCP数据流] 2025/11/16 19:12:04 - 浮点解 (29颗卫星)
  ECEF: X=-1456674.2851 Y=5531467.4345 Z=2815677.0559
  LLH:  Lat=26.361320658° Lon=104.753491468° H=1556.3389m
  原始数据:
2025/11/16 11:12:22.000   26.361320658  104.753491468  1556.3389   2  29   0.0058   0.0138   0.0166   0.0041  -0.0065  -0.0042  28.00    1.0 8525734

[TCP数据流] 2025/11/16 19:12:05 - 浮点解 (29颗卫星)
  ECEF: X=-1456674.2858 Y=5531467.4332 Z=2815677.0544
  LLH:  Lat=26.361320650° Lon=104.753491478° H=1556.3373m
  原始数据:
2025/11/16 11:12:23.000   26.361320650  104.753491478  1556.3373   2  29   0.0058   0.0138   0.0166   0.0041  -0.0065  -0.0042  29.00    1.0 8525734

[TCP数据流] 2025/11/16 19:12:06 - 浮点解 (29颗卫星)
  ECEF: X=-1456674.2866 Y=5531467.4320 Z=2815677.0528
  LLH:  Lat=26.361320641° Lon=104.753491489° H=1556.3357m
  原始数据:
2025/11/16 11:12:24.000   26.361320641  104.753491489  1556.3357   2  29   0.0058   0.0138   0.0166   0.0041  -0.0065  -0.0042  30.00    1.0 8525734

[TCP数据流] 2025/11/16 19:12:27 - 浮点解 (27颗卫星)
  ECEF: X=-1456674.2864 Y=5531467.4163 Z=2815677.0276
  LLH:  Lat=26.361320498° Lon=104.753491527° H=1556.3108m
  原始数据:
2025/11/16 11:12:45.000   26.361320498  104.753491527  1556.3108   2  27   0.0058   0.0138   0.0166   0.0041  -0.0064  -0.0042   5.00    1.0 8525734

[TCP数据流] 2025/11/16 19:12:28 - 浮点解 (27颗卫星)
  ECEF: X=-1456674.2866 Y=5531467.4141 Z=2815677.0246
  LLH:  Lat=26.361320482° Lon=104.753491534° H=1556.3076m
  原始数据:
2025/11/16 11:12:46.000   26.361320482  104.753491534  1556.3076   2  27   0.0058   0.0137   0.0166   0.0041  -0.0064  -0.0042   6.00    1.0 8525734

[TCP数据流] 2025/11/16 19:12:29 - 浮点解 (27颗卫星)
  ECEF: X=-1456674.2870 Y=5531467.4120 Z=2815677.0219
  LLH:  Lat=26.361320468° Lon=104.753491543° H=1556.3047m
  原始数据:
2025/11/16 11:12:47.000   26.361320468  104.753491543  1556.3047   2  27   0.0058   0.0137   0.0166   0.0041  -0.0064  -0.0042   7.00    1.0 8525734

[TCP数据流] 2025/11/16 19:12:31 - 浮点解 (27颗卫星)
  ECEF: X=-1456674.2873 Y=5531467.4102 Z=2815677.0196
  LLH:  Lat=26.361320456° Lon=104.753491551° H=1556.3022m
  原始数据:
2025/11/16 11:12:49.000   26.361320456  104.753491551  1556.3022   2  27   0.0058   0.0137   0.0166   0.0041  -0.0064  -0.0042   9.00    1.0 8525734

[TCP数据流] 2025/11/16 19:12:32 - 浮点解 (27颗卫星)
  ECEF: X=-1456674.2878 Y=5531467.4084 Z=2815677.0174
  LLH:  Lat=26.361320445° Lon=104.753491560° H=1556.2998m
  原始数据:
2025/11/16 11:12:50.000   26.361320445  104.753491560  1556.2998   2  27   0.0058   0.0137   0.0166   0.0041  -0.0064  -0.0042  10.00    1.0 8525734

[TCP数据流] 2025/11/16 19:12:33 - 浮点解 (27颗卫星)
  ECEF: X=-1456674.2882 Y=5531467.4068 Z=2815677.0153
  LLH:  Lat=26.361320434° Lon=104.753491568° H=1556.2976m
  原始数据:
2025/11/16 11:12:51.000   26.361320434  104.753491568  1556.2976   2  27   0.0058   0.0137   0.0166   0.0041  -0.0064  -0.0042  11.00    1.1 8525734

[TCP数据流] 2025/11/16 19:12:34 - 浮点解 (27颗卫星)
  ECEF: X=-1456674.2887 Y=5531467.4052 Z=2815677.0133
  LLH:  Lat=26.361320423° Lon=104.753491577° H=1556.2954m
  原始数据:
2025/11/16 11:12:52.000   26.361320423  104.753491577  1556.2954   2  27   0.0058   0.0137   0.0166   0.0041  -0.0064  -0.0042  12.00    1.0 8525734

[TCP数据流] 2025/11/16 19:12:35 - 浮点解 (27颗卫星)
  ECEF: X=-1456674.2891 Y=5531467.4037 Z=2815677.0114
  LLH:  Lat=26.361320413° Lon=104.753491585° H=1556.2934m
  原始数据:
2025/11/16 11:12:53.000   26.361320413  104.753491585  1556.2934   2  27   0.0058   0.0137   0.0166   0.0041  -0.0064  -0.0042  13.00    1.0 8525734

[TCP数据流] 2025/11/16 19:12:36 - 浮点解 (27颗卫星)
  ECEF: X=-1456674.2897 Y=5531467.4023 Z=2815677.0096
  LLH:  Lat=26.361320403° Lon=104.753491594° H=1556.2915m
  原始数据:
2025/11/16 11:12:54.000   26.361320403  104.753491594  1556.2915   2  27   0.0058   0.0137   0.0166   0.0041  -0.0064  -0.0042  14.00    1.1 8525734

[TCP数据流] 2025/11/16 19:12:37 - 浮点解 (27颗卫星)
  ECEF: X=-1456674.2901 Y=5531467.4010 Z=2815677.0077
  LLH:  Lat=26.361320393° Lon=104.753491601° H=1556.2896m
  原始数据:
2025/11/16 11:12:55.000   26.361320393  104.753491601  1556.2896   2  27   0.0058   0.0137   0.0166   0.0041  -0.0064  -0.0042  15.00    1.1 8525734

[TCP数据流] 2025/11/16 19:12:38 - 浮点解 (27颗卫星)
  ECEF: X=-1456674.2905 Y=5531467.3997 Z=2815677.0060
  LLH:  Lat=26.361320384° Lon=104.753491609° H=1556.2878m
  原始数据:
2025/11/16 11:12:56.000   26.361320384  104.753491609  1556.2878   2  27   0.0058   0.0137   0.0166   0.0041  -0.0064  -0.0042  16.00    1.0 8525734

[TCP数据流] 2025/11/16 19:12:39 - 浮点解 (27颗卫星)
  ECEF: X=-1456674.2911 Y=5531467.3983 Z=2815677.0043
  LLH:  Lat=26.361320375° Lon=104.753491618° H=1556.2860m
  原始数据:
2025/11/16 11:12:57.000   26.361320375  104.753491618  1556.2860   2  27   0.0058   0.0137   0.0166   0.0041  -0.0064  -0.0042  17.00    1.0 8525734

[TCP数据流] 2025/11/16 19:12:40 - 浮点解 (27颗卫星)
  ECEF: X=-1456674.2917 Y=5531467.3970 Z=2815677.0025
  LLH:  Lat=26.361320365° Lon=104.753491627° H=1556.2842m
  原始数据:
2025/11/16 11:12:58.000   26.361320365  104.753491627  1556.2842   2  27   0.0058   0.0137   0.0166   0.0041  -0.0064  -0.0042  18.00    1.0 8525734

[TCP数据流] 2025/11/16 19:12:41 - 浮点解 (27颗卫星)
  ECEF: X=-1456674.2921 Y=5531467.3958 Z=2815677.0009
  LLH:  Lat=26.361320356° Lon=104.753491634° H=1556.2825m
  原始数据:
2025/11/16 11:12:59.000   26.361320356  104.753491634  1556.2825   2  27   0.0058   0.0137   0.0166   0.0041  -0.0064  -0.0042  19.00    1.0 8525734

[TCP数据流] 2025/11/16 19:12:42 - 浮点解 (27颗卫星)
  ECEF: X=-1456674.2927 Y=5531467.3944 Z=2815676.9993
  LLH:  Lat=26.361320348° Lon=104.753491643° H=1556.2808m
  原始数据:
2025/11/16 11:13:00.000   26.361320348  104.753491643  1556.2808   2  27   0.0058   0.0137   0.0166   0.0041  -0.0064  -0.0042  20.00    1.0 8525734

[TCP数据流] 2025/11/16 19:12:44 - 浮点解 (27颗卫星)
  ECEF: X=-1456674.2932 Y=5531467.3933 Z=2815676.9977
  LLH:  Lat=26.361320339° Lon=104.753491651° H=1556.2792m
  原始数据:
2025/11/16 11:13:02.000   26.361320339  104.753491651  1556.2792   2  27   0.0058   0.0137   0.0166   0.0041  -0.0064  -0.0042  22.00    1.0 8525734

[TCP数据流] 2025/11/16 19:12:46 - 浮点解 (27颗卫星)
  ECEF: X=-1456674.2938 Y=5531467.3921 Z=2815676.9961
  LLH:  Lat=26.361320330° Lon=104.753491660° H=1556.2776m
  原始数据:
2025/11/16 11:13:04.000   26.361320330  104.753491660  1556.2776   2  27   0.0058   0.0137   0.0166   0.0041  -0.0064  -0.0042  24.00    1.0 8525734

[TCP数据流] 2025/11/16 19:12:47 - 浮点解 (27颗卫星)
  ECEF: X=-1456674.2942 Y=5531467.3909 Z=2815676.9946
  LLH:  Lat=26.361320322° Lon=104.753491667° H=1556.2760m
  原始数据:
2025/11/16 11:13:05.000   26.361320322  104.753491667  1556.2760   2  27   0.0058   0.0137   0.0166   0.0041  -0.0064  -0.0042  25.00    1.0 8525734

[TCP数据流] 2025/11/16 19:12:48 - 浮点解 (27颗卫星)
  ECEF: X=-1456674.2946 Y=5531467.3898 Z=2815676.9930
  LLH:  Lat=26.361320313° Lon=104.753491674° H=1556.2744m
  原始数据:
2025/11/16 11:13:06.000   26.361320313  104.753491674  1556.2744   2  27   0.0058   0.0137   0.0166   0.0041  -0.0064  -0.0042  26.00    1.0 8525734

[TCP数据流] 2025/11/16 19:12:50 - 浮点解 (27颗卫星)
  ECEF: X=-1456674.2951 Y=5531467.3887 Z=2815676.9916
  LLH:  Lat=26.361320305° Lon=104.753491681° H=1556.2729m
  原始数据:
2025/11/16 11:13:08.000   26.361320305  104.753491681  1556.2729   2  27   0.0058   0.0137   0.0166   0.0041  -0.0064  -0.0042  28.00    1.0 8525734

[TCP数据流] 2025/11/16 19:12:51 - 浮点解 (27颗卫星)
  ECEF: X=-1456674.2955 Y=5531467.3875 Z=2815676.9900
  LLH:  Lat=26.361320296° Lon=104.753491688° H=1556.2713m
  原始数据:
2025/11/16 11:13:09.000   26.361320296  104.753491688  1556.2713   2  27   0.0058   0.0137   0.0166   0.0041  -0.0064  -0.0042  29.00    1.0 8525734

[TCP数据流] 2025/11/16 19:12:52 - 浮点解 (27颗卫星)
  ECEF: X=-1456674.2958 Y=5531467.3865 Z=2815676.9885
  LLH:  Lat=26.361320288° Lon=104.753491694° H=1556.2698m
  原始数据:
2025/11/16 11:13:10.000   26.361320288  104.753491694  1556.2698   2  27   0.0058   0.0137   0.0166   0.0041  -0.0064  -0.0042  30.00    1.0 8525734

[TCP数据流] 2025/11/16 19:14:07 - 浮点解 (26颗卫星)
  ECEF: X=-1456674.2863 Y=5531467.3714 Z=2815676.9472
  LLH:  Lat=26.361320022° Lon=104.753491640° H=1556.2362m
  原始数据:
2025/11/16 11:14:25.000   26.361320022  104.753491640  1556.2362   2  26   0.0058   0.0137   0.0166   0.0041  -0.0064  -0.0042   0.00    1.2 8525734

[TCP数据流] 2025/11/16 19:16:57 - 浮点解 (28颗卫星)
  ECEF: X=-1456674.2085 Y=5531467.2695 Z=2815676.6502
  LLH:  Lat=26.361318095° Lon=104.753491146° H=1555.9983m
  原始数据:
2025/11/16 11:17:15.000   26.361318095  104.753491146  1555.9983   2  28   0.0057   0.0136   0.0164   0.0040  -0.0064  -0.0041   0.00    1.1 8525734

[TCP数据流] 2025/11/16 19:16:59 - 浮点解 (23颗卫星)
  ECEF: X=-1456674.1716 Y=5531467.2361 Z=2815676.5358
  LLH:  Lat=26.361317337° Lon=104.753490874° H=1555.9101m
  原始数据:
2025/11/16 11:17:17.000   26.361317337  104.753490874  1555.9101   2  23   0.0057   0.0136   0.0164   0.0040  -0.0064  -0.0041   1.00    1.0 8525734

[TCP数据流] 2025/11/16 19:17:00 - 固定解 (16颗卫星)
  ECEF: X=-1456674.2079 Y=5531467.1606 Z=2815676.5462
  LLH:  Lat=26.361317677° Lon=104.753491419° H=1555.8576m
  原始数据:
2025/11/16 11:17:18.000   26.361317677  104.753491419  1555.8576   1  16   0.0026   0.0031   0.0162   0.0024  -0.0068  -0.0054   2.00    4.5 8525734

[TCP数据流] 2025/11/16 19:17:01 - 浮点解 (28颗卫星)
  ECEF: X=-1456674.1335 Y=5531467.1486 Z=2815676.3985
  LLH:  Lat=26.361316605° Lon=104.753490728° H=1555.7647m
  原始数据:
2025/11/16 11:17:19.000   26.361316605  104.753490728  1555.7647   2  28   0.0057   0.0135   0.0163   0.0040  -0.0064  -0.0041   3.00    1.7 8525734

========== RTKRCV 退出 ==========
时间: 2025-11-16T11:17:32.973Z
退出码: 0
信号: null
================================

